mtllib saturno_saturn.mtl
o Object_4
usemtl None
v -0.5425230248566209 -0.41071646536119033 -0.4557941199152644
v -0.48634358018314927 -0.4387002999170413 -0.48634368301177844
v -0.5112558721714642 -0.46117216004933326 -0.4319753075695125
v -0.5112592141019121 -0.3896594243376086 -0.5112592655162267
v 0.45579242324288316 -0.41071641394687575 -0.5425247729433167
v 0.48634358018314927 -0.4387002999170413 -0.48634368301177844
v 0.43197520474088336 -0.4611721086350187 -0.5112593169305413
v 0.5112592141019121 -0.3896594243376086 -0.5112592655162267
v 0.5425230248566209 -0.4107165681898195 0.45579401708663525
v 0.48634358018314927 -0.4387005055742996 0.4863434773545201
v 0.5112558721714642 -0.461172314292277 0.43197335382555835
v 0.5112592141019121 -0.3896596299948669 0.5112591626875975
v -0.45579242324288316 -0.4107166196041341 0.5425246701146875
v -0.48634358018314927 -0.4387005055742996 0.4863434773545201
v -0.43197520474088336 -0.4611738567217145 0.5112591112732829
v -0.5112592141019121 -0.3896596299948669 0.5112591626875975
v 0.43197520474088336 -0.4611721086350187 -0.5112593169305413
v 0.5112558721714642 -0.46117216004933326 -0.4319753075695125
v 0.45532234216464573 -0.48937630494317474 -0.45579586800196026
v 0.48634358018314927 -0.4387002999170413 -0.48634368301177844
v -0.5112558721714642 0.461172314292277 -0.43197335382555835
v -0.43197520474088336 0.4611738567217145 -0.5112591112732829
v -0.48634358018314927 0.4387005055742996 -0.4863434773545201
v -0.45532234216464573 0.4893764077718039 -0.4557956623447019
v -0.5329957981213447 0.5851754147774741 0.069361027366035
v -0.595646402671246 0.5372956800785964 9.704311767244602e-8
v -0.5939279820349199 0.5357455899082169 0.06474818647591318
v -0.5344430082482425 0.5874245853832463 1.0609709959691205e-7
v 0.08256594573063003 0.7561800420541473 1.3657668927989963e-7
v 0 0.7561770600239015 0.08256608069320581
v 0.08249181914257919 0.7524583140643877 0.08286765135539564
v 0 0.7598516925015026 1.372398417372932e-7
v 0 0.5372957829072256 -0.5956462998426169
v 0.06891782954753545 0.5849551558537982 -0.533346135260917
v 0.06474809007407334 0.5357365409888502 -0.5939261825339095
v 0 0.5874246882118754 -0.5344412087472321
v 0.595646402671246 -0.5372956800785964 -9.704311767244602e-8
v 0.5329957981213447 -0.5851754147774741 0.06936082170877667
v 0.5344430082482425 -0.5874245853832463 -1.0609709959691205e-7
v 0.5939279820349199 -0.5357455899082169 0.0647479936722335
v 0 -0.7561770600239015 0.08256412694925164
v -0.08256594573063003 -0.7561800420541473 -1.3657668927989963e-7
v 0 -0.7598516925015026 -1.372398417372932e-7
v -0.08249181914257919 -0.7524583140643877 0.08286738143024408
v -0.06891782954753545 -0.584955053025169 -0.5333463409181753
v 0 -0.5372956286642818 -0.5956465054998752
v 0 -0.5874244825546171 -0.5344414144044904
v -0.06474809007407334 -0.5357363353315918 -0.5939280848635491
v 0.06474809007407334 -0.5357365409888502 0.5939261825339095
v 0 -0.48208184764731854 0.6512125259860504
v 0 -0.5372957829072256 0.5956462998426169
v 0.0693592342918139 -0.48077191374035877 0.6487190859716918
v 0.08286751639281986 0.0744106328585441 0.8341758657632852
v 0 -1.237955561694777e-7 0.8423721301369369
v 0.08256426191182742 -1.2319686920633417e-7 0.8382984197495382
v 0 0.07447749717466001 0.8383017616799862
v -0.5333344642115065 0.06216489994681984 0.6484748679774199
v -0.595646402671246 -8.753658405574382e-8 0.595646402671246
v -0.5344345763006508 -9.570237268307693e-8 0.6512109321422983
v -0.5939161567425657 0.05840515107142563 0.5939161567425657
v 0.5939279820349199 -0.5357455899082169 -0.06474818647591318
v 0.65121936408989 -0.4820879145364394 -8.707181713912656e-8
v 0.595646402671246 -0.5372956800785964 -9.704311767244602e-8
v 0.6487259240755314 -0.4807824536748484 -0.06936101451245635
v 0.8341758657632852 0.07441076782111988 -0.08286750353924122
v 0.8423721301369369 0 0
v 0.8382984197495382 1.2133697105170477e-8 -0.08256426191182742
v 0.8383017616799862 0.07447761928365715 1.3451700202885756e-8
v 0.6484748679774199 0.06216490637360916 0.5333344642115065
v 0.595646402671246 -8.753658405574382e-8 0.595646402671246
v 0.6512109321422983 -7.854084662565486e-8 0.5344345763006508
v 0.5939161567425657 0.05840515107142563 0.5939161567425657
v -0.06474809007407334 -0.5357363353315918 -0.5939280848635491
v 0 -0.4820816934043748 -0.6512127316433087
v 0 -0.5372956286642818 -0.5956465054998752
v -0.0693592342918139 -0.480771759497415 -0.6487192916289501
v -0.08286751639281986 0.07441087707653837 -0.8341758657632852
v 0 1.237955561694777e-7 -0.8423721301369369
v -0.08256426191182742 1.2319686920633417e-7 -0.8382984197495382
v 0 0.07447774139265428 -0.8383017616799862
v 0.5333344642115065 0.06216507989692088 -0.6484748679774199
v 0.595646402671246 8.753658405574382e-8 -0.595646402671246
v 0.5344345763006508 9.570237268307693e-8 -0.6512109321422983
v 0.5939161567425657 0.05840532459473735 -0.5939161567425657
v -0.5939279820349199 -0.5357455899082169 0.0647479936722335
v -0.65121936408989 -0.4820879145364394 -8.707181713912656e-8
v -0.595646402671246 -0.5372956800785964 -9.704311767244602e-8
v -0.6487259240755314 -0.4807824536748484 0.06936083456235531
v -0.8341758657632852 0.07441074854075191 0.08286752924639851
v -0.8423721301369369 0 0
v -0.8382984197495382 -1.2133697105170477e-8 0.08256426191182742
v -0.8383017616799862 0.07447761928365715 1.3451700202885756e-8
v -0.6484748679774199 0.06216507347013156 -0.5333344642115065
v -0.595646402671246 8.753658405574382e-8 -0.595646402671246
v -0.6512109321422983 7.854084662565486e-8 -0.5344345763006508
v -0.5939161567425657 0.05840532459473735 -0.5939161567425657
v -0.8060759890994191 3.5934876407544434e-8 -0.24452041327025853
v -0.7739715028869547 0.0701449864080157 -0.32322493189161605
v -0.7782507677040584 4.737457500890693e-8 -0.3223623282286905
v -0.801828755400301 0.0722300103876905 -0.2452701110983586
v -0.7459457656647182 0.2823517600340839 -0.2347067316812801
v -0.6918166724425241 0.33882398352195153 -0.2997564052711219
v -0.7217949710897003 0.2746074274856216 -0.3097165919495062
v -0.7136155706112319 0.34778868624136905 -0.22709168042683814
v -0.6141718542590482 0.2443942168351132 -0.5089797090505357
v -0.5521395068420141 0.28515111522021463 -0.5521394554276995
v -0.5676644704450347 0.23016371143036274 -0.5676644190307201
v -0.594216005025217 0.30200768386379195 -0.4944673503732382
v -0.7388968117209984 0.06805681972836197 0.3973149386576278
v -0.7782507677040584 -4.737457500890693e-8 0.3223623282286905
v -0.7428880021334905 -5.835548559550051e-8 0.39708241741992367
v -0.7739715028869547 0.07014489643296518 0.32322493189161605
v -0.6643283690506294 0.328933643189929 0.3677797285735327
v -0.7217949710897003 0.27460732465699245 0.30971669477813535
v -0.6915319399683604 0.26668358185779084 0.37944658771736073
v -0.6918166724425241 0.33882390640047966 0.29975817906497504
v -0.7392826247376334 0.35752087614173256 0.07659359468071125
v -0.7782507677040584 0.29078306494685435 5.251948900137833e-8
v -0.7743185495103937 0.2904837051001916 0.07917123848877905
v -0.7428829121163467 0.3581803932620531 6.469239219614226e-8
v -0.5521345196534995 -0.4980463522257139 0.3161169286075971
v -0.6144582319912786 -0.45808575874488255 0.27239779448776424
v -0.5676644704450347 -0.5120549534487218 0.25515947455840404
v -0.5943693739256197 -0.44509233316332697 0.3360187928111156
v -0.6915319399683604 -0.2666837103935773 0.37944648488873156
v -0.745622318211673 -0.2080337564900514 0.31687171645284096
v -0.7217949710897003 -0.2746074274856216 0.3097165919495062
v -0.7131168517597715 -0.20193212414611228 0.38845818029167845
v -0.7743185495103937 -0.2904837308073489 0.07917113566014988
v -0.8060692538242087 -0.22056519874791647 -3.983715640125404e-8
v -0.7782507677040584 -0.29078306494685435 -5.251948900137833e-8
v -0.8020124073319934 -0.22034483699561136 0.08115914725499485
v 0.24452041327025853 1.1846144410303744e-7 -0.8060759890994191
v 0.32322493189161605 0.07014505710269825 -0.7739715028869547
v 0.3223623282286905 1.143722307244753e-7 -0.7782507677040584
v 0.2452701368055159 0.0722300939359517 -0.801828755400301
v 0.23470678309559467 0.28235188856987037 -0.7459457142504036
v 0.2997564566854365 0.3388240606434234 -0.6918182662862762
v 0.30971664336382076 0.2746075046070935 -0.7217949196753857
v 0.22709006087592876 0.347787272347718 -0.713617164454984
v 0.5089797604648503 0.2443942168351132 -0.6141718028447336
v 0.5521395068420141 0.28515111522021463 -0.5521394554276995
v 0.5676644704450347 0.23016371143036274 -0.5676644190307201
v 0.4944674017875528 0.30200770957094925 -0.5942159536109024
v -0.3973149386576278 0.06805698682488437 -0.7388968117209984
v -0.3223623282286905 1.143722307244753e-7 -0.7782507677040584
v -0.39708241741992367 1.0917528710843587e-7 -0.7428880021334905
v -0.32322493189161605 0.07014505710269825 -0.7739715028869547
v -0.36777798048683685 0.32893379743287277 -0.6643299628943815
v -0.30971664336382076 0.2746075046070935 -0.7217949196753857
v -0.37944653630304614 0.2666837103935773 -0.6915318885540458
v -0.2997564566854365 0.3388240606434234 -0.6918182662862762
v -0.07659353041281802 0.3575194622480815 -0.7392825733233188
v 0 0.2907831677754835 -0.7782507162897438
v -0.07917118707446447 0.2904838079288208 -0.7743184980960791
v 0 0.35818049609068225 -0.7428828607020321
v -0.31611867669429294 -0.49804619798277017 -0.5521396096706432
v -0.27239280729924964 -0.4580809772136263 -0.6144515995446973
v -0.2551595773870332 -0.512054799205778 -0.5676645732736638
v -0.3360155022949822 -0.4450890940615082 -0.5943694767542489
v -0.37944653630304614 -0.26668353044347626 -0.691531991382675
v -0.31687174215999825 -0.20803360224710765 -0.7456223696259876
v -0.30971664336382076 -0.27460724753552057 -0.7217950225040148
v -0.38845820599883574 -0.20193196990316853 -0.713116903174086
v -0.07917118707446447 -0.29048357656440515 -0.7743186009247083
v 0 -0.22056504450497272 -0.8060693052385233
v 0 -0.2907829364110679 -0.778250819118373
v -0.08115918581573078 -0.2203446827526676 -0.802012458746308
v 0.8060759890994191 -3.5934876407544434e-8 0.24452041327025853
v 0.7739715028869547 0.07014489643296518 0.32322493189161605
v 0.7782507677040584 -4.737457500890693e-8 0.3223623282286905
v 0.801828755400301 0.07222993969300795 0.2452701625126732
v 0.7459457656647182 0.2823517086197693 0.23470683450990926
v 0.6918166724425241 0.33882390640047966 0.29975817906497504
v 0.7217949710897003 0.27460732465699245 0.30971669477813535
v 0.7136155706112319 0.34778863482705447 0.2270917832554673
v 0.6141718542590482 0.24439406259216945 0.5089815085515461
v 0.5521395068420141 0.28515101239158547 0.5521395582563287
v 0.5676644704450347 0.2301635314802617 0.5676645218593492
v 0.594216005025217 0.3020075296208482 0.49446745320186736
v 0.7388968117209984 0.06805693541056979 -0.3973149386576278
v 0.7782507677040584 4.737457500890693e-8 -0.3223623282286905
v 0.7428880021334905 5.835548559550051e-8 -0.39708241741992367
v 0.7739715028869547 0.0701449864080157 -0.32322493189161605
v 0.6643283690506294 0.3289337460185582 -0.3677796257449035
v 0.7217949710897003 0.2746074274856216 -0.3097165919495062
v 0.6915319399683604 0.2666837103935773 -0.37944648488873156
v 0.6918166724425241 0.33882398352195153 -0.2997564052711219
v 0.7392826247376334 0.35752087614173256 -0.0765934661449248
v 0.7782507677040584 0.29078306494685435 5.251948900137833e-8
v 0.7743185495103937 0.2904837308073489 -0.07917113566014988
v 0.7428829121163467 0.3581803932620531 6.469239219614226e-8
v 0.5521345196534995 -0.49804624939708475 -0.31611708285054085
v 0.6144582319912786 -0.4580856559162534 -0.272397948730708
v 0.5676644704450347 -0.5120548506200926 -0.2551596802156624
v 0.5943693739256197 -0.4450921789203832 -0.3360189470540593
v 0.6915319399683604 -0.26668358185779084 -0.37944658771736073
v 0.745622318211673 -0.20803366651500088 -0.31687176786715554
v 0.7217949710897003 -0.27460732465699245 -0.30971669477813535
v 0.7131168517597715 -0.20193203417106176 -0.38845823170599303
v 0.7743185495103937 -0.2904837051001916 -0.07917123848877905
v 0.8060692538242087 -0.22056519874791647 -3.983715640125404e-8
v 0.7782507677040584 -0.29078306494685435 -5.251948900137833e-8
v 0.8020124073319934 -0.22034478558129678 -0.08115922437646672
v -0.24452041327025853 -1.1846144410303744e-7 0.8060759890994191
v -0.32322493189161605 0.07014483216507195 0.7739715028869547
v -0.3223623282286905 -1.143722307244753e-7 0.7782507677040584
v -0.2452701368055159 0.07222986257153607 0.801828755400301
v -0.23470678309559467 0.28235163149829745 0.7459458170790327
v -0.2997564566854365 0.3388238549861651 0.6918183691149054
v -0.30971664336382076 0.27460724753552057 0.7217950225040148
v -0.22709006087592876 0.3477870409833024 0.7136172672836132
v -0.5089797604648503 0.24439403688501216 0.6141719056733628
v -0.5521395068420141 0.28515101239158547 0.5521395582563287
v -0.5676644704450347 0.2301635314802617 0.5676645218593492
v -0.4944674017875528 0.3020075039136909 0.5942160564395316
v 0.3973149386576278 0.06805676188725807 0.7388968117209984
v 0.3223623282286905 -1.143722307244753e-7 0.7782507677040584
v 0.39708241741992367 -1.0917528710843587e-7 0.7428880021334905
v 0.32322493189161605 0.07014483216507195 0.7739715028869547
v 0.36777798048683685 0.3289320750533342 0.6643300657230107
v 0.30971664336382076 0.27460724753552057 0.7217950225040148
v 0.37944653630304614 0.26668353044347626 0.691531991382675
v 0.29975473430589794 0.3388238549861651 0.6918183691149054
v 0.07659353041281802 0.3575192051765086 0.739282676151948
v 0 0.2907829364110679 0.778250819118373
v 0.07917118707446447 0.29048357656440515 0.7743186009247083
v 0 0.35818026472626663 0.7428829635306613
v 0.31611867669429294 -0.4980464036400285 0.5521394040133849
v 0.27239280729924964 -0.4580811828708846 0.614451393887439
v 0.2551595773870332 -0.5120550048630363 0.5676643676164055
v 0.3360155022949822 -0.44508929971876654 0.5943692710969906
v 0.37944653630304614 -0.2666837103935773 0.6915318885540458
v 0.31687174215999825 -0.20803383361152328 0.7456222667973584
v 0.30971664336382076 -0.2746075046070935 0.7217949196753857
v 0.38845820599883574 -0.20193220126758415 0.7131168003454569
v 0.07917118707446447 -0.2904838079288208 0.7743184980960791
v 0 -0.22056527586938834 0.8060692024098941
v 0 -0.2907831677754835 0.7782507162897438
v 0.08115918581573078 -0.22034491411708323 0.8020123559176788
v -0.08007420881544203 -0.7232799193235024 -0.24527026534130236
v 0 -0.702011719709926 -0.32236245676447695
v 0 -0.7271111598033251 -0.244520541806045
v -0.07776273691397328 -0.698151635799622 -0.3232267313926265
v -0.3855587728493681 -0.6437082982866933 -0.22709186037693918
v -0.3044299407596096 -0.6510864580866915 -0.3097167718996072
v -0.31301536008034425 -0.6728713715618326 -0.23470691163138113
v -0.37562048866899644 -0.6240448422598988 -0.2997582304792896
v -0.3348092453533802 -0.5360068774549305 -0.49447254321901113
v -0.2551595773870332 -0.512054799205778 -0.5676645732736638
v -0.2709405842766799 -0.5540123246650346 -0.5089865985686899
v -0.31611867669429294 -0.49804619798277017 -0.5521396096706432
v 0 -0.6701132506559979 0.3970822888841372
v -0.07776273691397328 -0.6981517900425658 0.3232248033558296
v 0 -0.7020117711242406 0.32236219969290403
v -0.07544790380168864 -0.6665115750907908 0.3973164810870653
v -0.29564734754244704 -0.6237881305871831 0.379446433474417
v -0.37562048866899644 -0.6240449450885279 0.2997563538568073
v -0.3044299407596096 -0.6510865095010061 0.3097165148280343
v -0.3646561547196381 -0.5992494664229469 0.36777957433058894
v -0.32203044882805365 -0.6984647489754359 0.07917105853867801
v -0.39707904978231845 -0.6701086233676854 -1.2103099285844583e-7
v -0.3223623282286905 -0.7020117711242406 -1.2679314649052918e-7
v -0.39634788681462574 -0.6668609867727007 0.07659340830382089
v 0.5676644704450347 -0.5120549534487218 0.25515947455840404
v 0.49342960384768375 -0.5361437937746665 0.33602046377633954
v 0.5078341467072995 -0.5542647175353252 0.27239776878060695
v 0.5521345196534995 -0.4980463522257139 0.3161169286075971
v 0.3044299407596096 -0.6510865095010061 0.3097165148280343
v 0.2238637869286535 -0.643257086261908 0.38845977413543054
v 0.23062633743298555 -0.6725796981552001 0.3168699426589878
v 0.29564734754244704 -0.6237881305871831 0.379446433474417
v 0.3223623282286905 -0.7020117711242406 -1.2679314649052918e-7
v 0.24427442148213352 -0.7234456276594052 0.08115905727994432
v 0.24451871659787727 -0.7271050929142042 -1.3132535635068518e-7
v 0.32203044882805365 -0.6984647489754359 0.07917105853867801
v 0 0.7020117711242406 -0.32236219969290403
v 0.08007420881544203 0.7232784797226941 -0.2452683115973482
v 0.07776273691397328 0.6981517900425658 -0.3232248033558296
v 0 0.7271112626319542 -0.24452028473447207
v 0.3044299407596096 0.6510865095010061 -0.3097165148280343
v 0.3855587728493681 0.6437084011153225 -0.22709160330536626
v 0.37562048866899644 0.6240449450885279 -0.2997563538568073
v 0.31301536008034425 0.6728714743904618 -0.23470665455980821
v 0.2551595773870332 0.5120550048630363 -0.5676643676164055
v 0.3348092453533802 0.5360070831121888 -0.4944723375617528
v 0.31611867669429294 0.4980464036400285 -0.5521394040133849
v 0.2709405842766799 0.5540125303222929 -0.5089863929114316
v 0.07776273691397328 0.698151635799622 0.3232267313926265
v 0 0.6701131992416833 0.39708254595571013
v 0.07544790380168864 0.6665114722621617 0.3973167381586382
v 0 0.702011719709926 0.32236245676447695
v 0.37562048866899644 0.6240448422598988 0.2997582304792896
v 0.29564734754244704 0.6237880277585539 0.3794466391316753
v 0.3646561547196381 0.5992493635943177 0.3677797799878473
v 0.3044299407596096 0.6510864580866915 0.3097167718996072
v 0.39707904978231845 0.6701086233676854 1.2103099285844583e-7
v 0.32203044882805365 0.6984647489754359 0.07917131561025093
v 0.39634788681462574 0.6668609867727007 0.07659365252181516
v 0.3223623282286905 0.7020117711242406 1.2679314649052918e-7
v -0.49342960384768375 0.5361436909460373 0.3360206694335979
v -0.5676644704450347 0.5120548506200926 0.2551596802156624
v -0.5521345196534995 0.49804624939708475 0.31611708285054085
v -0.5078341467072995 0.5542646147066961 0.2723979744378653
v -0.2238637869286535 0.6432569834332789 0.38846003120700345
v -0.3044299407596096 0.6510864580866915 0.3097167718996072
v -0.29564734754244704 0.6237880277585539 0.3794466391316753
v -0.23062633743298555 0.672579595326571 0.3168718706957847
v -0.24427442148213352 0.7234456276594052 0.08115931435151724
v -0.3223623282286905 0.7020117711242406 1.2679314649052918e-7
v -0.32203044882805365 0.6984647489754359 0.07917131561025093
v -0.24451871659787727 0.7271050929142042 1.3132535635068518e-7
v -0.5798839049348494 0.5230773598664022 -0.19271275347298378
v -0.5078341467072995 0.5542647175353252 -0.27239776878060695
v -0.5676644704450347 0.5120549534487218 -0.25515947455840404
v -0.5196290532015979 0.5685164570519987 -0.20603064194029752
v -0.31301536008034425 0.6728714743904618 -0.23470665455980821
v -0.23062633743298555 0.6725796981552001 -0.3168699426589878
v -0.3044299407596096 0.6510865095010061 -0.3097165148280343
v -0.23728613642962237 0.6960271963210296 -0.2403336942194052
v -0.2709405842766799 0.5540125303222929 -0.5089863929114316
v -0.1927128434480343 0.523074429250471 -0.5798905373814307
v -0.2551595773870332 0.5120550048630363 -0.5676643676164055
v -0.20484468079937734 0.5681928553560098 -0.5205740997179582
v 0.5078341467072995 -0.5542646147066961 -0.2723979744378653
v 0.5798839049348494 -0.5230773084520877 -0.19271293342308482
v 0.5196290532015979 -0.5685163542233695 -0.20603084759755586
v 0.5676644704450347 -0.5120548506200926 -0.2551596802156624
v 0.23062633743298555 -0.672579595326571 -0.3168718706957847
v 0.31301536008034425 -0.6728713715618326 -0.23470691163138113
v 0.23728613642962237 -0.6960271963210296 -0.24033395129097812
v 0.3044299407596096 -0.6510864580866915 -0.3097167718996072
v 0.1927128434480343 -0.5230741721788981 -0.579890743038689
v 0.2709405842766799 -0.5540123246650346 -0.5089865985686899
v 0.20484468079937734 -0.568191107269314 -0.5205743053752165
v 0.2551595773870332 -0.512054799205778 -0.5676645732736638
v -0.20602737713132147 -0.46871762202898637 0.6302559999474795
v -0.2551595773870332 -0.5120550048630363 0.5676643676164055
v -0.1927128434480343 -0.523074429250471 0.5798905373814307
v -0.27239280729924964 -0.4580811828708846 0.614451393887439
v -0.24033382275519166 -0.21404122351683075 0.7716162131358821
v -0.30971664336382076 -0.2746075046070935 0.7217949196753857
v -0.23470678309559467 -0.28235188856987037 0.7459457142504036
v -0.31687174215999825 -0.20803383361152328 0.7456222667973584
v -0.5205640739266144 -0.18477474320148524 0.6298954827736196
v -0.5676644704450347 -0.23016371143036274 0.5676644190307201
v -0.5089814571372315 -0.2443942168351132 0.6141718028447336
v -0.5798856016072307 -0.17383589789858167 0.5798855501929161
v 0.6302577480341753 -0.46872517993323015 0.20603065479387617
v 0.5676644704450347 -0.5120549534487218 0.25515947455840404
v 0.5798839049348494 -0.5230773598664022 0.19271275347298378
v 0.6144582319912786 -0.45808575874488255 0.27239779448776424
v 0.7716162645501967 -0.21404115924893752 0.24033377134087708
v 0.7217949710897003 -0.2746074274856216 0.3097165919495062
v 0.7459457656647182 -0.2823517600340839 0.2347067316812801
v 0.745622318211673 -0.2080337564900514 0.31687171645284096
v 0.6298955341879342 -0.1847747303479066 0.5205640225122998
v 0.5676644704450347 -0.23016371143036274 0.5676644190307201
v 0.6141718542590482 -0.2443942168351132 0.5089797090505357
v 0.5798856016072307 -0.17383589789858167 0.5798855501929161
v 0.20602737713132147 -0.46871741637172804 -0.6302562056047378
v 0.2551595773870332 -0.512054799205778 -0.5676645732736638
v 0.1927128434480343 -0.5230741721788981 -0.579890743038689
v 0.27239280729924964 -0.4580809772136263 -0.6144515995446973
v 0.24033382275519166 -0.21404099215241512 -0.7716163159645113
v 0.30971664336382076 -0.27460724753552057 -0.7217950225040148
v 0.23470678309559467 -0.28235163149829745 -0.7459458170790327
v 0.31687174215999825 -0.20803360224710765 -0.7456223696259876
v 0.5205640739266144 -0.1847745632513842 -0.6298955856022488
v 0.5676644704450347 -0.2301635314802617 -0.5676645218593492
v 0.5089814571372315 -0.24439403688501216 -0.6141719056733628
v 0.5798856016072307 -0.1738342269333577 -0.5798856530215453
v -0.6302577480341753 -0.468725077104601 -0.2060308347439772
v -0.5676644704450347 -0.5120548506200926 -0.2551596802156624
v -0.5798839049348494 -0.5230773084520877 -0.19271293342308482
v -0.6144582319912786 -0.4580856559162534 -0.272397948730708
v -0.7716162645501967 -0.21404105642030835 -0.24033387416950625
v -0.7217949710897003 -0.27460732465699245 -0.30971669477813535
v -0.7459457656647182 -0.2823517086197693 -0.23470683450990926
v -0.745622318211673 -0.20803366651500088 -0.31687176786715554
v -0.6298955341879342 -0.18477457610496284 -0.520564125340929
v -0.5676644704450347 -0.2301635314802617 -0.5676645218593492
v -0.6141718542590482 -0.24439406259216945 -0.5089815085515461
v -0.5798856016072307 -0.1738342269333577 -0.5798856530215453
v -0.7131168517597715 -0.20193203417106176 -0.38845823170599303
v -0.6555423824887043 -0.2565744736172153 -0.44603773957988935
v -0.6915319399683604 -0.26668358185779084 -0.37944658771736073
v -0.6743609984982619 -0.19411010456831423 -0.4565943837217574
v -0.7388968117209984 -0.06805681972836197 -0.3973149386576278
v -0.6882062564438378 -0.1302187440717253 -0.46381346763243414
v -0.7290023325366519 -0.13557115416997423 -0.3943969706477528
v -0.6968658152062019 -0.06534869281667044 -0.46760918082087954
v -0.6484748679774199 -0.06216490637360916 -0.5333344642115065
v -0.5886092226055659 -0.11645783130922371 -0.5886092226055659
v -0.6413736770900833 -0.12391196861259779 -0.528655915827347
v -0.5939161567425657 -0.05840515107142563 -0.5939161567425657
v -0.8020124073319934 -0.22034478558129678 -0.08115922437646672
v -0.7635766081787665 -0.28764789716502115 -0.15764662279040564
v -0.7743185495103937 -0.2904837051001916 -0.07917123848877905
v -0.7905376063602922 -0.21812756897203833 -0.16156026756292707
v -0.8341758657632852 -0.07441074854075191 -0.08286752924639851
v -0.8101211131279094 -0.14657384319801192 -0.16397955528207753
v -0.8220658923492188 -0.14810875329201068 -0.08238233235967352
v -0.8220052234580102 -0.0736326378770551 -0.1649263627387123
v -0.801828755400301 -0.07222993969300795 -0.2452701625126732
v -0.7631082751872249 -0.13969261560204238 -0.3213616257167935
v -0.7903505610838373 -0.14380797158425374 -0.24382295238577534
v -0.7739715028869547 -0.07014489643296518 -0.32322660285684
v -0.6487259240755314 -0.4807824536748484 -0.06936101451245635
v -0.5886092226055659 -0.5309478631428526 -0.12910541850373303
v -0.5939279820349199 -0.5357455899082169 -0.06474818647591318
v -0.6417545029182037 -0.4762492535580165 -0.13823166499957207
v -0.7392826247376334 -0.35752087614173256 -0.07659359468071125
v -0.6888396807995072 -0.4170506317964122 -0.1460471806665753
v -0.6972482348780744 -0.42117362280433923 -0.07329824560179299
v -0.7295785327601898 -0.3539844710488893 -0.15254354641072965
v -0.7136155706112319 -0.34778863482705447 -0.2270917832554673
v -0.6559450594005227 -0.4001606438483556 -0.2872809789089956
v -0.6749119542933393 -0.4101223215418628 -0.21747360459769283
v -0.6918166724425241 -0.33882390640047966 -0.29975817906497504
v 0.38845820599883574 -0.20193196990316853 -0.713116903174086
v 0.44603768816557476 -0.256574447910058 -0.6555424339030189
v 0.37944653630304614 -0.26668353044347626 -0.691531991382675
v 0.45659433230744284 -0.19411007886115694 -0.6743610499125765
v 0.3973149386576278 -0.06805676188725807 -0.7388968117209984
v 0.46381346763243414 -0.13021870551098935 -0.6882062564438378
v 0.3943969449405955 -0.13557110275565964 -0.7290023325366519
v 0.46760918082087954 -0.0653486542559345 -0.6968658152062019
v 0.5333344642115065 -0.06216489994681984 -0.6484748679774199
v 0.5886092226055659 -0.11645783130922371 -0.5886092226055659
v 0.528655915827347 -0.12391195575901914 -0.6413736770900833
v 0.5939161567425657 -0.05840515107142563 -0.5939161567425657
v 0.08115918581573078 -0.2203446827526676 -0.802012458746308
v 0.15764657137609106 -0.2876478200435493 -0.7635766595930811
v 0.07917118707446447 -0.29048357656440515 -0.7743186009247083
v 0.16156022900219114 -0.21812746614340917 -0.7905376577746068
v 0.08286751639281986 -0.0744106328585441 -0.8341758657632852
v 0.16397952957492024 -0.1465737532229614 -0.8101228098002906
v 0.08238230665251622 -0.1481086504633815 -0.8220676404359146
v 0.16492634988513366 -0.07363102475293504 -0.8220052234580102
v 0.2452701368055159 -0.07222986257153607 -0.801828755400301
v 0.3213616000096362 -0.13969255133414915 -0.7631082751872249
v 0.24382292667861805 -0.14380788160920321 -0.7903506124981519
v 0.32322493189161605 -0.07014483216507195 -0.7739715028869547
v 0.0693592342918139 -0.480771759497415 -0.6487192916289501
v 0.1291053285286825 -0.5309417448394171 -0.5886177573817868
v 0.06474809007407334 -0.5357363353315918 -0.5939280848635491
v 0.13822820738691632 -0.47623691412251645 -0.641752857660137
v 0.07659353041281802 -0.3575192051765086 -0.739282676151948
v 0.1460454197263008 -0.4170460559224143 -0.6888431255585843
v 0.07329816848032111 -0.42117046082399234 -0.6972499829647703
v 0.15254348214283642 -0.3539813347756997 -0.7295802294325711
v 0.22709006087592876 -0.3477870409833024 -0.7136172672836132
v 0.2872775341499185 -0.400160592434041 -0.6559468074872186
v 0.2174718308038397 -0.4101191595615159 -0.6749136509657205
v 0.2997564566854365 -0.3388238549861651 -0.6918183691149054
v 0.7131168517597715 -0.20193212414611228 0.38845818029167845
v 0.6555423824887043 -0.25657462786015905 0.4460376367512602
v 0.6915319399683604 -0.2666837103935773 0.37944648488873156
v 0.6743609984982619 -0.19411024595767934 0.45659428089312826
v 0.7388968117209984 -0.06805693541056979 0.3973149386576278
v 0.6882062564438378 -0.1302188854610904 0.46381346763243414
v 0.7290023325366519 -0.13557126985218204 0.3943969192334382
v 0.6968658152062019 -0.06534882777924622 0.46760918082087954
v 0.6484748679774199 -0.06216507347013156 0.5333344642115065
v 0.5886092226055659 -0.11645798555216746 0.5886092226055659
v 0.6413736770900833 -0.12391213570912019 0.528655915827347
v 0.5939161567425657 -0.05840532459473735 0.5939161567425657
v 0.8020124073319934 -0.22034483699561136 0.08115914725499485
v 0.7635766081787665 -0.28764794857933573 0.15764651996177648
v 0.7743185495103937 -0.2904837308073489 0.07917113566014988
v 0.7905376063602922 -0.21812759467919562 0.1615601904414552
v 0.8341758657632852 -0.07441076782111988 0.08286750353924122
v 0.810122758385976 -0.1465738946123265 0.16397950386776294
v 0.8220675890216 -0.14810877899916797 0.08238228094535893
v 0.8220052234580102 -0.07363268929136968 0.16492633703155501
v 0.801828755400301 -0.0722300103876905 0.2452701110983586
v 0.7631082751872249 -0.13969271843067155 0.3213615743024789
v 0.7903505610838373 -0.14380803585214696 0.24382290097146075
v 0.7739715028869547 -0.0701449864080157 0.32322493189161605
v 0.6487259240755314 -0.4807824536748484 0.06936083456235531
v 0.5886092226055659 -0.5309478631428526 0.12910523855363198
v 0.5939279820349199 -0.5357455899082169 0.0647479936722335
v 0.6417545029182037 -0.4762492535580165 0.13823148504947103
v 0.7392826247376334 -0.35752087614173256 0.0765934661449248
v 0.6888396807995072 -0.4170506317964122 0.14604702642363154
v 0.6972482348780744 -0.42117362280433923 0.07329809135884924
v 0.7295785327601898 -0.3539845224632039 0.1525434178749432
v 0.7136155706112319 -0.34778868624136905 0.22709168042683814
v 0.6559450594005227 -0.40016072096982747 0.28728082466605187
v 0.6749119542933393 -0.41012242437049196 0.21747345035474908
v 0.6918166724425241 -0.33882398352195153 0.2997564052711219
v -0.38845820599883574 -0.20193220126758415 0.7131168003454569
v -0.44603768816557476 -0.25657465356731635 0.6555423310743898
v -0.37944653630304614 -0.2666837103935773 0.6915318885540458
v -0.45659433230744284 -0.19411028451841528 0.6743609470839473
v -0.3973149386576278 -0.06805698682488437 0.7388968117209984
v -0.46381346763243414 -0.1302189111682477 0.6882062564438378
v -0.3943969449405955 -0.13557132126649662 0.7290023325366519
v -0.46760918082087954 -0.06534886633998216 0.6968658152062019
v -0.5333344642115065 -0.06216507989692088 0.6484748679774199
v -0.5886092226055659 -0.11645798555216746 0.5886092226055659
v -0.528655915827347 -0.12391214856269883 0.6413736770900833
v -0.5939161567425657 -0.05840532459473735 0.5939161567425657
v -0.08115918581573078 -0.22034491411708323 0.8020123559176788
v -0.15764657137609106 -0.2876480514079649 0.7635765567644519
v -0.07917118707446447 -0.2904838079288208 0.7743184980960791
v -0.16156022900219114 -0.2181292399372623 0.7905375549459777
v -0.08286751639281986 -0.07441087707653837 0.8341758657632852
v -0.16397952957492024 -0.14657398458737703 0.8101227069716614
v -0.08238230665251622 -0.14810888182779713 0.8220675376072855
v -0.16492634988513366 -0.07363278569320952 0.8220052234580102
v -0.2452701368055159 -0.0722300939359517 0.801828755400301
v -0.3213616000096362 -0.13969276984498613 0.7631082751872249
v -0.24382292667861805 -0.14380811297361884 0.7903505096695227
v -0.32322493189161605 -0.07014505710269825 0.7739715028869547
v -0.0693592342918139 -0.48077191374035877 0.6487190859716918
v -0.1291053285286825 -0.5309418990823609 0.5886175517245285
v -0.06474809007407334 -0.5357365409888502 0.5939261825339095
v -0.13822820738691632 -0.4762371197797748 0.6417526520028787
v -0.07659353041281802 -0.3575194622480815 0.7392825733233188
v -0.1460454197263008 -0.4170462358725153 0.6888430227299551
v -0.07329816848032111 -0.4211706407740934 0.6972498801361411
v -0.15254348214283642 -0.35398156614011533 0.7295801266039419
v -0.22709006087592876 -0.347787272347718 0.713617164454984
v -0.2872775341499185 -0.40016077238414205 0.6559467046585894
v -0.2174718308038397 -0.41011936521877423 0.6749135481370914
v -0.2997564566854365 -0.3388240606434234 0.6918182662862762
v 0.21519237716677786 -0.6082962263884397 -0.4565978284808345
v 0.29564734754244704 -0.6237880277585539 -0.3794466391316753
v 0.2238637869286535 -0.6432569834332789 -0.38846003120700345
v 0.28444211182210744 -0.5913226644720275 -0.44603779099420393
v 0.07244568701057919 -0.6285963458727224 -0.46761262557995664
v 0.15029435009780023 -0.6575862557363443 -0.3944004411139872
v 0.07544790380168864 -0.6665114722621617 -0.3973167381586382
v 0.14436067546602693 -0.6207835294572348 -0.46382030573627375
v 0.06474809007407334 -0.5357363353315918 -0.5939280848635491
v 0.13737068088755588 -0.5785448705258354 -0.528669489206397
v 0.06891782954753545 -0.584955053025169 -0.5333463409181753
v 0.1291053285286825 -0.5309417448394171 -0.5886177573817868
v 0.241816405930523 -0.7130948978474443 -0.1615603575379776
v 0.32203044882805365 -0.6984647489754359 -0.07917131561025093
v 0.24427442148213352 -0.7234456276594052 -0.08115931435151724
v 0.3188867205628423 -0.6887751044203902 -0.15764669991187752
v 0.08162922833323227 -0.7414798668856761 -0.16492647842092012
v 0.1641934902450597 -0.7415362169744597 -0.082382441615092
v 0.08249181914257919 -0.7524583140643877 -0.08286765135539564
v 0.1624919077967597 -0.7307614733101282 -0.1639796581107067
v 0.07776273691397328 -0.698151635799622 -0.3232267313926265
v 0.15942566090362575 -0.7129261560669811 -0.2438230552144045
v 0.08007420881544203 -0.7232799193235024 -0.24527026534130236
v 0.15486338599189686 -0.6883525815831426 -0.32136172854542266
v 0.5279702545280607 -0.5788869299607597 -0.13823167785315071
v 0.5939279820349199 -0.5357455899082169 -0.06474818647591318
v 0.5329957981213447 -0.5851754147774741 -0.069361027366035
v 0.5886092226055659 -0.5309478631428526 -0.12910541850373303
v 0.3924274939133152 -0.658107545471907 -0.15254359782504423
v 0.4669133909016203 -0.6289443693681385 -0.07329996798133154
v 0.39634788681462574 -0.6668609867727007 -0.07659365252181516
v 0.46234265833514243 -0.6213595754378289 -0.14604721922731123
v 0.37562048866899644 -0.6240448422598988 -0.2997582304792896
v 0.4546619767081346 -0.6087961791834502 -0.21747363030485012
v 0.3855587728493681 -0.6437082982866933 -0.22709186037693918
v 0.44361843900716025 -0.5916872947910541 -0.2872810046161529
v -0.29564734754244704 0.6237881305871831 -0.379446433474417
v -0.21519237716677786 0.6082962778027543 -0.4565976228235762
v -0.28444211182210744 0.5913226644720275 -0.4460375853369456
v -0.2238637869286535 0.643257086261908 -0.38845977413543054
v -0.15029435009780023 0.6575863071506589 -0.3944001840424143
v -0.07244568701057919 0.628596397287037 -0.4676124199226983
v -0.14436067546602693 0.620783632285864 -0.4638201000790154
v -0.07544790380168864 0.6665115750907908 -0.3973164810870653
v -0.13737068088755588 0.5785450247687791 -0.5286692835491387
v -0.06474809007407334 0.5357365409888502 -0.5939261825339095
v -0.1291053285286825 0.5309418990823609 -0.5886175517245285
v -0.06891782954753545 0.5849551558537982 -0.533346135260917
v -0.32203044882805365 0.6984647489754359 -0.07917105853867801
v -0.241816405930523 0.7130950006760735 -0.16156010046640468
v -0.3188867205628423 0.6887751044203902 -0.1576464428403046
v -0.24427442148213352 0.7234456276594052 -0.08115905727994432
v -0.1641934902450597 0.7415362169744597 -0.08238217168994044
v -0.08162922833323227 0.7414799697143053 -0.1649262213493472
v -0.1624919077967597 0.7307615247244428 -0.16397940103913378
v -0.08249181914257919 0.7524583140643877 -0.08286738143024408
v -0.15942566090362575 0.7129262588956102 -0.2438227981428316
v -0.07776273691397328 0.6981517900425658 -0.3232248033558296
v -0.15486338599189686 0.6883526844117718 -0.32136147147384975
v -0.08007420881544203 0.7232800735664462 -0.24527000826972944
v -0.5939279820349199 0.5357455899082169 -0.0647479936722335
v -0.5279702545280607 0.5788869299607597 -0.13823147219589238
v -0.5886092226055659 0.5309478631428526 -0.12910523855363198
v -0.5329957981213447 0.5851754147774741 -0.06936082170877667
v -0.4669133909016203 0.6289443693681385 -0.0732980527981133
v -0.3924274939133152 0.658107545471907 -0.1525433664606286
v -0.46234265833514243 0.6213595754378289 -0.1460469878628956
v -0.39634788681462574 0.6668609867727007 -0.07659340830382089
v -0.4546619767081346 0.6087962820120794 -0.21747342464759178
v -0.37562048866899644 0.6240449450885279 -0.2997563538568073
v -0.44361843900716025 0.5916873976196833 -0.2872807989588946
v -0.3855587728493681 0.6437084011153225 -0.22709160330536626
v -0.23728613642962237 0.6960271963210296 0.24033395129097812
v -0.3188867205628423 0.6887751044203902 0.15764669991187752
v -0.31301536008034425 0.6728713715618326 0.23470691163138113
v -0.241816405930523 0.7130948978474443 0.1615603575379776
v -0.08007420881544203 0.7232799193235024 0.24527026534130236
v -0.1624919077967597 0.7307600337093199 0.1639796581107067
v -0.15942566090362575 0.7129261560669811 0.2438230552144045
v -0.08162922833323227 0.7414798668856761 0.16492647842092012
v -0.08249181914257919 0.7524583140643877 0.08286765135539564
v -0.16433837578355615 0.7452518780750985 1.346029223113394e-7
v -0.1641934902450597 0.7415346745450222 0.082382441615092
v -0.08256594573063003 0.7561800420541473 1.3657668927989963e-7
v -0.20484468079937734 0.568191107269314 0.5205743053752165
v -0.28444211182210744 0.5913226644720275 0.44603779099420393
v -0.2709405842766799 0.5540123246650346 0.5089865985686899
v -0.21519237716677786 0.6082962263884397 0.4565978284808345
v -0.06891782954753545 0.584955053025169 0.5333463409181753
v -0.14436067546602693 0.6207835294572348 0.46382030573627375
v -0.13737068088755588 0.5785448705258354 0.528669489206397
v -0.07244568701057919 0.6285963458727224 0.46761262557995664
v -0.07544790380168864 0.6665114722621617 0.3973167381586382
v -0.15486338599189686 0.6883525815831426 0.32136172854542266
v -0.15029435009780023 0.6575862557363443 0.3944004411139872
v -0.07776273691397328 0.698151635799622 0.3232267313926265
v -0.45532234216464573 0.48937630494317474 0.45579586800196026
v -0.5333041297659022 0.48106055370243084 0.3751841867954404
v -0.5112558721714642 0.46117216004933326 0.4319753075695125
v -0.47583243770968764 0.5144757964508884 0.397373987997927
v -0.3348092453533802 0.5360068774549305 0.49447254321901113
v -0.41487668033287584 0.544125146313359 0.4166508340862105
v -0.3964540316670835 0.5144361560143444 0.47668838321887463
v -0.35093390552170334 0.5697989871292855 0.4329018963469373
v -0.3646561547196381 0.5992493635943177 0.3677797799878473
v -0.44361843900716025 0.5916872947910541 0.2872810046161529
v -0.4307789992977824 0.5699555437171924 0.3532319968478017
v -0.37562048866899644 0.6240448422598988 0.2997582304792896
v 0.3924274939133152 0.658107545471907 0.15254359782504423
v 0.31301536008034425 0.6728713715618326 0.23470691163138113
v 0.3855587728493681 0.6437082982866933 0.22709186037693918
v 0.3188867205628423 0.6887751044203902 0.15764669991187752
v 0.5279702545280607 0.5788869299607597 0.13823167785315071
v 0.4546619767081346 0.6087961791834502 0.21747363030485012
v 0.5196290532015979 0.5685163542233695 0.20603084759755586
v 0.46234265833514243 0.6213595754378289 0.14604721922731123
v 0.5344430082482425 0.5874245853832463 1.0609709959691205e-7
v 0.4669133909016203 0.6289443693681385 0.07329996798133154
v 0.5329957981213447 0.5851754147774741 0.069361027366035
v 0.4679966905098958 0.6317938535109882 1.1411081389040489e-7
v 0.35093390552170334 0.5697989871292855 0.4329018963469373
v 0.2709405842766799 0.5540123246650346 0.5089865985686899
v 0.3348092453533802 0.5360068774549305 0.49447254321901113
v 0.28444211182210744 0.5913226644720275 0.44603779099420393
v 0.47583243770968764 0.5144757964508884 0.397373987997927
v 0.3964540316670835 0.5144361560143444 0.47668838321887463
v 0.45532234216464573 0.48937630494317474 0.45579586800196026
v 0.41487668033287584 0.544125146313359 0.4166508340862105
v 0.5078341467072995 0.5542646147066961 0.2723979744378653
v 0.4307789992977824 0.5699555437171924 0.3532319968478017
v 0.49342960384768375 0.5361436909460373 0.3360206694335979
v 0.44361843900716025 0.5916872947910541 0.2872810046161529
v 0.07244568701057919 0.6285963458727224 0.46761262557995664
v 0 0.5874244825546171 0.5344414144044904
v 0.06891782954753545 0.584955053025169 0.5333463409181753
v 0 0.6317938535109882 0.46799679333852495
v 0.21519237716677786 0.6082962263884397 0.4565978284808345
v 0.13737068088755588 0.5785448705258354 0.528669489206397
v 0.20484468079937734 0.568191107269314 0.5205743053752165
v 0.14436067546602693 0.6207835294572348 0.46382030573627375
v 0.23062633743298555 0.672579595326571 0.3168718706957847
v 0.15029435009780023 0.6575862557363443 0.3944004411139872
v 0.2238637869286535 0.6432569834332789 0.38846003120700345
v 0.15486338599189686 0.6883525815831426 0.32136172854542266
v 0.28444211182210744 0.5913226644720275 -0.4460375853369456
v 0.3646561547196381 0.5992494664229469 -0.36777957433058894
v 0.35093390552170334 0.5697990899579146 -0.432901690689679
v 0.29564734754244704 0.6237881305871831 -0.379446433474417
v 0.41487668033287584 0.5441252491419881 -0.4166506284289522
v 0.49342960384768375 0.5361437937746665 -0.33602046377633954
v 0.47583243770968764 0.514475847865203 -0.39737378234066867
v 0.4307789992977824 0.569955595131507 -0.3532317911905434
v 0.37518410967396854 0.4810591655159371 -0.533307368867721
v 0.45532234216464573 0.4893764077718039 -0.4557956623447019
v 0.43197520474088336 0.4611738567217145 -0.5112591112732829
v 0.3964540316670835 0.5144364130859174 -0.4766881775616163
v 0.3188867205628423 0.6887751044203902 -0.1576464428403046
v 0.39634788681462574 0.6668609867727007 -0.07659340830382089
v 0.3924274939133152 0.658107545471907 -0.1525433664606286
v 0.32203044882805365 0.6984647489754359 -0.07917105853867801
v 0.46234265833514243 0.6213595754378289 -0.1460469878628956
v 0.5329957981213447 0.5851754147774741 -0.06936082170877667
v 0.5279702545280607 0.5788869299607597 -0.13823147219589238
v 0.4669133909016203 0.6289443693681385 -0.0732980527981133
v 0.44361843900716025 0.5916873976196833 -0.2872807989588946
v 0.5196290532015979 0.5685164570519987 -0.20603064194029752
v 0.5078341467072995 0.5542647175353252 -0.27239776878060695
v 0.4546619767081346 0.6087962820120794 -0.21747342464759178
v 0 0.7452519294894131 -0.1643382472477697
v 0.08249181914257919 0.7524583140643877 -0.08286738143024408
v 0.08162922833323227 0.7414799697143053 -0.1649262213493472
v 0 0.7561770600239015 -0.08256412694925164
v 0.1624919077967597 0.7307600337093199 -0.16397940103913378
v 0.24427442148213352 0.7234456276594052 -0.08115905727994432
v 0.241816405930523 0.7130950006760735 -0.16156010046640468
v 0.1641934902450597 0.7415346745450222 -0.08238217168994044
v 0.15486338599189686 0.6883526844117718 -0.32136147147384975
v 0.23728613642962237 0.6960271963210296 -0.2403336942194052
v 0.23062633743298555 0.6725796981552001 -0.3168699426589878
v 0.15942566090362575 0.7129262588956102 -0.2438227981428316
v 0.3188867205628423 -0.6887751044203902 0.1576464428403046
v 0.23728613642962237 -0.6960271963210296 0.2403336942194052
v 0.241816405930523 -0.7130950006760735 0.16156010046640468
v 0.31301536008034425 -0.6728714743904618 0.23470665455980821
v 0.1624919077967597 -0.7307615247244428 0.16397940103913378
v 0.08007420881544203 -0.7232800735664462 0.24527000826972944
v 0.08162754451442966 -0.7414799697143053 0.1649262213493472
v 0.15942566090362575 -0.7129262588956102 0.2438227981428316
v 0.16433837578355615 -0.7452518780750985 -1.346029223113394e-7
v 0.08249181914257919 -0.7524583140643877 0.08286738143024408
v 0.08256594573063003 -0.7561800420541473 -1.3657668927989963e-7
v 0.1641934902450597 -0.7415362169744597 0.08238217168994044
v 0.28444211182210744 -0.5913226644720275 0.4460375853369456
v 0.20484468079937734 -0.5681928553560098 0.5205740997179582
v 0.21519237716677786 -0.6082962778027543 0.4565976228235762
v 0.2709405842766799 -0.5540125303222929 0.5089863929114316
v 0.14436067546602693 -0.620783632285864 0.4638201000790154
v 0.06891782954753545 -0.5849551558537982 0.533346135260917
v 0.07244568701057919 -0.628596397287037 0.4676124199226983
v 0.13737068088755588 -0.5785450247687791 0.5286692835491387
v 0.15486338599189686 -0.6883526844117718 0.32136147147384975
v 0.07544790380168864 -0.6665115750907908 0.3973164810870653
v 0.07776273691397328 -0.6981517900425658 0.3232248033558296
v 0.15029435009780023 -0.6575863071506589 0.3944001840424143
v 0.5333041297659022 -0.4810606051167454 0.37518403255249666
v 0.45532234216464573 -0.4893764077718039 0.4557956623447019
v 0.47583243770968764 -0.514475847865203 0.39737378234066867
v 0.5112558721714642 -0.461172314292277 0.43197335382555835
v 0.41487668033287584 -0.5441252491419881 0.4166506284289522
v 0.3348092453533802 -0.5360070831121888 0.4944723375617528
v 0.35093390552170334 -0.5697990899579146 0.432901690689679
v 0.3964540316670835 -0.5144364130859174 0.4766881775616163
v 0.44361843900716025 -0.5916873976196833 0.2872807989588946
v 0.3646561547196381 -0.5992494664229469 0.36777957433058894
v 0.37562048866899644 -0.6240449450885279 0.2997563538568073
v 0.4307789992977824 -0.569955595131507 0.3532317911905434
v -0.31301536008034425 -0.6728714743904618 0.23470665455980821
v -0.3924274939133152 -0.658107545471907 0.1525433664606286
v -0.3188867205628423 -0.6887751044203902 0.1576464428403046
v -0.3855587728493681 -0.6437084011153225 0.22709160330536626
v -0.4546619767081346 -0.6087962820120794 0.21747342464759178
v -0.5279702545280607 -0.5788869299607597 0.13823147219589238
v -0.46234265833514243 -0.6213595754378289 0.1460469878628956
v -0.5196290532015979 -0.5685164570519987 0.20603064194029752
v -0.4669133909016203 -0.6289443693681385 0.0732980527981133
v -0.5344430082482425 -0.5874245853832463 -1.0609709959691205e-7
v -0.4679966905098958 -0.6317938535109882 -1.1411081389040489e-7
v -0.5329957981213447 -0.5851754147774741 0.06936082170877667
v -0.2709405842766799 -0.5540125303222929 0.5089863929114316
v -0.35093390552170334 -0.5697990899579146 0.432901690689679
v -0.28444211182210744 -0.5913226644720275 0.4460375853369456
v -0.3348092453533802 -0.5360070831121888 0.4944723375617528
v -0.3964540316670835 -0.5144364130859174 0.4766881775616163
v -0.47583243770968764 -0.514475847865203 0.39737378234066867
v -0.41487668033287584 -0.5441252491419881 0.4166506284289522
v -0.45532234216464573 -0.4893764077718039 0.4557956623447019
v -0.4307789992977824 -0.569955595131507 0.3532317911905434
v -0.5078341467072995 -0.5542647175353252 0.27239776878060695
v -0.44361843900716025 -0.5916873976196833 0.2872807989588946
v -0.49342960384768375 -0.5361437937746665 0.33602046377633954
v 0 -0.5874246882118754 0.5344412087472321
v -0.07244568701057919 -0.628596397287037 0.4676124199226983
v 0 -0.6317939049253027 0.4679965876812666
v -0.06891782954753545 -0.5849551558537982 0.533346135260917
v -0.13737068088755588 -0.5785450247687791 0.5286692835491387
v -0.21519237716677786 -0.6082962778027543 0.4565976228235762
v -0.14436067546602693 -0.620783632285864 0.4638201000790154
v -0.20484468079937734 -0.5681928553560098 0.5205740997179582
v -0.15029435009780023 -0.6575863071506589 0.3944001840424143
v -0.23062633743298555 -0.6725796981552001 0.3168699426589878
v -0.15486338599189686 -0.6883526844117718 0.32136147147384975
v -0.2238637869286535 -0.643257086261908 0.38845977413543054
v -0.3646561547196381 -0.5992493635943177 -0.3677797799878473
v -0.28444211182210744 -0.5913226644720275 -0.44603779099420393
v -0.29564734754244704 -0.6237880277585539 -0.3794466391316753
v -0.35093390552170334 -0.5697989871292855 -0.4329018963469373
v -0.49342960384768375 -0.5361436909460373 -0.3360206694335979
v -0.41487668033287584 -0.544125146313359 -0.4166508340862105
v -0.4307789992977824 -0.5699555437171924 -0.3532319968478017
v -0.47583243770968764 -0.5144757964508884 -0.397373987997927
v -0.45532234216464573 -0.48937630494317474 -0.45579586800196026
v -0.37518410967396854 -0.48105901127299333 -0.5333075745249793
v -0.3964540316670835 -0.5144361560143444 -0.47668838321887463
v -0.43197520474088336 -0.4611721086350187 -0.5112593169305413
v -0.39634788681462574 -0.6668609867727007 -0.07659365252181516
v -0.3188867205628423 -0.6887751044203902 -0.15764669991187752
v -0.32203044882805365 -0.6984647489754359 -0.07917131561025093
v -0.3924274939133152 -0.658107545471907 -0.15254359782504423
v -0.5329957981213447 -0.5851754147774741 -0.069361027366035
v -0.46234265833514243 -0.6213595754378289 -0.14604721922731123
v -0.4669133909016203 -0.6289443693681385 -0.07329996798133154
v -0.5279702545280607 -0.5788869299607597 -0.13823167785315071
v -0.5196290532015979 -0.5685163542233695 -0.20603084759755586
v -0.44361843900716025 -0.5916872947910541 -0.2872810046161529
v -0.4546619767081346 -0.6087961791834502 -0.21747363030485012
v -0.5078341467072995 -0.5542646147066961 -0.2723979744378653
v -0.08249181914257919 -0.7524583140643877 -0.08286765135539564
v 0 -0.7452518266607839 -0.1643385043193426
v 0 -0.7561770600239015 -0.08256608069320581
v -0.08162754451442966 -0.7414798668856761 -0.16492647842092012
v -0.24427442148213352 -0.7234456276594052 -0.08115931435151724
v -0.1624919077967597 -0.7307614733101282 -0.1639796581107067
v -0.1641934902450597 -0.7415362169744597 -0.082382441615092
v -0.241816405930523 -0.7130948978474443 -0.1615603575379776
v -0.23728613642962237 -0.6960271963210296 -0.24033395129097812
v -0.15486338599189686 -0.6883525815831426 -0.32136172854542266
v -0.15942566090362575 -0.7129261560669811 -0.2438230552144045
v -0.23062633743298555 -0.672579595326571 -0.3168718706957847
v 0.23470678309559467 -0.28235188856987037 0.7459457142504036
v 0.16156022900219114 -0.2181292399372623 0.7905375549459777
v 0.15764657137609106 -0.2876480514079649 0.7635765567644519
v 0.24033382275519166 -0.21404122351683075 0.7716162131358821
v 0.24382292667861805 -0.14380811297361884 0.7903505096695227
v 0.16492634988513366 -0.07363278569320952 0.8220052234580102
v 0.16397952957492024 -0.14657398458737703 0.8101227069716614
v 0.2452701368055159 -0.0722300939359517 0.801828755400301
v 0.08238230665251622 -0.14810888182779713 0.8220675376072855
v 0 -0.07447774139265428 0.8383017616799862
v 0 -0.14823957701546853 0.8261867496630906
v 0.08286751639281986 -0.07441087707653837 0.8341758657632852
v 0.5089814571372315 -0.2443942168351132 0.6141718028447336
v 0.45659433230744284 -0.19411028451841528 0.6743609470839473
v 0.44603768816557476 -0.25657465356731635 0.6555423310743898
v 0.5205640739266144 -0.18477474320148524 0.6298954827736196
v 0.528655915827347 -0.12391214856269883 0.6413736770900833
v 0.46760918082087954 -0.06534886633998216 0.6968658152062019
v 0.46381346763243414 -0.1302189111682477 0.6882062564438378
v 0.5333344642115065 -0.06216507989692088 0.6484748679774199
v 0.3943969449405955 -0.13557132126649662 0.7290023325366519
v 0.32322493189161605 -0.07014505710269825 0.7739715028869547
v 0.3213616000096362 -0.13969276984498613 0.7631082751872249
v 0.3973149386576278 -0.06805698682488437 0.7388968117209984
v 0.43197520474088336 -0.4611738567217145 0.5112591112732829
v 0.3973705175316926 -0.4292159527201278 0.5703498400957336
v 0.37518410967396854 -0.4810591655159371 0.533307368867721
v 0.45579242324288316 -0.4107166196041341 0.5425246701146875
v 0.476681545115035 -0.3576151442875215 0.5703043898416418
v 0.4329000968459269 -0.3165527934594792 0.631683004248746
v 0.41664569265475215 -0.37423309909711655 0.6032209651529534
v 0.4944674017875528 -0.30200770957094925 0.5942159536109024
v 0.3532285520887246 -0.38857910675957896 0.6318548823023988
v 0.2997564566854365 -0.3388240606434234 0.6918182662862762
v 0.2872775341499185 -0.40016077238414205 0.6559467046585894
v 0.36777798048683685 -0.32893379743287277 0.6643299628943815
v 0.22709006087592876 0.3477870409833024 0.7136172672836132
v 0.15764657137609106 0.2876478200435493 0.7635766595930811
v 0.23470678309559467 0.28235163149829745 0.7459458170790327
v 0.15254348214283642 0.3539813347756997 0.7295802294325711
v 0.20602737713132147 0.46871741637172804 0.6302562056047378
v 0.1460454197263008 0.4170460559224143 0.6888431255585843
v 0.2174718308038397 0.4101191595615159 0.6749136509657205
v 0.13822820738691632 0.47623691412251645 0.641752857660137
v 0.0693592342918139 0.480771759497415 0.6487192916289501
v 0 0.4221507004386851 0.7004072331947171
v 0.07329816848032111 0.42117046082399234 0.6972499829647703
v 0 0.4820816934043748 0.6512127316433087
v 0.4944674017875528 0.3020075039136909 0.5942160564395316
v 0.44603768816557476 0.256574447910058 0.6555424339030189
v 0.5089814571372315 0.24439403688501216 0.6141719056733628
v 0.4329000968459269 0.31655258780222084 0.6316831070773752
v 0.45579242324288316 0.41071641394687575 0.5425247729433167
v 0.41664569265475215 0.3742329191470155 0.6032210679815826
v 0.4766832417874163 0.35761496433742046 0.570304492670271
v 0.3973705175316926 0.42921577277002676 0.570350045752992
v 0.3360155022949822 0.4450890940615082 0.5943694767542489
v 0.2872775341499185 0.400160592434041 0.6559468074872186
v 0.3532285520887246 0.3885774100871977 0.631854985131028
v 0.27239280729924964 0.4580809772136263 0.6144515995446973
v 0.5344345763006508 -9.570237268307693e-8 0.6512109321422983
v 0.46760918082087954 0.0653486542559345 0.6968658152062019
v 0.4679966905098958 -1.0293228389602428e-7 0.7004071817804025
v 0.5333344642115065 0.06216489994681984 0.6484748679774199
v 0.5205640739266144 0.1847745632513842 0.6298955856022488
v 0.46381346763243414 0.13021870551098935 0.6882062564438378
v 0.528655915827347 0.12391195575901914 0.6413736770900833
v 0.45659433230744284 0.19411007886115694 0.6743610499125765
v 0.38845820599883574 0.20193196990316853 0.713116903174086
v 0.3213616000096362 0.13969255133414915 0.7631082751872249
v 0.3943969449405955 0.13557110275565964 0.7290023325366519
v 0.31687174215999825 0.20803360224710765 0.7456223696259876
v -0.37944653630304614 0.26668353044347626 0.691531991382675
v -0.4329000968459269 0.31655258780222084 0.6316831070773752
v -0.44603768816557476 0.256574447910058 0.6555424339030189
v -0.36777798048683685 0.3289320750533342 0.6643300657230107
v -0.3532285520887246 0.3885774100871977 0.631854985131028
v -0.3973705175316926 0.42921577277002676 0.570350045752992
v -0.41664569265475215 0.3742329191470155 0.6032210679815826
v -0.3360155022949822 0.4450890940615082 0.5943694767542489
v -0.476681545115035 0.35761496433742046 0.570304492670271
v -0.5112592141019121 0.3896594243376086 0.5112592655162267
v -0.5333041297659022 0.3384302527008707 0.5333041811802168
v -0.45579242324288316 0.41071641394687575 0.5425247729433167
v -0.07917118707446447 0.29048357656440515 0.7743186009247083
v -0.15254348214283642 0.3539813347756997 0.7295802294325711
v -0.15764657137609106 0.2876478200435493 0.7635766595930811
v -0.07659353041281802 0.3575192051765086 0.739282676151948
v -0.07329816848032111 0.42117046082399234 0.6972499829647703
v -0.13822820738691632 0.47623691412251645 0.641752857660137
v -0.1460454197263008 0.4170460559224143 0.6888431255585843
v -0.0693592342918139 0.480771759497415 0.6487192916289501
v -0.2174718308038397 0.4101191595615159 0.6749136509657205
v -0.27239280729924964 0.4580809772136263 0.6144515995446973
v -0.2872775341499185 0.400160592434041 0.6559468074872186
v -0.20602737713132147 0.46871741637172804 0.6302562056047378
v -0.08256426191182742 -1.2319686920633417e-7 0.8382984197495382
v -0.16492634988513366 0.07363102475293504 0.8220052234580102
v -0.16433837578355615 -1.2141695227125372e-7 0.8261868010774052
v -0.08286751639281986 0.0744106328585441 0.8341758657632852
v -0.08238230665251622 0.1481086504633815 0.8220659437635334
v -0.16156022900219114 0.21812746614340917 0.7905376577746068
v -0.16397952957492024 0.1465737532229614 0.8101211645422239
v -0.08115918581573078 0.2203446827526676 0.802012458746308
v -0.24382292667861805 0.14380788160920321 0.7903506124981519
v -0.31687174215999825 0.20803360224710765 0.7456223696259876
v -0.3213616000096362 0.13969255133414915 0.7631082751872249
v -0.24033382275519166 0.21404099215241512 0.7716163159645113
v 0.7459457656647182 -0.2823517086197693 -0.23470683450990926
v 0.7905376063602922 -0.21812756897203833 -0.16156026756292707
v 0.7635766081787665 -0.28764789716502115 -0.15764662279040564
v 0.7716162645501967 -0.21404105642030835 -0.24033387416950625
v 0.7903505610838373 -0.14380797158425374 -0.24382295238577534
v 0.8220052234580102 -0.07363112115477488 -0.1649263627387123
v 0.810122758385976 -0.14657384319801192 -0.16397955528207753
v 0.801828755400301 -0.07222993969300795 -0.2452701625126732
v 0.8220675890216 -0.14810875329201068 -0.08238233235967352
v 0.8383017616799862 -0.07447761928365715 -1.3451700202885756e-8
v 0.8261868010774052 -0.1482394613332607 -2.6774120060628326e-8
v 0.8341758657632852 -0.07441074854075191 -0.08286752924639851
v 0.6141718542590482 -0.24439406259216945 -0.5089815085515461
v 0.6743609984982619 -0.19411010456831423 -0.4565943837217574
v 0.6555423824887043 -0.2565744736172153 -0.44603773957988935
v 0.6298955341879342 -0.18477457610496284 -0.520564125340929
v 0.6413736770900833 -0.12391196861259779 -0.528655915827347
v 0.6968658152062019 -0.06534869281667044 -0.46760918082087954
v 0.6882062564438378 -0.1302187440717253 -0.46381346763243414
v 0.6484748679774199 -0.06216490637360916 -0.5333344642115065
v 0.7290023325366519 -0.13557115416997423 -0.3943969706477528
v 0.7739715028869547 -0.07014489643296518 -0.32322493189161605
v 0.7631082751872249 -0.13969261560204238 -0.3213616257167935
v 0.7388968117209984 -0.06805681972836197 -0.3973149386576278
v 0.5112558721714642 -0.46117216004933326 -0.4319753075695125
v 0.5703499429243628 -0.42921893475037365 -0.39737226561838845
v 0.5333041297659022 -0.48106055370243084 -0.3751841867954404
v 0.5425230248566209 -0.41071646536119033 -0.4557941199152644
v 0.5703027959978897 -0.35761499004457775 -0.47668329320173086
v 0.6316814104049939 -0.31655410452450106 -0.4329001482602415
v 0.6032193198948868 -0.374234461576453 -0.416647440741448
v 0.594216005025217 -0.3020075296208482 -0.49446745320186736
v 0.6318531856300176 -0.3885789782237925 -0.35323030017542045
v 0.6918166724425241 -0.33882390640047966 -0.29975817906497504
v 0.6559450594005227 -0.4001606438483556 -0.2872809789089956
v 0.6643283690506294 -0.328933643189929 -0.3677797285735327
v 0.7136155706112319 0.34778868624136905 -0.22709168042683814
v 0.7635766081787665 0.28764794857933573 -0.15764651996177648
v 0.7459457656647182 0.2823517600340839 -0.2347067316812801
v 0.7295785327601898 0.3539845224632039 -0.1525434178749432
v 0.6302577480341753 0.46872517993323015 -0.20603065479387617
v 0.6888396807995072 0.4170506317964122 -0.14604702642363154
v 0.6749119542933393 0.41012242437049196 -0.21747345035474908
v 0.6417545029182037 0.4762492535580165 -0.13823148504947103
v 0.6487259240755314 0.4807824536748484 -0.06936083456235531
v 0.7004071817804025 0.42215082897447154 7.624633961339825e-8
v 0.6972482348780744 0.42117362280433923 -0.07329809135884924
v 0.65121936408989 0.4820879145364394 8.707181713912656e-8
v 0.594216005025217 0.30200768386379195 -0.4944673503732382
v 0.6555423824887043 0.25657462786015905 -0.4460376367512602
v 0.6141718542590482 0.2443942168351132 -0.5089797090505357
v 0.6316814104049939 0.3165542844746021 -0.4329000454316123
v 0.5425230248566209 0.4107165681898195 -0.45579401708663525
v 0.6032193198948868 0.37423461581939677 -0.41664728649850424
v 0.5703027959978897 0.3576151442875215 -0.4766831903731017
v 0.5703499429243628 0.42922050288696845 -0.3973721113754447
v 0.5943710191836864 0.44509233316332697 -0.3360187928111156
v 0.6559450594005227 0.40016072096982747 -0.28728082466605187
v 0.6318531856300176 0.3885790553452644 -0.3532301459324767
v 0.6144582319912786 0.45808575874488255 -0.27239779448776424
v 0.6512109321422983 7.854084662565486e-8 -0.5344345763006508
v 0.6968658152062019 0.06534882777924622 -0.46760918082087954
v 0.7004071817804025 6.877709458366352e-8 -0.4679966905098958
v 0.6484748679774199 0.06216507347013156 -0.5333344642115065
v 0.6298955341879342 0.1847747303479066 -0.5205640225122998
v 0.6882062564438378 0.1302188854610904 -0.46381346763243414
v 0.6413736770900833 0.12391213570912019 -0.528655915827347
v 0.6743609984982619 0.19411024595767934 -0.45659428089312826
v 0.7131168517597715 0.20193212414611228 -0.38845818029167845
v 0.7631082751872249 0.13969271843067155 -0.3213615743024789
v 0.7290023325366519 0.13557126985218204 -0.3943969192334382
v 0.745622318211673 0.2080337564900514 -0.31687171645284096
v 0.6915319399683604 0.26668358185779084 0.37944658771736073
v 0.6316814104049939 0.31655410452450106 0.4329001482602415
v 0.6555423824887043 0.2565744736172153 0.44603773957988935
v 0.6643283690506294 0.328933643189929 0.3677797285735327
v 0.6318531856300176 0.3885789782237925 0.35323030017542045
v 0.5703499429243628 0.42921893475037365 0.39737226561838845
v 0.6032193198948868 0.374234461576453 0.416647440741448
v 0.5943710191836864 0.4450921789203832 0.3360189470540593
v 0.5703027959978897 0.35761499004457775 0.47668329320173086
v 0.5112592141019121 0.3896594243376086 0.5112592655162267
v 0.5333041297659022 0.3384302527008707 0.5333041811802168
v 0.5425230248566209 0.41071646536119033 0.4557941199152644
v 0.7743185495103937 0.2904837051001916 0.07917123848877905
v 0.7295785327601898 0.3539844710488893 0.15254354641072965
v 0.7635766081787665 0.28764789716502115 0.15764662279040564
v 0.7392826247376334 0.35752087614173256 0.07659359468071125
v 0.6972482348780744 0.42117362280433923 0.07329824560179299
v 0.6417545029182037 0.4762492535580165 0.13823166499957207
v 0.6888396807995072 0.4170506317964122 0.1460471806665753
v 0.6487259240755314 0.4807824536748484 0.06936101451245635
v 0.6749119542933393 0.4101223215418628 0.21747360459769283
v 0.6144582319912786 0.4580856559162534 0.272397948730708
v 0.6559450594005227 0.4001606438483556 0.2872809789089956
v 0.6302577480341753 0.468725077104601 0.2060308347439772
v 0.8382984197495382 -1.2133697105170477e-8 0.08256426191182742
v 0.8220052234580102 0.0736326378770551 0.1649263627387123
v 0.8261868010774052 -2.4151272965421653e-8 0.16433837578355615
v 0.8341758657632852 0.07441074854075191 0.08286752924639851
v 0.8220658923492188 0.14810875329201068 0.08238233235967352
v 0.7905376063602922 0.21812756897203833 0.16156026756292707
v 0.8101211131279094 0.14657384319801192 0.16397955528207753
v 0.8020124073319934 0.22034478558129678 0.08115922437646672
v 0.7903505610838373 0.14380797158425374 0.24382295238577534
v 0.745622318211673 0.20803366651500088 0.31687176786715554
v 0.7631082751872249 0.13969261560204238 0.3213616257167935
v 0.7716162645501967 0.21404105642030835 0.24033387416950625
v -0.23470678309559467 -0.28235163149829745 -0.7459458170790327
v -0.16156022900219114 -0.21812746614340917 -0.7905376577746068
v -0.15764657137609106 -0.2876478200435493 -0.7635766595930811
v -0.24033382275519166 -0.21404099215241512 -0.7716163159645113
v -0.24382292667861805 -0.14380788160920321 -0.7903506124981519
v -0.16492634988513366 -0.07363102475293504 -0.8220052234580102
v -0.16397952957492024 -0.1465737532229614 -0.8101228098002906
v -0.2452701368055159 -0.07222986257153607 -0.801828755400301
v -0.08238230665251622 -0.1481086504633815 -0.8220676404359146
v 0 -0.07447749717466001 -0.8383017616799862
v 0 -0.1482393456510529 -0.8261868524917197
v -0.08286751639281986 -0.0744106328585441 -0.8341758657632852
v -0.5089814571372315 -0.24439403688501216 -0.6141719056733628
v -0.45659433230744284 -0.19411007886115694 -0.6743610499125765
v -0.44603768816557476 -0.256574447910058 -0.6555424339030189
v -0.5205640739266144 -0.1847745632513842 -0.6298955856022488
v -0.528655915827347 -0.12391195575901914 -0.6413736770900833
v -0.46760918082087954 -0.0653486542559345 -0.6968658152062019
v -0.46381346763243414 -0.13021870551098935 -0.6882062564438378
v -0.5333344642115065 -0.06216489994681984 -0.6484748679774199
v -0.3943969449405955 -0.13557110275565964 -0.7290023325366519
v -0.32322493189161605 -0.07014483216507195 -0.7739715028869547
v -0.3213616000096362 -0.13969255133414915 -0.7631082751872249
v -0.3973149386576278 -0.06805676188725807 -0.7388968117209984
v -0.43197520474088336 -0.4611721086350187 -0.5112593169305413
v -0.3973705175316926 -0.42921577277002676 -0.570350045752992
v -0.37518410967396854 -0.48105901127299333 -0.5333075745249793
v -0.45579242324288316 -0.41071641394687575 -0.5425247729433167
v -0.476681545115035 -0.35761496433742046 -0.570304492670271
v -0.4329000968459269 -0.31655258780222084 -0.6316831070773752
v -0.41664569265475215 -0.3742329191470155 -0.6032210679815826
v -0.4944674017875528 -0.3020075039136909 -0.5942160564395316
v -0.3532285520887246 -0.3885774100871977 -0.631854985131028
v -0.2997564566854365 -0.3388238549861651 -0.6918183691149054
v -0.2872775341499185 -0.400160592434041 -0.6559468074872186
v -0.36777798048683685 -0.3289320750533342 -0.6643300657230107
v -0.22709006087592876 0.347787272347718 -0.713617164454984
v -0.15764657137609106 0.2876480514079649 -0.7635765567644519
v -0.23470678309559467 0.28235188856987037 -0.7459457142504036
v -0.15254348214283642 0.35398156614011533 -0.7295801266039419
v -0.20602737713132147 0.46871762202898637 -0.6302559999474795
v -0.1460454197263008 0.4170462358725153 -0.6888430227299551
v -0.2174718308038397 0.41011936521877423 -0.6749135481370914
v -0.13822820738691632 0.4762371197797748 -0.6417526520028787
v -0.0693592342918139 0.48077191374035877 -0.6487190859716918
v 0 0.4221508803887861 -0.7004071303660879
v -0.07329816848032111 0.4211706407740934 -0.6972498801361411
v 0 0.48208184764731854 -0.6512125259860504
v -0.4944674017875528 0.30200770957094925 -0.5942159536109024
v -0.44603768816557476 0.25657465356731635 -0.6555423310743898
v -0.5089814571372315 0.2443942168351132 -0.6141718028447336
v -0.4329000968459269 0.3165527934594792 -0.631683004248746
v -0.45579242324288316 0.4107166196041341 -0.5425246701146875
v -0.41664569265475215 0.37423309909711655 -0.6032209651529534
v -0.4766832417874163 0.3576151442875215 -0.5703043898416418
v -0.3973705175316926 0.4292159527201278 -0.5703498400957336
v -0.3360155022949822 0.44508929971876654 -0.5943692710969906
v -0.2872775341499185 0.40016077238414205 -0.6559467046585894
v -0.3532285520887246 0.38857910675957896 -0.6318548823023988
v -0.27239280729924964 0.4580811828708846 -0.614451393887439
v -0.5344345763006508 9.570237268307693e-8 -0.6512109321422983
v -0.46760918082087954 0.06534886633998216 -0.6968658152062019
v -0.4679966905098958 1.0293228389602428e-7 -0.7004071817804025
v -0.5333344642115065 0.06216507989692088 -0.6484748679774199
v -0.5205640739266144 0.18477474320148524 -0.6298954827736196
v -0.46381346763243414 0.1302189111682477 -0.6882062564438378
v -0.528655915827347 0.12391214856269883 -0.6413736770900833
v -0.45659433230744284 0.19411028451841528 -0.6743609470839473
v -0.38845820599883574 0.20193220126758415 -0.7131168003454569
v -0.3213616000096362 0.13969276984498613 -0.7631082751872249
v -0.3943969449405955 0.13557132126649662 -0.7290023325366519
v -0.31687174215999825 0.20803383361152328 -0.7456222667973584
v 0.37944653630304614 0.2666837103935773 -0.6915318885540458
v 0.4329000968459269 0.3165527934594792 -0.631683004248746
v 0.44603768816557476 0.25657465356731635 -0.6555423310743898
v 0.36777798048683685 0.32893379743287277 -0.6643299628943815
v 0.3532285520887246 0.38857910675957896 -0.6318548823023988
v 0.3973705175316926 0.4292159527201278 -0.5703498400957336
v 0.41664569265475215 0.37423309909711655 -0.6032209651529534
v 0.3360155022949822 0.44508929971876654 -0.5943692710969906
v 0.476681545115035 0.3576151442875215 -0.5703043898416418
v 0.5112592141019121 0.3896596299948669 -0.5112591626875975
v 0.5333041297659022 0.33843038123665714 -0.5333040783515877
v 0.45579242324288316 0.4107166196041341 -0.5425229734423063
v 0.07917118707446447 0.2904838079288208 -0.7743184980960791
v 0.15254348214283642 0.35398156614011533 -0.7295801266039419
v 0.15764657137609106 0.2876480514079649 -0.7635765567644519
v 0.07659353041281802 0.3575194622480815 -0.7392825733233188
v 0.07329816848032111 0.4211706407740934 -0.6972498801361411
v 0.13822820738691632 0.4762371197797748 -0.6417526520028787
v 0.1460454197263008 0.4170462358725153 -0.6888430227299551
v 0.0693592342918139 0.48077191374035877 -0.6487190859716918
v 0.2174718308038397 0.41011936521877423 -0.6749135481370914
v 0.27239280729924964 0.4580811828708846 -0.614451393887439
v 0.2872775341499185 0.40016077238414205 -0.6559467046585894
v 0.20602737713132147 0.46871762202898637 -0.6302559999474795
v 0.08256426191182742 1.2319686920633417e-7 -0.8382984197495382
v 0.16492634988513366 0.07363278569320952 -0.8220052234580102
v 0.16433837578355615 1.2141695227125372e-7 -0.8261868010774052
v 0.08286751639281986 0.07441087707653837 -0.8341758657632852
v 0.08238230665251622 0.14810888182779713 -0.8220675376072855
v 0.16156022900219114 0.2181292399372623 -0.7905375549459777
v 0.16397952957492024 0.14657398458737703 -0.8101227069716614
v 0.08115918581573078 0.22034491411708323 -0.8020123559176788
v 0.24382292667861805 0.14380811297361884 -0.7903505096695227
v 0.31687174215999825 0.20803383361152328 -0.7456222667973584
v 0.3213616000096362 0.13969276984498613 -0.7631082751872249
v 0.24033382275519166 0.21404122351683075 -0.7716162131358821
v -0.7459457656647182 -0.2823517600340839 0.2347067316812801
v -0.7905376063602922 -0.21812759467919562 0.1615601904414552
v -0.7635766081787665 -0.28764794857933573 0.15764651996177648
v -0.7716162645501967 -0.21404115924893752 0.24033377134087708
v -0.7903505610838373 -0.14380803585214696 0.24382290097146075
v -0.8220052234580102 -0.07363268929136968 0.16492633703155501
v -0.810122758385976 -0.1465738946123265 0.16397950386776294
v -0.801828755400301 -0.0722300103876905 0.2452701110983586
v -0.8220675890216 -0.14810877899916797 0.08238228094535893
v -0.8383017616799862 -0.07447761928365715 -1.3451700202885756e-8
v -0.8261868010774052 -0.1482394613332607 -2.6774120060628326e-8
v -0.8341758657632852 -0.07441076782111988 0.08286750353924122
v -0.6141718542590482 -0.2443942168351132 0.5089797090505357
v -0.6743609984982619 -0.19411024595767934 0.45659428089312826
v -0.6555423824887043 -0.25657462786015905 0.4460376367512602
v -0.6298955341879342 -0.1847747303479066 0.5205640225122998
v -0.6413736770900833 -0.12391213570912019 0.528655915827347
v -0.6968658152062019 -0.06534882777924622 0.46760918082087954
v -0.6882062564438378 -0.1302188854610904 0.46381346763243414
v -0.6484748679774199 -0.06216507347013156 0.5333344642115065
v -0.7290023325366519 -0.13557126985218204 0.3943969192334382
v -0.7739715028869547 -0.0701449864080157 0.32322493189161605
v -0.7631082751872249 -0.13969271843067155 0.3213615743024789
v -0.7388968117209984 -0.06805693541056979 0.3973149386576278
v -0.5112558721714642 -0.461172314292277 0.43197335382555835
v -0.5703499429243628 -0.42922050288696845 0.3973721113754447
v -0.5333041297659022 -0.4810606051167454 0.37518403255249666
v -0.5425230248566209 -0.4107165681898195 0.45579401708663525
v -0.5703027959978897 -0.3576151442875215 0.4766831903731017
v -0.6316814104049939 -0.3165542844746021 0.4329000454316123
v -0.6032193198948868 -0.37423461581939677 0.41664728649850424
v -0.594216005025217 -0.30200768386379195 0.4944673503732382
v -0.6318531856300176 -0.3885790553452644 0.3532301459324767
v -0.6918166724425241 -0.33882398352195153 0.2997564052711219
v -0.6559450594005227 -0.40016072096982747 0.28728082466605187
v -0.6643283690506294 -0.3289337460185582 0.3677796257449035
v -0.7136155706112319 0.34778863482705447 0.2270917832554673
v -0.7635766081787665 0.28764789716502115 0.15764662279040564
v -0.7459457656647182 0.2823517086197693 0.23470683450990926
v -0.7295785327601898 0.3539844710488893 0.15254354641072965
v -0.6302577480341753 0.468725077104601 0.2060308347439772
v -0.6888396807995072 0.4170506317964122 0.1460471806665753
v -0.6749119542933393 0.4101223215418628 0.21747360459769283
v -0.6417545029182037 0.4762492535580165 0.13823166499957207
v -0.6487259240755314 0.4807824536748484 0.06936101451245635
v -0.7004071817804025 0.42215082897447154 7.624633961339825e-8
v -0.6972482348780744 0.42117362280433923 0.07329824560179299
v -0.65121936408989 0.4820879145364394 8.707181713912656e-8
v -0.594216005025217 0.3020075296208482 0.49446745320186736
v -0.6555423824887043 0.2565744736172153 0.44603773957988935
v -0.6141718542590482 0.24439406259216945 0.5089815085515461
v -0.6316814104049939 0.31655410452450106 0.4329001482602415
v -0.5425230248566209 0.41071646536119033 0.4557941199152644
v -0.6032193198948868 0.374234461576453 0.416647440741448
v -0.5703027959978897 0.35761499004457775 0.47668329320173086
v -0.5703499429243628 0.42921893475037365 0.39737226561838845
v -0.5943710191836864 0.4450921789203832 0.3360189470540593
v -0.6559450594005227 0.4001606438483556 0.2872809789089956
v -0.6318531856300176 0.3885789782237925 0.35323030017542045
v -0.6144582319912786 0.4580856559162534 0.272397948730708
v -0.6512109321422983 -7.854084662565486e-8 0.5344345763006508
v -0.6968658152062019 0.06534869281667044 0.46760918082087954
v -0.7004071817804025 -6.877709458366352e-8 0.4679966905098958
v -0.6484748679774199 0.06216490637360916 0.5333344642115065
v -0.6298955341879342 0.18477457610496284 0.520564125340929
v -0.6882062564438378 0.1302187440717253 0.46381346763243414
v -0.6413736770900833 0.12391196861259779 0.528655915827347
v -0.6743609984982619 0.19411010456831423 0.4565943837217574
v -0.7131168517597715 0.20193203417106176 0.38845823170599303
v -0.7631082751872249 0.13969261560204238 0.3213616257167935
v -0.7290023325366519 0.13557115416997423 0.3943969706477528
v -0.745622318211673 0.20803366651500088 0.31687176786715554
v -0.6915319399683604 0.2666837103935773 -0.37944648488873156
v -0.6316814104049939 0.3165542844746021 -0.4329000454316123
v -0.6555423824887043 0.25657462786015905 -0.4460376367512602
v -0.6643283690506294 0.3289337460185582 -0.3677796257449035
v -0.6318531856300176 0.3885790553452644 -0.3532301459324767
v -0.5703499429243628 0.42922050288696845 -0.3973721113754447
v -0.6032193198948868 0.37423461581939677 -0.41664728649850424
v -0.5943710191836864 0.44509233316332697 -0.3360187928111156
v -0.5703027959978897 0.3576151442875215 -0.4766831903731017
v -0.5112592141019121 0.3896596299948669 -0.5112591626875975
v -0.5333041297659022 0.33843038123665714 -0.5333040783515877
v -0.5425230248566209 0.4107165681898195 -0.45579401708663525
v -0.7743185495103937 0.2904837308073489 -0.07917113566014988
v -0.7295785327601898 0.3539845224632039 -0.1525434178749432
v -0.7635766081787665 0.28764794857933573 -0.15764651996177648
v -0.7392826247376334 0.35752087614173256 -0.0765934661449248
v -0.6972482348780744 0.42117362280433923 -0.07329809135884924
v -0.6417545029182037 0.4762492535580165 -0.13823148504947103
v -0.6888396807995072 0.4170506317964122 -0.14604702642363154
v -0.6487259240755314 0.4807824536748484 -0.06936083456235531
v -0.6749119542933393 0.41012242437049196 -0.21747345035474908
v -0.6144582319912786 0.45808575874488255 -0.27239779448776424
v -0.6559450594005227 0.40016072096982747 -0.28728082466605187
v -0.6302577480341753 0.46872517993323015 -0.20603065479387617
v -0.8382984197495382 1.2133697105170477e-8 -0.08256426191182742
v -0.8220052234580102 0.07363268929136968 -0.16492633703155501
v -0.8261868010774052 2.4151272965421653e-8 -0.16433837578355615
v -0.8341758657632852 0.07441076782111988 -0.08286750353924122
v -0.8220658923492188 0.14810877899916797 -0.08238228094535893
v -0.7905376063602922 0.21812759467919562 -0.1615601904414552
v -0.8101211131279094 0.1465738946123265 -0.16397950386776294
v -0.8020124073319934 0.22034483699561136 -0.08115914725499485
v -0.7903505610838373 0.14380803585214696 -0.24382290097146075
v -0.745622318211673 0.2080337564900514 -0.31687171645284096
v -0.7631082751872249 0.13969271843067155 -0.3213615743024789
v -0.7716162645501967 0.21404115924893752 -0.24033377134087708
v -0.7428880021334905 5.835548559550051e-8 -0.39708241741992367
v -0.6968658152062019 0.06534882777924622 -0.46760918082087954
v -0.7004071817804025 6.877709458366352e-8 -0.4679966905098958
v -0.7388968117209984 0.06805693541056979 -0.3973149386576278
v -0.7290023325366519 0.13557126985218204 -0.3943969192334382
v -0.6743609984982619 0.19411024595767934 -0.45659428089312826
v -0.6882062564438378 0.1302188854610904 -0.46381346763243414
v -0.7131168517597715 0.20193212414611228 -0.38845818029167845
v -0.6413736770900833 0.12391213570912019 -0.528655915827347
v -0.5798856016072307 0.17383589789858167 -0.5798855501929161
v -0.5886092226055659 0.11645798555216746 -0.5886092226055659
v -0.6298955341879342 0.1847747303479066 -0.5205640225122998
v -0.801828755400301 0.07222993969300795 0.2452701625126732
v -0.8261868010774052 -2.4151272965421653e-8 0.16433837578355615
v -0.8060759890994191 -3.5934876407544434e-8 0.24452041327025853
v -0.8220052234580102 0.0736326378770551 0.1649263627387123
v -0.7716162645501967 0.21404105642030835 0.24033387416950625
v -0.8101211131279094 0.14657384319801192 0.16397955528207753
v -0.7903505610838373 0.14380797158425374 0.24382295238577534
v -0.7905376063602922 0.21812756897203833 0.16156026756292707
v -0.8020124073319934 0.22034478558129678 0.08115922437646672
v -0.8261868010774052 0.1482394613332607 2.6774120060628326e-8
v -0.8220658923492188 0.14810875329201068 0.08238233235967352
v -0.8060692538242087 0.22056519874791647 3.983715640125404e-8
v -0.5798839049348494 -0.5230773598664022 0.19271275347298378
v -0.6417545029182037 -0.4762492535580165 0.13823148504947103
v -0.5886092226055659 -0.5309478631428526 0.12910523855363198
v -0.6302577480341753 -0.46872517993323015 0.20603065479387617
v -0.6749119542933393 -0.41012242437049196 0.21747345035474908
v -0.7295785327601898 -0.3539845224632039 0.1525434178749432
v -0.6888396807995072 -0.4170506317964122 0.14604702642363154
v -0.7136155706112319 -0.34778868624136905 0.22709168042683814
v -0.6972482348780744 -0.42117362280433923 0.07329809135884924
v -0.7428829121163467 -0.3581803932620531 -6.469239219614226e-8
v -0.7004071817804025 -0.42215082897447154 -7.624633961339825e-8
v -0.7392826247376334 -0.35752087614173256 0.0765934661449248
v 0.39708241741992367 1.0917528710843587e-7 -0.7428880021334905
v 0.46760918082087954 0.06534886633998216 -0.6968658152062019
v 0.4679966905098958 1.0293228389602428e-7 -0.7004071817804025
v 0.3973149386576278 0.06805698682488437 -0.7388968117209984
v 0.3943969449405955 0.13557132126649662 -0.7290023325366519
v 0.45659433230744284 0.19411028451841528 -0.6743609470839473
v 0.46381346763243414 0.1302189111682477 -0.6882062564438378
v 0.38845820599883574 0.20193220126758415 -0.7131168003454569
v 0.528655915827347 0.12391214856269883 -0.6413736770900833
v 0.5798856016072307 0.17383589789858167 -0.5798855501929161
v 0.5886092226055659 0.11645798555216746 -0.5886092226055659
v 0.5205640739266144 0.18477474320148524 -0.6298954827736196
v -0.2452701368055159 0.0722300939359517 -0.801828755400301
v -0.16433837578355615 1.2141695227125372e-7 -0.8261868010774052
v -0.24452041327025853 1.1846144410303744e-7 -0.8060759890994191
v -0.16492634988513366 0.07363278569320952 -0.8220052234580102
v -0.24033382275519166 0.21404122351683075 -0.7716162131358821
v -0.16397952957492024 0.14657398458737703 -0.8101210617135948
v -0.24382292667861805 0.14380811297361884 -0.7903505096695227
v -0.16156022900219114 0.2181292399372623 -0.7905358582735964
v -0.08115918581573078 0.22034491411708323 -0.8020106592452976
v 0 0.14823957701546853 -0.8261867496630906
v -0.08238230665251622 0.14810888182779713 -0.8220658409349042
v 0 0.22056527586938834 -0.8060692024098941
v -0.1927128434480343 -0.5230741721788981 -0.579890743038689
v -0.13822820738691632 -0.47623691412251645 -0.641752857660137
v -0.1291053285286825 -0.5309417448394171 -0.5886177573817868
v -0.20602737713132147 -0.46871741637172804 -0.6302562056047378
v -0.2174718308038397 -0.4101191595615159 -0.6749136509657205
v -0.15254348214283642 -0.3539813347756997 -0.7295802294325711
v -0.1460454197263008 -0.4170460559224143 -0.6888431255585843
v -0.22709006087592876 -0.3477870409833024 -0.7136172672836132
v -0.07329816848032111 -0.42117046082399234 -0.6972499829647703
v 0 -0.35818026472626663 -0.7428829635306613
v 0 -0.4221507004386851 -0.7004072331947171
v -0.07659353041281802 -0.3575192051765086 -0.739282676151948
v 0.7428880021334905 -5.835548559550051e-8 0.39708241741992367
v 0.6968658152062019 0.06534869281667044 0.46760918082087954
v 0.7004071817804025 -6.877709458366352e-8 0.4679966905098958
v 0.7388968117209984 0.06805681972836197 0.3973149386576278
v 0.7290023325366519 0.13557115416997423 0.3943969706477528
v 0.6743609984982619 0.19411010456831423 0.4565943837217574
v 0.6882062564438378 0.1302187440717253 0.46381346763243414
v 0.7131168517597715 0.20193203417106176 0.38845823170599303
v 0.6413736770900833 0.12391196861259779 0.528655915827347
v 0.5798856016072307 0.1738342269333577 0.5798856530215453
v 0.5886092226055659 0.11645783130922371 0.5886092226055659
v 0.6298955341879342 0.18477457610496284 0.520564125340929
v 0.801828755400301 0.0722300103876905 -0.2452701110983586
v 0.8261868010774052 2.4151272965421653e-8 -0.16433837578355615
v 0.8060759890994191 3.5934876407544434e-8 -0.24452041327025853
v 0.8220052234580102 0.07363268929136968 -0.16492633703155501
v 0.7716162645501967 0.21404115924893752 -0.24033377134087708
v 0.8101211131279094 0.1465738946123265 -0.16397950386776294
v 0.7903505610838373 0.14380803585214696 -0.24382290097146075
v 0.7905376063602922 0.21812759467919562 -0.1615601904414552
v 0.8020124073319934 0.22034483699561136 -0.08115914725499485
v 0.8261868010774052 0.1482394613332607 2.6774120060628326e-8
v 0.8220658923492188 0.14810877899916797 -0.08238228094535893
v 0.8060692538242087 0.22056519874791647 3.983715640125404e-8
v 0.5798839049348494 -0.5230773084520877 -0.19271293342308482
v 0.6417545029182037 -0.4762492535580165 -0.13823166499957207
v 0.5886092226055659 -0.5309478631428526 -0.12910541850373303
v 0.6302577480341753 -0.468725077104601 -0.2060308347439772
v 0.6749119542933393 -0.4101223215418628 -0.21747360459769283
v 0.7295785327601898 -0.3539844710488893 -0.15254354641072965
v 0.6888396807995072 -0.4170506317964122 -0.1460471806665753
v 0.7136155706112319 -0.34778863482705447 -0.2270917832554673
v 0.6972482348780744 -0.42117362280433923 -0.07329824560179299
v 0.7428829121163467 -0.3581803932620531 -6.469239219614226e-8
v 0.7004071817804025 -0.42215082897447154 -7.624633961339825e-8
v 0.7392826247376334 -0.35752087614173256 -0.07659359468071125
v -0.39708241741992367 -1.0917528710843587e-7 0.7428880021334905
v -0.46760918082087954 0.0653486542559345 0.6968658152062019
v -0.4679966905098958 -1.0293228389602428e-7 0.7004071817804025
v -0.3973149386576278 0.06805676188725807 0.7388968117209984
v -0.3943969449405955 0.13557110275565964 0.7290023325366519
v -0.45659433230744284 0.19411007886115694 0.6743610499125765
v -0.46381346763243414 0.13021870551098935 0.6882062564438378
v -0.38845820599883574 0.20193196990316853 0.713116903174086
v -0.528655915827347 0.12391195575901914 0.6413736770900833
v -0.5798856016072307 0.1738342269333577 0.5798856530215453
v -0.5886092226055659 0.11645783130922371 0.5886092226055659
v -0.5205640739266144 0.1847745632513842 0.6298955856022488
v 0.2452701368055159 0.07222986257153607 0.801828755400301
v 0.16433837578355615 -1.2141695227125372e-7 0.8261868010774052
v 0.24452041327025853 -1.1846144410303744e-7 0.8060759890994191
v 0.16492634988513366 0.07363102475293504 0.8220052234580102
v 0.24033382275519166 0.21404099215241512 0.7716163159645113
v 0.16397952957492024 0.1465737532229614 0.8101228098002906
v 0.24382292667861805 0.14380788160920321 0.7903506124981519
v 0.16156022900219114 0.21812746614340917 0.7905376577746068
v 0.08115918581573078 0.2203446827526676 0.802012458746308
v 0 0.1482393456510529 0.8261868524917197
v 0.08238230665251622 0.1481086504633815 0.8220676404359146
v 0 0.22056504450497272 0.8060693052385233
v 0.1927128434480343 -0.523074429250471 0.5798905373814307
v 0.13822820738691632 -0.4762371197797748 0.6417526520028787
v 0.1291053285286825 -0.5309418990823609 0.5886175517245285
v 0.20602737713132147 -0.46871762202898637 0.6302559999474795
v 0.2174718308038397 -0.41011936521877423 0.6749135481370914
v 0.15254348214283642 -0.35398156614011533 0.7295801266039419
v 0.1460454197263008 -0.4170462358725153 0.6888430227299551
v 0.22709006087592876 -0.347787272347718 0.713617164454984
v 0.07329816848032111 -0.4211706407740934 0.6972498801361411
v 0 -0.35818049609068225 0.7428828607020321
v 0 -0.4221508803887861 0.7004071303660879
v 0.07659353041281802 -0.3575194622480815 0.7392825733233188
v -0.07544790380168864 -0.6665114722621617 -0.3973167381586382
v 0 -0.6317938535109882 -0.46799679333852495
v 0 -0.6701131992416833 -0.39708254595571013
v -0.07244568701057919 -0.6285963458727224 -0.46761262557995664
v -0.2238637869286535 -0.6432569834332789 -0.38846003120700345
v -0.14436067546602693 -0.6207835294572348 -0.46382030573627375
v -0.15029435009780023 -0.6575862557363443 -0.3944004411139872
v -0.21519237716677786 -0.6082962263884397 -0.4565978284808345
v -0.20484468079937734 -0.568191107269314 -0.5205743053752165
v -0.1291053285286825 -0.5309417448394171 -0.5886177573817868
v -0.13737068088755588 -0.5785448705258354 -0.528669489206397
v -0.1927128434480343 -0.5230741721788981 -0.579890743038689
v 0 -0.7271112626319542 0.24452028473447207
v -0.08162754451442966 -0.7414799697143053 0.1649262213493472
v 0 -0.7452519294894131 0.1643382472477697
v -0.08007420881544203 -0.7232800735664462 0.24527000826972944
v -0.15942566090362575 -0.7129262588956102 0.2438227981428316
v -0.241816405930523 -0.7130950006760735 0.16156010046640468
v -0.1624919077967597 -0.7307615247244428 0.16397940103913378
v -0.23728613642962237 -0.6960271963210296 0.2403336942194052
v -0.1641934902450597 -0.7415362169744597 0.08238217168994044
v -0.24451871659787727 -0.7271050929142042 -1.3132535635068518e-7
v -0.16433837578355615 -0.7452518780750985 -1.346029223113394e-7
v -0.24427442148213352 -0.7234456276594052 0.08115905727994432
v 0.5886092226055659 -0.5309478631428526 0.12910523855363198
v 0.5196290532015979 -0.5685164570519987 0.20603064194029752
v 0.5279702545280607 -0.5788869299607597 0.13823147219589238
v 0.5798839049348494 -0.5230773598664022 0.19271275347298378
v 0.46234265833514243 -0.6213595754378289 0.1460469878628956
v 0.3855587728493681 -0.6437084011153225 0.22709160330536626
v 0.3924274939133152 -0.658107545471907 0.1525433664606286
v 0.4546619767081346 -0.6087962820120794 0.21747342464759178
v 0.4679966905098958 -0.6317938535109882 -1.1411081389040489e-7
v 0.39634788681462574 -0.6668609867727007 0.07659340830382089
v 0.39707904978231845 -0.6701086233676854 -1.2103099285844583e-7
v 0.4669133909016203 -0.6289443693681385 0.0732980527981133
v 0 0.6317939049253027 -0.4679965876812666
v 0.07544790380168864 0.6665115750907908 -0.3973164810870653
v 0.07244568701057919 0.628596397287037 -0.4676124199226983
v 0 0.6701132506559979 -0.3970822888841372
v 0.14436067546602693 0.620783632285864 -0.4638201000790154
v 0.2238637869286535 0.643257086261908 -0.38845977413543054
v 0.21519237716677786 0.6082962778027543 -0.4565976228235762
v 0.15029435009780023 0.6575863071506589 -0.3944001840424143
v 0.1291053285286825 0.5309418990823609 -0.5886175517245285
v 0.20484468079937734 0.5681928553560098 -0.5205740997179582
v 0.1927128434480343 0.523074429250471 -0.5798905373814307
v 0.13737068088755588 0.5785450247687791 -0.5286692835491387
v 0.08162922833323227 0.7414798668856761 0.16492647842092012
v 0 0.7271111598033251 0.244520541806045
v 0.08007420881544203 0.7232784283083795 0.24527026534130236
v 0 0.7452518266607839 0.1643385043193426
v 0.241816405930523 0.7130948978474443 0.1615603575379776
v 0.15942566090362575 0.7129261560669811 0.2438230552144045
v 0.23728613642962237 0.6960271963210296 0.24033395129097812
v 0.1624919077967597 0.7307600337093199 0.1639796581107067
v 0.24451871659787727 0.7271050929142042 1.3132535635068518e-7
v 0.1641934902450597 0.7415346745450222 0.082382441615092
v 0.24427442148213352 0.7234456276594052 0.08115931435151724
v 0.16433837578355615 0.7452518780750985 1.346029223113394e-7
v -0.5196290532015979 0.5685163542233695 0.20603084759755586
v -0.5886092226055659 0.5309478631428526 0.12910541850373303
v -0.5798839049348494 0.5230773084520877 0.19271293342308482
v -0.5279702545280607 0.5788869299607597 0.13823167785315071
v -0.3855587728493681 0.6437082982866933 0.22709186037693918
v -0.46234265833514243 0.6213595754378289 0.14604721922731123
v -0.4546619767081346 0.6087961791834502 0.21747363030485012
v -0.3924274939133152 0.658107545471907 0.15254359782504423
v -0.39634788681462574 0.6668609867727007 0.07659365252181516
v -0.4679966905098958 0.6317938535109882 1.1411081389040489e-7
v -0.4669133909016203 0.6289443693681385 0.07329996798133154
v -0.39707904978231845 0.6701086233676854 1.2103099285844583e-7
v -0.5521345196534995 0.4980463522257139 -0.3161169286075971
v -0.4758341343820689 0.514475847865203 -0.39737378234066867
v -0.5333041297659022 0.4810606051167454 -0.37518403255249666
v -0.49342960384768375 0.5361437937746665 -0.33602046377633954
v -0.4307789992977824 0.569955595131507 -0.3532317911905434
v -0.35093390552170334 0.5697990899579146 -0.432901690689679
v -0.41487668033287584 0.5441252491419881 -0.4166506284289522
v -0.3646561547196381 0.5992494664229469 -0.36777957433058894
v -0.3964540316670835 0.5144364130859174 -0.4766881775616163
v -0.31611867669429294 0.4980464036400285 -0.5521394040133849
v -0.37518410967396854 0.4810591655159371 -0.533307368867721
v -0.3348092453533802 0.5360070831121888 -0.4944723375617528
v 0.4758341343820689 -0.5144757964508884 -0.397373987997927
v 0.5521345196534995 -0.49804624939708475 -0.31611708285054085
v 0.49342960384768375 -0.5361436909460373 -0.3360206694335979
v 0.5333041297659022 -0.48106055370243084 -0.3751841867954404
v 0.35093390552170334 -0.5697989871292855 -0.4329018963469373
v 0.4307789992977824 -0.5699555437171924 -0.3532319968478017
v 0.3646561547196381 -0.5992493635943177 -0.3677797799878473
v 0.41487668033287584 -0.544125146313359 -0.4166508340862105
v 0.31611867669429294 -0.49804619798277017 -0.5521396096706432
v 0.3964540316670835 -0.5144361560143444 -0.47668838321887463
v 0.3348092453533802 -0.5360068774549305 -0.49447254321901113
v 0.37518410967396854 -0.48105901127299333 -0.5333075745249793
v -0.3360155022949822 -0.44508929971876654 0.5943692710969906
v -0.37518410967396854 -0.4810591655159371 0.533307368867721
v -0.31611867669429294 -0.4980464036400285 0.5521394040133849
v -0.3973705175316926 -0.4292159527201278 0.5703498400957336
v -0.36777798048683685 -0.32893379743287277 0.6643299628943815
v -0.41664569265475215 -0.37423309909711655 0.6032209651529534
v -0.3532285520887246 -0.38857910675957896 0.6318548823023988
v -0.4329000968459269 -0.3165527934594792 0.631683004248746
v -0.4944674017875528 -0.30200770957094925 0.5942159536109024
v -0.5333041297659022 -0.33843038123665714 0.5333040783515877
v -0.476681545115035 -0.3576151442875215 0.5703043898416418
v -0.5521395068420141 -0.28515111522021463 0.5521394554276995
v 0.5943693739256197 -0.44509233316332697 0.3360187928111156
v 0.5333041297659022 -0.4810606051167454 0.37518403255249666
v 0.5521345196534995 -0.4980463522257139 0.3161169286075971
v 0.5703499429243628 -0.42922050288696845 0.3973721113754447
v 0.6643283690506294 -0.3289337460185582 0.3677796257449035
v 0.6032193198948868 -0.37423461581939677 0.41664728649850424
v 0.6318531856300176 -0.3885790553452644 0.3532301459324767
v 0.6316814104049939 -0.3165542844746021 0.4329000454316123
v 0.594216005025217 -0.30200768386379195 0.4944673503732382
v 0.5333041297659022 -0.33843038123665714 0.5333040783515877
v 0.5703027959978897 -0.3576151442875215 0.4766831903731017
v 0.5521395068420141 -0.28515111522021463 0.5521394554276995
v 0.3360155022949822 -0.4450890940615082 -0.5943694767542489
v 0.37518410967396854 -0.48105901127299333 -0.5333075745249793
v 0.31611867669429294 -0.49804619798277017 -0.5521396096706432
v 0.3973705175316926 -0.42921577277002676 -0.570350045752992
v 0.36777798048683685 -0.3289320750533342 -0.6643300657230107
v 0.41664569265475215 -0.3742329191470155 -0.6032210679815826
v 0.3532285520887246 -0.3885774100871977 -0.631854985131028
v 0.4329000968459269 -0.31655258780222084 -0.6316831070773752
v 0.4944674017875528 -0.3020075039136909 -0.5942160564395316
v 0.5333041297659022 -0.3384302527008707 -0.5333041811802168
v 0.476681545115035 -0.35761496433742046 -0.570304492670271
v 0.5521395068420141 -0.28515101239158547 -0.5521395582563287
v -0.5943693739256197 -0.4450921789203832 -0.3360189470540593
v -0.5333041297659022 -0.48106055370243084 -0.3751841867954404
v -0.5521345196534995 -0.49804624939708475 -0.31611708285054085
v -0.5703499429243628 -0.42921893475037365 -0.39737226561838845
v -0.6643283690506294 -0.328933643189929 -0.3677797285735327
v -0.6032193198948868 -0.374234461576453 -0.416647440741448
v -0.6318531856300176 -0.3885789782237925 -0.35323030017542045
v -0.6316814104049939 -0.31655410452450106 -0.4329001482602415
v -0.594216005025217 -0.3020075296208482 -0.49446745320186736
v -0.5333041297659022 -0.3384302527008707 -0.5333041811802168
v -0.5703027959978897 -0.35761499004457775 -0.47668329320173086
v -0.5521395068420141 -0.28515101239158547 -0.5521395582563287
v -0.5798839049348494 0.5230773598664022 -0.19271275347298378
v -0.5886092226055659 0.5309478631428526 -0.12910523855363198
v -0.5676644704450347 0.5120549534487218 -0.25515947455840404
v -0.5939279820349199 0.5357455899082169 -0.0647479936722335
v -0.595646402671246 0.5372956800785964 9.704311767244602e-8
v -0.5112558721714642 0.461172314292277 -0.43197335382555835
v -0.5333041297659022 0.4810606051167454 -0.37518403255249666
v -0.48634358018314927 0.4387005055742996 -0.4863434773545201
v -0.5521345196534995 0.4980463522257139 -0.3161169286075971
v -0.5333041297659022 0.48106055370243084 0.3751841867954404
v -0.5521345196534995 0.49804624939708475 0.31611708285054085
v -0.5676644704450347 0.5120548506200926 0.2551596802156624
v -0.48634358018314927 0.4387002999170413 0.48634368301177844
v -0.5112558721714642 0.46117216004933326 0.4319753075695125
v -0.5886092226055659 0.5309478631428526 0.12910541850373303
v -0.5939279820349199 0.5357455899082169 0.06474818647591318
v -0.5798839049348494 0.5230773084520877 0.19271293342308482
v 0.1927128434480343 0.523074429250471 -0.5798905373814307
v 0.1291053285286825 0.5309418990823609 -0.5886175517245285
v 0.2551595773870332 0.5120550048630363 -0.5676643676164055
v 0.06474809007407334 0.5357365409888502 -0.5939261825339095
v 0 0.5372957829072256 -0.5956462998426169
v 0.43197520474088336 0.4611738567217145 -0.5112591112732829
v 0.37518410967396854 0.4810591655159371 -0.533307368867721
v 0.48634358018314927 0.4387005055742996 -0.4863434773545201
v 0.31611867669429294 0.4980464036400285 -0.5521394040133849
v -0.5798856016072307 0.17383589789858167 -0.5798855501929161
v -0.5886092226055659 0.11645798555216746 -0.5886092226055659
v -0.5676644704450347 0.23016371143036274 -0.5676644190307201
v -0.595646402671246 8.753658405574382e-8 -0.595646402671246
v -0.5939161567425657 0.05840532459473735 -0.5939161567425657
v -0.37518410967396854 0.4810591655159371 -0.533307368867721
v -0.31611867669429294 0.4980464036400285 -0.5521394040133849
v -0.2551595773870332 0.5120550048630363 -0.5676643676164055
v -0.5112592141019121 0.3896596299948669 -0.5112591626875975
v -0.5333041297659022 0.33843038123665714 -0.5333040783515877
v -0.48634358018314927 0.4387005055742996 -0.4863434773545201
v -0.43197520474088336 0.4611738567217145 -0.5112591112732829
v -0.5521395068420141 0.28515111522021463 -0.5521394554276995
v -0.1291053285286825 0.5309418990823609 -0.5886175517245285
v -0.06474809007407334 0.5357365409888502 -0.5939261825339095
v -0.1927128434480343 0.523074429250471 -0.5798905373814307
v -0.5333041297659022 -0.3384302527008707 -0.5333041811802168
v -0.5521395068420141 -0.28515101239158547 -0.5521395582563287
v -0.5676644704450347 -0.2301635314802617 -0.5676645218593492
v -0.48634358018314927 -0.4387002999170413 -0.48634368301177844
v -0.5112592141019121 -0.3896594243376086 -0.5112592655162267
v -0.5886092226055659 -0.11645783130922371 -0.5886092226055659
v -0.5939161567425657 -0.05840515107142563 -0.5939161567425657
v -0.5798856016072307 -0.1738342269333577 -0.5798856530215453
v 0.5798839049348494 0.5230773084520877 0.19271293342308482
v 0.5886092226055659 0.5309478631428526 0.12910541850373303
v 0.5676644704450347 0.5120548506200926 0.2551596802156624
v 0.5939279820349199 0.5357455899082169 0.06474818647591318
v 0.595646402671246 0.5372956800785964 9.704311767244602e-8
v 0.5112558721714642 0.46117216004933326 0.4319753075695125
v 0.5333041297659022 0.48106055370243084 0.3751841867954404
v 0.48634358018314927 0.4387002999170413 0.48634368301177844
v 0.5521345196534995 0.49804624939708475 0.31611708285054085
v 0.5333041297659022 0.4810606051167454 -0.37518403255249666
v 0.5521345196534995 0.4980463522257139 -0.3161169286075971
v 0.5676644704450347 0.5120549534487218 -0.25515947455840404
v 0.5112558721714642 0.461172314292277 -0.43197335382555835
v 0.5886092226055659 0.5309478631428526 -0.12910523855363198
v 0.5939279820349199 0.5357455899082169 -0.0647479936722335
v 0.5798839049348494 0.5230773598664022 -0.19271275347298378
v -0.1927128434480343 0.5230741721788981 0.579890743038689
v -0.1291053285286825 0.5309417448394171 0.5886177573817868
v -0.2551595773870332 0.512054799205778 0.5676645732736638
v -0.06474809007407334 0.5357363353315918 0.5939280848635491
v 0 0.5372956286642818 0.5956465054998752
v -0.43197520474088336 0.4611721086350187 0.5112593169305413
v -0.37518410967396854 0.48105901127299333 0.5333075745249793
v -0.31611867669429294 0.49804619798277017 0.5521396096706432
v 0.37518410967396854 0.48105901127299333 0.5333075745249793
v 0.31611867669429294 0.49804619798277017 0.5521396096706432
v 0.2551595773870332 0.512054799205778 0.5676645732736638
v 0.43197520474088336 0.4611721086350187 0.5112593169305413
v 0.1291053285286825 0.5309417448394171 0.5886177573817868
v 0.06474809007407334 0.5357363353315918 0.5939280848635491
v 0.1927128434480343 0.5230741721788981 0.579890743038689
v -0.1291053285286825 -0.5309418990823609 0.5886175517245285
v -0.1927128434480343 -0.523074429250471 0.5798905373814307
v -0.2551595773870332 -0.5120550048630363 0.5676643676164055
v 0 -0.5372957829072256 0.5956462998426169
v -0.06474809007407334 -0.5357365409888502 0.5939261825339095
v -0.37518410967396854 -0.4810591655159371 0.533307368867721
v -0.43197520474088336 -0.4611738567217145 0.5112591112732829
v -0.31611867669429294 -0.4980464036400285 0.5521394040133849
v 0.31611867669429294 -0.4980464036400285 0.5521394040133849
v 0.37518410967396854 -0.4810591655159371 0.533307368867721
v 0.2551595773870332 -0.5120550048630363 0.5676643676164055
v 0.43197520474088336 -0.4611738567217145 0.5112591112732829
v 0.48634358018314927 -0.4387005055742996 0.4863434773545201
v 0.06474809007407334 -0.5357365409888502 0.5939261825339095
v 0.1291053285286825 -0.5309418990823609 0.5886175517245285
v 0.1927128434480343 -0.523074429250471 0.5798905373814307
v 0.1291053285286825 0.5309417448394171 0.5886177573817868
v 0.1927128434480343 0.5230741721788981 0.579890743038689
v 0.2551595773870332 0.512054799205778 0.5676645732736638
v 0 0.5372956286642818 0.5956465054998752
v 0.06474809007407334 0.5357363353315918 0.5939280848635491
v 0.37518410967396854 0.48105901127299333 0.5333075745249793
v 0.43197520474088336 0.4611721086350187 0.5112593169305413
v 0.31611867669429294 0.49804619798277017 0.5521396096706432
v -0.31611867669429294 0.49804619798277017 0.5521396096706432
v -0.37518410967396854 0.48105901127299333 0.5333075745249793
v -0.2551595773870332 0.512054799205778 0.5676645732736638
v -0.43197520474088336 0.4611721086350187 0.5112593169305413
v -0.48634358018314927 0.4387002999170413 0.48634368301177844
v -0.06474809007407334 0.5357363353315918 0.5939280848635491
v -0.1291053285286825 0.5309417448394171 0.5886177573817868
v -0.1927128434480343 0.5230741721788981 0.579890743038689
vt 0.015699999406933784 0.35420000553131104
vt 0.00009999999747378752 0.33340001106262207
vt 0.015699999406933784 0.33340001106262207
vt 0.00009999999747378752 0.35420000553131104
vt 0.7656000256538391 0.35420000553131104
vt 0.7498999834060669 0.33340001106262207
vt 0.7656000256538391 0.33340001106262207
vt 0.7498999834060669 0.35420000553131104
vt 0.5156000256538391 0.35420000553131104
vt 0.5 0.33340001106262207
vt 0.5156000256538391 0.33340001106262207
vt 0.5 0.35420000553131104
vt 0.26570001244544983 0.35420000553131104
vt 0.25 0.33340001106262207
vt 0.26570001244544983 0.33340001106262207
vt 0.25 0.35420000553131104
vt 0.00009999999747378752 0.021000027656555176
vt 0.015699999406933784 0.00010001659393310547
vt 0.015699999406933784 0.021000027656555176
vt 0.00009999999747378752 0.00010001659393310547
vt 0.7343000173568726 0.9998999834060669
vt 0.7498999834060669 0.9789999723434448
vt 0.7498999834060669 0.9998999834060669
vt 0.7343000173568726 0.9789999723434448
vt 0.6093000173568726 0.9789999723434448
vt 0.625 0.9998999834060669
vt 0.6093000173568726 0.9998999834060669
vt 0.625 0.9789999723434448
vt 0.625 0.8123999834060669
vt 0.6093000173568726 0.833299994468689
vt 0.6093000173568726 0.8123999834060669
vt 0.625 0.833299994468689
vt 0.7498999834060669 0.833299994468689
vt 0.7343000173568726 0.8123999834060669
vt 0.7498999834060669 0.8123999834060669
vt 0.7343000173568726 0.833299994468689
vt 0.1251000016927719 0.00010001659393310547
vt 0.14069999754428864 0.021000027656555176
vt 0.1251000016927719 0.021000027656555176
vt 0.14069999754428864 0.00010001659393310547
vt 0.14069999754428864 0.16670000553131104
vt 0.1251000016927719 0.1876000165939331
vt 0.1251000016927719 0.16670000553131104
vt 0.14069999754428864 0.1876000165939331
vt 0.015699999406933784 0.1876000165939331
vt 0.00009999999747378752 0.16670000553131104
vt 0.015699999406933784 0.16670000553131104
vt 0.00009999999747378752 0.1876000165939331
vt 0.39070001244544983 0.33340001106262207
vt 0.375 0.35420000553131104
vt 0.375 0.33340001106262207
vt 0.39070001244544983 0.35420000553131104
vt 0.39070001244544983 0.5209000110626221
vt 0.375 0.5
vt 0.39070001244544983 0.5
vt 0.375 0.5209000110626221
vt 0.26570001244544983 0.5209000110626221
vt 0.25 0.5
vt 0.26570001244544983 0.5
vt 0.25 0.5209000110626221
vt 0.6406000256538391 0.33340001106262207
vt 0.625 0.35420000553131104
vt 0.625 0.33340001106262207
vt 0.6406000256538391 0.35420000553131104
vt 0.6406000256538391 0.5209000110626221
vt 0.625 0.5
vt 0.6406000256538391 0.5
vt 0.625 0.5209000110626221
vt 0.5156000256538391 0.5209000110626221
vt 0.5 0.5
vt 0.5156000256538391 0.5
vt 0.5 0.5209000110626221
vt 0.8906000256538391 0.33340001106262207
vt 0.8748999834060669 0.35420000553131104
vt 0.8748999834060669 0.33340001106262207
vt 0.8906000256538391 0.35420000553131104
vt 0.8906000256538391 0.5209000110626221
vt 0.8748999834060669 0.5
vt 0.8906000256538391 0.5
vt 0.8748999834060669 0.5209000110626221
vt 0.7656000256538391 0.5209000110626221
vt 0.7498999834060669 0.5
vt 0.7656000256538391 0.5
vt 0.7498999834060669 0.5209000110626221
vt 0.14069999754428864 0.33340001106262207
vt 0.1251000016927719 0.35420000553131104
vt 0.1251000016927719 0.33340001106262207
vt 0.14069999754428864 0.35420000553131104
vt 0.14069999754428864 0.5209000110626221
vt 0.1251000016927719 0.5
vt 0.14069999754428864 0.5
vt 0.1251000016927719 0.5209000110626221
vt 0.015699999406933784 0.5209000110626221
vt 0.00009999999747378752 0.5
vt 0.015699999406933784 0.5
vt 0.00009999999747378752 0.5209000110626221
vt 0.07819999754428864 0.5
vt 0.06260000169277191 0.5209000110626221
vt 0.06260000169277191 0.5
vt 0.07819999754428864 0.5209000110626221
vt 0.07819999754428864 0.583299994468689
vt 0.06260000169277191 0.6040999889373779
vt 0.06260000169277191 0.583299994468689
vt 0.07819999754428864 0.6040999889373779
vt 0.015699999406933784 0.583299994468689
vt 0.00009999999747378752 0.6040999889373779
vt 0.00009999999747378752 0.583299994468689
vt 0.015699999406933784 0.6040999889373779
vt 0.20319999754428864 0.5209000110626221
vt 0.1876000016927719 0.5
vt 0.20319999754428864 0.5
vt 0.1876000016927719 0.5209000110626221
vt 0.20319999754428864 0.6040999889373779
vt 0.1876000016927719 0.583299994468689
vt 0.20319999754428864 0.583299994468689
vt 0.1876000016927719 0.6040999889373779
vt 0.14069999754428864 0.6040999889373779
vt 0.1251000016927719 0.583299994468689
vt 0.14069999754428864 0.583299994468689
vt 0.1251000016927719 0.6040999889373779
vt 0.20319999754428864 0.33340001106262207
vt 0.1876000016927719 0.35420000553131104
vt 0.1876000016927719 0.33340001106262207
vt 0.20319999754428864 0.35420000553131104
vt 0.20319999754428864 0.41670000553131104
vt 0.1876000016927719 0.4375
vt 0.1876000016927719 0.41670000553131104
vt 0.20319999754428864 0.4375
vt 0.14069999754428864 0.41670000553131104
vt 0.1251000016927719 0.4375
vt 0.1251000016927719 0.41670000553131104
vt 0.14069999754428864 0.4375
vt 0.8281000256538391 0.5
vt 0.8123999834060669 0.5209000110626221
vt 0.8123999834060669 0.5
vt 0.8281000256538391 0.5209000110626221
vt 0.8281000256538391 0.583299994468689
vt 0.8123999834060669 0.6040999889373779
vt 0.8123999834060669 0.583299994468689
vt 0.8281000256538391 0.6040999889373779
vt 0.7656000256538391 0.583299994468689
vt 0.7498999834060669 0.6040999889373779
vt 0.7498999834060669 0.583299994468689
vt 0.7656000256538391 0.6040999889373779
vt 0.9531000256538391 0.5209000110626221
vt 0.9373999834060669 0.5
vt 0.9531000256538391 0.5
vt 0.9373999834060669 0.5209000110626221
vt 0.9531000256538391 0.6040999889373779
vt 0.9373999834060669 0.583299994468689
vt 0.9531000256538391 0.583299994468689
vt 0.9373999834060669 0.6040999889373779
vt 0.8906000256538391 0.6040999889373779
vt 0.8748999834060669 0.583299994468689
vt 0.8906000256538391 0.583299994468689
vt 0.8748999834060669 0.6040999889373779
vt 0.9531000256538391 0.33340001106262207
vt 0.9373999834060669 0.35420000553131104
vt 0.9373999834060669 0.33340001106262207
vt 0.9531000256538391 0.35420000553131104
vt 0.9531000256538391 0.41670000553131104
vt 0.9373999834060669 0.4375
vt 0.9373999834060669 0.41670000553131104
vt 0.9531000256538391 0.4375
vt 0.8906000256538391 0.41670000553131104
vt 0.8748999834060669 0.4375
vt 0.8748999834060669 0.41670000553131104
vt 0.8906000256538391 0.4375
vt 0.5781000256538391 0.5
vt 0.5625 0.5209000110626221
vt 0.5625 0.5
vt 0.5781000256538391 0.5209000110626221
vt 0.5781000256538391 0.583299994468689
vt 0.5625 0.6040999889373779
vt 0.5625 0.583299994468689
vt 0.5781000256538391 0.6040999889373779
vt 0.5156000256538391 0.583299994468689
vt 0.5 0.6040999889373779
vt 0.5 0.583299994468689
vt 0.5156000256538391 0.6040999889373779
vt 0.7031000256538391 0.5209000110626221
vt 0.6875 0.5
vt 0.7031000256538391 0.5
vt 0.6875 0.5209000110626221
vt 0.7031000256538391 0.6040999889373779
vt 0.6875 0.583299994468689
vt 0.7031000256538391 0.583299994468689
vt 0.6875 0.6040999889373779
vt 0.6406000256538391 0.6040999889373779
vt 0.625 0.583299994468689
vt 0.6406000256538391 0.583299994468689
vt 0.625 0.6040999889373779
vt 0.7031000256538391 0.33340001106262207
vt 0.6875 0.35420000553131104
vt 0.6875 0.33340001106262207
vt 0.7031000256538391 0.35420000553131104
vt 0.7031000256538391 0.41670000553131104
vt 0.6875 0.4375
vt 0.6875 0.41670000553131104
vt 0.7031000256538391 0.4375
vt 0.6406000256538391 0.41670000553131104
vt 0.625 0.4375
vt 0.625 0.41670000553131104
vt 0.6406000256538391 0.4375
vt 0.32820001244544983 0.5
vt 0.3125 0.5209000110626221
vt 0.3125 0.5
vt 0.32820001244544983 0.5209000110626221
vt 0.32820001244544983 0.583299994468689
vt 0.3125 0.6040999889373779
vt 0.3125 0.583299994468689
vt 0.32820001244544983 0.6040999889373779
vt 0.26570001244544983 0.583299994468689
vt 0.25 0.6040999889373779
vt 0.25 0.583299994468689
vt 0.26570001244544983 0.6040999889373779
vt 0.45320001244544983 0.5209000110626221
vt 0.4375 0.5
vt 0.45320001244544983 0.5
vt 0.4375 0.5209000110626221
vt 0.45320001244544983 0.6040999889373779
vt 0.4375 0.583299994468689
vt 0.45320001244544983 0.583299994468689
vt 0.4375 0.6040999889373779
vt 0.39070001244544983 0.6040999889373779
vt 0.375 0.583299994468689
vt 0.39070001244544983 0.583299994468689
vt 0.375 0.6040999889373779
vt 0.45320001244544983 0.33340001106262207
vt 0.4375 0.35420000553131104
vt 0.4375 0.33340001106262207
vt 0.45320001244544983 0.35420000553131104
vt 0.45320001244544983 0.41670000553131104
vt 0.4375 0.4375
vt 0.4375 0.41670000553131104
vt 0.45320001244544983 0.4375
vt 0.39070001244544983 0.41670000553131104
vt 0.375 0.4375
vt 0.375 0.41670000553131104
vt 0.39070001244544983 0.4375
vt 0.07819999754428864 0.1876000165939331
vt 0.06260000169277191 0.16670000553131104
vt 0.07819999754428864 0.16670000553131104
vt 0.06260000169277191 0.1876000165939331
vt 0.07819999754428864 0.27090001106262207
vt 0.06260000169277191 0.25
vt 0.07819999754428864 0.25
vt 0.06260000169277191 0.27090001106262207
vt 0.015699999406933784 0.27090001106262207
vt 0.00009999999747378752 0.25
vt 0.015699999406933784 0.25
vt 0.00009999999747378752 0.27090001106262207
vt 0.20319999754428864 0.16670000553131104
vt 0.1876000016927719 0.1876000165939331
vt 0.1876000016927719 0.16670000553131104
vt 0.20319999754428864 0.1876000165939331
vt 0.20319999754428864 0.25
vt 0.1876000016927719 0.27090001106262207
vt 0.1876000016927719 0.25
vt 0.20319999754428864 0.27090001106262207
vt 0.14069999754428864 0.25
vt 0.1251000016927719 0.27090001106262207
vt 0.1251000016927719 0.25
vt 0.14069999754428864 0.27090001106262207
vt 0.1876000016927719 0.00010001659393310547
vt 0.20319999754428864 0.021000027656555176
vt 0.1876000016927719 0.021000027656555176
vt 0.20319999754428864 0.00010001659393310547
vt 0.1876000016927719 0.08340001106262207
vt 0.20319999754428864 0.10420000553131104
vt 0.1876000016927719 0.10420000553131104
vt 0.20319999754428864 0.08340001106262207
vt 0.1251000016927719 0.08340001106262207
vt 0.14069999754428864 0.10420000553131104
vt 0.1251000016927719 0.10420000553131104
vt 0.14069999754428864 0.08340001106262207
vt 0.6875 0.833299994468689
vt 0.6718000173568726 0.8123999834060669
vt 0.6875 0.8123999834060669
vt 0.6718000173568726 0.833299994468689
vt 0.6875 0.7498999834060669
vt 0.6718000173568726 0.7290999889373779
vt 0.6875 0.7290999889373779
vt 0.6718000173568726 0.7498999834060669
vt 0.7498999834060669 0.7498999834060669
vt 0.7343000173568726 0.7290999889373779
vt 0.7498999834060669 0.7290999889373779
vt 0.7343000173568726 0.7498999834060669
vt 0.5625 0.8123999834060669
vt 0.5468000173568726 0.833299994468689
vt 0.5468000173568726 0.8123999834060669
vt 0.5625 0.833299994468689
vt 0.5625 0.7290999889373779
vt 0.5468000173568726 0.7498999834060669
vt 0.5468000173568726 0.7290999889373779
vt 0.5625 0.7498999834060669
vt 0.625 0.7290999889373779
vt 0.6093000173568726 0.7498999834060669
vt 0.6093000173568726 0.7290999889373779
vt 0.625 0.7498999834060669
vt 0.5468000173568726 0.9789999723434448
vt 0.5625 0.9998999834060669
vt 0.5468000173568726 0.9998999834060669
vt 0.5625 0.9789999723434448
vt 0.5468000173568726 0.8956999778747559
vt 0.5625 0.9165999889373779
vt 0.5468000173568726 0.9165999889373779
vt 0.5625 0.8956999778747559
vt 0.6093000173568726 0.8956999778747559
vt 0.625 0.9165999889373779
vt 0.6093000173568726 0.9165999889373779
vt 0.625 0.8956999778747559
vt 0.6718000173568726 0.9998999834060669
vt 0.6875 0.9789999723434448
vt 0.6875 0.9998999834060669
vt 0.6718000173568726 0.9789999723434448
vt 0.6718000173568726 0.9165999889373779
vt 0.6875 0.8956999778747559
vt 0.6875 0.9165999889373779
vt 0.6718000173568726 0.8956999778747559
vt 0.7343000173568726 0.9165999889373779
vt 0.7498999834060669 0.8956999778747559
vt 0.7498999834060669 0.9165999889373779
vt 0.7343000173568726 0.8956999778747559
vt 0.06260000169277191 0.021000027656555176
vt 0.07819999754428864 0.00010001659393310547
vt 0.07819999754428864 0.021000027656555176
vt 0.06260000169277191 0.00010001659393310547
vt 0.06260000169277191 0.10420000553131104
vt 0.07819999754428864 0.08340001106262207
vt 0.07819999754428864 0.10420000553131104
vt 0.06260000169277191 0.08340001106262207
vt 0.00009999999747378752 0.10420000553131104
vt 0.015699999406933784 0.08340001106262207
vt 0.015699999406933784 0.10420000553131104
vt 0.00009999999747378752 0.08340001106262207
vt 0.32820001244544983 0.35420000553131104
vt 0.3125 0.33340001106262207
vt 0.32820001244544983 0.33340001106262207
vt 0.3125 0.35420000553131104
vt 0.32820001244544983 0.4375
vt 0.3125 0.41670000553131104
vt 0.32820001244544983 0.41670000553131104
vt 0.3125 0.4375
vt 0.26570001244544983 0.4375
vt 0.25 0.41670000553131104
vt 0.26570001244544983 0.41670000553131104
vt 0.25 0.4375
vt 0.5781000256538391 0.35420000553131104
vt 0.5625 0.33340001106262207
vt 0.5781000256538391 0.33340001106262207
vt 0.5625 0.35420000553131104
vt 0.5781000256538391 0.4375
vt 0.5625 0.41670000553131104
vt 0.5781000256538391 0.41670000553131104
vt 0.5625 0.4375
vt 0.5156000256538391 0.4375
vt 0.5 0.41670000553131104
vt 0.5156000256538391 0.41670000553131104
vt 0.5 0.4375
vt 0.8281000256538391 0.35420000553131104
vt 0.8123999834060669 0.33340001106262207
vt 0.8281000256538391 0.33340001106262207
vt 0.8123999834060669 0.35420000553131104
vt 0.8281000256538391 0.4375
vt 0.8123999834060669 0.41670000553131104
vt 0.8281000256538391 0.41670000553131104
vt 0.8123999834060669 0.4375
vt 0.7656000256538391 0.4375
vt 0.7498999834060669 0.41670000553131104
vt 0.7656000256538391 0.41670000553131104
vt 0.7498999834060669 0.4375
vt 0.07819999754428864 0.35420000553131104
vt 0.06260000169277191 0.33340001106262207
vt 0.07819999754428864 0.33340001106262207
vt 0.06260000169277191 0.35420000553131104
vt 0.07819999754428864 0.4375
vt 0.06260000169277191 0.41670000553131104
vt 0.07819999754428864 0.41670000553131104
vt 0.06260000169277191 0.4375
vt 0.015699999406933784 0.4375
vt 0.00009999999747378752 0.41670000553131104
vt 0.015699999406933784 0.41670000553131104
vt 0.00009999999747378752 0.4375
vt 0.04699999839067459 0.4375
vt 0.031300000846385956 0.41670000553131104
vt 0.04699999839067459 0.41670000553131104
vt 0.031300000846385956 0.4375
vt 0.04699999839067459 0.47909998893737793
vt 0.031300000846385956 0.45829999446868896
vt 0.04699999839067459 0.45829999446868896
vt 0.031300000846385956 0.47909998893737793
vt 0.015699999406933784 0.47909998893737793
vt 0.00009999999747378752 0.45829999446868896
vt 0.015699999406933784 0.45829999446868896
vt 0.00009999999747378752 0.47909998893737793
vt 0.10939999669790268 0.4375
vt 0.09380000084638596 0.41670000553131104
vt 0.10939999669790268 0.41670000553131104
vt 0.09380000084638596 0.4375
vt 0.10939999669790268 0.47909998893737793
vt 0.09380000084638596 0.45829999446868896
vt 0.10939999669790268 0.45829999446868896
vt 0.09380000084638596 0.47909998893737793
vt 0.07819999754428864 0.47909998893737793
vt 0.06260000169277191 0.45829999446868896
vt 0.07819999754428864 0.45829999446868896
vt 0.06260000169277191 0.47909998893737793
vt 0.10939999669790268 0.35420000553131104
vt 0.09380000084638596 0.33340001106262207
vt 0.10939999669790268 0.33340001106262207
vt 0.09380000084638596 0.35420000553131104
vt 0.10939999669790268 0.39590001106262207
vt 0.09380000084638596 0.375
vt 0.10939999669790268 0.375
vt 0.09380000084638596 0.39590001106262207
vt 0.07819999754428864 0.39590001106262207
vt 0.06260000169277191 0.375
vt 0.07819999754428864 0.375
vt 0.06260000169277191 0.39590001106262207
vt 0.7968000173568726 0.4375
vt 0.7811999917030334 0.41670000553131104
vt 0.7968000173568726 0.41670000553131104
vt 0.7811999917030334 0.4375
vt 0.7968000173568726 0.47909998893737793
vt 0.7811999917030334 0.45829999446868896
vt 0.7968000173568726 0.45829999446868896
vt 0.7811999917030334 0.47909998893737793
vt 0.7656000256538391 0.47909998893737793
vt 0.7498999834060669 0.45829999446868896
vt 0.7656000256538391 0.45829999446868896
vt 0.7498999834060669 0.47909998893737793
vt 0.8593000173568726 0.4375
vt 0.8436999917030334 0.41670000553131104
vt 0.8593000173568726 0.41670000553131104
vt 0.8436999917030334 0.4375
vt 0.8593000173568726 0.47909998893737793
vt 0.8436999917030334 0.45829999446868896
vt 0.8593000173568726 0.45829999446868896
vt 0.8436999917030334 0.47909998893737793
vt 0.8281000256538391 0.47909998893737793
vt 0.8123999834060669 0.45829999446868896
vt 0.8281000256538391 0.45829999446868896
vt 0.8123999834060669 0.47909998893737793
vt 0.8593000173568726 0.35420000553131104
vt 0.8436999917030334 0.33340001106262207
vt 0.8593000173568726 0.33340001106262207
vt 0.8436999917030334 0.35420000553131104
vt 0.8593000173568726 0.39590001106262207
vt 0.8436999917030334 0.375
vt 0.8593000173568726 0.375
vt 0.8436999917030334 0.39590001106262207
vt 0.8281000256538391 0.39590001106262207
vt 0.8123999834060669 0.375
vt 0.8281000256538391 0.375
vt 0.8123999834060669 0.39590001106262207
vt 0.5468000173568726 0.4375
vt 0.5311999917030334 0.41670000553131104
vt 0.5468000173568726 0.41670000553131104
vt 0.5311999917030334 0.4375
vt 0.5468000173568726 0.47909998893737793
vt 0.5311999917030334 0.45829999446868896
vt 0.5468000173568726 0.45829999446868896
vt 0.5311999917030334 0.47909998893737793
vt 0.5156000256538391 0.47909998893737793
vt 0.5 0.45829999446868896
vt 0.5156000256538391 0.45829999446868896
vt 0.5 0.47909998893737793
vt 0.6093000173568726 0.4375
vt 0.5936999917030334 0.41670000553131104
vt 0.6093000173568726 0.41670000553131104
vt 0.5936999917030334 0.4375
vt 0.6093000173568726 0.47909998893737793
vt 0.5936999917030334 0.45829999446868896
vt 0.6093000173568726 0.45829999446868896
vt 0.5936999917030334 0.47909998893737793
vt 0.5781000256538391 0.47909998893737793
vt 0.5625 0.45829999446868896
vt 0.5781000256538391 0.45829999446868896
vt 0.5625 0.47909998893737793
vt 0.6093000173568726 0.35420000553131104
vt 0.5936999917030334 0.33340001106262207
vt 0.6093000173568726 0.33340001106262207
vt 0.5936999917030334 0.35420000553131104
vt 0.6093000173568726 0.39590001106262207
vt 0.5936999917030334 0.375
vt 0.6093000173568726 0.375
vt 0.5936999917030334 0.39590001106262207
vt 0.5781000256538391 0.39590001106262207
vt 0.5625 0.375
vt 0.5781000256538391 0.375
vt 0.5625 0.39590001106262207
vt 0.2969000041484833 0.4375
vt 0.28130000829696655 0.41670000553131104
vt 0.2969000041484833 0.41670000553131104
vt 0.28130000829696655 0.4375
vt 0.2969000041484833 0.47909998893737793
vt 0.28130000829696655 0.45829999446868896
vt 0.2969000041484833 0.45829999446868896
vt 0.28130000829696655 0.47909998893737793
vt 0.26570001244544983 0.47909998893737793
vt 0.25 0.45829999446868896
vt 0.26570001244544983 0.45829999446868896
vt 0.25 0.47909998893737793
vt 0.3594000041484833 0.4375
vt 0.34380000829696655 0.41670000553131104
vt 0.3594000041484833 0.41670000553131104
vt 0.34380000829696655 0.4375
vt 0.3594000041484833 0.47909998893737793
vt 0.34380000829696655 0.45829999446868896
vt 0.3594000041484833 0.45829999446868896
vt 0.34380000829696655 0.47909998893737793
vt 0.32820001244544983 0.47909998893737793
vt 0.3125 0.45829999446868896
vt 0.32820001244544983 0.45829999446868896
vt 0.3125 0.47909998893737793
vt 0.3594000041484833 0.35420000553131104
vt 0.34380000829696655 0.33340001106262207
vt 0.3594000041484833 0.33340001106262207
vt 0.34380000829696655 0.35420000553131104
vt 0.3594000041484833 0.39590001106262207
vt 0.34380000829696655 0.375
vt 0.3594000041484833 0.375
vt 0.34380000829696655 0.39590001106262207
vt 0.32820001244544983 0.39590001106262207
vt 0.3125 0.375
vt 0.32820001244544983 0.375
vt 0.3125 0.39590001106262207
vt 0.031300000846385956 0.10420000553131104
vt 0.04699999839067459 0.08340001106262207
vt 0.04699999839067459 0.10420000553131104
vt 0.031300000846385956 0.08340001106262207
vt 0.031300000846385956 0.14590001106262207
vt 0.04699999839067459 0.1251000165939331
vt 0.04699999839067459 0.14590001106262207
vt 0.031300000846385956 0.1251000165939331
vt 0.00009999999747378752 0.14590001106262207
vt 0.015699999406933784 0.1251000165939331
vt 0.015699999406933784 0.14590001106262207
vt 0.00009999999747378752 0.1251000165939331
vt 0.09380000084638596 0.10420000553131104
vt 0.10939999669790268 0.08340001106262207
vt 0.10939999669790268 0.10420000553131104
vt 0.09380000084638596 0.08340001106262207
vt 0.09380000084638596 0.14590001106262207
vt 0.10939999669790268 0.1251000165939331
vt 0.10939999669790268 0.14590001106262207
vt 0.09380000084638596 0.1251000165939331
vt 0.06260000169277191 0.14590001106262207
vt 0.07819999754428864 0.1251000165939331
vt 0.07819999754428864 0.14590001106262207
vt 0.06260000169277191 0.1251000165939331
vt 0.09380000084638596 0.021000027656555176
vt 0.10939999669790268 0.00010001659393310547
vt 0.10939999669790268 0.021000027656555176
vt 0.09380000084638596 0.00010001659393310547
vt 0.09380000084638596 0.0626000165939331
vt 0.10939999669790268 0.04180002212524414
vt 0.10939999669790268 0.0626000165939331
vt 0.09380000084638596 0.04180002212524414
vt 0.06260000169277191 0.0626000165939331
vt 0.07819999754428864 0.04180002212524414
vt 0.07819999754428864 0.0626000165939331
vt 0.06260000169277191 0.04180002212524414
vt 0.7031000256538391 0.9165999889373779
vt 0.7186999917030334 0.8956999778747559
vt 0.7186999917030334 0.9165999889373779
vt 0.7031000256538391 0.8956999778747559
vt 0.7031000256538391 0.8748999834060669
vt 0.7186999917030334 0.8540999889373779
vt 0.7186999917030334 0.8748999834060669
vt 0.7031000256538391 0.8540999889373779
vt 0.7343000173568726 0.8748999834060669
vt 0.7498999834060669 0.8540999889373779
vt 0.7498999834060669 0.8748999834060669
vt 0.7343000173568726 0.8540999889373779
vt 0.6406000256538391 0.9165999889373779
vt 0.6561999917030334 0.8956999778747559
vt 0.6561999917030334 0.9165999889373779
vt 0.6406000256538391 0.8956999778747559
vt 0.6406000256538391 0.8748999834060669
vt 0.6561999917030334 0.8540999889373779
vt 0.6561999917030334 0.8748999834060669
vt 0.6406000256538391 0.8540999889373779
vt 0.6718000173568726 0.8748999834060669
vt 0.6875 0.8540999889373779
vt 0.6875 0.8748999834060669
vt 0.6718000173568726 0.8540999889373779
vt 0.6406000256538391 0.9998999834060669
vt 0.6561999917030334 0.9789999723434448
vt 0.6561999917030334 0.9998999834060669
vt 0.6406000256538391 0.9789999723434448
vt 0.6406000256538391 0.9581999778747559
vt 0.6561999917030334 0.9373999834060669
vt 0.6561999917030334 0.9581999778747559
vt 0.6406000256538391 0.9373999834060669
vt 0.6718000173568726 0.9581999778747559
vt 0.6875 0.9373999834060669
vt 0.6875 0.9581999778747559
vt 0.6718000173568726 0.9373999834060669
vt 0.5781000256538391 0.8956999778747559
vt 0.5936999917030334 0.9165999889373779
vt 0.5781000256538391 0.9165999889373779
vt 0.5936999917030334 0.8956999778747559
vt 0.5781000256538391 0.8540999889373779
vt 0.5936999917030334 0.8748999834060669
vt 0.5781000256538391 0.8748999834060669
vt 0.5936999917030334 0.8540999889373779
vt 0.6093000173568726 0.8540999889373779
vt 0.625 0.8748999834060669
vt 0.6093000173568726 0.8748999834060669
vt 0.625 0.8540999889373779
vt 0.5156000256538391 0.8956999778747559
vt 0.5311999917030334 0.9165999889373779
vt 0.5156000256538391 0.9165999889373779
vt 0.5311999917030334 0.8956999778747559
vt 0.5156000256538391 0.8540999889373779
vt 0.5311999917030334 0.8748999834060669
vt 0.5156000256538391 0.8748999834060669
vt 0.5311999917030334 0.8540999889373779
vt 0.5468000173568726 0.8540999889373779
vt 0.5625 0.8748999834060669
vt 0.5468000173568726 0.8748999834060669
vt 0.5625 0.8540999889373779
vt 0.5156000256538391 0.9789999723434448
vt 0.5311999917030334 0.9998999834060669
vt 0.5156000256538391 0.9998999834060669
vt 0.5311999917030334 0.9789999723434448
vt 0.5156000256538391 0.9373999834060669
vt 0.5311999917030334 0.9581999778747559
vt 0.5156000256538391 0.9581999778747559
vt 0.5311999917030334 0.9373999834060669
vt 0.5468000173568726 0.9373999834060669
vt 0.5625 0.9581999778747559
vt 0.5468000173568726 0.9581999778747559
vt 0.5625 0.9373999834060669
vt 0.5936999917030334 0.7290999889373779
vt 0.5781000256538391 0.7498999834060669
vt 0.5781000256538391 0.7290999889373779
vt 0.5936999917030334 0.7498999834060669
vt 0.5936999917030334 0.6873999834060669
vt 0.5781000256538391 0.708299994468689
vt 0.5781000256538391 0.6873999834060669
vt 0.5936999917030334 0.708299994468689
vt 0.625 0.6873999834060669
vt 0.6093000173568726 0.708299994468689
vt 0.6093000173568726 0.6873999834060669
vt 0.625 0.708299994468689
vt 0.5311999917030334 0.7290999889373779
vt 0.5156000256538391 0.7498999834060669
vt 0.5156000256538391 0.7290999889373779
vt 0.5311999917030334 0.7498999834060669
vt 0.5311999917030334 0.6873999834060669
vt 0.5156000256538391 0.708299994468689
vt 0.5156000256538391 0.6873999834060669
vt 0.5311999917030334 0.708299994468689
vt 0.5625 0.6873999834060669
vt 0.5468000173568726 0.708299994468689
vt 0.5468000173568726 0.6873999834060669
vt 0.5625 0.708299994468689
vt 0.5311999917030334 0.8123999834060669
vt 0.5156000256538391 0.833299994468689
vt 0.5156000256538391 0.8123999834060669
vt 0.5311999917030334 0.833299994468689
vt 0.5311999917030334 0.7706999778747559
vt 0.5156000256538391 0.7915999889373779
vt 0.5156000256538391 0.7706999778747559
vt 0.5311999917030334 0.7915999889373779
vt 0.5625 0.7706999778747559
vt 0.5468000173568726 0.7915999889373779
vt 0.5468000173568726 0.7706999778747559
vt 0.5625 0.7915999889373779
vt 0.7186999917030334 0.7498999834060669
vt 0.7031000256538391 0.7290999889373779
vt 0.7186999917030334 0.7290999889373779
vt 0.7031000256538391 0.7498999834060669
vt 0.7186999917030334 0.708299994468689
vt 0.7031000256538391 0.6873999834060669
vt 0.7186999917030334 0.6873999834060669
vt 0.7031000256538391 0.708299994468689
vt 0.7498999834060669 0.708299994468689
vt 0.7343000173568726 0.6873999834060669
vt 0.7498999834060669 0.6873999834060669
vt 0.7343000173568726 0.708299994468689
vt 0.6561999917030334 0.7498999834060669
vt 0.6406000256538391 0.7290999889373779
vt 0.6561999917030334 0.7290999889373779
vt 0.6406000256538391 0.7498999834060669
vt 0.6561999917030334 0.708299994468689
vt 0.6406000256538391 0.6873999834060669
vt 0.6561999917030334 0.6873999834060669
vt 0.6406000256538391 0.708299994468689
vt 0.6875 0.708299994468689
vt 0.6718000173568726 0.6873999834060669
vt 0.6875 0.6873999834060669
vt 0.6718000173568726 0.708299994468689
vt 0.6561999917030334 0.833299994468689
vt 0.6406000256538391 0.8123999834060669
vt 0.6561999917030334 0.8123999834060669
vt 0.6406000256538391 0.833299994468689
vt 0.6561999917030334 0.7915999889373779
vt 0.6406000256538391 0.7706999778747559
vt 0.6561999917030334 0.7706999778747559
vt 0.6406000256538391 0.7915999889373779
vt 0.6875 0.7915999889373779
vt 0.6718000173568726 0.7706999778747559
vt 0.6875 0.7706999778747559
vt 0.6718000173568726 0.7915999889373779
vt 0.15629999339580536 0.08340001106262207
vt 0.17190000414848328 0.10420000553131104
vt 0.15629999339580536 0.10420000553131104
vt 0.17190000414848328 0.08340001106262207
vt 0.15629999339580536 0.1251000165939331
vt 0.17190000414848328 0.14590001106262207
vt 0.15629999339580536 0.14590001106262207
vt 0.17190000414848328 0.1251000165939331
vt 0.1251000016927719 0.1251000165939331
vt 0.14069999754428864 0.14590001106262207
vt 0.1251000016927719 0.14590001106262207
vt 0.14069999754428864 0.1251000165939331
vt 0.21879999339580536 0.08340001106262207
vt 0.23440000414848328 0.10420000553131104
vt 0.21879999339580536 0.10420000553131104
vt 0.23440000414848328 0.08340001106262207
vt 0.21879999339580536 0.1251000165939331
vt 0.23440000414848328 0.14590001106262207
vt 0.21879999339580536 0.14590001106262207
vt 0.23440000414848328 0.1251000165939331
vt 0.1876000016927719 0.1251000165939331
vt 0.20319999754428864 0.14590001106262207
vt 0.1876000016927719 0.14590001106262207
vt 0.20319999754428864 0.1251000165939331
vt 0.21879999339580536 0.00010001659393310547
vt 0.23440000414848328 0.021000027656555176
vt 0.21879999339580536 0.021000027656555176
vt 0.23440000414848328 0.00010001659393310547
vt 0.21879999339580536 0.04180002212524414
vt 0.23440000414848328 0.0626000165939331
vt 0.21879999339580536 0.0626000165939331
vt 0.23440000414848328 0.04180002212524414
vt 0.1876000016927719 0.04180002212524414
vt 0.20319999754428864 0.0626000165939331
vt 0.1876000016927719 0.0626000165939331
vt 0.20319999754428864 0.04180002212524414
vt 0.17190000414848328 0.25
vt 0.15629999339580536 0.27090001106262207
vt 0.15629999339580536 0.25
vt 0.17190000414848328 0.27090001106262207
vt 0.17190000414848328 0.29170000553131104
vt 0.15629999339580536 0.3126000165939331
vt 0.15629999339580536 0.29170000553131104
vt 0.17190000414848328 0.3126000165939331
vt 0.14069999754428864 0.29170000553131104
vt 0.1251000016927719 0.3126000165939331
vt 0.1251000016927719 0.29170000553131104
vt 0.14069999754428864 0.3126000165939331
vt 0.23440000414848328 0.25
vt 0.21879999339580536 0.27090001106262207
vt 0.21879999339580536 0.25
vt 0.23440000414848328 0.27090001106262207
vt 0.23440000414848328 0.29170000553131104
vt 0.21879999339580536 0.3126000165939331
vt 0.21879999339580536 0.29170000553131104
vt 0.23440000414848328 0.3126000165939331
vt 0.20319999754428864 0.29170000553131104
vt 0.1876000016927719 0.3126000165939331
vt 0.1876000016927719 0.29170000553131104
vt 0.20319999754428864 0.3126000165939331
vt 0.23440000414848328 0.16670000553131104
vt 0.21879999339580536 0.1876000165939331
vt 0.21879999339580536 0.16670000553131104
vt 0.23440000414848328 0.1876000165939331
vt 0.23440000414848328 0.20840001106262207
vt 0.21879999339580536 0.22920000553131104
vt 0.21879999339580536 0.20840001106262207
vt 0.23440000414848328 0.22920000553131104
vt 0.20319999754428864 0.20840001106262207
vt 0.1876000016927719 0.22920000553131104
vt 0.1876000016927719 0.20840001106262207
vt 0.20319999754428864 0.22920000553131104
vt 0.04699999839067459 0.27090001106262207
vt 0.031300000846385956 0.25
vt 0.04699999839067459 0.25
vt 0.031300000846385956 0.27090001106262207
vt 0.04699999839067459 0.3126000165939331
vt 0.031300000846385956 0.29170000553131104
vt 0.04699999839067459 0.29170000553131104
vt 0.031300000846385956 0.3126000165939331
vt 0.015699999406933784 0.3126000165939331
vt 0.00009999999747378752 0.29170000553131104
vt 0.015699999406933784 0.29170000553131104
vt 0.00009999999747378752 0.3126000165939331
vt 0.10939999669790268 0.27090001106262207
vt 0.09380000084638596 0.25
vt 0.10939999669790268 0.25
vt 0.09380000084638596 0.27090001106262207
vt 0.10939999669790268 0.3126000165939331
vt 0.09380000084638596 0.29170000553131104
vt 0.10939999669790268 0.29170000553131104
vt 0.09380000084638596 0.3126000165939331
vt 0.07819999754428864 0.3126000165939331
vt 0.06260000169277191 0.29170000553131104
vt 0.07819999754428864 0.29170000553131104
vt 0.06260000169277191 0.3126000165939331
vt 0.10939999669790268 0.1876000165939331
vt 0.09380000084638596 0.16670000553131104
vt 0.10939999669790268 0.16670000553131104
vt 0.09380000084638596 0.1876000165939331
vt 0.10939999669790268 0.22920000553131104
vt 0.09380000084638596 0.20840001106262207
vt 0.10939999669790268 0.20840001106262207
vt 0.09380000084638596 0.22920000553131104
vt 0.07819999754428864 0.22920000553131104
vt 0.06260000169277191 0.20840001106262207
vt 0.07819999754428864 0.20840001106262207
vt 0.06260000169277191 0.22920000553131104
vt 0.4219000041484833 0.41670000553131104
vt 0.40630000829696655 0.4375
vt 0.40630000829696655 0.41670000553131104
vt 0.4219000041484833 0.4375
vt 0.4219000041484833 0.45829999446868896
vt 0.40630000829696655 0.47909998893737793
vt 0.40630000829696655 0.45829999446868896
vt 0.4219000041484833 0.47909998893737793
vt 0.39070001244544983 0.45829999446868896
vt 0.375 0.47909998893737793
vt 0.375 0.45829999446868896
vt 0.39070001244544983 0.47909998893737793
vt 0.4844000041484833 0.41670000553131104
vt 0.46880000829696655 0.4375
vt 0.46880000829696655 0.41670000553131104
vt 0.4844000041484833 0.4375
vt 0.4844000041484833 0.45829999446868896
vt 0.46880000829696655 0.47909998893737793
vt 0.46880000829696655 0.45829999446868896
vt 0.4844000041484833 0.47909998893737793
vt 0.45320001244544983 0.45829999446868896
vt 0.4375 0.47909998893737793
vt 0.4375 0.45829999446868896
vt 0.45320001244544983 0.47909998893737793
vt 0.4844000041484833 0.33340001106262207
vt 0.46880000829696655 0.35420000553131104
vt 0.46880000829696655 0.33340001106262207
vt 0.4844000041484833 0.35420000553131104
vt 0.4844000041484833 0.375
vt 0.46880000829696655 0.39590001106262207
vt 0.46880000829696655 0.375
vt 0.4844000041484833 0.39590001106262207
vt 0.45320001244544983 0.375
vt 0.4375 0.39590001106262207
vt 0.4375 0.375
vt 0.45320001244544983 0.39590001106262207
vt 0.4219000041484833 0.6040999889373779
vt 0.40630000829696655 0.583299994468689
vt 0.4219000041484833 0.583299994468689
vt 0.40630000829696655 0.6040999889373779
vt 0.4219000041484833 0.645799994468689
vt 0.40630000829696655 0.625
vt 0.4219000041484833 0.625
vt 0.40630000829696655 0.645799994468689
vt 0.39070001244544983 0.645799994468689
vt 0.375 0.625
vt 0.39070001244544983 0.625
vt 0.375 0.645799994468689
vt 0.4844000041484833 0.6040999889373779
vt 0.46880000829696655 0.583299994468689
vt 0.4844000041484833 0.583299994468689
vt 0.46880000829696655 0.6040999889373779
vt 0.4844000041484833 0.645799994468689
vt 0.46880000829696655 0.625
vt 0.4844000041484833 0.625
vt 0.46880000829696655 0.645799994468689
vt 0.45320001244544983 0.645799994468689
vt 0.4375 0.625
vt 0.45320001244544983 0.625
vt 0.4375 0.645799994468689
vt 0.4844000041484833 0.5
vt 0.46880000829696655 0.5209000110626221
vt 0.46880000829696655 0.5
vt 0.4844000041484833 0.5209000110626221
vt 0.4844000041484833 0.5625
vt 0.46880000829696655 0.541700005531311
vt 0.4844000041484833 0.541700005531311
vt 0.46880000829696655 0.5625
vt 0.45320001244544983 0.5625
vt 0.4375 0.541700005531311
vt 0.45320001244544983 0.541700005531311
vt 0.4375 0.5625
vt 0.2969000041484833 0.583299994468689
vt 0.28130000829696655 0.6040999889373779
vt 0.28130000829696655 0.583299994468689
vt 0.2969000041484833 0.6040999889373779
vt 0.2969000041484833 0.625
vt 0.28130000829696655 0.645799994468689
vt 0.28130000829696655 0.625
vt 0.2969000041484833 0.645799994468689
vt 0.26570001244544983 0.625
vt 0.25 0.645799994468689
vt 0.25 0.625
vt 0.26570001244544983 0.645799994468689
vt 0.3594000041484833 0.583299994468689
vt 0.34380000829696655 0.6040999889373779
vt 0.34380000829696655 0.583299994468689
vt 0.3594000041484833 0.6040999889373779
vt 0.3594000041484833 0.625
vt 0.34380000829696655 0.645799994468689
vt 0.34380000829696655 0.625
vt 0.3594000041484833 0.645799994468689
vt 0.32820001244544983 0.625
vt 0.3125 0.645799994468689
vt 0.3125 0.625
vt 0.32820001244544983 0.645799994468689
vt 0.3594000041484833 0.5
vt 0.34380000829696655 0.5209000110626221
vt 0.34380000829696655 0.5
vt 0.3594000041484833 0.5209000110626221
vt 0.3594000041484833 0.541700005531311
vt 0.34380000829696655 0.5625
vt 0.34380000829696655 0.541700005531311
vt 0.3594000041484833 0.5625
vt 0.32820001244544983 0.541700005531311
vt 0.3125 0.5625
vt 0.3125 0.541700005531311
vt 0.32820001244544983 0.5625
vt 0.6718000173568726 0.41670000553131104
vt 0.6561999917030334 0.4375
vt 0.6561999917030334 0.41670000553131104
vt 0.6718000173568726 0.4375
vt 0.6718000173568726 0.45829999446868896
vt 0.6561999917030334 0.47909998893737793
vt 0.6561999917030334 0.45829999446868896
vt 0.6718000173568726 0.47909998893737793
vt 0.6406000256538391 0.45829999446868896
vt 0.625 0.47909998893737793
vt 0.625 0.45829999446868896
vt 0.6406000256538391 0.47909998893737793
vt 0.7343000173568726 0.41670000553131104
vt 0.7186999917030334 0.4375
vt 0.7186999917030334 0.41670000553131104
vt 0.7343000173568726 0.4375
vt 0.7343000173568726 0.45829999446868896
vt 0.7186999917030334 0.47909998893737793
vt 0.7186999917030334 0.45829999446868896
vt 0.7343000173568726 0.47909998893737793
vt 0.7031000256538391 0.45829999446868896
vt 0.6875 0.47909998893737793
vt 0.6875 0.45829999446868896
vt 0.7031000256538391 0.47909998893737793
vt 0.7343000173568726 0.33340001106262207
vt 0.7186999917030334 0.35420000553131104
vt 0.7186999917030334 0.33340001106262207
vt 0.7343000173568726 0.35420000553131104
vt 0.7343000173568726 0.375
vt 0.7186999917030334 0.39590001106262207
vt 0.7186999917030334 0.375
vt 0.7343000173568726 0.39590001106262207
vt 0.7031000256538391 0.375
vt 0.6875 0.39590001106262207
vt 0.6875 0.375
vt 0.7031000256538391 0.39590001106262207
vt 0.6718000173568726 0.6040999889373779
vt 0.6561999917030334 0.583299994468689
vt 0.6718000173568726 0.583299994468689
vt 0.6561999917030334 0.6040999889373779
vt 0.6718000173568726 0.645799994468689
vt 0.6561999917030334 0.625
vt 0.6718000173568726 0.625
vt 0.6561999917030334 0.645799994468689
vt 0.6406000256538391 0.645799994468689
vt 0.625 0.625
vt 0.6406000256538391 0.625
vt 0.625 0.645799994468689
vt 0.7343000173568726 0.6040999889373779
vt 0.7186999917030334 0.583299994468689
vt 0.7343000173568726 0.583299994468689
vt 0.7186999917030334 0.6040999889373779
vt 0.7343000173568726 0.645799994468689
vt 0.7186999917030334 0.625
vt 0.7343000173568726 0.625
vt 0.7186999917030334 0.645799994468689
vt 0.7031000256538391 0.645799994468689
vt 0.6875 0.625
vt 0.7031000256538391 0.625
vt 0.6875 0.645799994468689
vt 0.7343000173568726 0.5
vt 0.7186999917030334 0.5209000110626221
vt 0.7186999917030334 0.5
vt 0.7343000173568726 0.5209000110626221
vt 0.7343000173568726 0.5625
vt 0.7186999917030334 0.541700005531311
vt 0.7343000173568726 0.541700005531311
vt 0.7186999917030334 0.5625
vt 0.7031000256538391 0.5625
vt 0.6875 0.541700005531311
vt 0.7031000256538391 0.541700005531311
vt 0.6875 0.5625
vt 0.5468000173568726 0.583299994468689
vt 0.5311999917030334 0.6040999889373779
vt 0.5311999917030334 0.583299994468689
vt 0.5468000173568726 0.6040999889373779
vt 0.5468000173568726 0.625
vt 0.5311999917030334 0.645799994468689
vt 0.5311999917030334 0.625
vt 0.5468000173568726 0.645799994468689
vt 0.5156000256538391 0.625
vt 0.5 0.645799994468689
vt 0.5 0.625
vt 0.5156000256538391 0.645799994468689
vt 0.6093000173568726 0.583299994468689
vt 0.5936999917030334 0.6040999889373779
vt 0.5936999917030334 0.583299994468689
vt 0.6093000173568726 0.6040999889373779
vt 0.6093000173568726 0.625
vt 0.5936999917030334 0.645799994468689
vt 0.5936999917030334 0.625
vt 0.6093000173568726 0.645799994468689
vt 0.5781000256538391 0.625
vt 0.5625 0.645799994468689
vt 0.5625 0.625
vt 0.5781000256538391 0.645799994468689
vt 0.6093000173568726 0.5
vt 0.5936999917030334 0.5209000110626221
vt 0.5936999917030334 0.5
vt 0.6093000173568726 0.5209000110626221
vt 0.6093000173568726 0.541700005531311
vt 0.5936999917030334 0.5625
vt 0.5936999917030334 0.541700005531311
vt 0.6093000173568726 0.5625
vt 0.5781000256538391 0.541700005531311
vt 0.5625 0.5625
vt 0.5625 0.541700005531311
vt 0.5781000256538391 0.5625
vt 0.9218000173568726 0.41670000553131104
vt 0.9061999917030334 0.4375
vt 0.9061999917030334 0.41670000553131104
vt 0.9218000173568726 0.4375
vt 0.9218000173568726 0.45829999446868896
vt 0.9061999917030334 0.47909998893737793
vt 0.9061999917030334 0.45829999446868896
vt 0.9218000173568726 0.47909998893737793
vt 0.8906000256538391 0.45829999446868896
vt 0.8748999834060669 0.47909998893737793
vt 0.8748999834060669 0.45829999446868896
vt 0.8906000256538391 0.47909998893737793
vt 0.9843000173568726 0.41670000553131104
vt 0.9686999917030334 0.4375
vt 0.9686999917030334 0.41670000553131104
vt 0.9843000173568726 0.4375
vt 0.9843000173568726 0.45829999446868896
vt 0.9686999917030334 0.47909998893737793
vt 0.9686999917030334 0.45829999446868896
vt 0.9843000173568726 0.47909998893737793
vt 0.9531000256538391 0.45829999446868896
vt 0.9373999834060669 0.47909998893737793
vt 0.9373999834060669 0.45829999446868896
vt 0.9531000256538391 0.47909998893737793
vt 0.9843000173568726 0.33340001106262207
vt 0.9686999917030334 0.35420000553131104
vt 0.9686999917030334 0.33340001106262207
vt 0.9843000173568726 0.35420000553131104
vt 0.9843000173568726 0.375
vt 0.9686999917030334 0.39590001106262207
vt 0.9686999917030334 0.375
vt 0.9843000173568726 0.39590001106262207
vt 0.9531000256538391 0.375
vt 0.9373999834060669 0.39590001106262207
vt 0.9373999834060669 0.375
vt 0.9531000256538391 0.39590001106262207
vt 0.9218000173568726 0.6040999889373779
vt 0.9061999917030334 0.583299994468689
vt 0.9218000173568726 0.583299994468689
vt 0.9061999917030334 0.6040999889373779
vt 0.9218000173568726 0.645799994468689
vt 0.9061999917030334 0.625
vt 0.9218000173568726 0.625
vt 0.9061999917030334 0.645799994468689
vt 0.8906000256538391 0.645799994468689
vt 0.8748999834060669 0.625
vt 0.8906000256538391 0.625
vt 0.8748999834060669 0.645799994468689
vt 0.9843000173568726 0.6040999889373779
vt 0.9686999917030334 0.583299994468689
vt 0.9843000173568726 0.583299994468689
vt 0.9686999917030334 0.6040999889373779
vt 0.9843000173568726 0.645799994468689
vt 0.9686999917030334 0.625
vt 0.9843000173568726 0.625
vt 0.9686999917030334 0.645799994468689
vt 0.9531000256538391 0.645799994468689
vt 0.9373999834060669 0.625
vt 0.9531000256538391 0.625
vt 0.9373999834060669 0.645799994468689
vt 0.9843000173568726 0.5
vt 0.9686999917030334 0.5209000110626221
vt 0.9686999917030334 0.5
vt 0.9843000173568726 0.5209000110626221
vt 0.9843000173568726 0.5625
vt 0.9686999917030334 0.541700005531311
vt 0.9843000173568726 0.541700005531311
vt 0.9686999917030334 0.5625
vt 0.9531000256538391 0.5625
vt 0.9373999834060669 0.541700005531311
vt 0.9531000256538391 0.541700005531311
vt 0.9373999834060669 0.5625
vt 0.7968000173568726 0.583299994468689
vt 0.7811999917030334 0.6040999889373779
vt 0.7811999917030334 0.583299994468689
vt 0.7968000173568726 0.6040999889373779
vt 0.7968000173568726 0.625
vt 0.7811999917030334 0.645799994468689
vt 0.7811999917030334 0.625
vt 0.7968000173568726 0.645799994468689
vt 0.7656000256538391 0.625
vt 0.7498999834060669 0.645799994468689
vt 0.7498999834060669 0.625
vt 0.7656000256538391 0.645799994468689
vt 0.8593000173568726 0.583299994468689
vt 0.8436999917030334 0.6040999889373779
vt 0.8436999917030334 0.583299994468689
vt 0.8593000173568726 0.6040999889373779
vt 0.8593000173568726 0.625
vt 0.8436999917030334 0.645799994468689
vt 0.8436999917030334 0.625
vt 0.8593000173568726 0.645799994468689
vt 0.8281000256538391 0.625
vt 0.8123999834060669 0.645799994468689
vt 0.8123999834060669 0.625
vt 0.8281000256538391 0.645799994468689
vt 0.8593000173568726 0.5
vt 0.8436999917030334 0.5209000110626221
vt 0.8436999917030334 0.5
vt 0.8593000173568726 0.5209000110626221
vt 0.8593000173568726 0.541700005531311
vt 0.8436999917030334 0.5625
vt 0.8436999917030334 0.541700005531311
vt 0.8593000173568726 0.5625
vt 0.8281000256538391 0.541700005531311
vt 0.8123999834060669 0.5625
vt 0.8123999834060669 0.541700005531311
vt 0.8281000256538391 0.5625
vt 0.17190000414848328 0.41670000553131104
vt 0.15629999339580536 0.4375
vt 0.15629999339580536 0.41670000553131104
vt 0.17190000414848328 0.4375
vt 0.17190000414848328 0.45829999446868896
vt 0.15629999339580536 0.47909998893737793
vt 0.15629999339580536 0.45829999446868896
vt 0.17190000414848328 0.47909998893737793
vt 0.14069999754428864 0.45829999446868896
vt 0.1251000016927719 0.47909998893737793
vt 0.1251000016927719 0.45829999446868896
vt 0.14069999754428864 0.47909998893737793
vt 0.23440000414848328 0.41670000553131104
vt 0.21879999339580536 0.4375
vt 0.21879999339580536 0.41670000553131104
vt 0.23440000414848328 0.4375
vt 0.23440000414848328 0.45829999446868896
vt 0.21879999339580536 0.47909998893737793
vt 0.21879999339580536 0.45829999446868896
vt 0.23440000414848328 0.47909998893737793
vt 0.20319999754428864 0.45829999446868896
vt 0.1876000016927719 0.47909998893737793
vt 0.1876000016927719 0.45829999446868896
vt 0.20319999754428864 0.47909998893737793
vt 0.23440000414848328 0.33340001106262207
vt 0.21879999339580536 0.35420000553131104
vt 0.21879999339580536 0.33340001106262207
vt 0.23440000414848328 0.35420000553131104
vt 0.23440000414848328 0.375
vt 0.21879999339580536 0.39590001106262207
vt 0.21879999339580536 0.375
vt 0.23440000414848328 0.39590001106262207
vt 0.20319999754428864 0.375
vt 0.1876000016927719 0.39590001106262207
vt 0.1876000016927719 0.375
vt 0.20319999754428864 0.39590001106262207
vt 0.17190000414848328 0.6040999889373779
vt 0.15629999339580536 0.583299994468689
vt 0.17190000414848328 0.583299994468689
vt 0.15629999339580536 0.6040999889373779
vt 0.17190000414848328 0.645799994468689
vt 0.15629999339580536 0.625
vt 0.17190000414848328 0.625
vt 0.15629999339580536 0.645799994468689
vt 0.14069999754428864 0.645799994468689
vt 0.1251000016927719 0.625
vt 0.14069999754428864 0.625
vt 0.1251000016927719 0.645799994468689
vt 0.23440000414848328 0.6040999889373779
vt 0.21879999339580536 0.583299994468689
vt 0.23440000414848328 0.583299994468689
vt 0.21879999339580536 0.6040999889373779
vt 0.23440000414848328 0.645799994468689
vt 0.21879999339580536 0.625
vt 0.23440000414848328 0.625
vt 0.21879999339580536 0.645799994468689
vt 0.20319999754428864 0.645799994468689
vt 0.1876000016927719 0.625
vt 0.20319999754428864 0.625
vt 0.1876000016927719 0.645799994468689
vt 0.23440000414848328 0.5
vt 0.21879999339580536 0.5209000110626221
vt 0.21879999339580536 0.5
vt 0.23440000414848328 0.5209000110626221
vt 0.23440000414848328 0.5625
vt 0.21879999339580536 0.541700005531311
vt 0.23440000414848328 0.541700005531311
vt 0.21879999339580536 0.5625
vt 0.20319999754428864 0.5625
vt 0.1876000016927719 0.541700005531311
vt 0.20319999754428864 0.541700005531311
vt 0.1876000016927719 0.5625
vt 0.04699999839067459 0.583299994468689
vt 0.031300000846385956 0.6040999889373779
vt 0.031300000846385956 0.583299994468689
vt 0.04699999839067459 0.6040999889373779
vt 0.04699999839067459 0.625
vt 0.031300000846385956 0.645799994468689
vt 0.031300000846385956 0.625
vt 0.04699999839067459 0.645799994468689
vt 0.015699999406933784 0.625
vt 0.00009999999747378752 0.645799994468689
vt 0.00009999999747378752 0.625
vt 0.015699999406933784 0.645799994468689
vt 0.10939999669790268 0.583299994468689
vt 0.09380000084638596 0.6040999889373779
vt 0.09380000084638596 0.583299994468689
vt 0.10939999669790268 0.6040999889373779
vt 0.10939999669790268 0.625
vt 0.09380000084638596 0.645799994468689
vt 0.09380000084638596 0.625
vt 0.10939999669790268 0.645799994468689
vt 0.07819999754428864 0.625
vt 0.06260000169277191 0.645799994468689
vt 0.06260000169277191 0.625
vt 0.07819999754428864 0.645799994468689
vt 0.10939999669790268 0.5
vt 0.09380000084638596 0.5209000110626221
vt 0.09380000084638596 0.5
vt 0.10939999669790268 0.5209000110626221
vt 0.10939999669790268 0.541700005531311
vt 0.09380000084638596 0.5625
vt 0.09380000084638596 0.541700005531311
vt 0.10939999669790268 0.5625
vt 0.07819999754428864 0.541700005531311
vt 0.06260000169277191 0.5625
vt 0.06260000169277191 0.541700005531311
vt 0.07819999754428864 0.5625
vt 0.04699999839067459 0.5
vt 0.031300000846385956 0.5209000110626221
vt 0.031300000846385956 0.5
vt 0.04699999839067459 0.5209000110626221
vt 0.04699999839067459 0.541700005531311
vt 0.031300000846385956 0.5625
vt 0.031300000846385956 0.541700005531311
vt 0.04699999839067459 0.5625
vt 0.015699999406933784 0.541700005531311
vt 0.00009999999747378752 0.5625
vt 0.00009999999747378752 0.541700005531311
vt 0.015699999406933784 0.5625
vt 0.17190000414848328 0.5209000110626221
vt 0.15629999339580536 0.5
vt 0.17190000414848328 0.5
vt 0.15629999339580536 0.5209000110626221
vt 0.17190000414848328 0.5625
vt 0.15629999339580536 0.541700005531311
vt 0.17190000414848328 0.541700005531311
vt 0.15629999339580536 0.5625
vt 0.14069999754428864 0.5625
vt 0.1251000016927719 0.541700005531311
vt 0.14069999754428864 0.541700005531311
vt 0.1251000016927719 0.5625
vt 0.17190000414848328 0.33340001106262207
vt 0.15629999339580536 0.35420000553131104
vt 0.15629999339580536 0.33340001106262207
vt 0.17190000414848328 0.35420000553131104
vt 0.17190000414848328 0.375
vt 0.15629999339580536 0.39590001106262207
vt 0.15629999339580536 0.375
vt 0.17190000414848328 0.39590001106262207
vt 0.14069999754428864 0.375
vt 0.1251000016927719 0.39590001106262207
vt 0.1251000016927719 0.375
vt 0.14069999754428864 0.39590001106262207
vt 0.7968000173568726 0.5
vt 0.7811999917030334 0.5209000110626221
vt 0.7811999917030334 0.5
vt 0.7968000173568726 0.5209000110626221
vt 0.7968000173568726 0.541700005531311
vt 0.7811999917030334 0.5625
vt 0.7811999917030334 0.541700005531311
vt 0.7968000173568726 0.5625
vt 0.7656000256538391 0.541700005531311
vt 0.7498999834060669 0.5625
vt 0.7498999834060669 0.541700005531311
vt 0.7656000256538391 0.5625
vt 0.9218000173568726 0.5209000110626221
vt 0.9061999917030334 0.5
vt 0.9218000173568726 0.5
vt 0.9061999917030334 0.5209000110626221
vt 0.9218000173568726 0.5625
vt 0.9061999917030334 0.541700005531311
vt 0.9218000173568726 0.541700005531311
vt 0.9061999917030334 0.5625
vt 0.8906000256538391 0.5625
vt 0.8748999834060669 0.541700005531311
vt 0.8906000256538391 0.541700005531311
vt 0.8748999834060669 0.5625
vt 0.9218000173568726 0.33340001106262207
vt 0.9061999917030334 0.35420000553131104
vt 0.9061999917030334 0.33340001106262207
vt 0.9218000173568726 0.35420000553131104
vt 0.9218000173568726 0.375
vt 0.9061999917030334 0.39590001106262207
vt 0.9061999917030334 0.375
vt 0.9218000173568726 0.39590001106262207
vt 0.8906000256538391 0.375
vt 0.8748999834060669 0.39590001106262207
vt 0.8748999834060669 0.375
vt 0.8906000256538391 0.39590001106262207
vt 0.5468000173568726 0.5
vt 0.5311999917030334 0.5209000110626221
vt 0.5311999917030334 0.5
vt 0.5468000173568726 0.5209000110626221
vt 0.5468000173568726 0.541700005531311
vt 0.5311999917030334 0.5625
vt 0.5311999917030334 0.541700005531311
vt 0.5468000173568726 0.5625
vt 0.5156000256538391 0.541700005531311
vt 0.5 0.5625
vt 0.5 0.541700005531311
vt 0.5156000256538391 0.5625
vt 0.6718000173568726 0.5209000110626221
vt 0.6561999917030334 0.5
vt 0.6718000173568726 0.5
vt 0.6561999917030334 0.5209000110626221
vt 0.6718000173568726 0.5625
vt 0.6561999917030334 0.541700005531311
vt 0.6718000173568726 0.541700005531311
vt 0.6561999917030334 0.5625
vt 0.6406000256538391 0.5625
vt 0.625 0.541700005531311
vt 0.6406000256538391 0.541700005531311
vt 0.625 0.5625
vt 0.6718000173568726 0.33340001106262207
vt 0.6561999917030334 0.35420000553131104
vt 0.6561999917030334 0.33340001106262207
vt 0.6718000173568726 0.35420000553131104
vt 0.6718000173568726 0.375
vt 0.6561999917030334 0.39590001106262207
vt 0.6561999917030334 0.375
vt 0.6718000173568726 0.39590001106262207
vt 0.6406000256538391 0.375
vt 0.625 0.39590001106262207
vt 0.625 0.375
vt 0.6406000256538391 0.39590001106262207
vt 0.2969000041484833 0.5
vt 0.28130000829696655 0.5209000110626221
vt 0.28130000829696655 0.5
vt 0.2969000041484833 0.5209000110626221
vt 0.2969000041484833 0.541700005531311
vt 0.28130000829696655 0.5625
vt 0.28130000829696655 0.541700005531311
vt 0.2969000041484833 0.5625
vt 0.26570001244544983 0.541700005531311
vt 0.25 0.5625
vt 0.25 0.541700005531311
vt 0.26570001244544983 0.5625
vt 0.4219000041484833 0.5209000110626221
vt 0.40630000829696655 0.5
vt 0.4219000041484833 0.5
vt 0.40630000829696655 0.5209000110626221
vt 0.4219000041484833 0.5625
vt 0.40630000829696655 0.541700005531311
vt 0.4219000041484833 0.541700005531311
vt 0.40630000829696655 0.5625
vt 0.39070001244544983 0.5625
vt 0.375 0.541700005531311
vt 0.39070001244544983 0.541700005531311
vt 0.375 0.5625
vt 0.4219000041484833 0.33340001106262207
vt 0.40630000829696655 0.35420000553131104
vt 0.40630000829696655 0.33340001106262207
vt 0.4219000041484833 0.35420000553131104
vt 0.4219000041484833 0.375
vt 0.40630000829696655 0.39590001106262207
vt 0.40630000829696655 0.375
vt 0.4219000041484833 0.39590001106262207
vt 0.39070001244544983 0.375
vt 0.375 0.39590001106262207
vt 0.375 0.375
vt 0.39070001244544983 0.39590001106262207
vt 0.04699999839067459 0.1876000165939331
vt 0.031300000846385956 0.16670000553131104
vt 0.04699999839067459 0.16670000553131104
vt 0.031300000846385956 0.1876000165939331
vt 0.04699999839067459 0.22920000553131104
vt 0.031300000846385956 0.20840001106262207
vt 0.04699999839067459 0.20840001106262207
vt 0.031300000846385956 0.22920000553131104
vt 0.015699999406933784 0.22920000553131104
vt 0.00009999999747378752 0.20840001106262207
vt 0.015699999406933784 0.20840001106262207
vt 0.00009999999747378752 0.22920000553131104
vt 0.17190000414848328 0.16670000553131104
vt 0.15629999339580536 0.1876000165939331
vt 0.15629999339580536 0.16670000553131104
vt 0.17190000414848328 0.1876000165939331
vt 0.17190000414848328 0.20840001106262207
vt 0.15629999339580536 0.22920000553131104
vt 0.15629999339580536 0.20840001106262207
vt 0.17190000414848328 0.22920000553131104
vt 0.14069999754428864 0.20840001106262207
vt 0.1251000016927719 0.22920000553131104
vt 0.1251000016927719 0.20840001106262207
vt 0.14069999754428864 0.22920000553131104
vt 0.15629999339580536 0.00010001659393310547
vt 0.17190000414848328 0.021000027656555176
vt 0.15629999339580536 0.021000027656555176
vt 0.17190000414848328 0.00010001659393310547
vt 0.15629999339580536 0.04180002212524414
vt 0.17190000414848328 0.0626000165939331
vt 0.15629999339580536 0.0626000165939331
vt 0.17190000414848328 0.04180002212524414
vt 0.1251000016927719 0.04180002212524414
vt 0.14069999754428864 0.0626000165939331
vt 0.1251000016927719 0.0626000165939331
vt 0.14069999754428864 0.04180002212524414
vt 0.7186999917030334 0.833299994468689
vt 0.7031000256538391 0.8123999834060669
vt 0.7186999917030334 0.8123999834060669
vt 0.7031000256538391 0.833299994468689
vt 0.7186999917030334 0.7915999889373779
vt 0.7031000256538391 0.7706999778747559
vt 0.7186999917030334 0.7706999778747559
vt 0.7031000256538391 0.7915999889373779
vt 0.7498999834060669 0.7915999889373779
vt 0.7343000173568726 0.7706999778747559
vt 0.7498999834060669 0.7706999778747559
vt 0.7343000173568726 0.7915999889373779
vt 0.5936999917030334 0.8123999834060669
vt 0.5781000256538391 0.833299994468689
vt 0.5781000256538391 0.8123999834060669
vt 0.5936999917030334 0.833299994468689
vt 0.5936999917030334 0.7706999778747559
vt 0.5781000256538391 0.7915999889373779
vt 0.5781000256538391 0.7706999778747559
vt 0.5936999917030334 0.7915999889373779
vt 0.625 0.7706999778747559
vt 0.6093000173568726 0.7915999889373779
vt 0.6093000173568726 0.7706999778747559
vt 0.625 0.7915999889373779
vt 0.5781000256538391 0.9789999723434448
vt 0.5936999917030334 0.9998999834060669
vt 0.5781000256538391 0.9998999834060669
vt 0.5936999917030334 0.9789999723434448
vt 0.5781000256538391 0.9373999834060669
vt 0.5936999917030334 0.9581999778747559
vt 0.5781000256538391 0.9581999778747559
vt 0.5936999917030334 0.9373999834060669
vt 0.6093000173568726 0.9373999834060669
vt 0.625 0.9581999778747559
vt 0.6093000173568726 0.9581999778747559
vt 0.625 0.9373999834060669
vt 0.7031000256538391 0.9998999834060669
vt 0.7186999917030334 0.9789999723434448
vt 0.7186999917030334 0.9998999834060669
vt 0.7031000256538391 0.9789999723434448
vt 0.7031000256538391 0.9581999778747559
vt 0.7186999917030334 0.9373999834060669
vt 0.7186999917030334 0.9581999778747559
vt 0.7031000256538391 0.9373999834060669
vt 0.7343000173568726 0.9581999778747559
vt 0.7498999834060669 0.9373999834060669
vt 0.7498999834060669 0.9581999778747559
vt 0.7343000173568726 0.9373999834060669
vt 0.031300000846385956 0.021000027656555176
vt 0.04699999839067459 0.00010001659393310547
vt 0.04699999839067459 0.021000027656555176
vt 0.031300000846385956 0.00010001659393310547
vt 0.031300000846385956 0.0626000165939331
vt 0.04699999839067459 0.04180002212524414
vt 0.04699999839067459 0.0626000165939331
vt 0.031300000846385956 0.04180002212524414
vt 0.00009999999747378752 0.0626000165939331
vt 0.015699999406933784 0.04180002212524414
vt 0.015699999406933784 0.0626000165939331
vt 0.00009999999747378752 0.04180002212524414
vt 0.2969000041484833 0.35420000553131104
vt 0.28130000829696655 0.33340001106262207
vt 0.2969000041484833 0.33340001106262207
vt 0.28130000829696655 0.35420000553131104
vt 0.2969000041484833 0.39590001106262207
vt 0.28130000829696655 0.375
vt 0.2969000041484833 0.375
vt 0.28130000829696655 0.39590001106262207
vt 0.26570001244544983 0.39590001106262207
vt 0.25 0.375
vt 0.26570001244544983 0.375
vt 0.25 0.39590001106262207
vt 0.5468000173568726 0.35420000553131104
vt 0.5311999917030334 0.33340001106262207
vt 0.5468000173568726 0.33340001106262207
vt 0.5311999917030334 0.35420000553131104
vt 0.5468000173568726 0.39590001106262207
vt 0.5311999917030334 0.375
vt 0.5468000173568726 0.375
vt 0.5311999917030334 0.39590001106262207
vt 0.5156000256538391 0.39590001106262207
vt 0.5 0.375
vt 0.5156000256538391 0.375
vt 0.5 0.39590001106262207
vt 0.7968000173568726 0.35420000553131104
vt 0.7811999917030334 0.33340001106262207
vt 0.7968000173568726 0.33340001106262207
vt 0.7811999917030334 0.35420000553131104
vt 0.7968000173568726 0.39590001106262207
vt 0.7811999917030334 0.375
vt 0.7968000173568726 0.375
vt 0.7811999917030334 0.39590001106262207
vt 0.7656000256538391 0.39590001106262207
vt 0.7498999834060669 0.375
vt 0.7656000256538391 0.375
vt 0.7498999834060669 0.39590001106262207
vt 0.04699999839067459 0.35420000553131104
vt 0.031300000846385956 0.33340001106262207
vt 0.04699999839067459 0.33340001106262207
vt 0.031300000846385956 0.35420000553131104
vt 0.04699999839067459 0.39590001106262207
vt 0.031300000846385956 0.375
vt 0.04699999839067459 0.375
vt 0.031300000846385956 0.39590001106262207
vt 0.015699999406933784 0.39590001106262207
vt 0.00009999999747378752 0.375
vt 0.015699999406933784 0.375
vt 0.00009999999747378752 0.39590001106262207
vt 0.07819999754428864 0.6665999889373779
vt 0.09380000084638596 0.6665999889373779
vt 0.06260000169277191 0.6665999889373779
vt 0.10939999669790268 0.6665999889373779
vt 0.1251000016927719 0.6665999889373779
vt 0.015699999406933784 0.6665999889373779
vt 0.031300000846385956 0.6665999889373779
vt 0.00009999999747378752 0.6665999889373779
vt 0.04699999839067459 0.6665999889373779
vt 0.21879999339580536 0.6665999889373779
vt 0.20319999754428864 0.6665999889373779
vt 0.1876000016927719 0.6665999889373779
vt 0.25 0.6665999889373779
vt 0.23440000414848328 0.6665999889373779
vt 0.15629999339580536 0.6665999889373779
vt 0.14069999754428864 0.6665999889373779
vt 0.17190000414848328 0.6665999889373779
vt 0.8281000256538391 0.6665999889373779
vt 0.8436999917030334 0.6665999889373779
vt 0.8123999834060669 0.6665999889373779
vt 0.8593000173568726 0.6665999889373779
vt 0.8748999834060669 0.6665999889373779
vt 0.7656000256538391 0.6665999889373779
vt 0.7811999917030334 0.6665999889373779
vt 0.7498999834060669 0.6665999889373779
vt 0.7968000173568726 0.6665999889373779
vt 0.9998999834060669 0.5625
vt 0.9998999834060669 0.541700005531311
vt 0.9998999834060669 0.583299994468689
vt 0.9998999834060669 0.5
vt 0.9998999834060669 0.5209000110626221
vt 0.9686999917030334 0.6665999889373779
vt 0.9531000256538391 0.6665999889373779
vt 0.9373999834060669 0.6665999889373779
vt 0.9998999834060669 0.645799994468689
vt 0.9998999834060669 0.625
vt 0.9998999834060669 0.6665999889373779
vt 0.9843000173568726 0.6665999889373779
vt 0.9998999834060669 0.6040999889373779
vt 0.9061999917030334 0.6665999889373779
vt 0.8906000256538391 0.6665999889373779
vt 0.9218000173568726 0.6665999889373779
vt 0.9998999834060669 0.375
vt 0.9998999834060669 0.39590001106262207
vt 0.9998999834060669 0.41670000553131104
vt 0.9998999834060669 0.33340001106262207
vt 0.9998999834060669 0.35420000553131104
vt 0.9998999834060669 0.45829999446868896
vt 0.9998999834060669 0.47909998893737793
vt 0.9998999834060669 0.4375
vt 0.5781000256538391 0.6665999889373779
vt 0.5936999917030334 0.6665999889373779
vt 0.5625 0.6665999889373779
vt 0.6093000173568726 0.6665999889373779
vt 0.625 0.6665999889373779
vt 0.5156000256538391 0.6665999889373779
vt 0.5311999917030334 0.6665999889373779
vt 0.5 0.6665999889373779
vt 0.5468000173568726 0.6665999889373779
vt 0.7186999917030334 0.6665999889373779
vt 0.7031000256538391 0.6665999889373779
vt 0.6875 0.6665999889373779
vt 0.7343000173568726 0.6665999889373779
vt 0.6561999917030334 0.6665999889373779
vt 0.6406000256538391 0.6665999889373779
vt 0.6718000173568726 0.6665999889373779
vt 0.32820001244544983 0.6665999889373779
vt 0.34380000829696655 0.6665999889373779
vt 0.3125 0.6665999889373779
vt 0.3594000041484833 0.6665999889373779
vt 0.375 0.6665999889373779
vt 0.26570001244544983 0.6665999889373779
vt 0.28130000829696655 0.6665999889373779
vt 0.2969000041484833 0.6665999889373779
vt 0.46880000829696655 0.6665999889373779
vt 0.45320001244544983 0.6665999889373779
vt 0.4375 0.6665999889373779
vt 0.4844000041484833 0.6665999889373779
vt 0.40630000829696655 0.6665999889373779
vt 0.39070001244544983 0.6665999889373779
vt 0.4219000041484833 0.6665999889373779
vt 0.2500999867916107 0.20840001106262207
vt 0.2500999867916107 0.22920000553131104
vt 0.2500999867916107 0.25
vt 0.2500999867916107 0.16670000553131104
vt 0.2500999867916107 0.1876000165939331
vt 0.2500999867916107 0.29170000553131104
vt 0.2500999867916107 0.3126000165939331
vt 0.2500999867916107 0.27090001106262207
vt 0.2500999867916107 0.0626000165939331
vt 0.2500999867916107 0.04180002212524414
vt 0.2500999867916107 0.08340001106262207
vt 0.2500999867916107 0.021000027656555176
vt 0.2500999867916107 0.00010001659393310547
vt 0.2500999867916107 0.14590001106262207
vt 0.2500999867916107 0.1251000165939331
vt 0.2500999867916107 0.10420000553131104
vt 0.5 0.7915999889373779
vt 0.5 0.7706999778747559
vt 0.5 0.7498999834060669
vt 0.5 0.833299994468689
vt 0.5 0.8123999834060669
vt 0.5 0.708299994468689
vt 0.5 0.6873999834060669
vt 0.5 0.7290999889373779
vt 0.5 0.9373999834060669
vt 0.5 0.9581999778747559
vt 0.5 0.9165999889373779
vt 0.5 0.9789999723434448
vt 0.5 0.9998999834060669
vt 0.5 0.8540999889373779
vt 0.5 0.8748999834060669
vt 0.5 0.8956999778747559
vn -0.6247602149997327 -0.5794696296628785 -0.5233446493964128
vn -0.5563083013674918 -0.6172861149088253 -0.5563083013674918
vn -0.5811490927359017 -0.6439273198584421 -0.4976176632236461
vn -0.5867838828583659 -0.5580047935594453 -0.5867838828583659
vn 0.5233125089709332 -0.5794678265476036 -0.6247888090793106
vn 0.5563083013674918 -0.6172861149088253 -0.5563083013674918
vn 0.4976204998517573 -0.6438394696191715 -0.5812439896358425
vn 0.5867838828583659 -0.5580047935594453 -0.5867838828583659
vn 0.6247602149997327 -0.5794696296628785 0.5233446493964128
vn 0.5563083013674918 -0.6172861149088253 0.5563083013674918
vn 0.5811376575111062 -0.6439452110736115 0.4976078658520846
vn 0.5867838828583659 -0.5580047935594453 0.5867838828583659
vn -0.5233125089709332 -0.5794678265476036 0.6247888090793106
vn -0.5563083013674918 -0.6172861149088253 0.5563083013674918
vn -0.4976204998517573 -0.6438394696191715 0.5812439896358425
vn -0.5867838828583659 -0.5580047935594453 0.5867838828583659
vn 0.4976204998517573 -0.6438394696191715 -0.5812439896358425
vn 0.5811490927359017 -0.6439273198584421 -0.4976176632236461
vn 0.5160802435827292 -0.683356203385494 -0.5164159965358881
vn 0.5563083013674918 -0.6172861149088253 -0.5563083013674918
vn -0.5811490927359017 0.6439273198584421 -0.4976176632236461
vn -0.4976204998517573 0.6438394696191715 -0.5812439896358425
vn -0.5563083013674918 0.6172861149088253 -0.5563083013674918
vn -0.5160802435827292 0.683356203385494 -0.5164159965358881
vn -0.5928632328934967 0.8016135303106547 0.07699957860898023
vn -0.6700801912056178 0.742288715631487 0
vn -0.6682445873474743 0.740269520971922 0.07382552269239188
vn -0.5942665947303446 0.8042681234436688 0
vn 0.0886259192816535 0.9960649810285884 0
vn 0 0.9960703678974089 0.08856535551061043
vn 0.08856516264726047 0.9921006485599568 0.08883982829889726
vn 0 1 0
vn 0 0.7421868743386224 -0.6701929897868717
vn 0.07635899825462956 0.8013116323085285 -0.593354001682462
vn 0.0736730647995463 0.7401182777661903 -0.6684289150234677
vn 0 0.8041774198311027 -0.5943893315275689
vn 0.6700801912056178 -0.742288715631487 0
vn 0.5928632328934967 -0.8016135303106547 0.07699957860898023
vn 0.5942665947303446 -0.8042681234436688 0
vn 0.6682445873474743 -0.740269520971922 0.07382552269239188
vn 0 -0.9960703678974089 0.08856535551061043
vn -0.0886259192816535 -0.9960649810285884 0
vn 0 -1 0
vn -0.08856516264726047 -0.9921006485599568 0.08883982829889726
vn -0.07635899825462956 -0.8013116323085285 -0.593354001682462
vn 0 -0.7421868743386224 -0.6701929897868717
vn 0 -0.8041774198311027 -0.5943893315275689
vn -0.0736730647995463 -0.7401182777661903 -0.6684289150234677
vn 0.0736730647995463 -0.7401182777661903 0.6684289150234677
vn 0 -0.6717304494398965 0.7407956555591259
vn 0 -0.7421868743386224 0.6701929897868717
vn 0.07855674270234493 -0.6699906881551588 0.7382014060955007
vn 0.09815044329590487 0.10834392417764561 0.9892563290546116
vn 0 0 1
vn 0.09799579174136065 0 0.995186829093404
vn 0 0.10852537000896983 0.9940936797225985
vn -0.6316560622667042 0.09006218672577783 0.7699996243660722
vn -0.7071067811865475 0 0.7071067811865475
vn -0.6334870508861354 0 0.7737532916631675
vn -0.7044793658848953 0.08612575738320925 0.7044793658848953
vn 0.6682445873474743 -0.740269520971922 -0.07382552269239188
vn 0.7408246264120569 -0.6716984985106311 0
vn 0.6700801912056178 -0.742288715631487 0
vn 0.7381996290646129 -0.66998908891177 -0.07858707519716003
vn 0.9892530565525133 0.10837409128449296 -0.09815012195494426
vn 1 0 0
vn 0.995186829093404 0 -0.09799579174136065
vn 0.9940903853609169 0.10855554215692376 0
vn 0.7699996243660722 0.09006218672577783 0.6316560622667042
vn 0.7071067811865475 0 0.7071067811865475
vn 0.7737532916631675 0 0.6334870508861354
vn 0.7044793658848953 0.08612575738320925 0.7044793658848953
vn -0.0736730647995463 -0.7401182777661903 -0.6684289150234677
vn 0 -0.6717304494398965 -0.7407956555591259
vn 0 -0.7421868743386224 -0.6701929897868717
vn -0.07855674270234493 -0.6699906881551588 -0.7382014060955007
vn -0.09815012195494426 0.10837409128449296 -0.9892530565525133
vn 0 0 -1
vn -0.09799579174136065 0 -0.995186829093404
vn 0 0.10855554215692376 -0.9940903853609169
vn 0.6316560622667042 0.09006218672577783 -0.7699996243660722
vn 0.7071067811865475 0 -0.7071067811865475
vn 0.6334870508861354 0 -0.7737532916631675
vn 0.7044793658848953 0.08612575738320925 -0.7044793658848953
vn -0.6682445873474743 -0.740269520971922 0.07382552269239188
vn -0.7408246264120569 -0.6716984985106311 0
vn -0.6700801912056178 -0.742288715631487 0
vn -0.7381996290646129 -0.66998908891177 0.07858707519716003
vn -0.9892530565525133 0.10837409128449296 0.09815012195494426
vn -1 0 0
vn -0.995186829093404 0 0.09799579174136065
vn -0.9940903853609169 0.10855554215692376 0
vn -0.7699996243660722 0.09006218672577783 -0.6316560622667042
vn -0.7071067811865475 0 -0.7071067811865475
vn -0.7737532916631675 0 -0.6334870508861354
vn -0.7044793658848953 0.08612575738320925 -0.7044793658848953
vn -0.9570110580452897 0 -0.2900514347129403
vn -0.9183218378757526 0.10211714245494297 -0.3824357348592531
vn -0.9240580987453662 0 -0.3822520505413926
vn -0.9511271106132205 0.10519926321420131 -0.2903279774250763
vn -0.8725668308541114 0.4044979290447862 -0.27387689039364327
vn -0.8043010099061338 0.4827514805364379 -0.34648361217213475
vn -0.845316210412761 0.39412283127049424 -0.3607044472760745
vn -0.8284172960347443 0.4945661096862123 -0.26292422250589315
vn -0.721798272952866 0.3512704535185221 -0.5963357457398907
vn -0.6436085687711189 0.4141690722504318 -0.6436085687711189
vn -0.6658145842523092 0.3367222576454505 -0.6658145842523092
vn -0.6942843076387967 0.43175702526024334 -0.575808276516535
vn -0.8767833747946742 0.09875981626425832 0.4706351159604562
vn -0.9240580987453662 0 0.3822520505413926
vn -0.882117976637417 0 0.47102852917112087
vn -0.9183218378757526 0.10211714245494297 0.3824357348592531
vn -0.7732632167124223 0.4689874951278672 0.42674902119776037
vn -0.845316210412761 0.39412283127049424 0.3607044472760745
vn -0.810473198492627 0.38256069773948054 0.44359948948371486
vn -0.8042925072443111 0.4827463670228347 0.34651047302630605
vn -0.8568806736457931 0.5078659109894675 0.08847444595571148
vn -0.9091091151218114 0.41655805934159634 0
vn -0.9047460763292426 0.41582612396552543 0.09232102682838758
vn -0.8607873581501552 0.5089647571776228 0
vn -0.6245083112806602 -0.6919550188793671 0.3621983172090019
vn -0.702246428948899 -0.640994371273325 0.30980020823820276
vn -0.6407908987042594 -0.7099484351177884 0.2921647542254043
vn -0.6807928500262901 -0.6241491270916496 0.38335226946480083
vn -0.810473198492627 -0.38256069773948054 0.44359948948371486
vn -0.8784578724586772 -0.3004897129404254 0.37150733334936337
vn -0.845316210412761 -0.39412283127049424 0.3607044472760745
vn -0.8404815974556877 -0.29134091212110297 0.456849162484489
vn -0.9047460763292426 -0.41582612396552543 0.09232102682838758
vn -0.9480066720088676 -0.3182504514162888 0
vn -0.9091091151218114 -0.41655805934159634 0
vn -0.9433771194433942 -0.31773475187703243 0.09531126880030685
vn 0.2900514347129403 0 -0.9570110580452897
vn 0.3824357348592531 0.10211714245494297 -0.9183218378757526
vn 0.3822520505413926 0 -0.9240580987453662
vn 0.2903559245345067 0.10519833663684605 -0.9511186818986117
vn 0.27387689039364327 0.4044979290447862 -0.8725668308541114
vn 0.34648361217213475 0.4827514805364379 -0.8043010099061338
vn 0.3607044472760745 0.39412283127049424 -0.845316210412761
vn 0.2629202297267588 0.49458915180071766 -0.8284048066745359
vn 0.5963357457398907 0.3512704535185221 -0.721798272952866
vn 0.6436085687711189 0.4141690722504318 -0.6436085687711189
vn 0.6658145842523092 0.3367222576454505 -0.6658145842523092
vn 0.575808276516535 0.43175702526024334 -0.6942843076387967
vn -0.4706351159604562 0.09875981626425832 -0.8767833747946742
vn -0.3822520505413926 0 -0.9240580987453662
vn -0.47102852917112087 0 -0.882117976637417
vn -0.3824357348592531 0.10211714245494297 -0.9183218378757526
vn -0.42674902119776026 0.4689874951278671 -0.773263216712422
vn -0.3607044472760745 0.39412283127049424 -0.845316210412761
vn -0.44359948948371486 0.38256069773948054 -0.810473198492627
vn -0.34648361217213475 0.4827514805364379 -0.8043010099061338
vn -0.08847444595571148 0.5078659109894675 -0.8568806736457931
vn 0 0.41655805934159634 -0.9091091151218114
vn -0.09232219600742948 0.415800875114518 -0.904757561105939
vn 0 0.5089647571776228 -0.8607873581501552
vn -0.36201756592843753 -0.6917153482279002 -0.6248785153813534
vn -0.3097659827048275 -0.6409867160808745 -0.7022685140078322
vn -0.29197422395372036 -0.7096557069143903 -0.6412018638388849
vn -0.3833182401865999 -0.624143483826585 -0.6808171842257373
vn -0.44359948948371486 -0.38256069773948054 -0.810473198492627
vn -0.3715073333493635 -0.3004897129404255 -0.8784578724586775
vn -0.3607044472760745 -0.39412283127049424 -0.845316210412761
vn -0.456849162484489 -0.29134091212110297 -0.8404815974556877
vn -0.09232102682838758 -0.41582612396552543 -0.9047460763292426
vn 0 -0.3182504514162888 -0.9480066720088676
vn 0 -0.41655805934159634 -0.9091091151218114
vn -0.09531126880030685 -0.31773475187703243 -0.9433771194433942
vn 0.9570110580452897 0 0.2900514347129403
vn 0.9183218378757526 0.10211714245494297 0.3824357348592531
vn 0.9240580987453662 0 0.3822520505413926
vn 0.9511271106132205 0.10519926321420131 0.2903279774250763
vn 0.8725668308541114 0.4044979290447862 0.27387689039364327
vn 0.8042925072443111 0.4827463670228347 0.34651047302630605
vn 0.845316210412761 0.39412283127049424 0.3607044472760745
vn 0.8284172960347443 0.4945661096862123 0.26292422250589315
vn 0.721798272952866 0.3512704535185221 0.5963357457398907
vn 0.6436085687711189 0.4141690722504318 0.6436085687711189
vn 0.6658145842523092 0.3367222576454505 0.6658145842523092
vn 0.6942843076387967 0.43175702526024334 0.575808276516535
vn 0.8767833747946742 0.09875981626425832 -0.4706351159604562
vn 0.9240580987453662 0 -0.3822520505413926
vn 0.882117976637417 0 -0.47102852917112087
vn 0.9183218378757526 0.10211714245494297 -0.3824357348592531
vn 0.7732632167124223 0.4689874951278672 -0.42674902119776037
vn 0.845316210412761 0.39412283127049424 -0.3607044472760745
vn 0.810473198492627 0.38256069773948054 -0.44359948948371486
vn 0.8043010099061338 0.4827514805364379 -0.34648361217213475
vn 0.8568806736457931 0.5078659109894675 -0.08847444595571148
vn 0.9091091151218114 0.41655805934159634 0
vn 0.9047460763292426 0.41582612396552543 -0.09232102682838758
vn 0.8607873581501552 0.5089647571776228 0
vn 0.624521490945972 -0.6919391122383632 -0.3622059804881829
vn 0.702246428948899 -0.640994371273325 -0.30980020823820276
vn 0.6407908987042594 -0.7099484351177884 -0.2921647542254043
vn 0.6807928500262901 -0.6241491270916496 -0.38335226946480083
vn 0.810473198492627 -0.38256069773948054 -0.44359948948371486
vn 0.8784578724586772 -0.3004897129404254 -0.37150733334936337
vn 0.845316210412761 -0.39412283127049424 -0.3607044472760745
vn 0.8404815974556877 -0.29134091212110297 -0.456849162484489
vn 0.9047460763292426 -0.41582612396552543 -0.09232102682838758
vn 0.9480066720088676 -0.3182504514162888 0
vn 0.9091091151218114 -0.41655805934159634 0
vn 0.9433771194433942 -0.31773475187703243 -0.09531126880030685
vn -0.2900514347129403 0 0.9570110580452897
vn -0.3824357348592531 0.10211714245494297 0.9183218378757526
vn -0.3822520505413926 0 0.9240580987453662
vn -0.2903279774250763 0.10519926321420131 0.9511271106132205
vn -0.27387689039364327 0.4044979290447862 0.8725668308541114
vn -0.34648361217213475 0.4827514805364379 0.8043010099061338
vn -0.3607044472760745 0.39412283127049424 0.845316210412761
vn -0.26292422250589315 0.4945661096862123 0.8284172960347443
vn -0.5963357457398907 0.3512704535185221 0.721798272952866
vn -0.6436085687711189 0.4141690722504318 0.6436085687711189
vn -0.6658145842523092 0.3367222576454505 0.6658145842523092
vn -0.575808276516535 0.43175702526024334 0.6942843076387967
vn 0.4706351159604562 0.09875981626425832 0.8767833747946742
vn 0.3822520505413926 0 0.9240580987453662
vn 0.47102852917112087 0 0.882117976637417
vn 0.3824357348592531 0.10211714245494297 0.9183218378757526
vn 0.42674902119776026 0.4689874951278671 0.773263216712422
vn 0.3607044472760745 0.39412283127049424 0.845316210412761
vn 0.44359948948371486 0.38256069773948054 0.810473198492627
vn 0.34648361217213475 0.4827514805364379 0.8043010099061338
vn 0.08847444595571148 0.5078659109894675 0.8568806736457931
vn 0 0.41655805934159634 0.9091091151218114
vn 0.09232102682838758 0.41582612396552543 0.9047460763292426
vn 0 0.5089647571776228 0.8607873581501552
vn 0.36201756592843753 -0.6917153482279002 0.6248785153813534
vn 0.3097659827048275 -0.6409867160808745 0.7022685140078322
vn 0.29197422395372036 -0.7096557069143903 0.6412018638388849
vn 0.3833182401865999 -0.624143483826585 0.6808171842257373
vn 0.44359948948371486 -0.38256069773948054 0.810473198492627
vn 0.3715073333493635 -0.3004897129404255 0.8784578724586775
vn 0.3607044472760745 -0.39412283127049424 0.845316210412761
vn 0.456849162484489 -0.29134091212110297 0.8404815974556877
vn 0.09232102682838758 -0.41582612396552543 0.9047460763292426
vn 0 -0.3182504514162888 0.9480066720088676
vn 0 -0.41655805934159634 0.9091091151218114
vn 0.09531126880030685 -0.31773475187703243 0.9433771194433942
vn -0.08655326731885955 -0.9604483156284374 -0.264665005096872
vn 0 -0.9367761663724856 -0.34992915585368034
vn 0 -0.9645331496587723 -0.26396174573094555
vn -0.084476908786499 -0.9326946912204684 -0.35063408968757276
vn -0.42360376655212734 -0.8708292706951698 -0.24943181485802737
vn -0.3340953509197842 -0.8795677214737195 -0.3387342909055939
vn -0.34157565030763676 -0.9042659943582831 -0.25618174518130815
vn -0.41469825897822993 -0.8481049252053163 -0.32976262651020655
vn -0.3757800364364704 -0.7419161011980098 -0.5552925922420987
vn -0.29197422395372036 -0.7096557069143903 -0.6412018638388849
vn -0.30284253400451916 -0.7640189533520904 -0.5697029388343525
vn -0.36201756592843753 -0.6917153482279002 -0.6248785153813534
vn 0 -0.900762067415956 0.43431290322132127
vn -0.08447781045279172 -0.932704669464458 0.3506073289312396
vn 0 -0.9367761663724856 0.34992915585368034
vn -0.08231062334456259 -0.8968714954426503 0.4345647039821499
vn -0.3259431499553311 -0.8476047539223196 0.41872096212809895
vn -0.41469825897822993 -0.8481049252053163 0.32976262651020655
vn -0.3340953509197842 -0.8795677214737195 0.3387342909055939
vn -0.404475228058359 -0.8186251837023666 0.4077408472245637
vn -0.3494472741739475 -0.9330089528248263 0.08591214420045061
vn -0.43404225380440714 -0.9008925140727891 0
vn -0.3497752354756171 -0.936833648332497 0
vn -0.433397932793488 -0.8973146942864669 0.0836215957029999
vn 0.6407908987042594 -0.7099484351177884 0.2921647542254043
vn 0.5542015524202304 -0.7420789125075528 0.3770670058578639
vn 0.5684291105256554 -0.7643960092626059 0.3042812635217853
vn 0.6245083112806602 -0.6919550188793671 0.3621983172090019
vn 0.3340953509197842 -0.8795677214737195 0.3387342909055939
vn 0.24577208298213882 -0.8702279620137474 0.42696531165426094
vn 0.2519654906342156 -0.9040971314764258 0.3451402155437085
vn 0.3259431499553311 -0.8476047539223196 0.41872096212809895
vn 0.3497752354756171 -0.936833648332497 0
vn 0.263657088428951 -0.9606286821308658 0.08762120056632383
vn 0.26386878780722445 -0.9645585844422027 0
vn 0.3494472741739475 -0.9330089528248263 0.08591214420045061
vn 0 0.9367761663724856 -0.34992915585368034
vn 0.08655326731885955 0.9604483156284374 -0.264665005096872
vn 0.08447781045279172 0.932704669464458 -0.3506073289312396
vn 0 0.9645331496587723 -0.26396174573094555
vn 0.3340953509197842 0.8795677214737195 -0.3387342909055939
vn 0.42360376655212734 0.8708292706951698 -0.24943181485802737
vn 0.41469825897822993 0.8481049252053163 -0.32976262651020655
vn 0.34157565030763676 0.9042659943582831 -0.25618174518130815
vn 0.29197422395372036 0.7096557069143903 -0.6412018638388849
vn 0.3757800364364704 0.7419161011980098 -0.5552925922420987
vn 0.36201756592843753 0.6917153482279002 -0.6248785153813534
vn 0.30284253400451916 0.7640189533520904 -0.5697029388343525
vn 0.08447781045279172 0.932704669464458 0.3506073289312396
vn 0 0.900762067415956 0.43431290322132127
vn 0.08231062334456259 0.8968714954426503 0.4345647039821499
vn 0 0.9367761663724856 0.34992915585368034
vn 0.41469825897822993 0.8481049252053163 0.32976262651020655
vn 0.3259431499553311 0.8476047539223196 0.41872096212809895
vn 0.404475228058359 0.8186251837023666 0.4077408472245637
vn 0.3340953509197842 0.8795677214737195 0.3387342909055939
vn 0.43404225380440714 0.9008925140727891 0
vn 0.3494472741739475 0.9330089528248263 0.08591214420045061
vn 0.433397932793488 0.8973146942864669 0.0836215957029999
vn 0.3497752354756171 0.936833648332497 0
vn -0.5542015524202304 0.7420789125075528 0.3770670058578639
vn -0.6407908987042594 0.7099484351177884 0.2921647542254043
vn -0.6245083112806602 0.6919550188793671 0.3621983172090019
vn -0.5684291105256554 0.7643960092626059 0.3042812635217853
vn -0.24577208298213882 0.8702279620137474 0.42696531165426094
vn -0.3340953509197842 0.8795677214737195 0.3387342909055939
vn -0.3259431499553311 0.8476047539223196 0.41872096212809895
vn -0.2519654906342156 0.9040971314764258 0.3451402155437085
vn -0.263657088428951 0.9606286821308658 0.08762120056632383
vn -0.3497752354756171 0.936833648332497 0
vn -0.3494472741739475 0.9330089528248263 0.08591214420045061
vn -0.26386878780722445 0.9645585844422027 0
vn -0.6535708261672588 0.7240703650404661 -0.22037985763951506
vn -0.5684291105256554 0.7643960092626059 -0.3042812635217853
vn -0.6407908987042594 0.7099484351177884 -0.2921647542254043
vn -0.5798316402982995 0.7816542124194757 -0.2298085314253427
vn -0.34157565030763676 0.9042659943582831 -0.25618174518130815
vn -0.2519654906342156 0.9040971314764258 -0.3451402155437085
vn -0.3340953509197842 0.8795677214737195 -0.3387342909055939
vn -0.2577644524230284 0.9303142203428733 -0.2609079119055
vn -0.30284253400451916 0.7640189533520904 -0.5697029388343525
vn -0.22016812197622349 0.7237714204780819 -0.6539731867321489
vn -0.29197422395372036 0.7096557069143903 -0.6412018638388849
vn -0.22840204116007357 0.7811874501385494 -0.5810152109368079
vn 0.5684291105256554 -0.7643960092626059 -0.3042812635217853
vn 0.6535708261672588 -0.7240703650404661 -0.22037985763951506
vn 0.5798316402982995 -0.7816542124194757 -0.2298085314253427
vn 0.6407908987042594 -0.7099484351177884 -0.2921647542254043
vn 0.2519654906342156 -0.9040971314764258 -0.3451402155437085
vn 0.34157565030763676 -0.9042659943582831 -0.25618174518130815
vn 0.2577644524230284 -0.9303142203428733 -0.2609079119055
vn 0.3340953509197842 -0.8795677214737195 -0.3387342909055939
vn 0.22016812197622349 -0.7237714204780819 -0.6539731867321489
vn 0.30284253400451916 -0.7640189533520904 -0.5697029388343525
vn 0.22840204116007357 -0.7811874501385494 -0.5810152109368079
vn 0.29197422395372036 -0.7096557069143903 -0.6412018638388849
vn -0.23420557912945872 -0.6544877202955262 0.7188835585037399
vn -0.29197422395372036 -0.7096557069143903 0.6412018638388849
vn -0.22016812197622349 -0.7237714204780819 0.6539731867321489
vn -0.3097659827048275 -0.6409867160808745 0.7022685140078322
vn -0.2822096167095544 -0.3088527422064461 0.9082773342257334
vn -0.3607044472760745 -0.39412283127049424 0.845316210412761
vn -0.27387689039364327 -0.4044979290447862 0.8725668308541114
vn -0.3715073333493635 -0.3004897129404255 0.8784578724586775
vn -0.6128487131814934 -0.2669482292508209 0.7437439731867671
vn -0.6658145842523092 -0.3367222576454505 0.6658145842523092
vn -0.5963357457398907 -0.3512704535185221 0.721798272952866
vn -0.6836355915941079 -0.25550881748297516 0.6836355915941079
vn 0.7188835585037399 -0.6544877202955262 0.23420557912945872
vn 0.6407908987042594 -0.7099484351177884 0.2921647542254043
vn 0.6535708261672588 -0.7240703650404661 0.22037985763951506
vn 0.702246428948899 -0.640994371273325 0.30980020823820276
vn 0.9082773342257334 -0.3088527422064461 0.2822096167095544
vn 0.845316210412761 -0.39412283127049424 0.3607044472760745
vn 0.8725668308541114 -0.4044979290447862 0.27387689039364327
vn 0.8784578724586772 -0.3004897129404254 0.37150733334936337
vn 0.7437439731867671 -0.2669482292508209 0.6128487131814934
vn 0.6658145842523092 -0.3367222576454505 0.6658145842523092
vn 0.721798272952866 -0.3512704535185221 0.5963357457398907
vn 0.6836355915941079 -0.25550881748297516 0.6836355915941079
vn 0.23420557912945872 -0.6544877202955262 -0.7188835585037399
vn 0.29197422395372036 -0.7096557069143903 -0.6412018638388849
vn 0.22016812197622349 -0.7237714204780819 -0.6539731867321489
vn 0.3097659827048275 -0.6409867160808745 -0.7022685140078322
vn 0.2822096167095544 -0.3088527422064461 -0.9082773342257334
vn 0.3607044472760745 -0.39412283127049424 -0.845316210412761
vn 0.27387689039364327 -0.4044979290447862 -0.8725668308541114
vn 0.3715073333493635 -0.3004897129404255 -0.8784578724586775
vn 0.6128487131814934 -0.2669482292508209 -0.7437439731867671
vn 0.6658145842523092 -0.3367222576454505 -0.6658145842523092
vn 0.5963421581569713 -0.3512437061795888 -0.7218059914366965
vn 0.6836355915941079 -0.25550881748297516 -0.6836355915941079
vn -0.7188835585037399 -0.6544877202955262 -0.23420557912945872
vn -0.6407908987042594 -0.7099484351177884 -0.2921647542254043
vn -0.6535708261672588 -0.7240703650404661 -0.22037985763951506
vn -0.702246428948899 -0.640994371273325 -0.30980020823820276
vn -0.9082773342257334 -0.3088527422064461 -0.2822096167095544
vn -0.845316210412761 -0.39412283127049424 -0.3607044472760745
vn -0.8725668308541114 -0.4044979290447862 -0.27387689039364327
vn -0.8784578724586772 -0.3004897129404254 -0.37150733334936337
vn -0.7437439731867671 -0.2669482292508209 -0.6128487131814934
vn -0.6658145842523092 -0.3367222576454505 -0.6658145842523092
vn -0.721798272952866 -0.3512704535185221 -0.5963357457398907
vn -0.6836355915941079 -0.25550881748297516 -0.6836355915941079
vn -0.8404815974556877 -0.29134091212110297 -0.456849162484489
vn -0.7694922576267205 -0.36834179831605124 -0.5217336342098622
vn -0.810473198492627 -0.38256069773948054 -0.44359948948371486
vn -0.795752074520563 -0.28028638968364084 -0.5368595492811231
vn -0.8767833747946742 -0.09875981626425832 -0.4706351159604562
vn -0.8152621698533021 -0.18860929542854593 -0.5475163267739446
vn -0.8627780057352413 -0.19633006998385086 -0.465906231381011
vn -0.827499835261015 -0.09479288461426166 -0.5534061182075063
vn -0.7699996243660722 -0.09006218672577783 -0.6316560622667042
vn -0.6965981692296683 -0.1717614079231679 -0.6965981692296683
vn -0.7599675432177684 -0.1794244892355893 -0.624704879057381
vn -0.7044793658848953 -0.08612575738320925 -0.7044793658848953
vn -0.9433862668324894 -0.3177073133293315 -0.0953121954889155
vn -0.8924998784581911 -0.4118244416202722 -0.18396900890167595
vn -0.9047460763292426 -0.41582612396552543 -0.09232102682838758
vn -0.9300620097328757 -0.3146188498425545 -0.18973570400794937
vn -0.9892530565525133 -0.10837409128449296 -0.09815012195494426
vn -0.9577723265366171 -0.2126551926490321 -0.19351986864412324
vn -0.9717970075824495 -0.2148256657256267 -0.09726514997334913
vn -0.9748701976354974 -0.10724396267752587 -0.19526092858364633
vn -0.9511271106132205 -0.10519926321420131 -0.2903279774250763
vn -0.9029933524586444 -0.20270656898137593 -0.37883116596618227
vn -0.9347100093515273 -0.2086289041312157 -0.2877345630595598
vn -0.9183218378757526 -0.10211714245494297 -0.3824357348592531
vn -0.7381996290646129 -0.66998908891177 -0.07858707519716003
vn -0.6627240198405068 -0.7341694851163656 -0.1476212743828276
vn -0.6682445873474743 -0.740269520971922 -0.07382552269239188
vn -0.7309094336496755 -0.6641940173779367 -0.15690030937275917
vn -0.8568806736457931 -0.5078659109894675 -0.08847444595571148
vn -0.7922166055826412 -0.5868225146508177 -0.16742815216685789
vn -0.8013968077411654 -0.5922199950883547 -0.08389656703238194
vn -0.8460477430996644 -0.5030447391418098 -0.17649137887645586
vn -0.8284172960347443 -0.4945661096862123 -0.26292422250589315
vn -0.7565729305697471 -0.564850783868292 -0.32945560048735045
vn -0.7771700892278951 -0.577666393050055 -0.2496160867212786
vn -0.8042925072443111 -0.4827463670228347 -0.34651047302630605
vn 0.456849162484489 -0.29134091212110297 -0.8404815974556877
vn 0.5217336342098622 -0.36834179831605124 -0.7694922576267205
vn 0.44359948948371486 -0.38256069773948054 -0.810473198492627
vn 0.5368595492811231 -0.28028638968364084 -0.7957520745205628
vn 0.4706351159604562 -0.09875981626425832 -0.8767833747946742
vn 0.5475163267739446 -0.18860929542854593 -0.8152621698533021
vn 0.465906231381011 -0.19633006998385086 -0.8627780057352413
vn 0.5534061182075063 -0.09479288461426166 -0.827499835261015
vn 0.6316560622667042 -0.09006218672577783 -0.7699996243660722
vn 0.6965981692296683 -0.1717614079231679 -0.6965981692296683
vn 0.624704879057381 -0.1794244892355893 -0.7599675432177684
vn 0.7044793658848953 -0.08612575738320925 -0.7044793658848953
vn 0.09531126880030685 -0.31773475187703243 -0.9433771194433942
vn 0.18396900890167595 -0.4118244416202722 -0.8924998784581911
vn 0.09232102682838758 -0.41582612396552543 -0.9047460763292426
vn 0.18973570400794937 -0.3146188498425545 -0.9300620097328757
vn 0.09815044329590487 -0.10834392417764561 -0.9892563290546116
vn 0.19354925152685531 -0.2126539400010939 -0.9577666673232084
vn 0.09726514997334913 -0.2148256657256267 -0.9717970075824495
vn 0.19526092858364633 -0.10724396267752587 -0.9748701976354974
vn 0.2903559245345067 -0.10519833663684605 -0.9511186818986117
vn 0.37883116596618227 -0.20270656898137593 -0.9029933524586444
vn 0.2877625262617543 -0.20862706263984476 -0.9347018119238475
vn 0.3824357348592531 -0.10211714245494297 -0.9183218378757526
vn 0.07855674270234493 -0.6699906881551588 -0.7382014060955007
vn 0.14737573590441405 -0.7339488879456809 -0.663022942551712
vn 0.0736730647995463 -0.7401182777661903 -0.6684289150234677
vn 0.1568670414249415 -0.6641823617272793 -0.730927165786687
vn 0.08847444595571148 -0.5078659109894675 -0.8568806736457931
vn 0.16739654600920612 -0.5868797323248333 -0.7921808986402791
vn 0.08389763396371391 -0.5922886035984124 -0.801345990857091
vn 0.17649137887645586 -0.5030447391418098 -0.8460477430996644
vn 0.26292422250589315 -0.4945661096862123 -0.8284172960347443
vn 0.32945753412370754 -0.5648846332791686 -0.7565468156658816
vn 0.24958460107898622 -0.5777251737779511 -0.7771365069841202
vn 0.34648361217213475 -0.4827514805364379 -0.8043010099061338
vn 0.8404815974556877 -0.29134091212110297 0.456849162484489
vn 0.769480003408451 -0.3683359401796336 0.5217558428293021
vn 0.810473198492627 -0.38256069773948054 0.44359948948371486
vn 0.795752074520563 -0.28028638968364084 0.5368595492811231
vn 0.8767833747946742 -0.09875981626425832 0.4706351159604562
vn 0.8152621698533021 -0.18860929542854593 0.5475163267739446
vn 0.8627780057352413 -0.19633006998385086 0.465906231381011
vn 0.827499835261015 -0.09479288461426166 0.5534061182075063
vn 0.7699996243660722 -0.09006218672577783 0.6316560622667042
vn 0.6965981692296683 -0.1717614079231679 0.6965981692296683
vn 0.7599675432177684 -0.1794244892355893 0.624704879057381
vn 0.7044793658848953 -0.08612575738320925 0.7044793658848953
vn 0.9433771194433942 -0.31773475187703243 0.09531126880030685
vn 0.8924998784581911 -0.4118244416202722 0.18396900890167595
vn 0.9047460763292426 -0.41582612396552543 0.09232102682838758
vn 0.9300620097328757 -0.3146188498425545 0.18973570400794937
vn 0.9892563290546116 -0.10834392417764561 0.09815044329590487
vn 0.9577666673232084 -0.2126539400010939 0.19354925152685531
vn 0.9717970075824495 -0.2148256657256267 0.09726514997334913
vn 0.9748701976354974 -0.10724396267752587 0.19526092858364633
vn 0.9511186802504832 -0.10519833473851907 0.29035593062105963
vn 0.9029933524586444 -0.20270656898137593 0.37883116596618227
vn 0.9347018119238475 -0.20862706263984476 0.2877625262617543
vn 0.9183218378757526 -0.10211714245494297 0.3824357348592531
vn 0.7381996290646129 -0.66998908891177 0.07858707519716003
vn 0.6627240198405068 -0.7341694851163656 0.1476212743828276
vn 0.6682445873474743 -0.740269520971922 0.07382552269239188
vn 0.7309094336496755 -0.6641940173779367 0.15690030937275917
vn 0.8568806736457931 -0.5078659109894675 0.08847444595571148
vn 0.7922166055826412 -0.5868225146508177 0.16742815216685789
vn 0.8013968077411654 -0.5922199950883547 0.08389656703238194
vn 0.8460477430996644 -0.5030447391418098 0.17649137887645586
vn 0.8284172960347443 -0.4945661096862123 0.26292422250589315
vn 0.7565729305697471 -0.564850783868292 0.32945560048735045
vn 0.7771700892278951 -0.577666393050055 0.2496160867212786
vn 0.8043010099061338 -0.4827514805364379 0.34648361217213475
vn -0.456849162484489 -0.29134091212110297 0.8404815974556877
vn -0.5217336342098622 -0.36834179831605124 0.7694922576267205
vn -0.44359948948371486 -0.38256069773948054 0.810473198492627
vn -0.5368595492811231 -0.28028638968364084 0.7957520745205628
vn -0.4706351159604562 -0.09875981626425832 0.8767833747946742
vn -0.5475163267739446 -0.18860929542854593 0.8152621698533021
vn -0.465906231381011 -0.19633006998385086 0.8627780057352413
vn -0.5534061182075063 -0.09479288461426166 0.827499835261015
vn -0.6316560622667042 -0.09006218672577783 0.7699996243660722
vn -0.6965981692296683 -0.1717614079231679 0.6965981692296683
vn -0.624704879057381 -0.1794244892355893 0.7599675432177684
vn -0.7044793658848953 -0.08612575738320925 0.7044793658848953
vn -0.09531126880030685 -0.31773475187703243 0.9433771194433942
vn -0.18396900890167595 -0.4118244416202722 0.8924998784581911
vn -0.09232102682838758 -0.41582612396552543 0.9047460763292426
vn -0.18974109400401334 -0.31462777844128936 0.9300578897462561
vn -0.09815044329590487 -0.10834392417764561 0.9892563290546116
vn -0.19354925152685531 -0.2126539400010939 0.9577666673232084
vn -0.09726514997334913 -0.2148256657256267 0.9717970075824495
vn -0.19526092858364633 -0.10724396267752587 0.9748701976354974
vn -0.2903559245345067 -0.10519833663684605 0.9511186818986117
vn -0.37883116596618227 -0.20270656898137593 0.9029933524586444
vn -0.2877625262617543 -0.20862706263984476 0.9347018119238475
vn -0.3824357348592531 -0.10211714245494297 0.9183218378757526
vn -0.07855674270234493 -0.6699906881551588 0.7382014060955007
vn -0.14734589127348624 -0.7339521781187004 0.6630259335498404
vn -0.0736730647995463 -0.7401182777661903 0.6684289150234677
vn -0.1568670414249415 -0.6641823617272793 0.730927165786687
vn -0.08847444595571148 -0.5078659109894675 0.8568806736457931
vn -0.16739654600920612 -0.5868797323248333 0.7921808986402791
vn -0.08389763396371391 -0.5922886035984124 0.801345990857091
vn -0.17649137887645586 -0.5030447391418098 0.8460477430996644
vn -0.26292422250589315 -0.4945661096862123 0.8284172960347443
vn -0.32945185291210927 -0.5649053946103073 0.7565337875818575
vn -0.24958460107898622 -0.5777251737779511 0.7771365069841202
vn -0.34648361217213475 -0.4827514805364379 0.8043010099061338
vn 0.23802362909810484 -0.8295882008708151 -0.5051021371632591
vn 0.3259431499553311 -0.8476047539223196 -0.41872096212809895
vn 0.24577208298213882 -0.8702279620137474 -0.42696531165426094
vn 0.3155961033622149 -0.8093921534319899 -0.49526098322532175
vn 0.07965375506930314 -0.8534243728489234 -0.5150942817880829
vn 0.16437485676952732 -0.8866659121123156 -0.4322088230936902
vn 0.08231062334456259 -0.8968714954426503 -0.4345647039821499
vn 0.15912806253464234 -0.844288131377907 -0.5117184879681143
vn 0.0736730647995463 -0.7401182777661903 -0.6684289150234677
vn 0.15265789661018725 -0.7936562316879556 -0.5889018190712499
vn 0.07635899825462956 -0.8013116323085285 -0.593354001682462
vn 0.14737573590441405 -0.7339488879456809 -0.663022942551712
vn 0.26166933117020075 -0.9491998910660521 -0.17478194393338992
vn 0.3494472741739475 -0.9330089528248263 -0.08591214420045061
vn 0.263657088428951 -0.9606286821308658 -0.08762120056632383
vn 0.34673081832203667 -0.9221434328226212 -0.17154949410547096
vn 0.08786427657172771 -0.9802405479953946 -0.17722397402218298
vn 0.1766111702314648 -0.9802880886479104 -0.08856499198046182
vn 0.08856516264726047 -0.9921006485599568 -0.08883982829889726
vn 0.17523888283463082 -0.9685442144533559 -0.17667325375336923
vn 0.084476908786499 -0.9326946912204684 -0.35063408968757276
vn 0.1726173453608197 -0.9490291438449837 -0.2637175311075103
vn 0.08655326731885955 -0.9604483156284374 -0.264665005096872
vn 0.16858833818846944 -0.9218035007099612 -0.3490791862969076
vn 0.5880047832322322 -0.7940979002126662 -0.1538144979312742
vn 0.6682445873474743 -0.740269520971922 -0.07382552269239188
vn 0.5928632328934967 -0.8016135303106547 -0.07699957860898023
vn 0.6627240198405068 -0.7341694851163656 -0.1476212743828276
vn 0.4299199742417513 -0.887276500140778 -0.16706055203399742
vn 0.514191928245796 -0.8538736150136044 -0.08066294384951
vn 0.433397932793488 -0.8973146942864669 -0.0836215957029999
vn 0.5100009086493348 -0.8449456103789436 -0.16113965582130144
vn 0.41469825897822993 -0.8481049252053163 -0.32976262651020655
vn 0.5028098124942356 -0.8302237225279755 -0.2406467598188331
vn 0.42360376655212734 -0.8708292706951698 -0.24943181485802737
vn 0.4926487160996987 -0.8099313898071436 -0.31828978357840365
vn -0.3259431499553311 0.8476047539223196 -0.41872096212809895
vn -0.23802362909810484 0.8295882008708151 -0.5051021371632591
vn -0.3155961033622149 0.8093921534319899 -0.49526098322532175
vn -0.24577208298213882 0.8702279620137474 -0.42696531165426094
vn -0.16437485676952732 0.8866659121123156 -0.4322088230936902
vn -0.07965375506930314 0.8534243728489234 -0.5150942817880829
vn -0.15912806253464234 0.844288131377907 -0.5117184879681143
vn -0.08231062334456259 0.8968714954426503 -0.4345647039821499
vn -0.15265789661018725 0.7936562316879556 -0.5889018190712499
vn -0.0736730647995463 0.7401182777661903 -0.6684289150234677
vn -0.14734589127348624 0.7339521781187004 -0.6630259335498404
vn -0.07635899825462956 0.8013116323085285 -0.593354001682462
vn -0.3494472741739475 0.9330089528248263 -0.08591214420045061
vn -0.26166933117020075 0.9491998910660521 -0.17478194393338992
vn -0.34673081832203667 0.9221434328226212 -0.17154949410547096
vn -0.263657088428951 0.9606286821308658 -0.08762120056632383
vn -0.1766111702314648 0.9802880886479104 -0.08856499198046182
vn -0.08786427657172771 0.9802405479953946 -0.17722397402218298
vn -0.17523888283463082 0.9685442144533559 -0.17667325375336923
vn -0.08856516264726047 0.9921006485599568 -0.08883982829889726
vn -0.1726173453608197 0.9490291438449837 -0.2637175311075103
vn -0.08447781045279172 0.932704669464458 -0.3506073289312396
vn -0.16858833818846944 0.9218035007099612 -0.3490791862969076
vn -0.08655326731885955 0.9604483156284374 -0.264665005096872
vn -0.6682445873474743 0.740269520971922 -0.07382552269239188
vn -0.5880047832322322 0.7940979002126662 -0.1538144979312742
vn -0.6627240198405068 0.7341694851163656 -0.1476212743828276
vn -0.5928632328934967 0.8016135303106547 -0.07699957860898023
vn -0.514191928245796 0.8538736150136044 -0.08066294384951
vn -0.4299199742417513 0.887276500140778 -0.16706055203399742
vn -0.5100009086493348 0.8449456103789436 -0.16113965582130144
vn -0.433397932793488 0.8973146942864669 -0.0836215957029999
vn -0.5028098124942356 0.8302237225279755 -0.2406467598188331
vn -0.41469825897822993 0.8481049252053163 -0.32976262651020655
vn -0.4926487160996987 0.8099313898071436 -0.31828978357840365
vn -0.42360376655212734 0.8708292706951698 -0.24943181485802737
vn -0.2577644524230284 0.9303142203428733 0.2609079119055
vn -0.34673081832203667 0.9221434328226212 0.17154949410547096
vn -0.34157565030763676 0.9042659943582831 0.25618174518130815
vn -0.26166933117020075 0.9491998910660521 0.17478194393338992
vn -0.08655326731885955 0.9604483156284374 0.264665005096872
vn -0.17523888283463082 0.9685442144533559 0.17667325375336923
vn -0.1726173453608197 0.9490291438449837 0.2637175311075103
vn -0.08786427657172771 0.9802405479953946 0.17722397402218298
vn -0.08856516264726047 0.9921006485599568 0.08883982829889726
vn -0.1767338127424124 0.9842586852212836 0
vn -0.1766111702314648 0.9802880886479104 0.08856499198046182
vn -0.0886259192816535 0.9960649810285884 0
vn -0.22840204116007357 0.7811874501385494 0.5810152109368079
vn -0.3155961033622149 0.8093921534319899 0.49526098322532175
vn -0.30284253400451916 0.7640189533520904 0.5697029388343525
vn -0.23802362909810484 0.8295882008708151 0.5051021371632591
vn -0.07635899825462956 0.8013116323085285 0.593354001682462
vn -0.15912806253464234 0.844288131377907 0.5117184879681143
vn -0.15265789661018725 0.7936562316879556 0.5889018190712499
vn -0.07965375506930314 0.8534243728489234 0.5150942817880829
vn -0.08231062334456259 0.8968714954426503 0.4345647039821499
vn -0.16858833818846944 0.9218035007099612 0.3490791862969076
vn -0.16437485676952732 0.8866659121123156 0.4322088230936902
vn -0.084476908786499 0.9326946912204684 0.35063408968757276
vn -0.5160802435827292 0.683356203385494 0.5164159965358881
vn -0.6044077785562693 0.6697500250946167 0.4314233896144669
vn -0.5811490927359017 0.6439273198584421 0.4976176632236461
vn -0.5367985324998653 0.7146632018359794 0.4484460318115628
vn -0.3757800364364704 0.7419161011980098 0.5552925922420987
vn -0.46535933067089685 0.7518751743755305 0.46703791657134264
vn -0.4476257591797566 0.7145776319451639 0.5375964914714273
vn -0.39149438766541544 0.7834770565365723 0.4825928369829685
vn -0.404475228058359 0.8186251837023666 0.4077408472245637
vn -0.4926487160996987 0.8099313898071436 0.31828978357840365
vn -0.48040874280679924 0.7836207500857694 0.39388571930168653
vn -0.41469825897822993 0.8481049252053163 0.32976262651020655
vn 0.4299199742417513 0.887276500140778 0.16706055203399742
vn 0.34157565030763676 0.9042659943582831 0.25618174518130815
vn 0.42360376655212734 0.8708292706951698 0.24943181485802737
vn 0.34673081832203667 0.9221434328226212 0.17154949410547096
vn 0.5880047832322322 0.7940979002126662 0.1538144979312742
vn 0.5028098124942356 0.8302237225279755 0.2406467598188331
vn 0.5798316402982995 0.7816542124194757 0.2298085314253427
vn 0.5100009086493348 0.8449456103789436 0.16113965582130144
vn 0.5942665947303446 0.8042681234436688 0
vn 0.5141906828380479 0.8538714999203686 0.08069326679644452
vn 0.5928632328934967 0.8016135303106547 0.07699957860898023
vn 0.5151957105886948 0.8570725639005193 0
vn 0.39149438766541544 0.7834770565365723 0.4825928369829685
vn 0.30284253400451916 0.7640189533520904 0.5697029388343525
vn 0.3757800364364704 0.7419161011980098 0.5552925922420987
vn 0.3155961033622149 0.8093921534319899 0.49526098322532175
vn 0.5367985324998653 0.7146632018359794 0.4484460318115628
vn 0.4476257591797566 0.7145776319451639 0.5375964914714273
vn 0.5160802435827292 0.683356203385494 0.5164159965358881
vn 0.46535933067089685 0.7518751743755305 0.46703791657134264
vn 0.5684291105256554 0.7643960092626059 0.3042812635217853
vn 0.48040874280679924 0.7836207500857694 0.39388571930168653
vn 0.5542015524202304 0.7420789125075528 0.3770670058578639
vn 0.4926487160996987 0.8099313898071436 0.31828978357840365
vn 0.07965375506930314 0.8534243728489234 0.5150942817880829
vn 0 0.8041774198311027 0.5943893315275689
vn 0.07635899825462956 0.8013116323085285 0.593354001682462
vn 0 0.8569241899624943 0.5154424629938076
vn 0.23802362909810484 0.8295882008708151 0.5051021371632591
vn 0.15265789661018725 0.7936562316879556 0.5889018190712499
vn 0.22840204116007357 0.7811874501385494 0.5810152109368079
vn 0.15912806253464234 0.844288131377907 0.5117184879681143
vn 0.2519654906342156 0.9040971314764258 0.3451402155437085
vn 0.16437485676952732 0.8866659121123156 0.4322088230936902
vn 0.24577208298213882 0.8702279620137474 0.42696531165426094
vn 0.16858833818846944 0.9218035007099612 0.3490791862969076
vn 0.3155961033622149 0.8093921534319899 -0.49526098322532175
vn 0.404475228058359 0.8186251837023666 -0.4077408472245637
vn 0.39149438766541544 0.7834770565365723 -0.4825928369829685
vn 0.3259431499553311 0.8476047539223196 -0.41872096212809895
vn 0.4653659755100607 0.7518858900152919 -0.467014043936028
vn 0.5542015524202304 0.7420789125075528 -0.3770670058578639
vn 0.5367985324998653 0.7146632018359794 -0.4484460318115628
vn 0.48040874280679924 0.7836207500857694 -0.39388571930168653
vn 0.4313301394072509 0.669564239372654 -0.6046801139381394
vn 0.5160802435827292 0.683356203385494 -0.5164159965358881
vn 0.4976204998517573 0.6438394696191715 -0.5812439896358425
vn 0.4476257591797566 0.7145776319451639 -0.5375964914714273
vn 0.34673081832203667 0.9221434328226212 -0.17154949410547096
vn 0.433397932793488 0.8973146942864669 -0.0836215957029999
vn 0.4299199742417513 0.887276500140778 -0.16706055203399742
vn 0.3494472741739475 0.9330089528248263 -0.08591214420045061
vn 0.5100009086493348 0.8449456103789436 -0.16113965582130144
vn 0.5928632328934967 0.8016135303106547 -0.07699957860898023
vn 0.5880047832322322 0.7940979002126662 -0.1538144979312742
vn 0.514191928245796 0.8538736150136044 -0.08066294384951
vn 0.4926487160996987 0.8099313898071436 -0.31828978357840365
vn 0.5798316402982995 0.7816542124194757 -0.2298085314253427
vn 0.5684291105256554 0.7643960092626059 -0.3042812635217853
vn 0.5028098124942356 0.8302237225279755 -0.2406467598188331
vn 0 0.9842639942970645 -0.1767042431023891
vn 0.08856516264726047 0.9921006485599568 -0.08883982829889726
vn 0.08786379454522447 0.9802352448927383 -0.17725354235723426
vn 0 0.9960703678974089 -0.08856535551061043
vn 0.17523888283463082 0.9685442144533559 -0.17667325375336923
vn 0.263657088428951 0.9606286821308658 -0.08762120056632383
vn 0.26166933117020075 0.9491998910660521 -0.17478194393338992
vn 0.1766111702314648 0.9802880886479104 -0.08856499198046182
vn 0.16858833818846944 0.9218035007099612 -0.3490791862969076
vn 0.2577644524230284 0.9303142203428733 -0.2609079119055
vn 0.2519654906342156 0.9040971314764258 -0.3451402155437085
vn 0.1726173453608197 0.9490291438449837 -0.2637175311075103
vn 0.34673081832203667 -0.9221434328226212 0.17154949410547096
vn 0.2577644524230284 -0.9303142203428733 0.2609079119055
vn 0.26166933117020075 -0.9491998910660521 0.17478194393338992
vn 0.34157565030763676 -0.9042659943582831 0.25618174518130815
vn 0.17523888283463082 -0.9685442144533559 0.17667325375336923
vn 0.08655326731885955 -0.9604483156284374 0.264665005096872
vn 0.08786427657172771 -0.9802405479953946 0.17722397402218298
vn 0.1726173453608197 -0.9490291438449837 0.2637175311075103
vn 0.1767338127424124 -0.9842586852212836 0
vn 0.08856516264726047 -0.9921006485599568 0.08883982829889726
vn 0.0886259192816535 -0.9960649810285884 0
vn 0.1766111702314648 -0.9802880886479104 0.08856499198046182
vn 0.3155961033622149 -0.8093921534319899 0.49526098322532175
vn 0.22840204116007357 -0.7811874501385494 0.5810152109368079
vn 0.23802362909810484 -0.8295882008708151 0.5051021371632591
vn 0.30284253400451916 -0.7640189533520904 0.5697029388343525
vn 0.15912806253464234 -0.844288131377907 0.5117184879681143
vn 0.07635899825462956 -0.8013116323085285 0.593354001682462
vn 0.07965375506930314 -0.8534243728489234 0.5150942817880829
vn 0.15265789661018725 -0.7936562316879556 0.5889018190712499
vn 0.16858833818846944 -0.9218035007099612 0.3490791862969076
vn 0.08231062334456259 -0.8968714954426503 0.4345647039821499
vn 0.08447781045279172 -0.932704669464458 0.3506073289312396
vn 0.16437485676952732 -0.8866659121123156 0.4322088230936902
vn 0.6044077785562693 -0.6697500250946167 0.4314233896144669
vn 0.5160802435827292 -0.683356203385494 0.5164159965358881
vn 0.5367985324998653 -0.7146632018359794 0.4484460318115628
vn 0.5811376575111062 -0.6439452110736115 0.4976078658520846
vn 0.4653659755100607 -0.7518858900152919 0.467014043936028
vn 0.3757800364364704 -0.7419161011980098 0.5552925922420987
vn 0.39149438766541544 -0.7834770565365723 0.4825928369829685
vn 0.4476257591797566 -0.7145776319451639 0.5375964914714273
vn 0.4926487160996987 -0.8099313898071436 0.31828978357840365
vn 0.404475228058359 -0.8186251837023666 0.4077408472245637
vn 0.41469825897822993 -0.8481049252053163 0.32976262651020655
vn 0.48040874280679924 -0.7836207500857694 0.39388571930168653
vn -0.34157565030763676 -0.9042659943582831 0.25618174518130815
vn -0.4299199742417513 -0.887276500140778 0.16706055203399742
vn -0.34673081832203667 -0.9221434328226212 0.17154949410547096
vn -0.42360376655212734 -0.8708292706951698 0.24943181485802737
vn -0.5028098124942356 -0.8302237225279755 0.2406467598188331
vn -0.5880047832322322 -0.7940979002126662 0.1538144979312742
vn -0.5100009086493348 -0.8449456103789436 0.16113965582130144
vn -0.5798316402982995 -0.7816542124194757 0.2298085314253427
vn -0.514191928245796 -0.8538736150136044 0.08066294384951
vn -0.5942665947303446 -0.8042681234436688 0
vn -0.5151957105886948 -0.8570725639005193 0
vn -0.5928632328934967 -0.8016135303106547 0.07699957860898023
vn -0.30284253400451916 -0.7640189533520904 0.5697029388343525
vn -0.39149438766541544 -0.7834770565365723 0.4825928369829685
vn -0.3155961033622149 -0.8093921534319899 0.49526098322532175
vn -0.3757800364364704 -0.7419161011980098 0.5552925922420987
vn -0.4476257591797566 -0.7145776319451639 0.5375964914714273
vn -0.5367985324998653 -0.7146632018359794 0.4484460318115628
vn -0.4653659755100607 -0.7518858900152919 0.467014043936028
vn -0.5160802435827292 -0.683356203385494 0.5164159965358881
vn -0.48040874280679924 -0.7836207500857694 0.39388571930168653
vn -0.5684291105256554 -0.7643960092626059 0.3042812635217853
vn -0.4926487160996987 -0.8099313898071436 0.31828978357840365
vn -0.5542015524202304 -0.7420789125075528 0.3770670058578639
vn 0 -0.8041774198311027 0.5943893315275689
vn -0.07965375506930314 -0.8534243728489234 0.5150942817880829
vn 0 -0.8569241899624943 0.5154424629938076
vn -0.07635899825462956 -0.8013116323085285 0.593354001682462
vn -0.15265789661018725 -0.7936562316879556 0.5889018190712499
vn -0.23802362909810484 -0.8295882008708151 0.5051021371632591
vn -0.15912806253464234 -0.844288131377907 0.5117184879681143
vn -0.22840204116007357 -0.7811874501385494 0.5810152109368079
vn -0.16437485676952732 -0.8866659121123156 0.4322088230936902
vn -0.2519654906342156 -0.9040971314764258 0.3451402155437085
vn -0.16858833818846944 -0.9218035007099612 0.3490791862969076
vn -0.24577208298213882 -0.8702279620137474 0.42696531165426094
vn -0.404475228058359 -0.8186251837023666 -0.4077408472245637
vn -0.3155961033622149 -0.8093921534319899 -0.49526098322532175
vn -0.3259431499553311 -0.8476047539223196 -0.41872096212809895
vn -0.39149438766541544 -0.7834770565365723 -0.4825928369829685
vn -0.5542015524202304 -0.7420789125075528 -0.3770670058578639
vn -0.4653659755100607 -0.7518858900152919 -0.467014043936028
vn -0.48040874280679924 -0.7836207500857694 -0.39388571930168653
vn -0.5367985324998653 -0.7146632018359794 -0.4484460318115628
vn -0.5160802435827292 -0.683356203385494 -0.5164159965358881
vn -0.4313301394072509 -0.669564239372654 -0.6046801139381394
vn -0.4476257591797566 -0.7145776319451639 -0.5375964914714273
vn -0.4976204998517573 -0.6438394696191715 -0.5812439896358425
vn -0.433397932793488 -0.8973146942864669 -0.0836215957029999
vn -0.34673081832203667 -0.9221434328226212 -0.17154949410547096
vn -0.3494472741739475 -0.9330089528248263 -0.08591214420045061
vn -0.4299199742417513 -0.887276500140778 -0.16706055203399742
vn -0.5928632328934967 -0.8016135303106547 -0.07699957860898023
vn -0.5100009086493348 -0.8449456103789436 -0.16113965582130144
vn -0.5141906828380479 -0.8538714999203686 -0.08069326679644452
vn -0.5880047832322322 -0.7940979002126662 -0.1538144979312742
vn -0.5798316402982995 -0.7816542124194757 -0.2298085314253427
vn -0.4926487160996987 -0.8099313898071436 -0.31828978357840365
vn -0.5028098124942356 -0.8302237225279755 -0.2406467598188331
vn -0.5684291105256554 -0.7643960092626059 -0.3042812635217853
vn -0.08856516264726047 -0.9921006485599568 -0.08883982829889726
vn 0 -0.9842639942970645 -0.1767042431023891
vn 0 -0.9960703678974089 -0.08856535551061043
vn -0.08786427657172771 -0.9802405479953946 -0.17722397402218298
vn -0.263657088428951 -0.9606286821308658 -0.08762120056632383
vn -0.17523888283463082 -0.9685442144533559 -0.17667325375336923
vn -0.1766111702314648 -0.9802880886479104 -0.08856499198046182
vn -0.26166933117020075 -0.9491998910660521 -0.17478194393338992
vn -0.2577644524230284 -0.9303142203428733 -0.2609079119055
vn -0.16858833818846944 -0.9218035007099612 -0.3490791862969076
vn -0.1726173453608197 -0.9490291438449837 -0.2637175311075103
vn -0.2519654906342156 -0.9040971314764258 -0.3451402155437085
vn 0.27387689039364327 -0.4044979290447862 0.8725668308541114
vn 0.18974109400401334 -0.31462777844128936 0.9300578897462561
vn 0.18396900890167595 -0.4118244416202722 0.8924998784581911
vn 0.2822096167095544 -0.3088527422064461 0.9082773342257334
vn 0.2877625262617543 -0.20862706263984476 0.9347018119238475
vn 0.19526092858364633 -0.10724396267752587 0.9748701976354974
vn 0.19354925152685531 -0.2126539400010939 0.9577666673232084
vn 0.2903559245345067 -0.10519833663684605 0.9511186818986117
vn 0.09726514997334913 -0.2148256657256267 0.9717970075824495
vn 0 -0.10852537000896983 0.9940936797225985
vn 0 -0.21518838237059507 0.9765725575156853
vn 0.09815044329590487 -0.10834392417764561 0.9892563290546116
vn 0.5963357457398907 -0.3512704535185221 0.721798272952866
vn 0.5368595492811231 -0.28028638968364084 0.7957520745205628
vn 0.5217336342098622 -0.36834179831605124 0.7694922576267205
vn 0.6128487131814934 -0.2669482292508209 0.7437439731867671
vn 0.624704879057381 -0.1794244892355893 0.7599675432177684
vn 0.5534061182075063 -0.09479288461426166 0.827499835261015
vn 0.5475163267739446 -0.18860929542854593 0.8152621698533021
vn 0.6316560622667042 -0.09006218672577783 0.7699996243660722
vn 0.465906231381011 -0.19633006998385086 0.8627780057352413
vn 0.3824357348592531 -0.10211714245494297 0.9183218378757526
vn 0.37883116596618227 -0.20270656898137593 0.9029933524586444
vn 0.4706351159604562 -0.09875981626425832 0.8767833747946742
vn 0.4976204998517573 -0.6438394696191715 0.5812439896358425
vn 0.4551663888430634 -0.6036127664663963 0.6545801605810774
vn 0.4313301394072509 -0.669564239372654 0.6046801139381394
vn 0.5233125089709332 -0.5794678265476036 0.6247888090793106
vn 0.5513333782695871 -0.5086061454807479 0.6613254076361053
vn 0.5028974091019072 -0.45196071345839345 0.7367670659094157
vn 0.48059002020946273 -0.5305809099940044 0.6982242694328252
vn 0.575808276516535 -0.43175702526024334 0.6942843076387967
vn 0.4065785474659409 -0.5494089812683068 0.7299614072279486
vn 0.34648361217213475 -0.4827514805364379 0.8043010099061338
vn 0.32945185291210927 -0.5649053946103073 0.7565337875818575
vn 0.42674902119776026 -0.4689874951278671 0.773263216712422
vn 0.2629202297267588 0.49458915180071766 0.8284048066745359
vn 0.18396900890167595 0.4118244416202722 0.8924998784581911
vn 0.27387689039364327 0.4044979290447862 0.8725668308541114
vn 0.17649137887645586 0.5030447391418098 0.8460477430996644
vn 0.23420557912945872 0.6544877202955262 0.7188835585037399
vn 0.16739654600920612 0.5868797323248333 0.7921808986402791
vn 0.24958460107898622 0.5777251737779511 0.7771365069841202
vn 0.1568670414249415 0.6641823617272793 0.730927165786687
vn 0.07855674270234493 0.6699906881551588 0.7382014060955007
vn 0 0.5936871879524394 0.8046959195007298
vn 0.08389763396371391 0.5922886035984124 0.801345990857091
vn 0 0.6717304494398965 0.7407956555591259
vn 0.575808276516535 0.43175702526024334 0.6942843076387967
vn 0.5217336342098622 0.36834179831605124 0.7694922576267205
vn 0.5963421581569713 0.3512437061795888 0.7218059914366965
vn 0.5028974091019072 0.45196071345839345 0.7367670659094157
vn 0.5233125089709332 0.5794678265476036 0.6247888090793106
vn 0.48059002020946273 0.5305809099940044 0.6982242694328252
vn 0.5513333782695871 0.5086061454807479 0.6613254076361053
vn 0.4551663888430634 0.6036127664663963 0.6545801605810774
vn 0.3833182401865999 0.624143483826585 0.6808171842257373
vn 0.32945753412370754 0.5648846332791686 0.7565468156658816
vn 0.4065785474659409 0.5494089812683068 0.7299614072279486
vn 0.3097659827048275 0.6409867160808745 0.7022685140078322
vn 0.6334870508861354 0 0.7737532916631675
vn 0.5534061182075063 0.09479288461426166 0.827499835261015
vn 0.5544748153082512 0 0.8322005041988864
vn 0.6316560622667042 0.09006218672577783 0.7699996243660722
vn 0.6128487131814934 0.2669482292508209 0.7437439731867671
vn 0.5475163267739446 0.18860929542854593 0.8152621698533021
vn 0.624704879057381 0.1794244892355893 0.7599675432177684
vn 0.5368595492811231 0.28028638968364084 0.7957520745205628
vn 0.456849162484489 0.29134091212110297 0.8404815974556877
vn 0.37883116596618227 0.20270656898137593 0.9029933524586444
vn 0.465906231381011 0.19633006998385086 0.8627780057352413
vn 0.3715073333493635 0.3004897129404255 0.8784578724586775
vn -0.44359948948371486 0.38256069773948054 0.810473198492627
vn -0.5028974091019072 0.45196071345839345 0.7367670659094157
vn -0.5217558428293021 0.3683359401796336 0.769480003408451
vn -0.42674902119776026 0.4689874951278671 0.773263216712422
vn -0.4065785474659409 0.5494089812683068 0.7299614072279486
vn -0.4551663888430634 0.6036127664663963 0.6545801605810774
vn -0.48059002020946273 0.5305809099940044 0.6982242694328252
vn -0.3833182401865999 0.624143483826585 0.6808171842257373
vn -0.5513333782695871 0.5086061454807479 0.6613254076361053
vn -0.5867838828583659 0.5580047935594453 0.5867838828583659
vn -0.6168636971011376 0.48883367150538176 0.6168636971011376
vn -0.5233125089709332 0.5794678265476036 0.6247888090793106
vn -0.09232102682838758 0.41582612396552543 0.9047460763292426
vn -0.17649137887645586 0.5030447391418098 0.8460477430996644
vn -0.18396900890167595 0.4118244416202722 0.8924998784581911
vn -0.08847444595571148 0.5078659109894675 0.8568806736457931
vn -0.08389763396371391 0.5922886035984124 0.801345990857091
vn -0.1568670414249415 0.6641823617272793 0.730927165786687
vn -0.16739654600920612 0.5868797323248333 0.7921808986402791
vn -0.07855674270234493 0.6699906881551588 0.7382014060955007
vn -0.24958460107898622 0.5777251737779511 0.7771365069841202
vn -0.3097659827048275 0.6409867160808745 0.7022685140078322
vn -0.32945753412370754 0.5648846332791686 0.7565468156658816
vn -0.23420557912945872 0.6544877202955262 0.7188835585037399
vn -0.09799579174136065 0 0.995186829093404
vn -0.19526092858364633 0.10724396267752587 0.9748701976354974
vn -0.19501849024970036 0 0.9807995658954622
vn -0.09815012195494426 0.10837409128449296 0.9892530565525133
vn -0.09726514997334913 0.2148256657256267 0.9717970075824495
vn -0.18973570400794937 0.3146188498425545 0.9300620097328757
vn -0.19351986864412324 0.2126551926490321 0.9577723265366171
vn -0.0953121954889155 0.3177073133293315 0.9433862668324894
vn -0.2877345630595598 0.2086289041312157 0.9347100093515273
vn -0.3715073333493635 0.3004897129404255 0.8784578724586775
vn -0.37883116596618227 0.20270656898137593 0.9029933524586444
vn -0.2822096167095544 0.3088527422064461 0.9082773342257334
vn 0.8725668308541114 -0.4044979290447862 -0.27387689039364327
vn 0.9300620097328757 -0.3146188498425545 -0.18973570400794937
vn 0.8924998784581911 -0.4118244416202722 -0.18396900890167595
vn 0.9082773342257334 -0.3088527422064461 -0.2822096167095544
vn 0.9347018119238475 -0.20862706263984476 -0.2877625262617543
vn 0.9748701976354974 -0.10724396267752587 -0.19526092858364633
vn 0.9577666673232084 -0.2126539400010939 -0.19354925152685531
vn 0.9511186802504832 -0.10519833473851907 -0.29035593062105963
vn 0.9717970075824495 -0.2148256657256267 -0.09726514997334913
vn 0.9940936797225985 -0.10852537000896983 0
vn 0.9765725575156853 -0.21518838237059507 0
vn 0.9892563290546116 -0.10834392417764561 -0.09815044329590487
vn 0.721798272952866 -0.3512704535185221 -0.5963357457398907
vn 0.795752074520563 -0.28028638968364084 -0.5368595492811231
vn 0.7694922576267205 -0.36834179831605124 -0.5217336342098622
vn 0.7437439731867671 -0.2669482292508209 -0.6128487131814934
vn 0.7599675432177684 -0.1794244892355893 -0.624704879057381
vn 0.827499835261015 -0.09479288461426166 -0.5534061182075063
vn 0.8152621698533021 -0.18860929542854593 -0.5475163267739446
vn 0.7699996243660722 -0.09006218672577783 -0.6316560622667042
vn 0.8627780057352413 -0.19633006998385086 -0.465906231381011
vn 0.9183218378757526 -0.10211714245494297 -0.3824357348592531
vn 0.9029933524586444 -0.20270656898137593 -0.37883116596618227
vn 0.8767833747946742 -0.09875981626425832 -0.4706351159604562
vn 0.5811490927359017 -0.6439273198584421 -0.4976176632236461
vn 0.6545506497292652 -0.6036442316744379 -0.45516709954166734
vn 0.6044271727665851 -0.6697376460421649 -0.43141543585654457
vn 0.6247602149997327 -0.5794696296628785 -0.5233446493964128
vn 0.6613254076361053 -0.5086061454807479 -0.5513333782695871
vn 0.7367670659094154 -0.45196071345839334 -0.5028974091019071
vn 0.6982253246785312 -0.5305512134802313 -0.48062127070304955
vn 0.6942843076387967 -0.43175702526024334 -0.575808276516535
vn 0.7299645811812292 -0.5493808738401678 -0.4066108282861223
vn 0.8042925072443111 -0.4827463670228347 -0.34651047302630605
vn 0.7565729305697471 -0.564850783868292 -0.32945560048735045
vn 0.7732632167124223 -0.4689874951278672 -0.42674902119776037
vn 0.8284172960347443 0.4945661096862123 -0.26292422250589315
vn 0.8924998784581911 0.4118244416202722 -0.18396900890167595
vn 0.8725668308541114 0.4044979290447862 -0.27387689039364327
vn 0.8460477430996644 0.5030447391418098 -0.17649137887645586
vn 0.7188835585037399 0.6544877202955262 -0.23420557912945872
vn 0.7922166055826412 0.5868225146508177 -0.16742815216685789
vn 0.7771700892278951 0.577666393050055 -0.2496160867212786
vn 0.7309094336496755 0.6641940173779367 -0.15690030937275917
vn 0.7381996290646129 0.66998908891177 -0.07858707519716003
vn 0.8047358490375057 0.5936330628206997 0
vn 0.8013968077411654 0.5922199950883547 -0.08389656703238194
vn 0.7408246264120569 0.6716984985106311 0
vn 0.6942843076387967 0.43175702526024334 -0.575808276516535
vn 0.769480003408451 0.3683359401796336 -0.5217558428293021
vn 0.721798272952866 0.3512704535185221 -0.5963357457398907
vn 0.7367670659094154 0.45196071345839334 -0.5028974091019071
vn 0.6247602149997327 0.5794696296628785 -0.5233446493964128
vn 0.6982253246785312 0.5305512134802313 -0.48062127070304955
vn 0.6613142662350809 0.5085976256062222 -0.5513546014151597
vn 0.6545506497292652 0.6036442316744379 -0.45516709954166734
vn 0.6807928500262901 0.6241491270916496 -0.38335226946480083
vn 0.7565729305697471 0.564850783868292 -0.32945560048735045
vn 0.7299788250698003 0.5493686536686836 -0.40660176747767823
vn 0.7022530461318204 0.6410004571202393 -0.30977261526839933
vn 0.7737532916631675 0 -0.6334870508861354
vn 0.827499835261015 0.09479288461426166 -0.5534061182075063
vn 0.8322005041988864 0 -0.5544748153082512
vn 0.7699996243660722 0.09006218672577783 -0.6316560622667042
vn 0.7437439731867671 0.2669482292508209 -0.6128487131814934
vn 0.8152621698533021 0.18860929542854593 -0.5475163267739446
vn 0.7599675432177684 0.1794244892355893 -0.624704879057381
vn 0.795752074520563 0.28028638968364084 -0.5368595492811231
vn 0.8404815974556877 0.29134091212110297 -0.456849162484489
vn 0.9029933524586444 0.20270656898137593 -0.37883116596618227
vn 0.8627780057352413 0.19633006998385086 -0.465906231381011
vn 0.8784578724586772 0.3004897129404254 -0.37150733334936337
vn 0.810473198492627 0.38256069773948054 0.44359948948371486
vn 0.7367670659094154 0.45196071345839334 0.5028974091019071
vn 0.7694922576267205 0.36834179831605124 0.5217336342098622
vn 0.7732632167124223 0.4689874951278672 0.42674902119776037
vn 0.7299788250698003 0.5493686536686836 0.40660176747767823
vn 0.6545506497292652 0.6036442316744379 0.45516709954166734
vn 0.6982253246785312 0.5305512134802313 0.48062127070304955
vn 0.6807928500262901 0.6241491270916496 0.38335226946480083
vn 0.6613254076361053 0.5086061454807479 0.5513333782695871
vn 0.5867838828583659 0.5580047935594453 0.5867838828583659
vn 0.6168636971011376 0.48883367150538176 0.6168636971011376
vn 0.6247602149997327 0.5794696296628785 0.5233446493964128
vn 0.9047460763292426 0.41582612396552543 0.09232102682838758
vn 0.8460477430996644 0.5030447391418098 0.17649137887645586
vn 0.8924998784581911 0.4118244416202722 0.18396900890167595
vn 0.8568806736457931 0.5078659109894675 0.08847444595571148
vn 0.8013968077411654 0.5922199950883547 0.08389656703238194
vn 0.7309094336496755 0.6641940173779367 0.15690030937275917
vn 0.7922166055826412 0.5868225146508177 0.16742815216685789
vn 0.7381996290646129 0.66998908891177 0.07858707519716003
vn 0.7771700892278951 0.577666393050055 0.2496160867212786
vn 0.7022530461318204 0.6410004571202393 0.30977261526839933
vn 0.7565729305697471 0.564850783868292 0.32945560048735045
vn 0.7188835585037399 0.6544877202955262 0.23420557912945872
vn 0.995186829093404 0 0.09799579174136065
vn 0.9748701976354974 0.10724396267752587 0.19526092858364633
vn 0.9807995658954622 0 0.19501849024970036
vn 0.9892530565525133 0.10837409128449296 0.09815012195494426
vn 0.9717970075824495 0.2148256657256267 0.09726514997334913
vn 0.9300620097328757 0.3146188498425545 0.18973570400794937
vn 0.9577723265366171 0.2126551926490321 0.19351986864412324
vn 0.9433862668324894 0.3177073133293315 0.0953121954889155
vn 0.9347100093515273 0.2086289041312157 0.2877345630595598
vn 0.8784578724586772 0.3004897129404254 0.37150733334936337
vn 0.9029933524586444 0.20270656898137593 0.37883116596618227
vn 0.9082773342257334 0.3088527422064461 0.2822096167095544
vn -0.27387689039364327 -0.4044979290447862 -0.8725668308541114
vn -0.18973570400794937 -0.3146188498425545 -0.9300620097328757
vn -0.18396900890167595 -0.4118244416202722 -0.8924998784581911
vn -0.2822096167095544 -0.3088527422064461 -0.9082773342257334
vn -0.2877625262617543 -0.20862706263984476 -0.9347018119238475
vn -0.19526092858364633 -0.10724396267752587 -0.9748701976354974
vn -0.19354925152685531 -0.2126539400010939 -0.9577666673232084
vn -0.2903559245345067 -0.10519833663684605 -0.9511186818986117
vn -0.09726514997334913 -0.2148256657256267 -0.9717970075824495
vn 0 -0.10852537000896983 -0.9940936797225985
vn 0 -0.21518838237059507 -0.9765725575156853
vn -0.09815044329590487 -0.10834392417764561 -0.9892563290546116
vn -0.5963357457398907 -0.3512704535185221 -0.721798272952866
vn -0.5368595492811231 -0.28028638968364084 -0.7957520745205628
vn -0.5217336342098622 -0.36834179831605124 -0.7694922576267205
vn -0.6128487131814934 -0.2669482292508209 -0.7437439731867671
vn -0.624704879057381 -0.1794244892355893 -0.7599675432177684
vn -0.5534061182075063 -0.09479288461426166 -0.827499835261015
vn -0.5475163267739446 -0.18860929542854593 -0.8152621698533021
vn -0.6316560622667042 -0.09006218672577783 -0.7699996243660722
vn -0.465906231381011 -0.19633006998385086 -0.8627780057352413
vn -0.3824357348592531 -0.10211714245494297 -0.9183218378757526
vn -0.37883116596618227 -0.20270656898137593 -0.9029933524586444
vn -0.4706351159604562 -0.09875981626425832 -0.8767833747946742
vn -0.4976204998517573 -0.6438394696191715 -0.5812439896358425
vn -0.4551663888430634 -0.6036127664663963 -0.6545801605810774
vn -0.4313301394072509 -0.669564239372654 -0.6046801139381394
vn -0.5233125089709332 -0.5794678265476036 -0.6247888090793106
vn -0.5513333782695871 -0.5086061454807479 -0.6613254076361053
vn -0.5028974091019072 -0.45196071345839345 -0.7367670659094157
vn -0.48059002020946273 -0.5305809099940044 -0.6982242694328252
vn -0.575808276516535 -0.43175702526024334 -0.6942843076387967
vn -0.4065785474659409 -0.5494089812683068 -0.7299614072279486
vn -0.34648361217213475 -0.4827514805364379 -0.8043010099061338
vn -0.32945753412370754 -0.5648846332791686 -0.7565468156658816
vn -0.42674902119776026 -0.4689874951278671 -0.773263216712422
vn -0.26292422250589315 0.4945661096862123 -0.8284172960347443
vn -0.18393952154119858 0.4118267409620607 -0.892504895137143
vn -0.2738486702719936 0.40450133046221504 -0.8725741111473332
vn -0.17649137887645586 0.5030447391418098 -0.8460477430996644
vn -0.23420557912945872 0.6544877202955262 -0.7188835585037399
vn -0.16739654600920612 0.5868797323248333 -0.7921808986402791
vn -0.24958460107898622 0.5777251737779511 -0.7771365069841202
vn -0.1568670414249415 0.6641823617272793 -0.730927165786687
vn -0.07855674270234493 0.6699906881551588 -0.7382014060955007
vn 0 0.5936871879524394 -0.8046959195007298
vn -0.08389763396371391 0.5922886035984124 -0.801345990857091
vn 0 0.6717304494398965 -0.7407956555591259
vn -0.575808276516535 0.43175702526024334 -0.6942843076387967
vn -0.5217336342098622 0.36834179831605124 -0.7694922576267205
vn -0.5963357457398907 0.3512704535185221 -0.721798272952866
vn -0.5028974091019072 0.45196071345839345 -0.7367670659094157
vn -0.5233125089709332 0.5794678265476036 -0.6247888090793106
vn -0.48059002020946273 0.5305809099940044 -0.6982242694328252
vn -0.5513333782695871 0.5086061454807479 -0.6613254076361053
vn -0.4551663888430634 0.6036127664663963 -0.6545801605810774
vn -0.3833182401865999 0.624143483826585 -0.6808171842257373
vn -0.32945185291210927 0.5649053946103073 -0.7565337875818575
vn -0.4065785474659409 0.5494089812683068 -0.7299614072279486
vn -0.3097659827048275 0.6409867160808745 -0.7022685140078322
vn -0.6334870508861354 0 -0.7737532916631675
vn -0.5534061182075063 0.09479288461426166 -0.827499835261015
vn -0.5544748153082512 0 -0.8322005041988864
vn -0.6316560622667042 0.09006218672577783 -0.7699996243660722
vn -0.6128487131814934 0.2669482292508209 -0.7437439731867671
vn -0.5475163267739446 0.18860929542854593 -0.8152621698533021
vn -0.624704879057381 0.1794244892355893 -0.7599675432177684
vn -0.5368595492811231 0.28028638968364084 -0.7957520745205628
vn -0.456849162484489 0.29134091212110297 -0.8404815974556877
vn -0.37883116596618227 0.20270656898137593 -0.9029933524586444
vn -0.465906231381011 0.19633006998385086 -0.8627780057352413
vn -0.3715073333493635 0.3004897129404255 -0.8784578724586775
vn 0.44359948948371486 0.38256069773948054 -0.810473198492627
vn 0.5028974091019072 0.45196071345839345 -0.7367670659094157
vn 0.5217558428293021 0.3683359401796336 -0.769480003408451
vn 0.42674902119776026 0.4689874951278671 -0.773263216712422
vn 0.4065785474659409 0.5494089812683068 -0.7299614072279486
vn 0.4551663888430634 0.6036127664663963 -0.6545801605810774
vn 0.48061347325860343 0.5305731598700691 -0.6982140154335141
vn 0.3833182401865999 0.624143483826585 -0.6808171842257373
vn 0.5513247907260931 0.5086287911182233 -0.6613151502698578
vn 0.5867838828583659 0.5580047935594453 -0.5867838828583659
vn 0.6168636971011376 0.48883367150538176 -0.6168636971011376
vn 0.5233125089709332 0.5794678265476036 -0.6247888090793106
vn 0.09232102682838758 0.41582612396552543 -0.9047460763292426
vn 0.17649137887645586 0.5030447391418098 -0.8460477430996644
vn 0.18396900890167595 0.4118244416202722 -0.8924998784581911
vn 0.08847444595571148 0.5078659109894675 -0.8568806736457931
vn 0.08389763396371391 0.5922886035984124 -0.801345990857091
vn 0.1568670414249415 0.6641823617272793 -0.730927165786687
vn 0.16739654600920612 0.5868797323248333 -0.7921808986402791
vn 0.07855674270234493 0.6699906881551588 -0.7382014060955007
vn 0.24958460107898622 0.5777251737779511 -0.7771365069841202
vn 0.3097659827048275 0.6409867160808745 -0.7022685140078322
vn 0.32945185291210927 0.5649053946103073 -0.7565337875818575
vn 0.23420557912945872 0.6544877202955262 -0.7188835585037399
vn 0.09799579174136065 0 -0.995186829093404
vn 0.19526092858364633 0.10724396267752587 -0.9748701976354974
vn 0.19501849024970036 0 -0.9807995658954622
vn 0.09815044329590487 0.10834392417764561 -0.9892563290546116
vn 0.09726514997334913 0.2148256657256267 -0.9717970075824495
vn 0.18974109400401334 0.31462777844128936 -0.9300578897462561
vn 0.19354925152685531 0.2126539400010939 -0.9577666673232084
vn 0.09531126880030685 0.31773475187703243 -0.9433771194433942
vn 0.2877625262617543 0.20862706263984476 -0.9347018119238475
vn 0.3715073333493635 0.3004897129404255 -0.8784578724586775
vn 0.37883116596618227 0.20270656898137593 -0.9029933524586444
vn 0.2822096167095544 0.3088527422064461 -0.9082773342257334
vn -0.8725668308541114 -0.4044979290447862 0.27387689039364327
vn -0.9300620097328757 -0.3146188498425545 0.18973570400794937
vn -0.8924998784581911 -0.4118244416202722 0.18396900890167595
vn -0.9082773342257334 -0.3088527422064461 0.2822096167095544
vn -0.9347018119238475 -0.20862706263984476 0.2877625262617543
vn -0.9748701976354974 -0.10724396267752587 0.19526092858364633
vn -0.9577666673232084 -0.2126539400010939 0.19354925152685531
vn -0.9511186802504832 -0.10519833473851907 0.29035593062105963
vn -0.9717970075824495 -0.2148256657256267 0.09726514997334913
vn -0.9940936797225985 -0.10852537000896983 0
vn -0.9765725575156853 -0.21518838237059507 0
vn -0.9892563290546116 -0.10834392417764561 0.09815044329590487
vn -0.721798272952866 -0.3512704535185221 0.5963357457398907
vn -0.795752074520563 -0.28028638968364084 0.5368595492811231
vn -0.769480003408451 -0.3683359401796336 0.5217558428293021
vn -0.7437439731867671 -0.2669482292508209 0.6128487131814934
vn -0.7599675432177684 -0.1794244892355893 0.624704879057381
vn -0.827499835261015 -0.09479288461426166 0.5534061182075063
vn -0.8152621698533021 -0.18860929542854593 0.5475163267739446
vn -0.7699996243660722 -0.09006218672577783 0.6316560622667042
vn -0.8627780057352413 -0.19633006998385086 0.465906231381011
vn -0.9183218378757526 -0.10211714245494297 0.3824357348592531
vn -0.9029933524586444 -0.20270656898137593 0.37883116596618227
vn -0.8767833747946742 -0.09875981626425832 0.4706351159604562
vn -0.5811376575111062 -0.6439452110736115 0.4976078658520846
vn -0.6545506497292652 -0.6036442316744379 0.45516709954166734
vn -0.6044077785562693 -0.6697500250946167 0.4314233896144669
vn -0.6247602149997327 -0.5794696296628785 0.5233446493964128
vn -0.6613142662350809 -0.5085976256062222 0.5513546014151597
vn -0.7367670659094154 -0.45196071345839334 0.5028974091019071
vn -0.6982253246785312 -0.5305512134802313 0.48062127070304955
vn -0.6942843076387967 -0.43175702526024334 0.575808276516535
vn -0.7299788250698003 -0.5493686536686836 0.40660176747767823
vn -0.8043010099061338 -0.4827514805364379 0.34648361217213475
vn -0.7565729305697471 -0.564850783868292 0.32945560048735045
vn -0.7732632167124223 -0.4689874951278672 0.42674902119776037
vn -0.8284172960347443 0.4945661096862123 0.26292422250589315
vn -0.8924998784581911 0.4118244416202722 0.18396900890167595
vn -0.8725668308541114 0.4044979290447862 0.27387689039364327
vn -0.8460477430996644 0.5030447391418098 0.17649137887645586
vn -0.7188835585037399 0.6544877202955262 0.23420557912945872
vn -0.7922166055826412 0.5868225146508177 0.16742815216685789
vn -0.7771700892278951 0.577666393050055 0.2496160867212786
vn -0.7309094336496755 0.6641940173779367 0.15690030937275917
vn -0.7381996290646129 0.66998908891177 0.07858707519716003
vn -0.8047358490375057 0.5936330628206997 0
vn -0.8013968077411654 0.5922199950883547 0.08389656703238194
vn -0.7408246264120569 0.6716984985106311 0
vn -0.6942843076387967 0.43175702526024334 0.575808276516535
vn -0.7694922576267205 0.36834179831605124 0.5217336342098622
vn -0.721798272952866 0.3512704535185221 0.5963357457398907
vn -0.7367670659094154 0.45196071345839334 0.5028974091019071
vn -0.6247602149997327 0.5794696296628785 0.5233446493964128
vn -0.6982253246785312 0.5305512134802313 0.48062127070304955
vn -0.6613254076361053 0.5086061454807479 0.5513333782695871
vn -0.6545506497292652 0.6036442316744379 0.45516709954166734
vn -0.6807928500262901 0.6241491270916496 0.38335226946480083
vn -0.7565729305697471 0.564850783868292 0.32945560048735045
vn -0.7299788250698003 0.5493686536686836 0.40660176747767823
vn -0.7022530461318204 0.6410004571202393 0.30977261526839933
vn -0.7737532916631675 0 0.6334870508861354
vn -0.827499835261015 0.09479288461426166 0.5534061182075063
vn -0.8322005041988864 0 0.5544748153082512
vn -0.7699996243660722 0.09006218672577783 0.6316560622667042
vn -0.7437439731867671 0.2669482292508209 0.6128487131814934
vn -0.8152621698533021 0.18860929542854593 0.5475163267739446
vn -0.7599675432177684 0.1794244892355893 0.624704879057381
vn -0.795752074520563 0.28028638968364084 0.5368595492811231
vn -0.8404815974556877 0.29134091212110297 0.456849162484489
vn -0.9029933524586444 0.20270656898137593 0.37883116596618227
vn -0.8627780057352413 0.19633006998385086 0.465906231381011
vn -0.8784578724586772 0.3004897129404254 0.37150733334936337
vn -0.810473198492627 0.38256069773948054 -0.44359948948371486
vn -0.7367670659094154 0.45196071345839334 -0.5028974091019071
vn -0.769480003408451 0.3683359401796336 -0.5217558428293021
vn -0.7732632167124223 0.4689874951278672 -0.42674902119776037
vn -0.7299788250698003 0.5493686536686836 -0.40660176747767823
vn -0.6545506497292652 0.6036442316744379 -0.45516709954166734
vn -0.6982253246785312 0.5305512134802313 -0.48062127070304955
vn -0.6807928500262901 0.6241491270916496 -0.38335226946480083
vn -0.6613142662350809 0.5085976256062222 -0.5513546014151597
vn -0.5867943975314844 0.558014770601131 -0.5867638799522591
vn -0.6168636971011376 0.48883367150538176 -0.6168636971011376
vn -0.6247602149997327 0.5794696296628785 -0.5233446493964128
vn -0.9047460763292426 0.41582612396552543 -0.09232102682838758
vn -0.8460477430996644 0.5030447391418098 -0.17649137887645586
vn -0.8924998784581911 0.4118244416202722 -0.18396900890167595
vn -0.8568806736457931 0.5078659109894675 -0.08847444595571148
vn -0.8013968077411654 0.5922199950883547 -0.08389656703238194
vn -0.7309094336496755 0.6641940173779367 -0.15690030937275917
vn -0.7922166055826412 0.5868225146508177 -0.16742815216685789
vn -0.7381996290646129 0.66998908891177 -0.07858707519716003
vn -0.7771700892278951 0.577666393050055 -0.2496160867212786
vn -0.7022530461318204 0.6410004571202393 -0.30977261526839933
vn -0.7565729305697471 0.564850783868292 -0.32945560048735045
vn -0.7188835585037399 0.6544877202955262 -0.23420557912945872
vn -0.995186829093404 0 -0.09799579174136065
vn -0.9748701976354974 0.10724396267752587 -0.19526092858364633
vn -0.9807995658954622 0 -0.19501849024970036
vn -0.9892530565525133 0.10837409128449296 -0.09815012195494426
vn -0.9717970075824495 0.2148256657256267 -0.09726514997334913
vn -0.9300620097328757 0.3146188498425545 -0.18973570400794937
vn -0.9577723265366171 0.2126551926490321 -0.19351986864412324
vn -0.9433862668324894 0.3177073133293315 -0.0953121954889155
vn -0.9347100093515273 0.2086289041312157 -0.2877345630595598
vn -0.8784578724586772 0.3004897129404254 -0.37150733334936337
vn -0.9029933524586444 0.20270656898137593 -0.37883116596618227
vn -0.9082773342257334 0.3088527422064461 -0.2822096167095544
vn -0.882117976637417 0 -0.47102852917112087
vn -0.827499835261015 0.09479288461426166 -0.5534061182075063
vn -0.8322005041988864 0 -0.5544748153082512
vn -0.8767833747946742 0.09875981626425832 -0.4706351159604562
vn -0.8627780057352413 0.19633006998385086 -0.465906231381011
vn -0.795752074520563 0.28028638968364084 -0.5368595492811231
vn -0.8152621698533021 0.18860929542854593 -0.5475163267739446
vn -0.8404815974556877 0.29134091212110297 -0.456849162484489
vn -0.7599675432177684 0.1794244892355893 -0.624704879057381
vn -0.6836355915941079 0.25550881748297516 -0.6836355915941079
vn -0.6965981692296683 0.1717614079231679 -0.6965981692296683
vn -0.7437439731867671 0.2669482292508209 -0.6128487131814934
vn -0.9511271106132205 0.10519926321420131 0.2903279774250763
vn -0.9807995658954622 0 0.19501849024970036
vn -0.9570110580452897 0 0.2900514347129403
vn -0.9748701976354974 0.10724396267752587 0.19526092858364633
vn -0.9082773342257334 0.3088527422064461 0.2822096167095544
vn -0.9577723265366171 0.2126551926490321 0.19351986864412324
vn -0.9347100093515273 0.2086289041312157 0.2877345630595598
vn -0.9300620097328757 0.3146188498425545 0.18973570400794937
vn -0.9433862668324894 0.3177073133293315 0.0953121954889155
vn -0.9765725575156853 0.21518838237059507 0
vn -0.9717970075824495 0.2148256657256267 0.09726514997334913
vn -0.9480066720088676 0.3182504514162888 0
vn -0.6535708261672588 -0.7240703650404661 0.22037985763951506
vn -0.7309094336496755 -0.6641940173779367 0.15690030937275917
vn -0.6627240198405068 -0.7341694851163656 0.1476212743828276
vn -0.7188835585037399 -0.6544877202955262 0.23420557912945872
vn -0.7771700892278951 -0.577666393050055 0.2496160867212786
vn -0.8460477430996644 -0.5030447391418098 0.17649137887645586
vn -0.7922166055826412 -0.5868225146508177 0.16742815216685789
vn -0.8284172960347443 -0.4945661096862123 0.26292422250589315
vn -0.8013968077411654 -0.5922199950883547 0.08389656703238194
vn -0.8607873581501552 -0.5089647571776228 0
vn -0.8047358490375057 -0.5936330628206997 0
vn -0.8568806736457931 -0.5078659109894675 0.08847444595571148
vn 0.47102852917112087 0 -0.882117976637417
vn 0.5534061182075063 0.09479288461426166 -0.827499835261015
vn 0.5544748153082512 0 -0.8322005041988864
vn 0.4706351159604562 0.09875981626425832 -0.8767833747946742
vn 0.465906231381011 0.19633006998385086 -0.8627780057352413
vn 0.5368595492811231 0.28028638968364084 -0.7957520745205628
vn 0.5475163267739446 0.18860929542854593 -0.8152621698533021
vn 0.456849162484489 0.29134091212110297 -0.8404815974556877
vn 0.624704879057381 0.1794244892355893 -0.7599675432177684
vn 0.6836355915941079 0.25550881748297516 -0.6836355915941079
vn 0.6965981692296683 0.1717614079231679 -0.6965981692296683
vn 0.6128487131814934 0.2669482292508209 -0.7437439731867671
vn -0.2903559245345067 0.10519833663684605 -0.9511186818986117
vn -0.19501849024970036 0 -0.9807995658954622
vn -0.2900514347129403 0 -0.9570110580452897
vn -0.19526092858364633 0.10724396267752587 -0.9748701976354974
vn -0.2822096167095544 0.3088527422064461 -0.9082773342257334
vn -0.19351986864412324 0.2126551926490321 -0.9577723265366171
vn -0.2877345630595598 0.2086289041312157 -0.9347100093515273
vn -0.18973570400794937 0.3146188498425545 -0.9300620097328757
vn -0.09534243086566928 0.3177063975056595 -0.943383520028096
vn 0 0.21518838237059507 -0.9765725575156853
vn -0.09726514997334913 0.2148256657256267 -0.9717970075824495
vn 0 0.3182504514162888 -0.9480066720088676
vn -0.22016812197622349 -0.7237714204780819 -0.6539731867321489
vn -0.1568670414249415 -0.6641823617272793 -0.730927165786687
vn -0.14737573590441405 -0.7339488879456809 -0.663022942551712
vn -0.23420557912945872 -0.6544877202955262 -0.7188835585037399
vn -0.24958460107898622 -0.5777251737779511 -0.7771365069841202
vn -0.17649137887645586 -0.5030447391418098 -0.8460477430996644
vn -0.16739654600920612 -0.5868797323248333 -0.7921808986402791
vn -0.26292422250589315 -0.4945661096862123 -0.8284172960347443
vn -0.08389763396371391 -0.5922886035984124 -0.801345990857091
vn 0 -0.5089647571776228 -0.8607873581501552
vn 0 -0.5936871879524394 -0.8046959195007298
vn -0.08847444595571148 -0.5078659109894675 -0.8568806736457931
vn 0.882117976637417 0 0.47102852917112087
vn 0.827499835261015 0.09479288461426166 0.5534061182075063
vn 0.8322005041988864 0 0.5544748153082512
vn 0.8767833747946742 0.09875981626425832 0.4706351159604562
vn 0.8627780057352413 0.19633006998385086 0.465906231381011
vn 0.795752074520563 0.28028638968364084 0.5368595492811231
vn 0.8152621698533021 0.18860929542854593 0.5475163267739446
vn 0.8404815974556877 0.29134091212110297 0.456849162484489
vn 0.7599675432177684 0.1794244892355893 0.624704879057381
vn 0.6836355915941079 0.25550881748297516 0.6836355915941079
vn 0.6965981692296683 0.1717614079231679 0.6965981692296683
vn 0.7437439731867671 0.2669482292508209 0.6128487131814934
vn 0.9511271106132205 0.10519926321420131 -0.2903279774250763
vn 0.9807995658954622 0 -0.19501849024970036
vn 0.9570110580452897 0 -0.2900514347129403
vn 0.9748701976354974 0.10724396267752587 -0.19526092858364633
vn 0.9082773342257334 0.3088527422064461 -0.2822096167095544
vn 0.9577723265366171 0.2126551926490321 -0.19351986864412324
vn 0.9347100093515273 0.2086289041312157 -0.2877345630595598
vn 0.9300620097328757 0.3146188498425545 -0.18973570400794937
vn 0.9433862668324894 0.3177073133293315 -0.0953121954889155
vn 0.9765725575156853 0.21518838237059507 0
vn 0.9717970075824495 0.2148256657256267 -0.09726514997334913
vn 0.9480066720088676 0.3182504514162888 0
vn 0.6535708261672588 -0.7240703650404661 -0.22037985763951506
vn 0.7309094336496755 -0.6641940173779367 -0.15690030937275917
vn 0.6627240198405068 -0.7341694851163656 -0.1476212743828276
vn 0.7188835585037399 -0.6544877202955262 -0.23420557912945872
vn 0.7771700892278951 -0.577666393050055 -0.2496160867212786
vn 0.8460477430996644 -0.5030447391418098 -0.17649137887645586
vn 0.7922166055826412 -0.5868225146508177 -0.16742815216685789
vn 0.8284172960347443 -0.4945661096862123 -0.26292422250589315
vn 0.8013968077411654 -0.5922199950883547 -0.08389656703238194
vn 0.8607873581501552 -0.5089647571776228 0
vn 0.8047358490375057 -0.5936330628206997 0
vn 0.8568806736457931 -0.5078659109894675 -0.08847444595571148
vn -0.47102852917112087 0 0.882117976637417
vn -0.5534061182075063 0.09479288461426166 0.827499835261015
vn -0.5544748153082512 0 0.8322005041988864
vn -0.4706351159604562 0.09875981626425832 0.8767833747946742
vn -0.465906231381011 0.19633006998385086 0.8627780057352413
vn -0.5368595492811231 0.28028638968364084 0.7957520745205628
vn -0.5475163267739446 0.18860929542854593 0.8152621698533021
vn -0.456849162484489 0.29134091212110297 0.8404815974556877
vn -0.624704879057381 0.1794244892355893 0.7599675432177684
vn -0.6836355915941079 0.25550881748297516 0.6836355915941079
vn -0.6965981692296683 0.1717614079231679 0.6965981692296683
vn -0.6128626217581133 0.26695429197583015 0.7437303361080916
vn 0.2903559245345067 0.10519833663684605 0.9511186818986117
vn 0.19501849024970036 0 0.9807995658954622
vn 0.2900514347129403 0 0.9570110580452897
vn 0.19526092858364633 0.10724396267752587 0.9748701976354974
vn 0.2822096167095544 0.3088527422064461 0.9082773342257334
vn 0.19354925152685531 0.2126539400010939 0.9577666673232084
vn 0.2877625262617543 0.20862706263984476 0.9347018119238475
vn 0.18973570400794937 0.3146188498425545 0.9300620097328757
vn 0.09531126880030685 0.31773475187703243 0.9433771194433942
vn 0 0.21518838237059507 0.9765725575156853
vn 0.09726514997334913 0.2148256657256267 0.9717970075824495
vn 0 0.3182504514162888 0.9480066720088676
vn 0.22016812197622349 -0.7237714204780819 0.6539731867321489
vn 0.1568670414249415 -0.6641823617272793 0.730927165786687
vn 0.14734589127348624 -0.7339521781187004 0.6630259335498404
vn 0.23420557912945872 -0.6544877202955262 0.7188835585037399
vn 0.24958460107898622 -0.5777251737779511 0.7771365069841202
vn 0.17649137887645586 -0.5030447391418098 0.8460477430996644
vn 0.16739654600920612 -0.5868797323248333 0.7921808986402791
vn 0.26292422250589315 -0.4945661096862123 0.8284172960347443
vn 0.08389763396371391 -0.5922886035984124 0.801345990857091
vn 0 -0.5089647571776228 0.8607873581501552
vn 0 -0.5936871879524394 0.8046959195007298
vn 0.08847444595571148 -0.5078659109894675 0.8568806736457931
vn -0.08231062334456259 -0.8968714954426503 -0.4345647039821499
vn 0 -0.8569241899624943 -0.5154424629938076
vn 0 -0.900762067415956 -0.43431290322132127
vn -0.07965375506930314 -0.8534243728489234 -0.5150942817880829
vn -0.24577208298213882 -0.8702279620137474 -0.42696531165426094
vn -0.15912806253464234 -0.844288131377907 -0.5117184879681143
vn -0.16437485676952732 -0.8866659121123156 -0.4322088230936902
vn -0.23802362909810484 -0.8295882008708151 -0.5051021371632591
vn -0.22840204116007357 -0.7811874501385494 -0.5810152109368079
vn -0.14737573590441405 -0.7339488879456809 -0.663022942551712
vn -0.15265789661018725 -0.7936562316879556 -0.5889018190712499
vn -0.22016812197622349 -0.7237714204780819 -0.6539731867321489
vn 0 -0.9645331496587723 0.26396174573094555
vn -0.08786427657172771 -0.9802405479953946 0.17722397402218298
vn 0 -0.9842639942970645 0.1767042431023891
vn -0.08655326731885955 -0.9604483156284374 0.264665005096872
vn -0.1726173453608197 -0.9490291438449837 0.2637175311075103
vn -0.26166933117020075 -0.9491998910660521 0.17478194393338992
vn -0.17523888283463082 -0.9685442144533559 0.17667325375336923
vn -0.2577644524230284 -0.9303142203428733 0.2609079119055
vn -0.1766111702314648 -0.9802880886479104 0.08856499198046182
vn -0.26386878780722445 -0.9645585844422027 0
vn -0.1767338127424124 -0.9842586852212836 0
vn -0.263657088428951 -0.9606286821308658 0.08762120056632383
vn 0.6627240198405068 -0.7341694851163656 0.1476212743828276
vn 0.5798316402982995 -0.7816542124194757 0.2298085314253427
vn 0.5880047832322322 -0.7940979002126662 0.1538144979312742
vn 0.6535708261672588 -0.7240703650404661 0.22037985763951506
vn 0.5100009086493348 -0.8449456103789436 0.16113965582130144
vn 0.42360376655212734 -0.8708292706951698 0.24943181485802737
vn 0.4299199742417513 -0.887276500140778 0.16706055203399742
vn 0.5028098124942356 -0.8302237225279755 0.2406467598188331
vn 0.5151957105886948 -0.8570725639005193 0
vn 0.433397932793488 -0.8973146942864669 0.0836215957029999
vn 0.43404225380440714 -0.9008925140727891 0
vn 0.514191928245796 -0.8538736150136044 0.08066294384951
vn 0 0.8569241899624943 -0.5154424629938076
vn 0.08231062334456259 0.8968714954426503 -0.4345647039821499
vn 0.07965375506930314 0.8534243728489234 -0.5150942817880829
vn 0 0.900762067415956 -0.43431290322132127
vn 0.15912806253464234 0.844288131377907 -0.5117184879681143
vn 0.24577208298213882 0.8702279620137474 -0.42696531165426094
vn 0.23802362909810484 0.8295882008708151 -0.5051021371632591
vn 0.16437485676952732 0.8866659121123156 -0.4322088230936902
vn 0.14734589127348624 0.7339521781187004 -0.6630259335498404
vn 0.22840204116007357 0.7811874501385494 -0.5810152109368079
vn 0.22016812197622349 0.7237714204780819 -0.6539731867321489
vn 0.15265789661018725 0.7936562316879556 -0.5889018190712499
vn 0.08786379454522447 0.9802352448927383 0.17725354235723426
vn 0 0.9645331496587723 0.26396174573094555
vn 0.08655326731885955 0.9604483156284374 0.264665005096872
vn 0 0.9842639942970645 0.1767042431023891
vn 0.26166933117020075 0.9491998910660521 0.17478194393338992
vn 0.1726173453608197 0.9490291438449837 0.2637175311075103
vn 0.2577644524230284 0.9303142203428733 0.2609079119055
vn 0.17523888283463082 0.9685442144533559 0.17667325375336923
vn 0.26386878780722445 0.9645585844422027 0
vn 0.1766111702314648 0.9802880886479104 0.08856499198046182
vn 0.263657088428951 0.9606286821308658 0.08762120056632383
vn 0.1767338127424124 0.9842586852212836 0
vn -0.5798316402982995 0.7816542124194757 0.2298085314253427
vn -0.6627240198405068 0.7341694851163656 0.1476212743828276
vn -0.6535708261672588 0.7240703650404661 0.22037985763951506
vn -0.5880047832322322 0.7940979002126662 0.1538144979312742
vn -0.42360376655212734 0.8708292706951698 0.24943181485802737
vn -0.5100009086493348 0.8449456103789436 0.16113965582130144
vn -0.5028098124942356 0.8302237225279755 0.2406467598188331
vn -0.4299199742417513 0.887276500140778 0.16706055203399742
vn -0.433397932793488 0.8973146942864669 0.0836215957029999
vn -0.5151957105886948 0.8570725639005193 0
vn -0.514191928245796 0.8538736150136044 0.08066294384951
vn -0.43404225380440714 0.9008925140727891 0
vn -0.6245083112806602 0.6919550188793671 -0.3621983172090019
vn -0.5367985324998653 0.7146632018359794 -0.4484460318115628
vn -0.6044077785562693 0.6697500250946167 -0.4314233896144669
vn -0.5542015524202304 0.7420789125075528 -0.3770670058578639
vn -0.48040874280679924 0.7836207500857694 -0.39388571930168653
vn -0.39149438766541544 0.7834770565365723 -0.4825928369829685
vn -0.4653659755100607 0.7518858900152919 -0.467014043936028
vn -0.404475228058359 0.8186251837023666 -0.4077408472245637
vn -0.4476257591797566 0.7145776319451639 -0.5375964914714273
vn -0.36201756592843753 0.6917153482279002 -0.6248785153813534
vn -0.4313301394072509 0.669564239372654 -0.6046801139381394
vn -0.3757800364364704 0.7419161011980098 -0.5552925922420987
vn 0.5367985324998653 -0.7146632018359794 -0.4484460318115628
vn 0.624521490945972 -0.6919391122383632 -0.3622059804881829
vn 0.5542015524202304 -0.7420789125075528 -0.3770670058578639
vn 0.6044271727665851 -0.6697376460421649 -0.43141543585654457
vn 0.39149438766541544 -0.7834770565365723 -0.4825928369829685
vn 0.48040874280679924 -0.7836207500857694 -0.39388571930168653
vn 0.404475228058359 -0.8186251837023666 -0.4077408472245637
vn 0.46535933067089685 -0.7518751743755305 -0.46703791657134264
vn 0.36201756592843753 -0.6917153482279002 -0.6248785153813534
vn 0.4476257591797566 -0.7145776319451639 -0.5375964914714273
vn 0.3757800364364704 -0.7419161011980098 -0.5552925922420987
vn 0.4313301394072509 -0.669564239372654 -0.6046801139381394
vn -0.3833182401865999 -0.624143483826585 0.6808171842257373
vn -0.4313301394072509 -0.669564239372654 0.6046801139381394
vn -0.36201756592843753 -0.6917153482279002 0.6248785153813534
vn -0.4551663888430634 -0.6036127664663963 0.6545801605810774
vn -0.42674902119776026 -0.4689874951278671 0.773263216712422
vn -0.48059002020946273 -0.5305809099940044 0.6982242694328252
vn -0.4065785474659409 -0.5494089812683068 0.7299614072279486
vn -0.5028974091019072 -0.45196071345839345 0.7367670659094157
vn -0.575808276516535 -0.43175702526024334 0.6942843076387967
vn -0.6168636971011376 -0.48883367150538176 0.6168636971011376
vn -0.5513333782695871 -0.5086061454807479 0.6613254076361053
vn -0.6436085687711189 -0.4141690722504318 0.6436085687711189
vn 0.6807928500262901 -0.6241491270916496 0.38335226946480083
vn 0.6044077785562693 -0.6697500250946167 0.4314233896144669
vn 0.6245083112806602 -0.6919550188793671 0.3621983172090019
vn 0.6545506497292652 -0.6036442316744379 0.45516709954166734
vn 0.7732632167124223 -0.4689874951278672 0.42674902119776037
vn 0.6982253246785312 -0.5305512134802313 0.48062127070304955
vn 0.7299788250698003 -0.5493686536686836 0.40660176747767823
vn 0.7367670659094154 -0.45196071345839334 0.5028974091019071
vn 0.6942843076387967 -0.43175702526024334 0.575808276516535
vn 0.6168636971011376 -0.48883367150538176 0.6168636971011376
vn 0.6613142662350809 -0.5085976256062222 0.5513546014151597
vn 0.6436085687711189 -0.4141690722504318 0.6436085687711189
vn 0.3833182401865999 -0.624143483826585 -0.6808171842257373
vn 0.4313301394072509 -0.669564239372654 -0.6046801139381394
vn 0.36201756592843753 -0.6917153482279002 -0.6248785153813534
vn 0.4551663888430634 -0.6036127664663963 -0.6545801605810774
vn 0.42674902119776026 -0.4689874951278671 -0.773263216712422
vn 0.48059002020946273 -0.5305809099940044 -0.6982242694328252
vn 0.4065785474659409 -0.5494089812683068 -0.7299614072279486
vn 0.5028974091019072 -0.45196071345839345 -0.7367670659094157
vn 0.575808276516535 -0.43175702526024334 -0.6942843076387967
vn 0.6168636971011376 -0.48883367150538176 -0.6168636971011376
vn 0.5513333782695871 -0.5086061454807479 -0.6613254076361053
vn 0.6436085687711189 -0.4141690722504318 -0.6436085687711189
vn -0.6807928500262901 -0.6241491270916496 -0.38335226946480083
vn -0.6044271727665851 -0.6697376460421649 -0.43141543585654457
vn -0.624521490945972 -0.6919391122383632 -0.3622059804881829
vn -0.6545506497292652 -0.6036442316744379 -0.45516709954166734
vn -0.7732632167124223 -0.4689874951278672 -0.42674902119776037
vn -0.6982253246785312 -0.5305512134802313 -0.48062127070304955
vn -0.7299645811812292 -0.5493808738401678 -0.4066108282861223
vn -0.7367670659094154 -0.45196071345839334 -0.5028974091019071
vn -0.6942843076387967 -0.43175702526024334 -0.575808276516535
vn -0.6168636971011376 -0.48883367150538176 -0.6168636971011376
vn -0.6613254076361053 -0.5086061454807479 -0.5513333782695871
vn -0.6436085687711189 -0.4141690722504318 -0.6436085687711189
vn -0.6535708261672588 0.7240703650404661 -0.22037985763951506
vn -0.6627240198405068 0.7341694851163656 -0.1476212743828276
vn -0.6407908987042594 0.7099484351177884 -0.2921647542254043
vn -0.6682445873474743 0.740269520971922 -0.07382552269239188
vn -0.6700801912056178 0.742288715631487 0
vn -0.5811490927359017 0.6439273198584421 -0.4976176632236461
vn -0.6044077785562693 0.6697500250946167 -0.4314233896144669
vn -0.5563083013674918 0.6172861149088253 -0.5563083013674918
vn -0.6245083112806602 0.6919550188793671 -0.3621983172090019
vn -0.6044077785562693 0.6697500250946167 0.4314233896144669
vn -0.6245083112806602 0.6919550188793671 0.3621983172090019
vn -0.6407908987042594 0.7099484351177884 0.2921647542254043
vn -0.5563083013674918 0.6172861149088253 0.5563083013674918
vn -0.5811490927359017 0.6439273198584421 0.4976176632236461
vn -0.6627240198405068 0.7341694851163656 0.1476212743828276
vn -0.6682445873474743 0.740269520971922 0.07382552269239188
vn -0.6535708261672588 0.7240703650404661 0.22037985763951506
vn 0.22016812197622349 0.7237714204780819 -0.6539731867321489
vn 0.14734589127348624 0.7339521781187004 -0.6630259335498404
vn 0.29197422395372036 0.7096557069143903 -0.6412018638388849
vn 0.0736730647995463 0.7401182777661903 -0.6684289150234677
vn 0 0.7421868743386224 -0.6701929897868717
vn 0.4976204998517573 0.6438394696191715 -0.5812439896358425
vn 0.4313301394072509 0.669564239372654 -0.6046801139381394
vn 0.5563083013674918 0.6172861149088253 -0.5563083013674918
vn 0.36201756592843753 0.6917153482279002 -0.6248785153813534
vn -0.6836355915941079 0.25550881748297516 -0.6836355915941079
vn -0.6965981692296683 0.1717614079231679 -0.6965981692296683
vn -0.6658145842523092 0.3367222576454505 -0.6658145842523092
vn -0.7071067811865475 0 -0.7071067811865475
vn -0.7044793658848953 0.08612575738320925 -0.7044793658848953
vn -0.4313301394072509 0.669564239372654 -0.6046801139381394
vn -0.36201756592843753 0.6917153482279002 -0.6248785153813534
vn -0.29197422395372036 0.7096557069143903 -0.6412018638388849
vn -0.5867943975314844 0.558014770601131 -0.5867638799522591
vn -0.6168636971011376 0.48883367150538176 -0.6168636971011376
vn -0.5563083013674918 0.6172861149088253 -0.5563083013674918
vn -0.4976204998517573 0.6438394696191715 -0.5812439896358425
vn -0.6436085687711189 0.4141690722504318 -0.6436085687711189
vn -0.14734589127348624 0.7339521781187004 -0.6630259335498404
vn -0.0736730647995463 0.7401182777661903 -0.6684289150234677
vn -0.22016812197622349 0.7237714204780819 -0.6539731867321489
vn -0.6168636971011376 -0.48883367150538176 -0.6168636971011376
vn -0.6436085687711189 -0.4141690722504318 -0.6436085687711189
vn -0.6658145842523092 -0.3367222576454505 -0.6658145842523092
vn -0.5563083013674918 -0.6172861149088253 -0.5563083013674918
vn -0.5867838828583659 -0.5580047935594453 -0.5867838828583659
vn -0.6965981692296683 -0.1717614079231679 -0.6965981692296683
vn -0.7044793658848953 -0.08612575738320925 -0.7044793658848953
vn -0.6836355915941079 -0.25550881748297516 -0.6836355915941079
vn 0.6535708261672588 0.7240703650404661 0.22037985763951506
vn 0.6627240198405068 0.7341694851163656 0.1476212743828276
vn 0.6407908987042594 0.7099484351177884 0.2921647542254043
vn 0.6682445873474743 0.740269520971922 0.07382552269239188
vn 0.6700801912056178 0.742288715631487 0
vn 0.5811490927359017 0.6439273198584421 0.4976176632236461
vn 0.6044077785562693 0.6697500250946167 0.4314233896144669
vn 0.5563083013674918 0.6172861149088253 0.5563083013674918
vn 0.6245083112806602 0.6919550188793671 0.3621983172090019
vn 0.6044077785562693 0.6697500250946167 -0.4314233896144669
vn 0.6245083112806602 0.6919550188793671 -0.3621983172090019
vn 0.6407908987042594 0.7099484351177884 -0.2921647542254043
vn 0.5811376575111062 0.6439452110736115 -0.4976078658520846
vn 0.6627240198405068 0.7341694851163656 -0.1476212743828276
vn 0.6682445873474743 0.740269520971922 -0.07382552269239188
vn 0.6535708261672588 0.7240703650404661 -0.22037985763951506
vn -0.22016812197622349 0.7237714204780819 0.6539731867321489
vn -0.14737573590441405 0.7339488879456809 0.663022942551712
vn -0.29197422395372036 0.7096557069143903 0.6412018638388849
vn -0.0736730647995463 0.7401182777661903 0.6684289150234677
vn 0 0.7421868743386224 0.6701929897868717
vn -0.4976204998517573 0.6438394696191715 0.5812439896358425
vn -0.4313301394072509 0.669564239372654 0.6046801139381394
vn -0.36201756592843753 0.6917153482279002 0.6248785153813534
vn 0.4313301394072509 0.669564239372654 0.6046801139381394
vn 0.36201756592843753 0.6917153482279002 0.6248785153813534
vn 0.29197422395372036 0.7096557069143903 0.6412018638388849
vn 0.4976204998517573 0.6438394696191715 0.5812439896358425
vn 0.14737573590441405 0.7339488879456809 0.663022942551712
vn 0.0736730647995463 0.7401182777661903 0.6684289150234677
vn 0.22016812197622349 0.7237714204780819 0.6539731867321489
vn -0.14734589127348624 -0.7339521781187004 0.6630259335498404
vn -0.22016812197622349 -0.7237714204780819 0.6539731867321489
vn -0.29197422395372036 -0.7096557069143903 0.6412018638388849
vn 0 -0.7421868743386224 0.6701929897868717
vn -0.0736730647995463 -0.7401182777661903 0.6684289150234677
vn -0.4313301394072509 -0.669564239372654 0.6046801139381394
vn -0.4976204998517573 -0.6438394696191715 0.5812439896358425
vn -0.36201756592843753 -0.6917153482279002 0.6248785153813534
vn 0.36201756592843753 -0.6917153482279002 0.6248785153813534
vn 0.4313301394072509 -0.669564239372654 0.6046801139381394
vn 0.29197422395372036 -0.7096557069143903 0.6412018638388849
vn 0.4976204998517573 -0.6438394696191715 0.5812439896358425
vn 0.5563083013674918 -0.6172861149088253 0.5563083013674918
vn 0.0736730647995463 -0.7401182777661903 0.6684289150234677
vn 0.14734589127348624 -0.7339521781187004 0.6630259335498404
vn 0.22016812197622349 -0.7237714204780819 0.6539731867321489
vn 0.14737573590441405 0.7339488879456809 0.663022942551712
vn 0.22016812197622349 0.7237714204780819 0.6539731867321489
vn 0.29197422395372036 0.7096557069143903 0.6412018638388849
vn 0 0.7421868743386224 0.6701929897868717
vn 0.0736730647995463 0.7401182777661903 0.6684289150234677
vn 0.4313301394072509 0.669564239372654 0.6046801139381394
vn 0.4976204998517573 0.6438394696191715 0.5812439896358425
vn 0.36201756592843753 0.6917153482279002 0.6248785153813534
vn -0.36201756592843753 0.6917153482279002 0.6248785153813534
vn -0.4313301394072509 0.669564239372654 0.6046801139381394
vn -0.29197422395372036 0.7096557069143903 0.6412018638388849
vn -0.4976204998517573 0.6438394696191715 0.5812439896358425
vn -0.5563083013674918 0.6172861149088253 0.5563083013674918
vn -0.0736730647995463 0.7401182777661903 0.6684289150234677
vn -0.14737573590441405 0.7339488879456809 0.663022942551712
vn -0.22016812197622349 0.7237714204780819 0.6539731867321489
f 1/1/1 2/2/2 3/3/3
f 1/1/1 4/4/4 2/2/2
f 5/5/5 6/6/6 7/7/7
f 5/5/5 8/8/8 6/6/6
f 9/9/9 10/10/10 11/11/11
f 9/9/9 12/12/12 10/10/10
f 13/13/13 14/14/14 15/15/15
f 13/13/13 16/16/16 14/14/14
f 17/17/17 18/18/18 19/19/19
f 17/17/17 20/20/20 18/18/18
f 21/21/21 22/22/22 23/23/23
f 24/24/24 22/22/22 21/21/21
f 25/25/25 26/26/26 27/27/27
f 25/25/25 28/28/28 26/26/26
f 29/29/29 30/30/30 31/31/31
f 29/29/29 32/32/32 30/30/30
f 33/33/33 34/34/34 35/35/35
f 36/36/36 34/34/34 33/33/33
f 37/37/37 38/38/38 39/39/39
f 37/37/37 40/40/40 38/38/38
f 41/41/41 42/42/42 43/43/43
f 41/41/41 44/44/44 42/42/42
f 45/45/45 46/46/46 47/47/47
f 48/48/48 46/46/46 45/45/45
f 49/49/49 50/50/50 51/51/51
f 52/52/52 50/50/50 49/49/49
f 53/53/53 54/54/54 55/55/55
f 53/53/53 56/56/56 54/54/54
f 57/57/57 58/58/58 59/59/59
f 57/57/57 60/60/60 58/58/58
f 61/61/61 62/62/62 63/63/63
f 64/64/64 62/62/62 61/61/61
f 65/65/65 66/66/66 67/67/67
f 65/65/65 68/68/68 66/66/66
f 69/69/69 70/70/70 71/71/71
f 69/69/69 72/72/72 70/70/70
f 73/73/73 74/74/74 75/75/75
f 76/76/76 74/74/74 73/73/73
f 77/77/77 78/78/78 79/79/79
f 77/77/77 80/80/80 78/78/78
f 81/81/81 82/82/82 83/83/83
f 81/81/81 84/84/84 82/82/82
f 85/85/85 86/86/86 87/87/87
f 88/88/88 86/86/86 85/85/85
f 89/89/89 90/90/90 91/91/91
f 89/89/89 92/92/92 90/90/90
f 93/93/93 94/94/94 95/95/95
f 93/93/93 96/96/96 94/94/94
f 97/97/97 98/98/98 99/99/99
f 100/100/100 98/98/98 97/97/97
f 101/101/101 102/102/102 103/103/103
f 104/104/104 102/102/102 101/101/101
f 105/105/105 106/106/106 107/107/107
f 108/108/108 106/106/106 105/105/105
f 109/109/109 110/110/110 111/111/111
f 109/109/109 112/112/112 110/110/110
f 113/113/113 114/114/114 115/115/115
f 113/113/113 116/116/116 114/114/114
f 117/117/117 118/118/118 119/119/119
f 117/117/117 120/120/120 118/118/118
f 121/121/121 122/122/122 123/123/123
f 124/124/124 122/122/122 121/121/121
f 125/125/125 126/126/126 127/127/127
f 128/128/128 126/126/126 125/125/125
f 129/129/129 130/130/130 131/131/131
f 132/132/132 130/130/130 129/129/129
f 133/133/133 134/134/134 135/135/135
f 136/136/136 134/134/134 133/133/133
f 137/137/137 138/138/138 139/139/139
f 140/140/140 138/138/138 137/137/137
f 141/141/141 142/142/142 143/143/143
f 144/144/144 142/142/142 141/141/141
f 145/145/145 146/146/146 147/147/147
f 145/145/145 148/148/148 146/146/146
f 149/149/149 150/150/150 151/151/151
f 149/149/149 152/152/152 150/150/150
f 153/153/153 154/154/154 155/155/155
f 153/153/153 156/156/156 154/154/154
f 157/157/157 158/158/158 159/159/159
f 160/160/160 158/158/158 157/157/157
f 161/161/161 162/162/162 163/163/163
f 164/164/164 162/162/162 161/161/161
f 165/165/165 166/166/166 167/167/167
f 168/168/168 166/166/166 165/165/165
f 169/169/169 170/170/170 171/171/171
f 172/172/172 170/170/170 169/169/169
f 173/173/173 174/174/174 175/175/175
f 176/176/176 174/174/174 173/173/173
f 177/177/177 178/178/178 179/179/179
f 180/180/180 178/178/178 177/177/177
f 181/181/181 182/182/182 183/183/183
f 181/181/181 184/184/184 182/182/182
f 185/185/185 186/186/186 187/187/187
f 185/185/185 188/188/188 186/186/186
f 189/189/189 190/190/190 191/191/191
f 189/189/189 192/192/192 190/190/190
f 193/193/193 194/194/194 195/195/195
f 196/196/196 194/194/194 193/193/193
f 197/197/197 198/198/198 199/199/199
f 200/200/200 198/198/198 197/197/197
f 201/201/201 202/202/202 203/203/203
f 204/204/204 202/202/202 201/201/201
f 205/205/205 206/206/206 207/207/207
f 208/208/208 206/206/206 205/205/205
f 209/209/209 210/210/210 211/211/211
f 212/212/212 210/210/210 209/209/209
f 213/213/213 214/214/214 215/215/215
f 216/216/216 214/214/214 213/213/213
f 217/217/217 218/218/218 219/219/219
f 217/217/217 220/220/220 218/218/218
f 221/221/221 222/222/222 223/223/223
f 221/221/221 224/224/224 222/222/222
f 225/225/225 226/226/226 227/227/227
f 225/225/225 228/228/228 226/226/226
f 229/229/229 230/230/230 231/231/231
f 232/232/232 230/230/230 229/229/229
f 233/233/233 234/234/234 235/235/235
f 236/236/236 234/234/234 233/233/233
f 237/237/237 238/238/238 239/239/239
f 240/240/240 238/238/238 237/237/237
f 241/241/241 242/242/242 243/243/243
f 244/244/244 242/242/242 241/241/241
f 245/245/245 246/246/246 247/247/247
f 245/245/245 248/248/248 246/246/246
f 249/249/249 250/250/250 251/251/251
f 252/252/252 250/250/250 249/249/249
f 253/253/253 254/254/254 255/255/255
f 253/253/253 256/256/256 254/254/254
f 257/257/257 258/258/258 259/259/259
f 257/257/257 260/260/260 258/258/258
f 261/261/261 262/262/262 263/263/263
f 264/264/264 262/262/262 261/261/261
f 265/265/265 266/266/266 267/267/267
f 265/265/265 268/268/268 266/266/266
f 269/269/269 270/270/270 271/271/271
f 272/272/272 270/270/270 269/269/269
f 273/273/273 274/274/274 275/275/275
f 273/273/273 276/276/276 274/274/274
f 277/277/277 278/278/278 279/279/279
f 280/280/280 278/278/278 277/277/277
f 281/281/281 282/282/282 283/283/283
f 281/281/281 284/284/284 282/282/282
f 285/285/285 286/286/286 287/287/287
f 288/288/288 286/286/286 285/285/285
f 289/289/289 290/290/290 291/291/291
f 289/289/289 292/292/292 290/290/290
f 293/293/293 294/294/294 295/295/295
f 293/293/293 296/296/296 294/294/294
f 297/297/297 298/298/298 299/299/299
f 300/300/300 298/298/298 297/297/297
f 301/301/301 302/302/302 303/303/303
f 301/301/301 304/304/304 302/302/302
f 305/305/305 306/306/306 307/307/307
f 308/308/308 306/306/306 305/305/305
f 309/309/309 310/310/310 311/311/311
f 309/309/309 312/312/312 310/310/310
f 313/313/313 314/314/314 315/315/315
f 316/316/316 314/314/314 313/313/313
f 317/317/317 318/318/318 319/319/319
f 317/317/317 320/320/320 318/318/318
f 321/321/321 322/322/322 323/323/323
f 321/321/321 324/324/324 322/322/322
f 325/325/325 326/326/326 327/327/327
f 328/328/328 326/326/326 325/325/325
f 329/329/329 330/330/330 331/331/331
f 329/329/329 332/332/332 330/330/330
f 333/333/333 334/334/334 335/335/335
f 333/333/333 336/336/336 334/334/334
f 337/337/337 338/338/338 339/339/339
f 337/337/337 340/340/340 338/338/338
f 341/341/341 342/342/342 343/343/343
f 341/341/341 344/344/344 342/342/342
f 345/345/345 346/346/346 347/347/347
f 345/345/345 348/348/348 346/346/346
f 349/349/349 350/350/350 351/351/351
f 349/349/349 352/352/352 350/350/350
f 353/353/353 354/354/354 355/355/355
f 353/353/353 356/356/356 354/354/354
f 357/357/357 358/358/358 359/359/359
f 357/357/357 360/360/360 358/358/358
f 361/361/361 362/362/362 363/363/363
f 361/361/361 364/364/364 362/362/362
f 365/365/365 366/366/366 367/367/367
f 365/365/365 368/368/368 366/366/366
f 369/369/369 370/370/370 371/371/371
f 369/369/369 372/372/372 370/370/370
f 373/373/373 374/374/374 375/375/375
f 373/373/373 376/376/376 374/374/374
f 377/377/377 378/378/378 379/379/379
f 377/377/377 380/380/380 378/378/378
f 381/381/381 382/382/382 383/383/383
f 381/381/381 384/384/384 382/382/382
f 385/385/385 386/386/386 387/387/387
f 385/385/385 388/388/388 386/386/386
f 389/389/389 390/390/390 391/391/391
f 389/389/389 392/392/392 390/390/390
f 393/393/393 394/394/394 395/395/395
f 393/393/393 396/396/396 394/394/394
f 397/397/397 398/398/398 399/399/399
f 397/397/397 400/400/400 398/398/398
f 401/401/401 402/402/402 403/403/403
f 401/401/401 404/404/404 402/402/402
f 405/405/405 406/406/406 407/407/407
f 405/405/405 408/408/408 406/406/406
f 409/409/409 410/410/410 411/411/411
f 409/409/409 412/412/412 410/410/410
f 413/413/413 414/414/414 415/415/415
f 413/413/413 416/416/416 414/414/414
f 417/417/417 418/418/418 419/419/419
f 417/417/417 420/420/420 418/418/418
f 421/421/421 422/422/422 423/423/423
f 421/421/421 424/424/424 422/422/422
f 425/425/425 426/426/426 427/427/427
f 425/425/425 428/428/428 426/426/426
f 429/429/429 430/430/430 431/431/431
f 429/429/429 432/432/432 430/430/430
f 433/433/433 434/434/434 435/435/435
f 433/433/433 436/436/436 434/434/434
f 437/437/437 438/438/438 439/439/439
f 437/437/437 440/440/440 438/438/438
f 441/441/441 442/442/442 443/443/443
f 441/441/441 444/444/444 442/442/442
f 445/445/445 446/446/446 447/447/447
f 445/445/445 448/448/448 446/446/446
f 449/449/449 450/450/450 451/451/451
f 449/449/449 452/452/452 450/450/450
f 453/453/453 454/454/454 455/455/455
f 453/453/453 456/456/456 454/454/454
f 457/457/457 458/458/458 459/459/459
f 457/457/457 460/460/460 458/458/458
f 461/461/461 462/462/462 463/463/463
f 461/461/461 464/464/464 462/462/462
f 465/465/465 466/466/466 467/467/467
f 465/465/465 468/468/468 466/466/466
f 469/469/469 470/470/470 471/471/471
f 469/469/469 472/472/472 470/470/470
f 473/473/473 474/474/474 475/475/475
f 473/473/473 476/476/476 474/474/474
f 477/477/477 478/478/478 479/479/479
f 477/477/477 480/480/480 478/478/478
f 481/481/481 482/482/482 483/483/483
f 481/481/481 484/484/484 482/482/482
f 485/485/485 486/486/486 487/487/487
f 485/485/485 488/488/488 486/486/486
f 489/489/489 490/490/490 491/491/491
f 489/489/489 492/492/492 490/490/490
f 493/493/493 494/494/494 495/495/495
f 493/493/493 496/496/496 494/494/494
f 497/497/497 498/498/498 499/499/499
f 497/497/497 500/500/500 498/498/498
f 501/501/501 502/502/502 503/503/503
f 501/501/501 504/504/504 502/502/502
f 505/505/505 506/506/506 507/507/507
f 505/505/505 508/508/508 506/506/506
f 509/509/509 510/510/510 511/511/511
f 509/509/509 512/512/512 510/510/510
f 513/513/513 514/514/514 515/515/515
f 513/513/513 516/516/516 514/514/514
f 517/517/517 518/518/518 519/519/519
f 517/517/517 520/520/520 518/518/518
f 521/521/521 522/522/522 523/523/523
f 521/521/521 524/524/524 522/522/522
f 525/525/525 526/526/526 527/527/527
f 525/525/525 528/528/528 526/526/526
f 529/529/529 530/530/530 531/531/531
f 529/529/529 532/532/532 530/530/530
f 533/533/533 534/534/534 535/535/535
f 533/533/533 536/536/536 534/534/534
f 537/537/537 538/538/538 539/539/539
f 537/537/537 540/540/540 538/538/538
f 541/541/541 542/542/542 543/543/543
f 544/544/544 542/542/542 541/541/541
f 545/545/545 546/546/546 547/547/547
f 545/545/545 548/548/548 546/546/546
f 549/549/549 550/550/550 551/551/551
f 549/549/549 552/552/552 550/550/550
f 553/553/553 554/554/554 555/555/555
f 556/556/556 554/554/554 553/553/553
f 557/557/557 558/558/558 559/559/559
f 560/560/560 558/558/558 557/557/557
f 561/561/561 562/562/562 563/563/563
f 564/564/564 562/562/562 561/561/561
f 565/565/565 566/566/566 567/567/567
f 565/565/565 568/568/568 566/566/566
f 569/569/569 570/570/570 571/571/571
f 569/569/569 572/572/572 570/570/570
f 573/573/573 574/574/574 575/575/575
f 573/573/573 576/576/576 574/574/574
f 577/577/577 578/578/578 579/579/579
f 580/580/580 578/578/578 577/577/577
f 581/581/581 582/582/582 583/583/583
f 581/581/581 584/584/584 582/582/582
f 585/585/585 586/586/586 587/587/587
f 585/585/585 588/588/588 586/586/586
f 589/589/589 590/590/590 591/591/591
f 592/592/592 590/590/590 589/589/589
f 593/593/593 594/594/594 595/595/595
f 596/596/596 594/594/594 593/593/593
f 597/597/597 598/598/598 599/599/599
f 600/600/600 598/598/598 597/597/597
f 601/601/601 602/602/602 603/603/603
f 601/601/601 604/604/604 602/602/602
f 605/605/605 606/606/606 607/607/607
f 608/608/608 606/606/606 605/605/605
f 609/609/609 610/610/610 611/611/611
f 609/609/609 612/612/612 610/610/610
f 613/613/613 614/614/614 615/615/615
f 616/616/616 614/614/614 613/613/613
f 617/617/617 618/618/618 619/619/619
f 620/620/620 618/618/618 617/617/617
f 621/621/621 622/622/622 623/623/623
f 624/624/624 622/622/622 621/621/621
f 625/625/625 626/626/626 627/627/627
f 625/625/625 628/628/628 626/626/626
f 629/629/629 630/630/630 631/631/631
f 632/632/632 630/630/630 629/629/629
f 633/633/633 634/634/634 635/635/635
f 633/633/633 636/636/636 634/634/634
f 637/637/637 638/638/638 639/639/639
f 640/640/640 638/638/638 637/637/637
f 641/641/641 642/642/642 643/643/643
f 644/644/644 642/642/642 641/641/641
f 645/645/645 646/646/646 647/647/647
f 648/648/648 646/646/646 645/645/645
f 649/649/649 650/650/650 651/651/651
f 649/649/649 652/652/652 650/650/650
f 653/653/653 654/654/654 655/655/655
f 653/653/653 656/656/656 654/654/654
f 657/657/657 658/658/658 659/659/659
f 660/660/660 658/658/658 657/657/657
f 661/661/661 662/662/662 663/663/663
f 661/661/661 664/664/664 662/662/662
f 665/665/665 666/666/666 667/667/667
f 665/665/665 668/668/668 666/666/666
f 669/669/669 670/670/670 671/671/671
f 669/669/669 672/672/672 670/670/670
f 673/673/673 674/674/674 675/675/675
f 676/676/676 674/674/674 673/673/673
f 677/677/677 678/678/678 679/679/679
f 677/677/677 680/680/680 678/678/678
f 681/681/681 682/682/682 683/683/683
f 684/684/684 682/682/682 681/681/681
f 685/685/685 686/686/686 687/687/687
f 685/685/685 688/688/688 686/686/686
f 689/689/689 690/690/690 691/691/691
f 689/689/689 692/692/692 690/690/690
f 693/693/693 694/694/694 695/695/695
f 693/693/693 696/696/696 694/694/694
f 697/697/697 698/698/698 699/699/699
f 700/700/700 698/698/698 697/697/697
f 701/701/701 702/702/702 703/703/703
f 701/701/701 704/704/704 702/702/702
f 705/705/705 706/706/706 707/707/707
f 708/708/708 706/706/706 705/705/705
f 709/709/709 710/710/710 711/711/711
f 709/709/709 712/712/712 710/710/710
f 713/713/713 714/714/714 715/715/715
f 716/716/716 714/714/714 713/713/713
f 717/717/717 718/718/718 719/719/719
f 717/717/717 720/720/720 718/718/718
f 721/721/721 722/722/722 723/723/723
f 724/724/724 722/722/722 721/721/721
f 725/725/725 726/726/726 727/727/727
f 728/728/728 726/726/726 725/725/725
f 729/729/729 730/730/730 731/731/731
f 732/732/732 730/730/730 729/729/729
f 733/733/733 734/734/734 735/735/735
f 733/733/733 736/736/736 734/734/734
f 737/737/737 738/738/738 739/739/739
f 740/740/740 738/738/738 737/737/737
f 741/741/741 742/742/742 743/743/743
f 741/741/741 744/744/744 742/742/742
f 745/745/745 746/746/746 747/747/747
f 748/748/748 746/746/746 745/745/745
f 749/749/749 750/750/750 751/751/751
f 752/752/752 750/750/750 749/749/749
f 753/753/753 754/754/754 755/755/755
f 756/756/756 754/754/754 753/753/753
f 757/757/757 758/758/758 759/759/759
f 757/757/757 760/760/760 758/758/758
f 761/761/761 762/762/762 763/763/763
f 761/761/761 764/764/764 762/762/762
f 765/765/765 766/766/766 767/767/767
f 768/768/768 766/766/766 765/765/765
f 769/769/769 770/770/770 771/771/771
f 769/769/769 772/772/772 770/770/770
f 773/773/773 774/774/774 775/775/775
f 773/773/773 776/776/776 774/774/774
f 777/777/777 778/778/778 779/779/779
f 777/777/777 780/780/780 778/778/778
f 781/781/781 782/782/782 783/783/783
f 784/784/784 782/782/782 781/781/781
f 785/785/785 786/786/786 787/787/787
f 785/785/785 788/788/788 786/786/786
f 789/789/789 790/790/790 791/791/791
f 792/792/792 790/790/790 789/789/789
f 793/793/793 794/794/794 795/795/795
f 793/793/793 796/796/796 794/794/794
f 797/797/797 798/798/798 799/799/799
f 797/797/797 800/800/800 798/798/798
f 801/801/801 802/802/802 803/803/803
f 801/801/801 804/804/804 802/802/802
f 805/805/805 806/806/806 807/807/807
f 808/808/808 806/806/806 805/805/805
f 809/809/809 810/810/810 811/811/811
f 809/809/809 812/812/812 810/810/810
f 813/813/813 814/814/814 815/815/815
f 816/816/816 814/814/814 813/813/813
f 817/817/817 818/818/818 819/819/819
f 820/820/820 818/818/818 817/817/817
f 821/821/821 822/822/822 823/823/823
f 824/824/824 822/822/822 821/821/821
f 825/825/825 826/826/826 827/827/827
f 828/828/828 826/826/826 825/825/825
f 829/829/829 830/830/830 831/831/831
f 832/832/832 830/830/830 829/829/829
f 833/833/833 834/834/834 835/835/835
f 836/836/836 834/834/834 833/833/833
f 837/837/837 838/838/838 839/839/839
f 840/840/840 838/838/838 837/837/837
f 841/841/841 842/842/842 843/843/843
f 844/844/844 842/842/842 841/841/841
f 845/845/845 846/846/846 847/847/847
f 848/848/848 846/846/846 845/845/845
f 849/849/849 850/850/850 851/851/851
f 852/852/852 850/850/850 849/849/849
f 853/853/853 854/854/854 855/855/855
f 853/853/853 856/856/856 854/854/854
f 857/857/857 858/858/858 859/859/859
f 857/857/857 860/860/860 858/858/858
f 861/861/861 862/862/862 863/863/863
f 861/861/861 864/864/864 862/862/862
f 865/865/865 866/866/866 867/867/867
f 865/865/865 868/868/868 866/866/866
f 869/869/869 870/870/870 871/871/871
f 869/869/869 872/872/872 870/870/870
f 873/873/873 874/874/874 875/875/875
f 873/873/873 876/876/876 874/874/874
f 877/877/877 878/878/878 879/879/879
f 880/880/880 878/878/878 877/877/877
f 881/881/881 882/882/882 883/883/883
f 881/881/881 884/884/884 882/882/882
f 885/885/885 886/886/886 887/887/887
f 885/885/885 888/888/888 886/886/886
f 889/889/889 890/890/890 891/891/891
f 892/892/892 890/890/890 889/889/889
f 893/893/893 894/894/894 895/895/895
f 896/896/896 894/894/894 893/893/893
f 897/897/897 898/898/898 899/899/899
f 900/900/900 898/898/898 897/897/897
f 901/901/901 902/902/902 903/903/903
f 904/904/904 902/902/902 901/901/901
f 905/905/905 906/906/906 907/907/907
f 908/908/908 906/906/906 905/905/905
f 909/909/909 910/910/910 911/911/911
f 912/912/912 910/910/910 909/909/909
f 913/913/913 914/914/914 915/915/915
f 916/916/916 914/914/914 913/913/913
f 917/917/917 918/918/918 919/919/919
f 920/920/920 918/918/918 917/917/917
f 921/921/921 922/922/922 923/923/923
f 924/924/924 922/922/922 921/921/921
f 925/925/925 926/926/926 927/927/927
f 928/928/928 926/926/926 925/925/925
f 929/929/929 930/930/930 931/931/931
f 932/932/932 930/930/930 929/929/929
f 933/933/933 934/934/934 935/935/935
f 936/936/936 934/934/934 933/933/933
f 937/937/937 938/938/938 939/939/939
f 940/940/940 938/938/938 937/937/937
f 941/941/941 942/942/942 943/943/943
f 944/944/944 942/942/942 941/941/941
f 945/945/945 946/946/946 947/947/947
f 948/948/948 946/946/946 945/945/945
f 949/949/949 950/950/950 951/951/951
f 952/952/952 950/950/950 949/949/949
f 953/953/953 954/954/954 955/955/955
f 956/956/956 954/954/954 953/953/953
f 957/957/957 958/958/958 959/959/959
f 960/960/960 958/958/958 957/957/957
f 961/961/961 962/962/962 963/963/963
f 961/961/961 964/964/964 962/962/962
f 965/965/965 966/966/966 967/967/967
f 965/965/965 968/968/968 966/966/966
f 969/969/969 970/970/970 971/971/971
f 969/969/969 972/972/972 970/970/970
f 973/973/973 974/974/974 975/975/975
f 973/973/973 976/976/976 974/974/974
f 977/977/977 978/978/978 979/979/979
f 977/977/977 980/980/980 978/978/978
f 981/981/981 982/982/982 983/983/983
f 981/981/981 984/984/984 982/982/982
f 985/985/985 986/986/986 987/987/987
f 988/988/988 986/986/986 985/985/985
f 989/989/989 990/990/990 991/991/991
f 989/989/989 992/992/992 990/990/990
f 993/993/993 994/994/994 995/995/995
f 993/993/993 996/996/996 994/994/994
f 997/997/997 998/998/998 999/999/999
f 1000/1000/1000 998/998/998 997/997/997
f 1001/1001/1001 1002/1002/1002 1003/1003/1003
f 1004/1004/1004 1002/1002/1002 1001/1001/1001
f 1005/1005/1005 1006/1006/1006 1007/1007/1007
f 1008/1008/1008 1006/1006/1006 1005/1005/1005
f 1009/1009/1009 1010/1010/1010 1011/1011/1011
f 1012/1012/1012 1010/1010/1010 1009/1009/1009
f 1013/1013/1013 1014/1014/1014 1015/1015/1015
f 1016/1016/1016 1014/1014/1014 1013/1013/1013
f 1017/1017/1017 1018/1018/1018 1019/1019/1019
f 1020/1020/1020 1018/1018/1018 1017/1017/1017
f 1021/1021/1021 1022/1022/1022 1023/1023/1023
f 1024/1024/1024 1022/1022/1022 1021/1021/1021
f 1025/1025/1025 1026/1026/1026 1027/1027/1027
f 1028/1028/1028 1026/1026/1026 1025/1025/1025
f 1029/1029/1029 1030/1030/1030 1031/1031/1031
f 1032/1032/1032 1030/1030/1030 1029/1029/1029
f 1033/1033/1033 1034/1034/1034 1035/1035/1035
f 1036/1036/1036 1034/1034/1034 1033/1033/1033
f 1037/1037/1037 1038/1038/1038 1039/1039/1039
f 1040/1040/1040 1038/1038/1038 1037/1037/1037
f 1041/1041/1041 1042/1042/1042 1043/1043/1043
f 1044/1044/1044 1042/1042/1042 1041/1041/1041
f 1045/1045/1045 1046/1046/1046 1047/1047/1047
f 1048/1048/1048 1046/1046/1046 1045/1045/1045
f 1049/1049/1049 1050/1050/1050 1051/1051/1051
f 1052/1052/1052 1050/1050/1050 1049/1049/1049
f 1053/1053/1053 1054/1054/1054 1055/1055/1055
f 1056/1056/1056 1054/1054/1054 1053/1053/1053
f 1057/1057/1057 1058/1058/1058 1059/1059/1059
f 1060/1060/1060 1058/1058/1058 1057/1057/1057
f 1061/1061/1061 1062/1062/1062 1063/1063/1063
f 1064/1064/1064 1062/1062/1062 1061/1061/1061
f 1065/1065/1065 1066/1066/1066 1067/1067/1067
f 1068/1068/1068 1066/1066/1066 1065/1065/1065
f 1069/1069/1069 1070/1070/1070 1071/1071/1071
f 1069/1069/1069 1072/1072/1072 1070/1070/1070
f 1073/1073/1073 1074/1074/1074 1075/1075/1075
f 1073/1073/1073 1076/1076/1076 1074/1074/1074
f 1077/1077/1077 1078/1078/1078 1079/1079/1079
f 1077/1077/1077 1080/1080/1080 1078/1078/1078
f 1081/1081/1081 1082/1082/1082 1083/1083/1083
f 1081/1081/1081 1084/1084/1084 1082/1082/1082
f 1085/1085/1085 1086/1086/1086 1087/1087/1087
f 1085/1085/1085 1088/1088/1088 1086/1086/1086
f 1089/1089/1089 1090/1090/1090 1091/1091/1091
f 1089/1089/1089 1092/1092/1092 1090/1090/1090
f 1093/1093/1093 1094/1094/1094 1095/1095/1095
f 1096/1096/1096 1094/1094/1094 1093/1093/1093
f 1097/1097/1097 1098/1098/1098 1099/1099/1099
f 1097/1097/1097 1100/1100/1100 1098/1098/1098
f 1101/1101/1101 1102/1102/1102 1103/1103/1103
f 1101/1101/1101 1104/1104/1104 1102/1102/1102
f 1105/1105/1105 1106/1106/1106 1107/1107/1107
f 1108/1108/1108 1106/1106/1106 1105/1105/1105
f 1109/1109/1109 1110/1110/1110 1111/1111/1111
f 1112/1112/1112 1110/1110/1110 1109/1109/1109
f 1113/1113/1113 1114/1114/1114 1115/1115/1115
f 1116/1116/1116 1114/1114/1114 1113/1113/1113
f 1117/1117/1117 1118/1118/1118 1119/1119/1119
f 1120/1120/1120 1118/1118/1118 1117/1117/1117
f 1121/1121/1121 1122/1122/1122 1123/1123/1123
f 1124/1124/1124 1122/1122/1122 1121/1121/1121
f 1125/1125/1125 1126/1126/1126 1127/1127/1127
f 1128/1128/1128 1126/1126/1126 1125/1125/1125
f 1129/1129/1129 1130/1130/1130 1131/1131/1131
f 1132/1132/1132 1130/1130/1130 1129/1129/1129
f 1133/1133/1133 1134/1134/1134 1135/1135/1135
f 1136/1136/1136 1134/1134/1134 1133/1133/1133
f 1137/1137/1137 1138/1138/1138 1139/1139/1139
f 1140/1140/1140 1138/1138/1138 1137/1137/1137
f 1141/1141/1141 1142/1142/1142 1143/1143/1143
f 1144/1144/1144 1142/1142/1142 1141/1141/1141
f 1145/1145/1145 1146/1146/1146 1147/1147/1147
f 1148/1148/1148 1146/1146/1146 1145/1145/1145
f 1149/1149/1149 1150/1150/1150 1151/1151/1151
f 1152/1152/1152 1150/1150/1150 1149/1149/1149
f 1153/1153/1153 1154/1154/1154 1155/1155/1155
f 1156/1156/1156 1154/1154/1154 1153/1153/1153
f 1157/1157/1157 1158/1158/1158 1159/1159/1159
f 1160/1160/1160 1158/1158/1158 1157/1157/1157
f 1161/1161/1161 1162/1162/1162 1163/1163/1163
f 1164/1164/1164 1162/1162/1162 1161/1161/1161
f 1165/1165/1165 1166/1166/1166 1167/1167/1167
f 1168/1168/1168 1166/1166/1166 1165/1165/1165
f 1169/1169/1169 1170/1170/1170 1171/1171/1171
f 1172/1172/1172 1170/1170/1170 1169/1169/1169
f 1173/1173/1173 1174/1174/1174 1175/1175/1175
f 1176/1176/1176 1174/1174/1174 1173/1173/1173
f 1177/1177/1177 1178/1178/1178 1179/1179/1179
f 1177/1177/1177 1180/1180/1180 1178/1178/1178
f 1181/1181/1181 1182/1182/1182 1183/1183/1183
f 1181/1181/1181 1184/1184/1184 1182/1182/1182
f 1185/1185/1185 1186/1186/1186 1187/1187/1187
f 1185/1185/1185 1188/1188/1188 1186/1186/1186
f 1189/1189/1189 1190/1190/1190 1191/1191/1191
f 1189/1189/1189 1192/1192/1192 1190/1190/1190
f 1193/1193/1193 1194/1194/1194 1195/1195/1195
f 1193/1193/1193 1196/1196/1196 1194/1194/1194
f 1197/1197/1197 1198/1198/1198 1199/1199/1199
f 1197/1197/1197 1200/1200/1200 1198/1198/1198
f 1201/1201/1201 1202/1202/1202 1203/1203/1203
f 1204/1204/1204 1202/1202/1202 1201/1201/1201
f 1205/1205/1205 1206/1206/1206 1207/1207/1207
f 1205/1205/1205 1208/1208/1208 1206/1206/1206
f 1209/1209/1209 1210/1210/1210 1211/1211/1211
f 1209/1209/1209 1212/1212/1212 1210/1210/1210
f 1213/1213/1213 1214/1214/1214 1215/1215/1215
f 1216/1216/1216 1214/1214/1214 1213/1213/1213
f 1217/1217/1217 1218/1218/1218 1219/1219/1219
f 1220/1220/1220 1218/1218/1218 1217/1217/1217
f 1221/1221/1221 1222/1222/1222 1223/1223/1223
f 1224/1224/1224 1222/1222/1222 1221/1221/1221
f 1225/1225/1225 1226/1226/1226 1227/1227/1227
f 1228/1228/1228 1226/1226/1226 1225/1225/1225
f 1229/1229/1229 1230/1230/1230 1231/1231/1231
f 1232/1232/1232 1230/1230/1230 1229/1229/1229
f 1233/1233/1233 1234/1234/1234 1235/1235/1235
f 1236/1236/1236 1234/1234/1234 1233/1233/1233
f 1237/1237/1237 1238/1238/1238 1239/1239/1239
f 1240/1240/1240 1238/1238/1238 1237/1237/1237
f 1241/1241/1241 1242/1242/1242 1243/1243/1243
f 1244/1244/1244 1242/1242/1242 1241/1241/1241
f 1245/1245/1245 1246/1246/1246 1247/1247/1247
f 1248/1248/1248 1246/1246/1246 1245/1245/1245
f 1249/1249/1249 1250/1250/1250 1251/1251/1251
f 1252/1252/1252 1250/1250/1250 1249/1249/1249
f 1253/1253/1253 1254/1254/1254 1255/1255/1255
f 1256/1256/1256 1254/1254/1254 1253/1253/1253
f 1257/1257/1257 1258/1258/1258 1259/1259/1259
f 1260/1260/1260 1258/1258/1258 1257/1257/1257
f 1261/1261/1261 1262/1262/1262 1263/1263/1263
f 1261/1261/1261 1264/1264/1264 1262/1262/1262
f 1265/1265/1265 1266/1266/1266 1267/1267/1267
f 1265/1265/1265 1268/1268/1268 1266/1266/1266
f 1269/1269/1269 1270/1270/1270 1271/1271/1271
f 1269/1269/1269 1272/1272/1272 1270/1270/1270
f 1273/1273/1273 1274/1274/1274 1275/1275/1275
f 1276/1276/1276 1274/1274/1274 1273/1273/1273
f 1277/1277/1277 1278/1278/1278 1279/1279/1279
f 1280/1280/1280 1278/1278/1278 1277/1277/1277
f 1281/1281/1281 1282/1282/1282 1283/1283/1283
f 1284/1284/1284 1282/1282/1282 1281/1281/1281
f 1285/1285/1285 1286/1286/1286 1287/1287/1287
f 1288/1288/1288 1286/1286/1286 1285/1285/1285
f 1289/1289/1289 1290/1290/1290 1291/1291/1291
f 1292/1292/1292 1290/1290/1290 1289/1289/1289
f 1293/1293/1293 1294/1294/1294 1295/1295/1295
f 1296/1296/1296 1294/1294/1294 1293/1293/1293
f 1297/1297/1297 1298/1298/1298 1299/1299/1299
f 1297/1297/1297 1300/1300/1300 1298/1298/1298
f 1301/1301/1301 1302/1302/1302 1303/1303/1303
f 1301/1301/1301 1304/1304/1304 1302/1302/1302
f 1305/1305/1305 1306/1306/1306 1307/1307/1307
f 1305/1305/1305 1308/1308/1308 1306/1306/1306
f 1309/1309/1309 1310/1310/1310 1311/1311/1311
f 1312/1312/1312 1310/1310/1310 1309/1309/1309
f 1313/1313/1313 1314/1314/1314 1315/1315/1315
f 1316/1316/1316 1314/1314/1314 1313/1313/1313
f 1317/1317/1317 1318/1318/1318 1319/1319/1319
f 1320/1320/1320 1318/1318/1318 1317/1317/1317
f 1321/1321/1321 1322/1322/1322 1323/1323/1323
f 1324/1324/1324 1322/1322/1322 1321/1321/1321
f 1325/1325/1325 1326/1326/1326 1327/1327/1327
f 1328/1328/1328 1326/1326/1326 1325/1325/1325
f 1329/1329/1329 1330/1330/1330 1331/1331/1331
f 1332/1332/1332 1330/1330/1330 1329/1329/1329
f 1333/1333/1333 1334/1334/1334 1335/1335/1335
f 1333/1333/1333 1336/1336/1336 1334/1334/1334
f 1337/1337/1337 1338/1338/1338 1339/1339/1339
f 1337/1337/1337 1340/1340/1340 1338/1338/1338
f 1341/1341/1341 1342/1342/1342 1343/1343/1343
f 1341/1341/1341 1344/1344/1344 1342/1342/1342
f 1345/1345/1345 1346/1346/1346 1347/1347/1347
f 1348/1348/1348 1346/1346/1346 1345/1345/1345
f 1349/1349/1349 1350/1350/1350 1351/1351/1351
f 1352/1352/1352 1350/1350/1350 1349/1349/1349
f 1353/1353/1353 1354/1354/1354 1355/1355/1355
f 1356/1356/1356 1354/1354/1354 1353/1353/1353
f 1357/1357/1357 1358/1358/1358 1359/1359/1359
f 1360/1360/1360 1358/1358/1358 1357/1357/1357
f 1361/1361/1361 1362/1362/1362 1363/1363/1363
f 1364/1364/1364 1362/1362/1362 1361/1361/1361
f 1365/1365/1365 1366/1366/1366 1367/1367/1367
f 1368/1368/1368 1366/1366/1366 1365/1365/1365
f 1369/1369/1369 1370/1370/1370 1371/1371/1371
f 1369/1369/1369 1372/1372/1372 1370/1370/1370
f 1373/1373/1373 1374/1374/1374 1375/1375/1375
f 1373/1373/1373 1376/1376/1376 1374/1374/1374
f 1377/1377/1377 1378/1378/1378 1379/1379/1379
f 1377/1377/1377 1380/1380/1380 1378/1378/1378
f 1381/1381/1381 1382/1382/1382 1383/1383/1383
f 1384/1384/1384 1382/1382/1382 1381/1381/1381
f 1385/1385/1385 1386/1386/1386 1387/1387/1387
f 1388/1388/1388 1386/1386/1386 1385/1385/1385
f 1389/1389/1389 1390/1390/1390 1391/1391/1391
f 1392/1392/1392 1390/1390/1390 1389/1389/1389
f 1393/1393/1393 1394/1394/1394 1395/1395/1395
f 1396/1396/1396 1394/1394/1394 1393/1393/1393
f 1397/1397/1397 1398/1398/1398 1399/1399/1399
f 1400/1400/1400 1398/1398/1398 1397/1397/1397
f 1401/1401/1401 1402/1402/1402 1403/1403/1403
f 1404/1404/1404 1402/1402/1402 1401/1401/1401
f 1405/1405/1405 1406/1406/1406 1407/1407/1407
f 1405/1405/1405 1408/1408/1408 1406/1406/1406
f 1409/1409/1409 1410/1410/1410 1411/1411/1411
f 1409/1409/1409 1412/1412/1412 1410/1410/1410
f 1413/1413/1413 1414/1414/1414 1415/1415/1415
f 1416/1416/1416 1414/1414/1414 1413/1413/1413
f 1417/1417/1417 1418/1418/1418 1419/1419/1419
f 1417/1417/1417 1420/1420/1420 1418/1418/1418
f 1421/1421/1421 1422/1422/1422 1423/1423/1423
f 1421/1421/1421 1424/1424/1424 1422/1422/1422
f 1425/1425/1425 1426/1426/1426 1427/1427/1427
f 1425/1425/1425 1428/1428/1428 1426/1426/1426
f 1429/1429/1429 1430/1430/1430 1431/1431/1431
f 1432/1432/1432 1430/1430/1430 1429/1429/1429
f 1433/1433/1433 1434/1434/1434 1435/1435/1435
f 1436/1436/1436 1434/1434/1434 1433/1433/1433
f 1437/1437/1437 1438/1438/1438 1439/1439/1439
f 1440/1440/1440 1438/1438/1438 1437/1437/1437
f 1441/1441/1441 1442/1442/1442 1443/1443/1443
f 1441/1441/1441 1444/1444/1444 1442/1442/1442
f 1445/1445/1445 1446/1446/1446 1447/1447/1447
f 1445/1445/1445 1448/1448/1448 1446/1446/1446
f 1449/1449/1449 1450/1450/1450 1451/1451/1451
f 1452/1452/1452 1450/1450/1450 1449/1449/1449
f 1453/1453/1453 1454/1454/1454 1455/1455/1455
f 1453/1453/1453 1456/1456/1456 1454/1454/1454
f 1457/1457/1457 1458/1458/1458 1459/1459/1459
f 1457/1457/1457 1460/1460/1460 1458/1458/1458
f 1461/1461/1461 1462/1462/1462 1463/1463/1463
f 1461/1461/1461 1464/1464/1464 1462/1462/1462
f 1465/1465/1465 1466/1466/1466 1467/1467/1467
f 1468/1468/1468 1466/1466/1466 1465/1465/1465
f 1469/1469/1469 1470/1470/1470 1471/1471/1471
f 1469/1469/1469 1472/1472/1472 1470/1470/1470
f 1473/1473/1473 1474/1474/1474 1475/1475/1475
f 1473/1473/1473 1476/1476/1476 1474/1474/1474
f 1477/1477/1477 1478/1478/1478 1479/1479/1479
f 1480/1480/1480 1478/1478/1478 1477/1477/1477
f 1481/1481/1481 1482/1482/1482 1483/1483/1483
f 1481/1481/1481 1484/1484/1484 1482/1482/1482
f 1485/1485/1485 1486/1486/1486 1487/1487/1487
f 1485/1485/1485 1488/1488/1488 1486/1486/1486
f 1489/1489/1489 1490/1490/1490 1491/1491/1491
f 1489/1489/1489 1492/1492/1492 1490/1490/1490
f 1493/1493/1493 1494/1494/1494 1495/1495/1495
f 1493/1493/1493 1496/1496/1496 1494/1494/1494
f 1497/1497/1497 1498/1498/1498 1499/1499/1499
f 1497/1497/1497 1500/1500/1500 1498/1498/1498
f 1501/1501/1501 1502/1502/1502 1503/1503/1503
f 1501/1501/1501 1504/1504/1504 1502/1502/1502
f 1505/1505/1505 1506/1506/1506 1507/1507/1507
f 1505/1505/1505 1508/1508/1508 1506/1506/1506
f 1509/1509/1509 1510/1510/1510 1511/1511/1511
f 1509/1509/1509 1512/1512/1512 1510/1510/1510
f 1513/1513/1513 1514/1514/1514 1515/1515/1515
f 1513/1513/1513 1516/1516/1516 1514/1514/1514
f 1517/1517/1517 1518/1518/1518 1519/1519/1519
f 1517/1517/1517 1520/1520/1520 1518/1518/1518
f 1521/1521/1521 1522/1522/1522 1523/1523/1523
f 1521/1521/1521 1524/1524/1524 1522/1522/1522
f 1525/1525/1525 1526/1526/1526 1527/1527/1527
f 1525/1525/1525 1528/1528/1528 1526/1526/1526
f 1529/1529/1529 1530/1530/1530 1531/1531/1531
f 1529/1529/1529 1532/1532/1532 1530/1530/1530
f 1533/1533/1533 1534/1534/1534 1535/1535/1535
f 1533/1533/1533 1536/1536/1536 1534/1534/1534
f 1532/1532/1532 1535/1535/1535 1530/1530/1530
f 1532/1532/1532 1533/1533/1533 1535/1535/1535
f 386/386/386 1533/1533/1533 1532/1532/1532
f 386/386/386 383/383/383 1533/1533/1533
f 383/383/383 1536/1536/1536 1533/1533/1533
f 383/383/383 382/382/382 1536/1536/1536
f 420/420/420 1531/1531/1531 418/418/418
f 420/420/420 1529/1529/1529 1531/1531/1531
f 378/378/378 1529/1529/1529 420/420/420
f 378/378/378 387/387/387 1529/1529/1529
f 387/387/387 1532/1532/1532 1529/1529/1529
f 387/387/387 386/386/386 1532/1532/1532
f 376/376/376 1527/1527/1527 374/374/374
f 376/376/376 1525/1525/1525 1527/1527/1527
f 418/418/418 1525/1525/1525 376/376/376
f 418/418/418 1531/1531/1531 1525/1525/1525
f 1531/1531/1531 1528/1528/1528 1525/1525/1525
f 1531/1531/1531 1530/1530/1530 1528/1528/1528
f 1520/1520/1520 1523/1523/1523 1518/1518/1518
f 1520/1520/1520 1521/1521/1521 1523/1523/1523
f 422/422/422 1521/1521/1521 1520/1520/1520
f 422/422/422 371/371/371 1521/1521/1521
f 371/371/371 1524/1524/1524 1521/1521/1521
f 371/371/371 370/370/370 1524/1524/1524
f 456/456/456 1519/1519/1519 454/454/454
f 456/456/456 1517/1517/1517 1519/1519/1519
f 366/366/366 1517/1517/1517 456/456/456
f 366/366/366 423/423/423 1517/1517/1517
f 423/423/423 1520/1520/1520 1517/1517/1517
f 423/423/423 422/422/422 1520/1520/1520
f 364/364/364 1515/1515/1515 362/362/362
f 364/364/364 1513/1513/1513 1515/1515/1515
f 454/454/454 1513/1513/1513 364/364/364
f 454/454/454 1519/1519/1519 1513/1513/1513
f 1519/1519/1519 1516/1516/1516 1513/1513/1513
f 1519/1519/1519 1518/1518/1518 1516/1516/1516
f 1508/1508/1508 1511/1511/1511 1506/1506/1506
f 1508/1508/1508 1509/1509/1509 1511/1511/1511
f 458/458/458 1509/1509/1509 1508/1508/1508
f 458/458/458 359/359/359 1509/1509/1509
f 359/359/359 1512/1512/1512 1509/1509/1509
f 359/359/359 358/358/358 1512/1512/1512
f 492/492/492 1507/1507/1507 490/490/490
f 492/492/492 1505/1505/1505 1507/1507/1507
f 354/354/354 1505/1505/1505 492/492/492
f 354/354/354 459/459/459 1505/1505/1505
f 459/459/459 1508/1508/1508 1505/1505/1505
f 459/459/459 458/458/458 1508/1508/1508
f 352/352/352 1503/1503/1503 350/350/350
f 352/352/352 1501/1501/1501 1503/1503/1503
f 490/490/490 1501/1501/1501 352/352/352
f 490/490/490 1507/1507/1507 1501/1501/1501
f 1507/1507/1507 1504/1504/1504 1501/1501/1501
f 1507/1507/1507 1506/1506/1506 1504/1504/1504
f 1496/1496/1496 1499/1499/1499 1494/1494/1494
f 1496/1496/1496 1497/1497/1497 1499/1499/1499
f 494/494/494 1497/1497/1497 1496/1496/1496
f 494/494/494 347/347/347 1497/1497/1497
f 347/347/347 1500/1500/1500 1497/1497/1497
f 347/347/347 346/346/346 1500/1500/1500
f 528/528/528 1495/1495/1495 526/526/526
f 528/528/528 1493/1493/1493 1495/1495/1495
f 342/342/342 1493/1493/1493 528/528/528
f 342/342/342 495/495/495 1493/1493/1493
f 495/495/495 1496/1496/1496 1493/1493/1493
f 495/495/495 494/494/494 1496/1496/1496
f 340/340/340 1491/1491/1491 338/338/338
f 340/340/340 1489/1489/1489 1491/1491/1491
f 526/526/526 1489/1489/1489 340/340/340
f 526/526/526 1495/1495/1495 1489/1489/1489
f 1495/1495/1495 1492/1492/1492 1489/1489/1489
f 1495/1495/1495 1494/1494/1494 1492/1492/1492
f 1487/1487/1487 1484/1484/1484 1481/1481/1481
f 1487/1487/1487 1486/1486/1486 1484/1484/1484
f 334/334/334 1481/1481/1481 532/532/532
f 334/334/334 1487/1487/1487 1481/1481/1481
f 336/336/336 1487/1487/1487 334/334/334
f 336/336/336 1485/1485/1485 1487/1487/1487
f 1483/1483/1483 564/564/564 561/561/561
f 1482/1482/1482 564/564/564 1483/1483/1483
f 530/530/530 561/561/561 332/332/332
f 530/530/530 1483/1483/1483 561/561/561
f 532/532/532 1483/1483/1483 530/530/530
f 532/532/532 1481/1481/1481 1483/1483/1483
f 1479/1479/1479 328/328/328 325/325/325
f 1478/1478/1478 328/328/328 1479/1479/1479
f 1482/1482/1482 325/325/325 564/564/564
f 1479/1479/1479 325/325/325 1482/1482/1482
f 1484/1484/1484 1479/1479/1479 1482/1482/1482
f 1477/1477/1477 1479/1479/1479 1484/1484/1484
f 1471/1471/1471 1476/1476/1476 1473/1473/1473
f 1471/1471/1471 1470/1470/1470 1476/1476/1476
f 1470/1470/1470 321/321/321 1476/1476/1476
f 1470/1470/1470 567/567/567 321/321/321
f 1476/1476/1476 323/323/323 1474/1474/1474
f 1476/1476/1476 321/321/321 323/323/323
f 599/599/599 1472/1472/1472 1469/1469/1469
f 598/598/598 1472/1472/1472 599/599/599
f 598/598/598 565/565/565 1472/1472/1472
f 598/598/598 319/319/319 565/565/565
f 1472/1472/1472 567/567/567 1470/1470/1470
f 1472/1472/1472 565/565/565 567/567/567
f 315/315/315 1468/1468/1468 1465/1465/1465
f 314/314/314 1468/1468/1468 315/315/315
f 314/314/314 1469/1469/1469 1468/1468/1468
f 599/599/599 1469/1469/1469 314/314/314
f 1468/1468/1468 1471/1471/1471 1466/1466/1466
f 1469/1469/1469 1471/1471/1471 1468/1468/1468
f 1460/1460/1460 1463/1463/1463 1458/1458/1458
f 1460/1460/1460 1461/1461/1461 1463/1463/1463
f 602/602/602 1461/1461/1461 1460/1460/1460
f 602/602/602 311/311/311 1461/1461/1461
f 311/311/311 1464/1464/1464 1461/1461/1461
f 311/311/311 310/310/310 1464/1464/1464
f 636/636/636 1459/1459/1459 634/634/634
f 636/636/636 1457/1457/1457 1459/1459/1459
f 306/306/306 1457/1457/1457 636/636/636
f 306/306/306 603/603/603 1457/1457/1457
f 603/603/603 1460/1460/1460 1457/1457/1457
f 603/603/603 602/602/602 1460/1460/1460
f 304/304/304 1455/1455/1455 302/302/302
f 304/304/304 1453/1453/1453 1455/1455/1455
f 634/634/634 1453/1453/1453 304/304/304
f 634/634/634 1459/1459/1459 1453/1453/1453
f 1459/1459/1459 1456/1456/1456 1453/1453/1453
f 1459/1459/1459 1458/1458/1458 1456/1456/1456
f 1451/1451/1451 1448/1448/1448 1445/1445/1445
f 1450/1450/1450 1448/1448/1448 1451/1451/1451
f 298/298/298 1445/1445/1445 640/640/640
f 1451/1451/1451 1445/1445/1445 298/298/298
f 300/300/300 1451/1451/1451 298/298/298
f 1449/1449/1449 1451/1451/1451 300/300/300
f 1447/1447/1447 672/672/672 669/669/669
f 1447/1447/1447 1446/1446/1446 672/672/672
f 638/638/638 669/669/669 296/296/296
f 638/638/638 1447/1447/1447 669/669/669
f 640/640/640 1447/1447/1447 638/638/638
f 1445/1445/1445 1447/1447/1447 640/640/640
f 1443/1443/1443 292/292/292 289/289/289
f 1443/1443/1443 1442/1442/1442 292/292/292
f 1446/1446/1446 289/289/289 672/672/672
f 1446/1446/1446 1443/1443/1443 289/289/289
f 1448/1448/1448 1443/1443/1443 1446/1446/1446
f 1448/1448/1448 1441/1441/1441 1443/1443/1443
f 1440/1440/1440 1435/1435/1435 1438/1438/1438
f 1433/1433/1433 1435/1435/1435 1440/1440/1440
f 1438/1438/1438 673/673/673 288/288/288
f 1435/1435/1435 673/673/673 1438/1438/1438
f 1439/1439/1439 288/288/288 285/285/285
f 1438/1438/1438 288/288/288 1439/1439/1439
f 1436/1436/1436 707/707/707 1434/1434/1434
f 705/705/705 707/707/707 1436/1436/1436
f 1434/1434/1434 281/281/281 676/676/676
f 707/707/707 281/281/281 1434/1434/1434
f 1435/1435/1435 676/676/676 673/673/673
f 1434/1434/1434 676/676/676 1435/1435/1435
f 1432/1432/1432 279/279/279 1430/1430/1430
f 277/277/277 279/279/279 1432/1432/1432
f 1430/1430/1430 705/705/705 1436/1436/1436
f 279/279/279 705/705/705 1430/1430/1430
f 1431/1431/1431 1436/1436/1436 1433/1433/1433
f 1430/1430/1430 1436/1436/1436 1431/1431/1431
f 1428/1428/1428 1423/1423/1423 1426/1426/1426
f 1428/1428/1428 1421/1421/1421 1423/1423/1423
f 1426/1426/1426 709/709/709 276/276/276
f 1426/1426/1426 1423/1423/1423 709/709/709
f 1427/1427/1427 276/276/276 273/273/273
f 1427/1427/1427 1426/1426/1426 276/276/276
f 1424/1424/1424 743/743/743 1422/1422/1422
f 1424/1424/1424 741/741/741 743/743/743
f 1422/1422/1422 269/269/269 712/712/712
f 1422/1422/1422 743/743/743 269/269/269
f 1423/1423/1423 712/712/712 709/709/709
f 1423/1423/1423 1422/1422/1422 712/712/712
f 1420/1420/1420 267/267/267 1418/1418/1418
f 1420/1420/1420 265/265/265 267/267/267
f 1418/1418/1418 741/741/741 1424/1424/1424
f 1418/1418/1418 267/267/267 741/741/741
f 1419/1419/1419 1424/1424/1424 1421/1421/1421
f 1419/1419/1419 1418/1418/1418 1424/1424/1424
f 1411/1411/1411 1416/1416/1416 1413/1413/1413
f 1410/1410/1410 1416/1416/1416 1411/1411/1411
f 1410/1410/1410 261/261/261 1416/1416/1416
f 747/747/747 261/261/261 1410/1410/1410
f 1416/1416/1416 263/263/263 1414/1414/1414
f 261/261/261 263/263/263 1416/1416/1416
f 779/779/779 1412/1412/1412 1409/1409/1409
f 779/779/779 778/778/778 1412/1412/1412
f 778/778/778 745/745/745 1412/1412/1412
f 778/778/778 259/259/259 745/745/745
f 1412/1412/1412 747/747/747 1410/1410/1410
f 745/745/745 747/747/747 1412/1412/1412
f 255/255/255 1408/1408/1408 1405/1405/1405
f 255/255/255 254/254/254 1408/1408/1408
f 254/254/254 1409/1409/1409 1408/1408/1408
f 254/254/254 779/779/779 1409/1409/1409
f 1408/1408/1408 1411/1411/1411 1406/1406/1406
f 1408/1408/1408 1409/1409/1409 1411/1411/1411
f 1400/1400/1400 1403/1403/1403 1398/1398/1398
f 1401/1401/1401 1403/1403/1403 1400/1400/1400
f 782/782/782 1401/1401/1401 1400/1400/1400
f 251/251/251 1401/1401/1401 782/782/782
f 251/251/251 1404/1404/1404 1401/1401/1401
f 250/250/250 1404/1404/1404 251/251/251
f 816/816/816 1399/1399/1399 814/814/814
f 1397/1397/1397 1399/1399/1399 816/816/816
f 246/246/246 1397/1397/1397 816/816/816
f 783/783/783 1397/1397/1397 246/246/246
f 783/783/783 1400/1400/1400 1397/1397/1397
f 782/782/782 1400/1400/1400 783/783/783
f 244/244/244 1395/1395/1395 242/242/242
f 1393/1393/1393 1395/1395/1395 244/244/244
f 814/814/814 1393/1393/1393 244/244/244
f 1399/1399/1399 1393/1393/1393 814/814/814
f 1399/1399/1399 1396/1396/1396 1393/1393/1393
f 1398/1398/1398 1396/1396/1396 1399/1399/1399
f 1387/1387/1387 1392/1392/1392 1389/1389/1389
f 1386/1386/1386 1392/1392/1392 1387/1387/1387
f 1386/1386/1386 237/237/237 1392/1392/1392
f 819/819/819 237/237/237 1386/1386/1386
f 1392/1392/1392 239/239/239 1390/1390/1390
f 237/237/237 239/239/239 1392/1392/1392
f 851/851/851 1388/1388/1388 1385/1385/1385
f 850/850/850 1388/1388/1388 851/851/851
f 850/850/850 817/817/817 1388/1388/1388
f 235/235/235 817/817/817 850/850/850
f 1388/1388/1388 819/819/819 1386/1386/1386
f 817/817/817 819/819/819 1388/1388/1388
f 231/231/231 1384/1384/1384 1381/1381/1381
f 230/230/230 1384/1384/1384 231/231/231
f 230/230/230 1385/1385/1385 1384/1384/1384
f 851/851/851 1385/1385/1385 230/230/230
f 1384/1384/1384 1387/1387/1387 1382/1382/1382
f 1385/1385/1385 1387/1387/1387 1384/1384/1384
f 1376/1376/1376 1379/1379/1379 1374/1374/1374
f 1376/1376/1376 1377/1377/1377 1379/1379/1379
f 854/854/854 1377/1377/1377 1376/1376/1376
f 854/854/854 227/227/227 1377/1377/1377
f 227/227/227 1380/1380/1380 1377/1377/1377
f 227/227/227 226/226/226 1380/1380/1380
f 888/888/888 1375/1375/1375 886/886/886
f 888/888/888 1373/1373/1373 1375/1375/1375
f 222/222/222 1373/1373/1373 888/888/888
f 222/222/222 855/855/855 1373/1373/1373
f 855/855/855 1376/1376/1376 1373/1373/1373
f 855/855/855 854/854/854 1376/1376/1376
f 220/220/220 1371/1371/1371 218/218/218
f 220/220/220 1369/1369/1369 1371/1371/1371
f 886/886/886 1369/1369/1369 220/220/220
f 886/886/886 1375/1375/1375 1369/1369/1369
f 1375/1375/1375 1372/1372/1372 1369/1369/1369
f 1375/1375/1375 1374/1374/1374 1372/1372/1372
f 1363/1363/1363 1368/1368/1368 1365/1365/1365
f 1362/1362/1362 1368/1368/1368 1363/1363/1363
f 1362/1362/1362 213/213/213 1368/1368/1368
f 891/891/891 213/213/213 1362/1362/1362
f 1368/1368/1368 215/215/215 1366/1366/1366
f 213/213/213 215/215/215 1368/1368/1368
f 923/923/923 1364/1364/1364 1361/1361/1361
f 922/922/922 1364/1364/1364 923/923/923
f 922/922/922 889/889/889 1364/1364/1364
f 211/211/211 889/889/889 922/922/922
f 1364/1364/1364 891/891/891 1362/1362/1362
f 889/889/889 891/891/891 1364/1364/1364
f 207/207/207 1360/1360/1360 1357/1357/1357
f 206/206/206 1360/1360/1360 207/207/207
f 206/206/206 1361/1361/1361 1360/1360/1360
f 923/923/923 1361/1361/1361 206/206/206
f 1360/1360/1360 1363/1363/1363 1358/1358/1358
f 1361/1361/1361 1363/1363/1363 1360/1360/1360
f 1351/1351/1351 1356/1356/1356 1353/1353/1353
f 1350/1350/1350 1356/1356/1356 1351/1351/1351
f 1350/1350/1350 201/201/201 1356/1356/1356
f 927/927/927 201/201/201 1350/1350/1350
f 1356/1356/1356 203/203/203 1354/1354/1354
f 201/201/201 203/203/203 1356/1356/1356
f 959/959/959 1352/1352/1352 1349/1349/1349
f 958/958/958 1352/1352/1352 959/959/959
f 958/958/958 925/925/925 1352/1352/1352
f 199/199/199 925/925/925 958/958/958
f 1352/1352/1352 927/927/927 1350/1350/1350
f 925/925/925 927/927/927 1352/1352/1352
f 195/195/195 1348/1348/1348 1345/1345/1345
f 194/194/194 1348/1348/1348 195/195/195
f 194/194/194 1349/1349/1349 1348/1348/1348
f 959/959/959 1349/1349/1349 194/194/194
f 1348/1348/1348 1351/1351/1351 1346/1346/1346
f 1349/1349/1349 1351/1351/1351 1348/1348/1348
f 1340/1340/1340 1343/1343/1343 1338/1338/1338
f 1340/1340/1340 1341/1341/1341 1343/1343/1343
f 962/962/962 1341/1341/1341 1340/1340/1340
f 962/962/962 191/191/191 1341/1341/1341
f 191/191/191 1344/1344/1344 1341/1341/1341
f 191/191/191 190/190/190 1344/1344/1344
f 996/996/996 1339/1339/1339 994/994/994
f 996/996/996 1337/1337/1337 1339/1339/1339
f 186/186/186 1337/1337/1337 996/996/996
f 186/186/186 963/963/963 1337/1337/1337
f 963/963/963 1340/1340/1340 1337/1337/1337
f 963/963/963 962/962/962 1340/1340/1340
f 184/184/184 1335/1335/1335 182/182/182
f 184/184/184 1333/1333/1333 1335/1335/1335
f 994/994/994 1333/1333/1333 184/184/184
f 994/994/994 1339/1339/1339 1333/1333/1333
f 1339/1339/1339 1336/1336/1336 1333/1333/1333
f 1339/1339/1339 1338/1338/1338 1336/1336/1336
f 1327/1327/1327 1332/1332/1332 1329/1329/1329
f 1326/1326/1326 1332/1332/1332 1327/1327/1327
f 1326/1326/1326 177/177/177 1332/1332/1332
f 999/999/999 177/177/177 1326/1326/1326
f 1332/1332/1332 179/179/179 1330/1330/1330
f 177/177/177 179/179/179 1332/1332/1332
f 1031/1031/1031 1328/1328/1328 1325/1325/1325
f 1030/1030/1030 1328/1328/1328 1031/1031/1031
f 1030/1030/1030 997/997/997 1328/1328/1328
f 175/175/175 997/997/997 1030/1030/1030
f 1328/1328/1328 999/999/999 1326/1326/1326
f 997/997/997 999/999/999 1328/1328/1328
f 171/171/171 1324/1324/1324 1321/1321/1321
f 170/170/170 1324/1324/1324 171/171/171
f 170/170/170 1325/1325/1325 1324/1324/1324
f 1031/1031/1031 1325/1325/1325 170/170/170
f 1324/1324/1324 1327/1327/1327 1322/1322/1322
f 1325/1325/1325 1327/1327/1327 1324/1324/1324
f 1315/1315/1315 1320/1320/1320 1317/1317/1317
f 1314/1314/1314 1320/1320/1320 1315/1315/1315
f 1314/1314/1314 165/165/165 1320/1320/1320
f 1035/1035/1035 165/165/165 1314/1314/1314
f 1320/1320/1320 167/167/167 1318/1318/1318
f 165/165/165 167/167/167 1320/1320/1320
f 1067/1067/1067 1316/1316/1316 1313/1313/1313
f 1066/1066/1066 1316/1316/1316 1067/1067/1067
f 1066/1066/1066 1033/1033/1033 1316/1316/1316
f 163/163/163 1033/1033/1033 1066/1066/1066
f 1316/1316/1316 1035/1035/1035 1314/1314/1314
f 1033/1033/1033 1035/1035/1035 1316/1316/1316
f 159/159/159 1312/1312/1312 1309/1309/1309
f 158/158/158 1312/1312/1312 159/159/159
f 158/158/158 1313/1313/1313 1312/1312/1312
f 1067/1067/1067 1313/1313/1313 158/158/158
f 1312/1312/1312 1315/1315/1315 1310/1310/1310
f 1313/1313/1313 1315/1315/1315 1312/1312/1312
f 1304/1304/1304 1307/1307/1307 1302/1302/1302
f 1304/1304/1304 1305/1305/1305 1307/1307/1307
f 1070/1070/1070 1305/1305/1305 1304/1304/1304
f 1070/1070/1070 155/155/155 1305/1305/1305
f 155/155/155 1308/1308/1308 1305/1305/1305
f 155/155/155 154/154/154 1308/1308/1308
f 1104/1104/1104 1303/1303/1303 1102/1102/1102
f 1104/1104/1104 1301/1301/1301 1303/1303/1303
f 150/150/150 1301/1301/1301 1104/1104/1104
f 150/150/150 1071/1071/1071 1301/1301/1301
f 1071/1071/1071 1304/1304/1304 1301/1301/1301
f 1071/1071/1071 1070/1070/1070 1304/1304/1304
f 148/148/148 1299/1299/1299 146/146/146
f 148/148/148 1297/1297/1297 1299/1299/1299
f 1102/1102/1102 1297/1297/1297 148/148/148
f 1102/1102/1102 1303/1303/1303 1297/1297/1297
f 1303/1303/1303 1300/1300/1300 1297/1297/1297
f 1303/1303/1303 1302/1302/1302 1300/1300/1300
f 1291/1291/1291 1296/1296/1296 1293/1293/1293
f 1290/1290/1290 1296/1296/1296 1291/1291/1291
f 1290/1290/1290 141/141/141 1296/1296/1296
f 1107/1107/1107 141/141/141 1290/1290/1290
f 1296/1296/1296 143/143/143 1294/1294/1294
f 141/141/141 143/143/143 1296/1296/1296
f 1139/1139/1139 1292/1292/1292 1289/1289/1289
f 1138/1138/1138 1292/1292/1292 1139/1139/1139
f 1138/1138/1138 1105/1105/1105 1292/1292/1292
f 139/139/139 1105/1105/1105 1138/1138/1138
f 1292/1292/1292 1107/1107/1107 1290/1290/1290
f 1105/1105/1105 1107/1107/1107 1292/1292/1292
f 135/135/135 1288/1288/1288 1285/1285/1285
f 134/134/134 1288/1288/1288 135/135/135
f 134/134/134 1289/1289/1289 1288/1288/1288
f 1139/1139/1139 1289/1289/1289 134/134/134
f 1288/1288/1288 1291/1291/1291 1286/1286/1286
f 1289/1289/1289 1291/1291/1291 1288/1288/1288
f 1279/1279/1279 1284/1284/1284 1281/1281/1281
f 1278/1278/1278 1284/1284/1284 1279/1279/1279
f 1278/1278/1278 129/129/129 1284/1284/1284
f 1143/1143/1143 129/129/129 1278/1278/1278
f 1284/1284/1284 131/131/131 1282/1282/1282
f 129/129/129 131/131/131 1284/1284/1284
f 1175/1175/1175 1280/1280/1280 1277/1277/1277
f 1174/1174/1174 1280/1280/1280 1175/1175/1175
f 1174/1174/1174 1141/1141/1141 1280/1280/1280
f 127/127/127 1141/1141/1141 1174/1174/1174
f 1280/1280/1280 1143/1143/1143 1278/1278/1278
f 1141/1141/1141 1143/1143/1143 1280/1280/1280
f 123/123/123 1276/1276/1276 1273/1273/1273
f 122/122/122 1276/1276/1276 123/123/123
f 122/122/122 1277/1277/1277 1276/1276/1276
f 1175/1175/1175 1277/1277/1277 122/122/122
f 1276/1276/1276 1279/1279/1279 1274/1274/1274
f 1277/1277/1277 1279/1279/1279 1276/1276/1276
f 1268/1268/1268 1271/1271/1271 1266/1266/1266
f 1268/1268/1268 1269/1269/1269 1271/1271/1271
f 1178/1178/1178 1269/1269/1269 1268/1268/1268
f 1178/1178/1178 119/119/119 1269/1269/1269
f 119/119/119 1272/1272/1272 1269/1269/1269
f 119/119/119 118/118/118 1272/1272/1272
f 1212/1212/1212 1267/1267/1267 1210/1210/1210
f 1212/1212/1212 1265/1265/1265 1267/1267/1267
f 114/114/114 1265/1265/1265 1212/1212/1212
f 114/114/114 1179/1179/1179 1265/1265/1265
f 1179/1179/1179 1268/1268/1268 1265/1265/1265
f 1179/1179/1179 1178/1178/1178 1268/1268/1268
f 112/112/112 1263/1263/1263 110/110/110
f 112/112/112 1261/1261/1261 1263/1263/1263
f 1210/1210/1210 1261/1261/1261 112/112/112
f 1210/1210/1210 1267/1267/1267 1261/1261/1261
f 1267/1267/1267 1264/1264/1264 1261/1261/1261
f 1267/1267/1267 1266/1266/1266 1264/1264/1264
f 1255/1255/1255 1260/1260/1260 1257/1257/1257
f 1254/1254/1254 1260/1260/1260 1255/1255/1255
f 1254/1254/1254 105/105/105 1260/1260/1260
f 1215/1215/1215 105/105/105 1254/1254/1254
f 1260/1260/1260 107/107/107 1258/1258/1258
f 105/105/105 107/107/107 1260/1260/1260
f 1247/1247/1247 1256/1256/1256 1253/1253/1253
f 1246/1246/1246 1256/1256/1256 1247/1247/1247
f 1246/1246/1246 1213/1213/1213 1256/1256/1256
f 103/103/103 1213/1213/1213 1246/1246/1246
f 1256/1256/1256 1215/1215/1215 1254/1254/1254
f 1213/1213/1213 1215/1215/1215 1256/1256/1256
f 99/99/99 1252/1252/1252 1249/1249/1249
f 98/98/98 1252/1252/1252 99/99/99
f 98/98/98 1253/1253/1253 1252/1252/1252
f 1247/1247/1247 1253/1253/1253 98/98/98
f 1252/1252/1252 1255/1255/1255 1250/1250/1250
f 1253/1253/1253 1255/1255/1255 1252/1252/1252
f 1243/1243/1243 1248/1248/1248 1245/1245/1245
f 1242/1242/1242 1248/1248/1248 1243/1243/1243
f 1242/1242/1242 101/101/101 1248/1248/1248
f 1227/1227/1227 101/101/101 1242/1242/1242
f 1248/1248/1248 103/103/103 1246/1246/1246
f 101/101/101 103/103/103 1248/1248/1248
f 1270/1270/1270 1244/1244/1244 1241/1241/1241
f 1272/1272/1272 1244/1244/1244 1270/1270/1270
f 1272/1272/1272 1225/1225/1225 1244/1244/1244
f 118/118/118 1225/1225/1225 1272/1272/1272
f 1244/1244/1244 1227/1227/1227 1242/1242/1242
f 1225/1225/1225 1227/1227/1227 1244/1244/1244
f 90/90/90 1240/1240/1240 1237/1237/1237
f 92/92/92 1240/1240/1240 90/90/90
f 92/92/92 1241/1241/1241 1240/1240/1240
f 1270/1270/1270 1241/1241/1241 92/92/92
f 1240/1240/1240 1243/1243/1243 1238/1238/1238
f 1241/1241/1241 1243/1243/1243 1240/1240/1240
f 1231/1231/1231 1236/1236/1236 1233/1233/1233
f 1230/1230/1230 1236/1236/1236 1231/1231/1231
f 1230/1230/1230 1537/1537/1537 1236/1236/1236
f 1538/1538/1538 1537/1537/1537 1230/1230/1230
f 1236/1236/1236 1539/1539/1539 1234/1234/1234
f 1537/1537/1537 1539/1539/1539 1236/1236/1236
f 1186/1186/1186 1232/1232/1232 1229/1229/1229
f 1188/1188/1188 1232/1232/1232 1186/1186/1186
f 1188/1188/1188 1540/1540/1540 1232/1232/1232
f 1541/1541/1541 1540/1540/1540 1188/1188/1188
f 1232/1232/1232 1538/1538/1538 1230/1230/1230
f 1540/1540/1540 1538/1538/1538 1232/1232/1232
f 118/118/118 1228/1228/1228 1225/1225/1225
f 120/120/120 1228/1228/1228 118/118/118
f 120/120/120 1229/1229/1229 1228/1228/1228
f 1186/1186/1186 1229/1229/1229 120/120/120
f 1228/1228/1228 1231/1231/1231 1226/1226/1226
f 1229/1229/1229 1231/1231/1231 1228/1228/1228
f 1219/1219/1219 1224/1224/1224 1221/1221/1221
f 1218/1218/1218 1224/1224/1224 1219/1219/1219
f 1218/1218/1218 1542/1542/1542 1224/1224/1224
f 1543/1543/1543 1542/1542/1542 1218/1218/1218
f 1224/1224/1224 1544/1544/1544 1222/1222/1222
f 1542/1542/1542 1544/1544/1544 1224/1224/1224
f 1235/1235/1235 1220/1220/1220 1217/1217/1217
f 1234/1234/1234 1220/1220/1220 1235/1235/1235
f 1234/1234/1234 1545/1545/1545 1220/1220/1220
f 1539/1539/1539 1545/1545/1545 1234/1234/1234
f 1220/1220/1220 1543/1543/1543 1218/1218/1218
f 1545/1545/1545 1543/1543/1543 1220/1220/1220
f 103/103/103 1216/1216/1216 1213/1213/1213
f 102/102/102 1216/1216/1216 103/103/103
f 102/102/102 1217/1217/1217 1216/1216/1216
f 1235/1235/1235 1217/1217/1217 102/102/102
f 1216/1216/1216 1219/1219/1219 1214/1214/1214
f 1217/1217/1217 1219/1219/1219 1216/1216/1216
f 1208/1208/1208 1211/1211/1211 1206/1206/1206
f 1208/1208/1208 1209/1209/1209 1211/1211/1211
f 1190/1190/1190 1209/1209/1209 1208/1208/1208
f 1190/1190/1190 115/115/115 1209/1209/1209
f 115/115/115 1212/1212/1212 1209/1209/1209
f 115/115/115 114/114/114 1212/1212/1212
f 1366/1366/1366 1207/1207/1207 1367/1367/1367
f 1366/1366/1366 1205/1205/1205 1207/1207/1207
f 215/215/215 1205/1205/1205 1366/1366/1366
f 215/215/215 1191/1191/1191 1205/1205/1205
f 1191/1191/1191 1208/1208/1208 1205/1205/1205
f 1191/1191/1191 1190/1190/1190 1208/1208/1208
f 58/58/58 1204/1204/1204 1201/1201/1201
f 60/60/60 1204/1204/1204 58/58/58
f 1367/1367/1367 1204/1204/1204 60/60/60
f 1367/1367/1367 1207/1207/1207 1204/1204/1204
f 1207/1207/1207 1202/1202/1202 1204/1204/1204
f 1207/1207/1207 1206/1206/1206 1202/1202/1202
f 1196/1196/1196 1199/1199/1199 1194/1194/1194
f 1196/1196/1196 1197/1197/1197 1199/1199/1199
f 1546/1546/1546 1197/1197/1197 1196/1196/1196
f 1546/1546/1546 1547/1547/1547 1197/1197/1197
f 1547/1547/1547 1200/1200/1200 1197/1197/1197
f 1547/1547/1547 1548/1548/1548 1200/1200/1200
f 898/898/898 1195/1195/1195 899/899/899
f 898/898/898 1193/1193/1193 1195/1195/1195
f 1549/1549/1549 1193/1193/1193 898/898/898
f 1549/1549/1549 1550/1550/1550 1193/1193/1193
f 1550/1550/1550 1196/1196/1196 1193/1193/1193
f 1550/1550/1550 1546/1546/1546 1196/1196/1196
f 214/214/214 1191/1191/1191 215/215/215
f 214/214/214 1189/1189/1189 1191/1191/1191
f 899/899/899 1189/1189/1189 214/214/214
f 899/899/899 1195/1195/1195 1189/1189/1189
f 1195/1195/1195 1192/1192/1192 1189/1189/1189
f 1195/1195/1195 1194/1194/1194 1192/1192/1192
f 1184/1184/1184 1187/1187/1187 1182/1182/1182
f 1184/1184/1184 1185/1185/1185 1187/1187/1187
f 1551/1551/1551 1185/1185/1185 1184/1184/1184
f 1551/1551/1551 1552/1552/1552 1185/1185/1185
f 1552/1552/1552 1188/1188/1188 1185/1185/1185
f 1552/1552/1552 1541/1541/1541 1188/1188/1188
f 1200/1200/1200 1183/1183/1183 1198/1198/1198
f 1200/1200/1200 1181/1181/1181 1183/1183/1183
f 1548/1548/1548 1181/1181/1181 1200/1200/1200
f 1548/1548/1548 1553/1553/1553 1181/1181/1181
f 1553/1553/1553 1184/1184/1184 1181/1181/1181
f 1553/1553/1553 1551/1551/1551 1184/1184/1184
f 116/116/116 1179/1179/1179 114/114/114
f 116/116/116 1177/1177/1177 1179/1179/1179
f 1198/1198/1198 1177/1177/1177 116/116/116
f 1198/1198/1198 1183/1183/1183 1177/1177/1177
f 1183/1183/1183 1180/1180/1180 1177/1177/1177
f 1183/1183/1183 1182/1182/1182 1180/1180/1180
f 1171/1171/1171 1176/1176/1176 1173/1173/1173
f 1170/1170/1170 1176/1176/1176 1171/1171/1171
f 1170/1170/1170 125/125/125 1176/1176/1176
f 1155/1155/1155 125/125/125 1170/1170/1170
f 1176/1176/1176 127/127/127 1174/1174/1174
f 125/125/125 127/127/127 1176/1176/1176
f 1498/1498/1498 1172/1172/1172 1169/1169/1169
f 1500/1500/1500 1172/1172/1172 1498/1498/1498
f 1500/1500/1500 1153/1153/1153 1172/1172/1172
f 346/346/346 1153/1153/1153 1500/1500/1500
f 1172/1172/1172 1155/1155/1155 1170/1170/1170
f 1153/1153/1153 1155/1155/1155 1172/1172/1172
f 14/14/14 1168/1168/1168 1165/1165/1165
f 16/16/16 1168/1168/1168 14/14/14
f 16/16/16 1169/1169/1169 1168/1168/1168
f 1498/1498/1498 1169/1169/1169 16/16/16
f 1168/1168/1168 1171/1171/1171 1166/1166/1166
f 1169/1169/1169 1171/1171/1171 1168/1168/1168
f 1159/1159/1159 1164/1164/1164 1161/1161/1161
f 1158/1158/1158 1164/1164/1164 1159/1159/1159
f 1158/1158/1158 111/111/111 1164/1164/1164
f 1203/1203/1203 111/111/111 1158/1158/1158
f 1164/1164/1164 110/110/110 1162/1162/1162
f 111/111/111 110/110/110 1164/1164/1164
f 502/502/502 1160/1160/1160 1157/1157/1157
f 504/504/504 1160/1160/1160 502/502/502
f 504/504/504 1201/1201/1201 1160/1160/1160
f 58/58/58 1201/1201/1201 504/504/504
f 1160/1160/1160 1203/1203/1203 1158/1158/1158
f 1201/1201/1201 1203/1203/1203 1160/1160/1160
f 346/346/346 1156/1156/1156 1153/1153/1153
f 348/348/348 1156/1156/1156 346/346/346
f 348/348/348 1157/1157/1157 1156/1156/1156
f 502/502/502 1157/1157/1157 348/348/348
f 1156/1156/1156 1159/1159/1159 1154/1154/1154
f 1157/1157/1157 1159/1159/1159 1156/1156/1156
f 1147/1147/1147 1152/1152/1152 1149/1149/1149
f 1146/1146/1146 1152/1152/1152 1147/1147/1147
f 1146/1146/1146 91/91/91 1152/1152/1152
f 1262/1262/1262 91/91/91 1146/1146/1146
f 1152/1152/1152 90/90/90 1150/1150/1150
f 91/91/91 90/90/90 1152/1152/1152
f 1163/1163/1163 1148/1148/1148 1145/1145/1145
f 1162/1162/1162 1148/1148/1148 1163/1163/1163
f 1162/1162/1162 1263/1263/1263 1148/1148/1148
f 110/110/110 1263/1263/1263 1162/1162/1162
f 1148/1148/1148 1262/1262/1262 1146/1146/1146
f 1263/1263/1263 1262/1262/1262 1148/1148/1148
f 127/127/127 1144/1144/1144 1141/1141/1141
f 126/126/126 1144/1144/1144 127/127/127
f 126/126/126 1145/1145/1145 1144/1144/1144
f 1163/1163/1163 1145/1145/1145 126/126/126
f 1144/1144/1144 1147/1147/1147 1142/1142/1142
f 1145/1145/1145 1147/1147/1147 1144/1144/1144
f 1135/1135/1135 1140/1140/1140 1137/1137/1137
f 1134/1134/1134 1140/1140/1140 1135/1135/1135
f 1134/1134/1134 137/137/137 1140/1140/1140
f 1119/1119/1119 137/137/137 1134/1134/1134
f 1140/1140/1140 139/139/139 1138/1138/1138
f 137/137/137 139/139/139 1140/1140/1140
f 1306/1306/1306 1136/1136/1136 1133/1133/1133
f 1308/1308/1308 1136/1136/1136 1306/1306/1306
f 1308/1308/1308 1117/1117/1117 1136/1136/1136
f 154/154/154 1117/1117/1117 1308/1308/1308
f 1136/1136/1136 1119/1119/1119 1134/1134/1134
f 1117/1117/1117 1119/1119/1119 1136/1136/1136
f 78/78/78 1132/1132/1132 1129/1129/1129
f 80/80/80 1132/1132/1132 78/78/78
f 80/80/80 1133/1133/1133 1132/1132/1132
f 1306/1306/1306 1133/1133/1133 80/80/80
f 1132/1132/1132 1135/1135/1135 1130/1130/1130
f 1133/1133/1133 1135/1135/1135 1132/1132/1132
f 1123/1123/1123 1128/1128/1128 1125/1125/1125
f 1122/1122/1122 1128/1128/1128 1123/1123/1123
f 1122/1122/1122 1554/1554/1554 1128/1128/1128
f 1555/1555/1555 1554/1554/1554 1122/1122/1122
f 1128/1128/1128 1556/1556/1556 1126/1126/1126
f 1554/1554/1554 1556/1556/1556 1128/1128/1128
f 1078/1078/1078 1124/1124/1124 1121/1121/1121
f 1080/1080/1080 1124/1124/1124 1078/1078/1078
f 1080/1080/1080 1557/1557/1557 1124/1124/1124
f 1558/1558/1558 1557/1557/1557 1080/1080/1080
f 1124/1124/1124 1555/1555/1555 1122/1122/1122
f 1557/1557/1557 1555/1555/1555 1124/1124/1124
f 154/154/154 1120/1120/1120 1117/1117/1117
f 156/156/156 1120/1120/1120 154/154/154
f 156/156/156 1121/1121/1121 1120/1120/1120
f 1078/1078/1078 1121/1121/1121 156/156/156
f 1120/1120/1120 1123/1123/1123 1118/1118/1118
f 1121/1121/1121 1123/1123/1123 1120/1120/1120
f 1111/1111/1111 1116/1116/1116 1113/1113/1113
f 1110/1110/1110 1116/1116/1116 1111/1111/1111
f 1110/1110/1110 1559/1559/1559 1116/1116/1116
f 1560/1560/1560 1559/1559/1559 1110/1110/1110
f 1116/1116/1116 1561/1561/1561 1114/1114/1114
f 1559/1559/1559 1561/1561/1561 1116/1116/1116
f 1127/1127/1127 1112/1112/1112 1109/1109/1109
f 1126/1126/1126 1112/1112/1112 1127/1127/1127
f 1126/1126/1126 1562/1562/1562 1112/1112/1112
f 1556/1556/1556 1562/1562/1562 1126/1126/1126
f 1112/1112/1112 1560/1560/1560 1110/1110/1110
f 1562/1562/1562 1560/1560/1560 1112/1112/1112
f 139/139/139 1108/1108/1108 1105/1105/1105
f 138/138/138 1108/1108/1108 139/139/139
f 138/138/138 1109/1109/1109 1108/1108/1108
f 1127/1127/1127 1109/1109/1109 138/138/138
f 1108/1108/1108 1111/1111/1111 1106/1106/1106
f 1109/1109/1109 1111/1111/1111 1108/1108/1108
f 1100/1100/1100 1103/1103/1103 1098/1098/1098
f 1100/1100/1100 1101/1101/1101 1103/1103/1103
f 1082/1082/1082 1101/1101/1101 1100/1100/1100
f 1082/1082/1082 151/151/151 1101/1101/1101
f 151/151/151 1104/1104/1104 1101/1101/1101
f 151/151/151 150/150/150 1104/1104/1104
f 1563/1563/1563 1099/1099/1099 1564/1564/1564
f 1563/1563/1563 1097/1097/1097 1099/1099/1099
f 1565/1565/1565 1097/1097/1097 1563/1563/1563
f 1565/1565/1565 1083/1083/1083 1097/1097/1097
f 1083/1083/1083 1100/1100/1100 1097/1097/1097
f 1083/1083/1083 1082/1082/1082 1100/1100/1100
f 1566/1566/1566 1096/1096/1096 1093/1093/1093
f 1567/1567/1567 1096/1096/1096 1566/1566/1566
f 1564/1564/1564 1096/1096/1096 1567/1567/1567
f 1564/1564/1564 1099/1099/1099 1096/1096/1096
f 1099/1099/1099 1094/1094/1094 1096/1096/1096
f 1099/1099/1099 1098/1098/1098 1094/1094/1094
f 1088/1088/1088 1091/1091/1091 1086/1086/1086
f 1088/1088/1088 1089/1089/1089 1091/1091/1091
f 1568/1568/1568 1089/1089/1089 1088/1088/1088
f 1568/1568/1568 1569/1569/1569 1089/1089/1089
f 1569/1569/1569 1092/1092/1092 1089/1089/1089
f 1569/1569/1569 1570/1570/1570 1092/1092/1092
f 1571/1571/1571 1087/1087/1087 1572/1572/1572
f 1571/1571/1571 1085/1085/1085 1087/1087/1087
f 1573/1573/1573 1085/1085/1085 1571/1571/1571
f 1573/1573/1573 1574/1574/1574 1085/1085/1085
f 1574/1574/1574 1088/1088/1088 1085/1085/1085
f 1574/1574/1574 1568/1568/1568 1088/1088/1088
f 1575/1575/1575 1083/1083/1083 1565/1565/1565
f 1575/1575/1575 1081/1081/1081 1083/1083/1083
f 1572/1572/1572 1081/1081/1081 1575/1575/1575
f 1572/1572/1572 1087/1087/1087 1081/1081/1081
f 1087/1087/1087 1084/1084/1084 1081/1081/1081
f 1087/1087/1087 1086/1086/1086 1084/1084/1084
f 1076/1076/1076 1079/1079/1079 1074/1074/1074
f 1076/1076/1076 1077/1077/1077 1079/1079/1079
f 1576/1576/1576 1077/1077/1077 1076/1076/1076
f 1576/1576/1576 1577/1577/1577 1077/1077/1077
f 1577/1577/1577 1080/1080/1080 1077/1077/1077
f 1577/1577/1577 1558/1558/1558 1080/1080/1080
f 1092/1092/1092 1075/1075/1075 1090/1090/1090
f 1092/1092/1092 1073/1073/1073 1075/1075/1075
f 1570/1570/1570 1073/1073/1073 1092/1092/1092
f 1570/1570/1570 1578/1578/1578 1073/1073/1073
f 1578/1578/1578 1076/1076/1076 1073/1073/1073
f 1578/1578/1578 1576/1576/1576 1076/1076/1076
f 152/152/152 1071/1071/1071 150/150/150
f 152/152/152 1069/1069/1069 1071/1071/1071
f 1090/1090/1090 1069/1069/1069 152/152/152
f 1090/1090/1090 1075/1075/1075 1069/1069/1069
f 1075/1075/1075 1072/1072/1072 1069/1069/1069
f 1075/1075/1075 1074/1074/1074 1072/1072/1072
f 1063/1063/1063 1068/1068/1068 1065/1065/1065
f 1062/1062/1062 1068/1068/1068 1063/1063/1063
f 1062/1062/1062 161/161/161 1068/1068/1068
f 1047/1047/1047 161/161/161 1062/1062/1062
f 1068/1068/1068 163/163/163 1066/1066/1066
f 161/161/161 163/163/163 1068/1068/1068
f 1579/1579/1579 1064/1064/1064 1061/1061/1061
f 1580/1580/1580 1064/1064/1064 1579/1579/1579
f 1580/1580/1580 1045/1045/1045 1064/1064/1064
f 1581/1581/1581 1045/1045/1045 1580/1580/1580
f 1064/1064/1064 1047/1047/1047 1062/1062/1062
f 1045/1045/1045 1047/1047/1047 1064/1064/1064
f 1582/1582/1582 1060/1060/1060 1057/1057/1057
f 1583/1583/1583 1060/1060/1060 1582/1582/1582
f 1583/1583/1583 1061/1061/1061 1060/1060/1060
f 1579/1579/1579 1061/1061/1061 1583/1583/1583
f 1060/1060/1060 1063/1063/1063 1058/1058/1058
f 1061/1061/1061 1063/1063/1063 1060/1060/1060
f 1051/1051/1051 1056/1056/1056 1053/1053/1053
f 1050/1050/1050 1056/1056/1056 1051/1051/1051
f 1050/1050/1050 147/147/147 1056/1056/1056
f 1095/1095/1095 147/147/147 1050/1050/1050
f 1056/1056/1056 146/146/146 1054/1054/1054
f 147/147/147 146/146/146 1056/1056/1056
f 1584/1584/1584 1052/1052/1052 1049/1049/1049
f 1585/1585/1585 1052/1052/1052 1584/1584/1584
f 1585/1585/1585 1093/1093/1093 1052/1052/1052
f 1566/1566/1566 1093/1093/1093 1585/1585/1585
f 1052/1052/1052 1095/1095/1095 1050/1050/1050
f 1093/1093/1093 1095/1095/1095 1052/1052/1052
f 1581/1581/1581 1048/1048/1048 1045/1045/1045
f 1586/1586/1586 1048/1048/1048 1581/1581/1581
f 1586/1586/1586 1049/1049/1049 1048/1048/1048
f 1584/1584/1584 1049/1049/1049 1586/1586/1586
f 1048/1048/1048 1051/1051/1051 1046/1046/1046
f 1049/1049/1049 1051/1051/1051 1048/1048/1048
f 1039/1039/1039 1044/1044/1044 1041/1041/1041
f 1038/1038/1038 1044/1044/1044 1039/1039/1039
f 1038/1038/1038 79/79/79 1044/1044/1044
f 1298/1298/1298 79/79/79 1038/1038/1038
f 1044/1044/1044 78/78/78 1042/1042/1042
f 79/79/79 78/78/78 1044/1044/1044
f 1055/1055/1055 1040/1040/1040 1037/1037/1037
f 1054/1054/1054 1040/1040/1040 1055/1055/1055
f 1054/1054/1054 1299/1299/1299 1040/1040/1040
f 146/146/146 1299/1299/1299 1054/1054/1054
f 1040/1040/1040 1298/1298/1298 1038/1038/1038
f 1299/1299/1299 1298/1298/1298 1040/1040/1040
f 163/163/163 1036/1036/1036 1033/1033/1033
f 162/162/162 1036/1036/1036 163/163/163
f 162/162/162 1037/1037/1037 1036/1036/1036
f 1055/1055/1055 1037/1037/1037 162/162/162
f 1036/1036/1036 1039/1039/1039 1034/1034/1034
f 1037/1037/1037 1039/1039/1039 1036/1036/1036
f 1027/1027/1027 1032/1032/1032 1029/1029/1029
f 1026/1026/1026 1032/1032/1032 1027/1027/1027
f 1026/1026/1026 173/173/173 1032/1032/1032
f 1011/1011/1011 173/173/173 1026/1026/1026
f 1032/1032/1032 175/175/175 1030/1030/1030
f 173/173/173 175/175/175 1032/1032/1032
f 1342/1342/1342 1028/1028/1028 1025/1025/1025
f 1344/1344/1344 1028/1028/1028 1342/1342/1342
f 1344/1344/1344 1009/1009/1009 1028/1028/1028
f 190/190/190 1009/1009/1009 1344/1344/1344
f 1028/1028/1028 1011/1011/1011 1026/1026/1026
f 1009/1009/1009 1011/1011/1011 1028/1028/1028
f 66/66/66 1024/1024/1024 1021/1021/1021
f 68/68/68 1024/1024/1024 66/66/66
f 68/68/68 1025/1025/1025 1024/1024/1024
f 1342/1342/1342 1025/1025/1025 68/68/68
f 1024/1024/1024 1027/1027/1027 1022/1022/1022
f 1025/1025/1025 1027/1027/1027 1024/1024/1024
f 1015/1015/1015 1020/1020/1020 1017/1017/1017
f 1014/1014/1014 1020/1020/1020 1015/1015/1015
f 1014/1014/1014 1587/1587/1587 1020/1020/1020
f 1588/1588/1588 1587/1587/1587 1014/1014/1014
f 1020/1020/1020 1589/1589/1589 1018/1018/1018
f 1587/1587/1587 1589/1589/1589 1020/1020/1020
f 970/970/970 1016/1016/1016 1013/1013/1013
f 972/972/972 1016/1016/1016 970/970/970
f 972/972/972 1590/1590/1590 1016/1016/1016
f 1591/1591/1591 1590/1590/1590 972/972/972
f 1016/1016/1016 1588/1588/1588 1014/1014/1014
f 1590/1590/1590 1588/1588/1588 1016/1016/1016
f 190/190/190 1012/1012/1012 1009/1009/1009
f 192/192/192 1012/1012/1012 190/190/190
f 192/192/192 1013/1013/1013 1012/1012/1012
f 970/970/970 1013/1013/1013 192/192/192
f 1012/1012/1012 1015/1015/1015 1010/1010/1010
f 1013/1013/1013 1015/1015/1015 1012/1012/1012
f 1003/1003/1003 1008/1008/1008 1005/1005/1005
f 1002/1002/1002 1008/1008/1008 1003/1003/1003
f 1002/1002/1002 1592/1592/1592 1008/1008/1008
f 1593/1593/1593 1592/1592/1592 1002/1002/1002
f 1008/1008/1008 1594/1594/1594 1006/1006/1006
f 1592/1592/1592 1594/1594/1594 1008/1008/1008
f 1019/1019/1019 1004/1004/1004 1001/1001/1001
f 1018/1018/1018 1004/1004/1004 1019/1019/1019
f 1018/1018/1018 1595/1595/1595 1004/1004/1004
f 1589/1589/1589 1595/1595/1595 1018/1018/1018
f 1004/1004/1004 1593/1593/1593 1002/1002/1002
f 1595/1595/1595 1593/1593/1593 1004/1004/1004
f 175/175/175 1000/1000/1000 997/997/997
f 174/174/174 1000/1000/1000 175/175/175
f 174/174/174 1001/1001/1001 1000/1000/1000
f 1019/1019/1019 1001/1001/1001 174/174/174
f 1000/1000/1000 1003/1003/1003 998/998/998
f 1001/1001/1001 1003/1003/1003 1000/1000/1000
f 992/992/992 995/995/995 990/990/990
f 992/992/992 993/993/993 995/995/995
f 974/974/974 993/993/993 992/992/992
f 974/974/974 187/187/187 993/993/993
f 187/187/187 996/996/996 993/993/993
f 187/187/187 186/186/186 996/996/996
f 1294/1294/1294 991/991/991 1295/1295/1295
f 1294/1294/1294 989/989/989 991/991/991
f 143/143/143 989/989/989 1294/1294/1294
f 143/143/143 975/975/975 989/989/989
f 975/975/975 992/992/992 989/989/989
f 975/975/975 974/974/974 992/992/992
f 82/82/82 988/988/988 985/985/985
f 84/84/84 988/988/988 82/82/82
f 1295/1295/1295 988/988/988 84/84/84
f 1295/1295/1295 991/991/991 988/988/988
f 991/991/991 986/986/986 988/988/988
f 991/991/991 990/990/990 986/986/986
f 980/980/980 983/983/983 978/978/978
f 980/980/980 981/981/981 983/983/983
f 1596/1596/1596 981/981/981 980/980/980
f 1596/1596/1596 1597/1597/1597 981/981/981
f 1597/1597/1597 984/984/984 981/981/981
f 1597/1597/1597 1598/1598/1598 984/984/984
f 1114/1114/1114 979/979/979 1115/1115/1115
f 1114/1114/1114 977/977/977 979/979/979
f 1561/1561/1561 977/977/977 1114/1114/1114
f 1561/1561/1561 1599/1599/1599 977/977/977
f 1599/1599/1599 980/980/980 977/977/977
f 1599/1599/1599 1596/1596/1596 980/980/980
f 142/142/142 975/975/975 143/143/143
f 142/142/142 973/973/973 975/975/975
f 1115/1115/1115 973/973/973 142/142/142
f 1115/1115/1115 979/979/979 973/973/973
f 979/979/979 976/976/976 973/973/973
f 979/979/979 978/978/978 976/976/976
f 968/968/968 971/971/971 966/966/966
f 968/968/968 969/969/969 971/971/971
f 1600/1600/1600 969/969/969 968/968/968
f 1600/1600/1600 1601/1601/1601 969/969/969
f 1601/1601/1601 972/972/972 969/969/969
f 1601/1601/1601 1591/1591/1591 972/972/972
f 984/984/984 967/967/967 982/982/982
f 984/984/984 965/965/965 967/967/967
f 1598/1598/1598 965/965/965 984/984/984
f 1598/1598/1598 1602/1602/1602 965/965/965
f 1602/1602/1602 968/968/968 965/965/965
f 1602/1602/1602 1600/1600/1600 968/968/968
f 188/188/188 963/963/963 186/186/186
f 188/188/188 961/961/961 963/963/963
f 982/982/982 961/961/961 188/188/188
f 982/982/982 967/967/967 961/961/961
f 967/967/967 964/964/964 961/961/961
f 967/967/967 966/966/966 964/964/964
f 955/955/955 960/960/960 957/957/957
f 954/954/954 960/960/960 955/955/955
f 954/954/954 197/197/197 960/960/960
f 939/939/939 197/197/197 954/954/954
f 960/960/960 199/199/199 958/958/958
f 197/197/197 199/199/199 960/960/960
f 1522/1522/1522 956/956/956 953/953/953
f 1524/1524/1524 956/956/956 1522/1522/1522
f 1524/1524/1524 937/937/937 956/956/956
f 370/370/370 937/937/937 1524/1524/1524
f 956/956/956 939/939/939 954/954/954
f 937/937/937 939/939/939 956/956/956
f 6/6/6 952/952/952 949/949/949
f 8/8/8 952/952/952 6/6/6
f 8/8/8 953/953/953 952/952/952
f 1522/1522/1522 953/953/953 8/8/8
f 952/952/952 955/955/955 950/950/950
f 953/953/953 955/955/955 952/952/952
f 943/943/943 948/948/948 945/945/945
f 942/942/942 948/948/948 943/943/943
f 942/942/942 183/183/183 948/948/948
f 987/987/987 183/183/183 942/942/942
f 948/948/948 182/182/182 946/946/946
f 183/183/183 182/182/182 948/948/948
f 430/430/430 944/944/944 941/941/941
f 432/432/432 944/944/944 430/430/430
f 432/432/432 985/985/985 944/944/944
f 82/82/82 985/985/985 432/432/432
f 944/944/944 987/987/987 942/942/942
f 985/985/985 987/987/987 944/944/944
f 370/370/370 940/940/940 937/937/937
f 372/372/372 940/940/940 370/370/370
f 372/372/372 941/941/941 940/940/940
f 430/430/430 941/941/941 372/372/372
f 940/940/940 943/943/943 938/938/938
f 941/941/941 943/943/943 940/940/940
f 931/931/931 936/936/936 933/933/933
f 930/930/930 936/936/936 931/931/931
f 930/930/930 67/67/67 936/936/936
f 1334/1334/1334 67/67/67 930/930/930
f 936/936/936 66/66/66 934/934/934
f 67/67/67 66/66/66 936/936/936
f 947/947/947 932/932/932 929/929/929
f 946/946/946 932/932/932 947/947/947
f 946/946/946 1335/1335/1335 932/932/932
f 182/182/182 1335/1335/1335 946/946/946
f 932/932/932 1334/1334/1334 930/930/930
f 1335/1335/1335 1334/1334/1334 932/932/932
f 199/199/199 928/928/928 925/925/925
f 198/198/198 928/928/928 199/199/199
f 198/198/198 929/929/929 928/928/928
f 947/947/947 929/929/929 198/198/198
f 928/928/928 931/931/931 926/926/926
f 929/929/929 931/931/931 928/928/928
f 919/919/919 924/924/924 921/921/921
f 918/918/918 924/924/924 919/919/919
f 918/918/918 209/209/209 924/924/924
f 903/903/903 209/209/209 918/918/918
f 924/924/924 211/211/211 922/922/922
f 209/209/209 211/211/211 924/924/924
f 1378/1378/1378 920/920/920 917/917/917
f 1380/1380/1380 920/920/920 1378/1378/1378
f 1380/1380/1380 901/901/901 920/920/920
f 226/226/226 901/901/901 1380/1380/1380
f 920/920/920 903/903/903 918/918/918
f 901/901/901 903/903/903 920/920/920
f 54/54/54 916/916/916 913/913/913
f 56/56/56 916/916/916 54/54/54
f 56/56/56 917/917/917 916/916/916
f 1378/1378/1378 917/917/917 56/56/56
f 916/916/916 919/919/919 914/914/914
f 917/917/917 919/919/919 916/916/916
f 907/907/907 912/912/912 909/909/909
f 906/906/906 912/912/912 907/907/907
f 906/906/906 1603/1603/1603 912/912/912
f 1604/1604/1604 1603/1603/1603 906/906/906
f 912/912/912 1605/1605/1605 910/910/910
f 1603/1603/1603 1605/1605/1605 912/912/912
f 862/862/862 908/908/908 905/905/905
f 864/864/864 908/908/908 862/862/862
f 864/864/864 1606/1606/1606 908/908/908
f 1607/1607/1607 1606/1606/1606 864/864/864
f 908/908/908 1604/1604/1604 906/906/906
f 1606/1606/1606 1604/1604/1604 908/908/908
f 226/226/226 904/904/904 901/901/901
f 228/228/228 904/904/904 226/226/226
f 228/228/228 905/905/905 904/904/904
f 862/862/862 905/905/905 228/228/228
f 904/904/904 907/907/907 902/902/902
f 905/905/905 907/907/907 904/904/904
f 895/895/895 900/900/900 897/897/897
f 894/894/894 900/900/900 895/895/895
f 894/894/894 1608/1608/1608 900/900/900
f 1609/1609/1609 1608/1608/1608 894/894/894
f 900/900/900 1549/1549/1549 898/898/898
f 1608/1608/1608 1549/1549/1549 900/900/900
f 911/911/911 896/896/896 893/893/893
f 910/910/910 896/896/896 911/911/911
f 910/910/910 1610/1610/1610 896/896/896
f 1605/1605/1605 1610/1610/1610 910/910/910
f 896/896/896 1609/1609/1609 894/894/894
f 1610/1610/1610 1609/1609/1609 896/896/896
f 211/211/211 892/892/892 889/889/889
f 210/210/210 892/892/892 211/211/211
f 210/210/210 893/893/893 892/892/892
f 911/911/911 893/893/893 210/210/210
f 892/892/892 895/895/895 890/890/890
f 893/893/893 895/895/895 892/892/892
f 884/884/884 887/887/887 882/882/882
f 884/884/884 885/885/885 887/887/887
f 866/866/866 885/885/885 884/884/884
f 866/866/866 223/223/223 885/885/885
f 223/223/223 888/888/888 885/885/885
f 223/223/223 222/222/222 888/888/888
f 1330/1330/1330 883/883/883 1331/1331/1331
f 1330/1330/1330 881/881/881 883/883/883
f 179/179/179 881/881/881 1330/1330/1330
f 179/179/179 867/867/867 881/881/881
f 867/867/867 884/884/884 881/881/881
f 867/867/867 866/866/866 884/884/884
f 70/70/70 880/880/880 877/877/877
f 72/72/72 880/880/880 70/70/70
f 1331/1331/1331 880/880/880 72/72/72
f 1331/1331/1331 883/883/883 880/880/880
f 883/883/883 878/878/878 880/880/880
f 883/883/883 882/882/882 878/878/878
f 872/872/872 875/875/875 870/870/870
f 872/872/872 873/873/873 875/875/875
f 1611/1611/1611 873/873/873 872/872/872
f 1611/1611/1611 1612/1612/1612 873/873/873
f 1612/1612/1612 876/876/876 873/873/873
f 1612/1612/1612 1613/1613/1613 876/876/876
f 1006/1006/1006 871/871/871 1007/1007/1007
f 1006/1006/1006 869/869/869 871/871/871
f 1594/1594/1594 869/869/869 1006/1006/1006
f 1594/1594/1594 1614/1614/1614 869/869/869
f 1614/1614/1614 872/872/872 869/869/869
f 1614/1614/1614 1611/1611/1611 872/872/872
f 178/178/178 867/867/867 179/179/179
f 178/178/178 865/865/865 867/867/867
f 1007/1007/1007 865/865/865 178/178/178
f 1007/1007/1007 871/871/871 865/865/865
f 871/871/871 868/868/868 865/865/865
f 871/871/871 870/870/870 868/868/868
f 860/860/860 863/863/863 858/858/858
f 860/860/860 861/861/861 863/863/863
f 1615/1615/1615 861/861/861 860/860/860
f 1615/1615/1615 1616/1616/1616 861/861/861
f 1616/1616/1616 864/864/864 861/861/861
f 1616/1616/1616 1607/1607/1607 864/864/864
f 876/876/876 859/859/859 874/874/874
f 876/876/876 857/857/857 859/859/859
f 1613/1613/1613 857/857/857 876/876/876
f 1613/1613/1613 1617/1617/1617 857/857/857
f 1617/1617/1617 860/860/860 857/857/857
f 1617/1617/1617 1615/1615/1615 860/860/860
f 224/224/224 855/855/855 222/222/222
f 224/224/224 853/853/853 855/855/855
f 874/874/874 853/853/853 224/224/224
f 874/874/874 859/859/859 853/853/853
f 859/859/859 856/856/856 853/853/853
f 859/859/859 858/858/858 856/856/856
f 847/847/847 852/852/852 849/849/849
f 846/846/846 852/852/852 847/847/847
f 846/846/846 233/233/233 852/852/852
f 831/831/831 233/233/233 846/846/846
f 852/852/852 235/235/235 850/850/850
f 233/233/233 235/235/235 852/852/852
f 1510/1510/1510 848/848/848 845/845/845
f 1512/1512/1512 848/848/848 1510/1510/1510
f 1512/1512/1512 829/829/829 848/848/848
f 358/358/358 829/829/829 1512/1512/1512
f 848/848/848 831/831/831 846/846/846
f 829/829/829 831/831/831 848/848/848
f 10/10/10 844/844/844 841/841/841
f 12/12/12 844/844/844 10/10/10
f 12/12/12 845/845/845 844/844/844
f 1510/1510/1510 845/845/845 12/12/12
f 844/844/844 847/847/847 842/842/842
f 845/845/845 847/847/847 844/844/844
f 835/835/835 840/840/840 837/837/837
f 834/834/834 840/840/840 835/835/835
f 834/834/834 219/219/219 840/840/840
f 879/879/879 219/219/219 834/834/834
f 840/840/840 218/218/218 838/838/838
f 219/219/219 218/218/218 840/840/840
f 466/466/466 836/836/836 833/833/833
f 468/468/468 836/836/836 466/466/466
f 468/468/468 877/877/877 836/836/836
f 70/70/70 877/877/877 468/468/468
f 836/836/836 879/879/879 834/834/834
f 877/877/877 879/879/879 836/836/836
f 358/358/358 832/832/832 829/829/829
f 360/360/360 832/832/832 358/358/358
f 360/360/360 833/833/833 832/832/832
f 466/466/466 833/833/833 360/360/360
f 832/832/832 835/835/835 830/830/830
f 833/833/833 835/835/835 832/832/832
f 823/823/823 828/828/828 825/825/825
f 822/822/822 828/828/828 823/823/823
f 822/822/822 55/55/55 828/828/828
f 1370/1370/1370 55/55/55 822/822/822
f 828/828/828 54/54/54 826/826/826
f 55/55/55 54/54/54 828/828/828
f 839/839/839 824/824/824 821/821/821
f 838/838/838 824/824/824 839/839/839
f 838/838/838 1371/1371/1371 824/824/824
f 218/218/218 1371/1371/1371 838/838/838
f 824/824/824 1370/1370/1370 822/822/822
f 1371/1371/1371 1370/1370/1370 824/824/824
f 235/235/235 820/820/820 817/817/817
f 234/234/234 820/820/820 235/235/235
f 234/234/234 821/821/821 820/820/820
f 839/839/839 821/821/821 234/234/234
f 820/820/820 823/823/823 818/818/818
f 821/821/821 823/823/823 820/820/820
f 812/812/812 815/815/815 810/810/810
f 813/813/813 815/815/815 812/812/812
f 794/794/794 813/813/813 812/812/812
f 794/794/794 247/247/247 813/813/813
f 247/247/247 816/816/816 813/813/813
f 246/246/246 816/816/816 247/247/247
f 1414/1414/1414 811/811/811 1415/1415/1415
f 1414/1414/1414 809/809/809 811/811/811
f 263/263/263 809/809/809 1414/1414/1414
f 263/263/263 795/795/795 809/809/809
f 795/795/795 812/812/812 809/809/809
f 795/795/795 794/794/794 812/812/812
f 42/42/42 807/807/807 43/43/43
f 805/805/805 807/807/807 42/42/42
f 1415/1415/1415 805/805/805 42/42/42
f 1415/1415/1415 811/811/811 805/805/805
f 811/811/811 808/808/808 805/805/805
f 810/810/810 808/808/808 811/811/811
f 800/800/800 803/803/803 798/798/798
f 800/800/800 801/801/801 803/803/803
f 410/410/410 801/801/801 800/800/800
f 410/410/410 375/375/375 801/801/801
f 375/375/375 804/804/804 801/801/801
f 375/375/375 374/374/374 804/804/804
f 754/754/754 799/799/799 755/755/755
f 754/754/754 797/797/797 799/799/799
f 87/87/87 797/797/797 754/754/754
f 87/87/87 411/411/411 797/797/797
f 411/411/411 800/800/800 797/797/797
f 411/411/411 410/410/410 800/800/800
f 262/262/262 795/795/795 263/263/263
f 262/262/262 793/793/793 795/795/795
f 755/755/755 793/793/793 262/262/262
f 755/755/755 799/799/799 793/793/793
f 799/799/799 796/796/796 793/793/793
f 799/799/799 798/798/798 796/796/796
f 788/788/788 791/791/791 786/786/786
f 789/789/789 791/791/791 788/788/788
f 1526/1526/1526 789/789/789 788/788/788
f 1526/1526/1526 3/3/3 789/789/789
f 3/3/3 792/792/792 789/789/789
f 2/2/2 792/792/792 3/3/3
f 804/804/804 787/787/787 802/802/802
f 804/804/804 785/785/785 787/787/787
f 374/374/374 785/785/785 804/804/804
f 374/374/374 1527/1527/1527 785/785/785
f 1527/1527/1527 788/788/788 785/785/785
f 1527/1527/1527 1526/1526/1526 788/788/788
f 248/248/248 783/783/783 246/246/246
f 781/781/781 783/783/783 248/248/248
f 802/802/802 781/781/781 248/248/248
f 802/802/802 787/787/787 781/781/781
f 787/787/787 784/784/784 781/781/781
f 786/786/786 784/784/784 787/787/787
f 775/775/775 780/780/780 777/777/777
f 775/775/775 774/774/774 780/780/780
f 774/774/774 257/257/257 780/780/780
f 774/774/774 759/759/759 257/257/257
f 780/780/780 259/259/259 778/778/778
f 780/780/780 257/257/257 259/259/259
f 1618/1618/1618 776/776/776 773/773/773
f 1618/1618/1618 1619/1619/1619 776/776/776
f 1619/1619/1619 757/757/757 776/776/776
f 1619/1619/1619 1620/1620/1620 757/757/757
f 776/776/776 759/759/759 774/774/774
f 776/776/776 757/757/757 759/759/759
f 1621/1621/1621 772/772/772 769/769/769
f 1621/1621/1621 1622/1622/1622 772/772/772
f 1622/1622/1622 773/773/773 772/772/772
f 1622/1622/1622 1618/1618/1618 773/773/773
f 772/772/772 775/775/775 770/770/770
f 772/772/772 773/773/773 775/775/775
f 763/763/763 768/768/768 765/765/765
f 762/762/762 768/768/768 763/763/763
f 762/762/762 121/121/121 768/768/768
f 1167/1167/1167 121/121/121 762/762/762
f 768/768/768 123/123/123 766/766/766
f 121/121/121 123/123/123 768/768/768
f 1623/1623/1623 764/764/764 761/761/761
f 1623/1623/1623 1624/1624/1624 764/764/764
f 1624/1624/1624 1165/1165/1165 764/764/764
f 14/14/14 1165/1165/1165 1624/1624/1624
f 764/764/764 1167/1167/1167 762/762/762
f 1165/1165/1165 1167/1167/1167 764/764/764
f 1620/1620/1620 760/760/760 757/757/757
f 1620/1620/1620 1625/1625/1625 760/760/760
f 1625/1625/1625 761/761/761 760/760/760
f 1625/1625/1625 1623/1623/1623 761/761/761
f 760/760/760 763/763/763 758/758/758
f 760/760/760 761/761/761 763/763/763
f 751/751/751 756/756/756 753/753/753
f 750/750/750 756/756/756 751/751/751
f 750/750/750 85/85/85 756/756/756
f 1275/1275/1275 85/85/85 750/750/750
f 756/756/756 87/87/87 754/754/754
f 85/85/85 87/87/87 756/756/756
f 767/767/767 752/752/752 749/749/749
f 766/766/766 752/752/752 767/767/767
f 766/766/766 1273/1273/1273 752/752/752
f 123/123/123 1273/1273/1273 766/766/766
f 752/752/752 1275/1275/1275 750/750/750
f 1273/1273/1273 1275/1275/1275 752/752/752
f 259/259/259 748/748/748 745/745/745
f 258/258/258 748/748/748 259/259/259
f 258/258/258 749/749/749 748/748/748
f 767/767/767 749/749/749 258/258/258
f 748/748/748 751/751/751 746/746/746
f 749/749/749 751/751/751 748/748/748
f 744/744/744 739/739/739 742/742/742
f 737/737/737 739/739/739 744/744/744
f 742/742/742 721/721/721 272/272/272
f 739/739/739 721/721/721 742/742/742
f 743/743/743 272/272/272 269/269/269
f 742/742/742 272/272/272 743/743/743
f 740/740/740 1626/1626/1626 738/738/738
f 1627/1627/1627 1626/1626/1626 740/740/740
f 738/738/738 1628/1628/1628 724/724/724
f 1626/1626/1626 1628/1628/1628 738/738/738
f 739/739/739 724/724/724 721/721/721
f 738/738/738 724/724/724 739/739/739
f 736/736/736 1629/1629/1629 734/734/734
f 736/736/736 1630/1630/1630 1629/1629/1629
f 734/734/734 1627/1627/1627 740/740/740
f 1629/1629/1629 1627/1627/1627 734/734/734
f 735/735/735 740/740/740 737/737/737
f 734/734/734 740/740/740 735/735/735
f 732/732/732 727/727/727 730/730/730
f 725/725/725 727/727/727 732/732/732
f 730/730/730 771/771/771 253/253/253
f 727/727/727 771/771/771 730/730/730
f 731/731/731 253/253/253 255/255/255
f 730/730/730 253/253/253 731/731/731
f 728/728/728 1631/1631/1631 726/726/726
f 1632/1632/1632 1631/1631/1631 728/728/728
f 726/726/726 1621/1621/1621 769/769/769
f 1631/1631/1631 1621/1621/1621 726/726/726
f 727/727/727 769/769/769 771/771/771
f 726/726/726 769/769/769 727/727/727
f 724/724/724 1633/1633/1633 722/722/722
f 1628/1628/1628 1633/1633/1633 724/724/724
f 722/722/722 1632/1632/1632 728/728/728
f 1633/1633/1633 1632/1632/1632 722/722/722
f 723/723/723 728/728/728 725/725/725
f 722/722/722 728/728/728 723/723/723
f 720/720/720 715/715/715 718/718/718
f 713/713/713 715/715/715 720/720/720
f 718/718/718 1407/1407/1407 41/41/41
f 715/715/715 1407/1407/1407 718/718/718
f 719/719/719 41/41/41 43/43/43
f 718/718/718 41/41/41 719/719/719
f 716/716/716 731/731/731 714/714/714
f 729/729/729 731/731/731 716/716/716
f 714/714/714 255/255/255 1405/1405/1405
f 731/731/731 255/255/255 714/714/714
f 715/715/715 1405/1405/1405 1407/1407/1407
f 714/714/714 1405/1405/1405 715/715/715
f 712/712/712 271/271/271 710/710/710
f 269/269/269 271/271/271 712/712/712
f 710/710/710 729/729/729 716/716/716
f 271/271/271 729/729/729 710/710/710
f 711/711/711 716/716/716 713/713/713
f 710/710/710 716/716/716 711/711/711
f 708/708/708 703/703/703 706/706/706
f 701/701/701 703/703/703 708/708/708
f 706/706/706 685/685/685 284/284/284
f 706/706/706 703/703/703 685/685/685
f 707/707/707 284/284/284 281/281/281
f 706/706/706 284/284/284 707/707/707
f 704/704/704 1449/1449/1449 702/702/702
f 704/704/704 1452/1452/1452 1449/1449/1449
f 702/702/702 300/300/300 688/688/688
f 702/702/702 1449/1449/1449 300/300/300
f 703/703/703 688/688/688 685/685/685
f 703/703/703 702/702/702 688/688/688
f 700/700/700 29/29/29 698/698/698
f 32/32/32 29/29/29 700/700/700
f 698/698/698 1452/1452/1452 704/704/704
f 698/698/698 29/29/29 1452/1452/1452
f 699/699/699 704/704/704 701/701/701
f 698/698/698 704/704/704 699/699/699
f 696/696/696 691/691/691 694/694/694
f 696/696/696 689/689/689 691/691/691
f 694/694/694 1600/1600/1600 1602/1602/1602
f 694/694/694 691/691/691 1600/1600/1600
f 695/695/695 1602/1602/1602 1598/1598/1598
f 695/695/695 694/694/694 1602/1602/1602
f 692/692/692 645/645/645 690/690/690
f 692/692/692 648/648/648 645/645/645
f 690/690/690 1591/1591/1591 1601/1601/1601
f 690/690/690 645/645/645 1591/1591/1591
f 691/691/691 1601/1601/1601 1600/1600/1600
f 691/691/691 690/690/690 1601/1601/1601
f 688/688/688 297/297/297 686/686/686
f 688/688/688 300/300/300 297/297/297
f 686/686/686 648/648/648 692/692/692
f 686/686/686 297/297/297 648/648/648
f 687/687/687 692/692/692 689/689/689
f 687/687/687 686/686/686 692/692/692
f 684/684/684 679/679/679 682/682/682
f 677/677/677 679/679/679 684/684/684
f 682/682/682 1596/1596/1596 1599/1599/1599
f 682/682/682 679/679/679 1596/1596/1596
f 683/683/683 1599/1599/1599 1561/1561/1561
f 683/683/683 682/682/682 1599/1599/1599
f 680/680/680 695/695/695 678/678/678
f 680/680/680 693/693/693 695/695/695
f 678/678/678 1598/1598/1598 1597/1597/1597
f 678/678/678 695/695/695 1598/1598/1598
f 679/679/679 1597/1597/1597 1596/1596/1596
f 679/679/679 678/678/678 1597/1597/1597
f 676/676/676 283/283/283 674/674/674
f 281/281/281 283/283/283 676/676/676
f 674/674/674 693/693/693 680/680/680
f 674/674/674 283/283/283 693/693/693
f 675/675/675 680/680/680 677/677/677
f 674/674/674 680/680/680 675/675/675
f 671/671/671 668/668/668 665/665/665
f 671/671/671 670/670/670 668/668/668
f 294/294/294 665/665/665 652/652/652
f 294/294/294 671/671/671 665/665/665
f 296/296/296 671/671/671 294/294/294
f 296/296/296 669/669/669 671/671/671
f 667/667/667 1634/1634/1634 1635/1635/1635
f 667/667/667 666/666/666 1634/1634/1634
f 650/650/650 1635/1635/1635 1636/1636/1636
f 650/650/650 667/667/667 1635/1635/1635
f 652/652/652 667/667/667 650/650/650
f 652/652/652 665/665/665 667/667/667
f 663/663/663 1637/1637/1637 1638/1638/1638
f 663/663/663 662/662/662 1637/1637/1637
f 666/666/666 1638/1638/1638 1634/1634/1634
f 666/666/666 663/663/663 1638/1638/1638
f 668/668/668 663/663/663 666/666/666
f 668/668/668 661/661/661 663/663/663
f 659/659/659 656/656/656 653/653/653
f 658/658/658 656/656/656 659/659/659
f 1595/1595/1595 653/653/653 1593/1593/1593
f 659/659/659 653/653/653 1595/1595/1595
f 1589/1589/1589 659/659/659 1595/1595/1595
f 657/657/657 659/659/659 1589/1589/1589
f 655/655/655 1639/1639/1639 1640/1640/1640
f 655/655/655 654/654/654 1639/1639/1639
f 1592/1592/1592 1640/1640/1640 1594/1594/1594
f 1592/1592/1592 655/655/655 1640/1640/1640
f 1593/1593/1593 655/655/655 1592/1592/1592
f 653/653/653 655/655/655 1593/1593/1593
f 651/651/651 1636/1636/1636 1641/1641/1641
f 651/651/651 650/650/650 1636/1636/1636
f 654/654/654 1641/1641/1641 1639/1639/1639
f 654/654/654 651/651/651 1641/1641/1641
f 656/656/656 651/651/651 654/654/654
f 656/656/656 649/649/649 651/651/651
f 647/647/647 644/644/644 641/641/641
f 646/646/646 644/644/644 647/647/647
f 1590/1590/1590 641/641/641 1588/1588/1588
f 647/647/647 641/641/641 1590/1590/1590
f 1591/1591/1591 647/647/647 1590/1590/1590
f 645/645/645 647/647/647 1591/1591/1591
f 643/643/643 660/660/660 657/657/657
f 642/642/642 660/660/660 643/643/643
f 1587/1587/1587 657/657/657 1589/1589/1589
f 643/643/643 657/657/657 1587/1587/1587
f 1588/1588/1588 643/643/643 1587/1587/1587
f 641/641/641 643/643/643 1588/1588/1588
f 639/639/639 296/296/296 293/293/293
f 638/638/638 296/296/296 639/639/639
f 642/642/642 293/293/293 660/660/660
f 639/639/639 293/293/293 642/642/642
f 644/644/644 639/639/639 642/642/642
f 637/637/637 639/639/639 644/644/644
f 632/632/632 635/635/635 630/630/630
f 633/633/633 635/635/635 632/632/632
f 614/614/614 633/633/633 632/632/632
f 307/307/307 633/633/633 614/614/614
f 307/307/307 636/636/636 633/633/633
f 306/306/306 636/636/636 307/307/307
f 1642/1642/1642 631/631/631 1643/1643/1643
f 629/629/629 631/631/631 1642/1642/1642
f 1644/1644/1644 629/629/629 1642/1642/1642
f 615/615/615 629/629/629 1644/1644/1644
f 615/615/615 632/632/632 629/629/629
f 614/614/614 632/632/632 615/615/615
f 1645/1645/1645 627/627/627 1646/1646/1646
f 625/625/625 627/627/627 1645/1645/1645
f 1643/1643/1643 625/625/625 1645/1645/1645
f 631/631/631 625/625/625 1643/1643/1643
f 631/631/631 628/628/628 625/625/625
f 630/630/630 628/628/628 631/631/631
f 620/620/620 623/623/623 618/618/618
f 621/621/621 623/623/623 620/620/620
f 664/664/664 621/621/621 620/620/620
f 290/290/290 621/621/621 664/664/664
f 290/290/290 624/624/624 621/621/621
f 292/292/292 624/624/624 290/290/290
f 1647/1647/1647 619/619/619 1648/1648/1648
f 617/617/617 619/619/619 1647/1647/1647
f 1637/1637/1637 617/617/617 1647/1647/1647
f 662/662/662 617/617/617 1637/1637/1637
f 662/662/662 620/620/620 617/617/617
f 664/664/664 620/620/620 662/662/662
f 1649/1649/1649 615/615/615 1644/1644/1644
f 613/613/613 615/615/615 1649/1649/1649
f 1648/1648/1648 613/613/613 1649/1649/1649
f 619/619/619 613/613/613 1648/1648/1648
f 619/619/619 616/616/616 613/613/613
f 618/618/618 616/616/616 619/619/619
f 608/608/608 611/611/611 606/606/606
f 609/609/609 611/611/611 608/608/608
f 1444/1444/1444 609/609/609 608/608/608
f 30/30/30 609/609/609 1444/1444/1444
f 30/30/30 612/612/612 609/609/609
f 32/32/32 612/612/612 30/30/30
f 624/624/624 607/607/607 622/622/622
f 605/605/605 607/607/607 624/624/624
f 292/292/292 605/605/605 624/624/624
f 1442/1442/1442 605/605/605 292/292/292
f 1442/1442/1442 608/608/608 605/605/605
f 1444/1444/1444 608/608/608 1442/1442/1442
f 308/308/308 603/603/603 306/306/306
f 601/601/601 603/603/603 308/308/308
f 622/622/622 601/601/601 308/308/308
f 607/607/607 601/601/601 622/622/622
f 607/607/607 604/604/604 601/601/601
f 606/606/606 604/604/604 607/607/607
f 595/595/595 600/600/600 597/597/597
f 594/594/594 600/600/600 595/595/595
f 594/594/594 317/317/317 600/600/600
f 579/579/579 317/317/317 594/594/594
f 600/600/600 319/319/319 598/598/598
f 317/317/317 319/319/319 600/600/600
f 1462/1462/1462 596/596/596 593/593/593
f 1464/1464/1464 596/596/596 1462/1462/1462
f 1464/1464/1464 577/577/577 596/596/596
f 310/310/310 577/577/577 1464/1464/1464
f 596/596/596 579/579/579 594/594/594
f 577/577/577 579/579/579 596/596/596
f 26/26/26 592/592/592 589/589/589
f 28/28/28 592/592/592 26/26/26
f 28/28/28 593/593/593 592/592/592
f 1462/1462/1462 593/593/593 28/28/28
f 592/592/592 595/595/595 590/590/590
f 593/593/593 595/595/595 592/592/592
f 583/583/583 588/588/588 585/585/585
f 583/583/583 582/582/582 588/588/588
f 582/582/582 280/280/280 588/588/588
f 582/582/582 697/697/697 280/280/280
f 588/588/588 277/277/277 586/586/586
f 588/588/588 280/280/280 277/277/277
f 610/610/610 584/584/584 581/581/581
f 612/612/612 584/584/584 610/610/610
f 612/612/612 700/700/700 584/584/584
f 612/612/612 32/32/32 700/700/700
f 584/584/584 697/697/697 582/582/582
f 584/584/584 700/700/700 697/697/697
f 310/310/310 580/580/580 577/577/577
f 312/312/312 580/580/580 310/310/310
f 312/312/312 581/581/581 580/580/580
f 610/610/610 581/581/581 312/312/312
f 580/580/580 583/583/583 578/578/578
f 581/581/581 583/583/583 580/580/580
f 571/571/571 576/576/576 573/573/573
f 571/571/571 570/570/570 576/576/576
f 570/570/570 36/36/36 576/576/576
f 570/570/570 1429/1429/1429 36/36/36
f 576/576/576 33/33/33 574/574/574
f 576/576/576 36/36/36 33/33/33
f 587/587/587 572/572/572 569/569/569
f 587/587/587 586/586/586 572/572/572
f 586/586/586 1432/1432/1432 572/572/572
f 586/586/586 277/277/277 1432/1432/1432
f 572/572/572 1429/1429/1429 570/570/570
f 572/572/572 1432/1432/1432 1429/1429/1429
f 319/319/319 568/568/568 565/565/565
f 319/319/319 318/318/318 568/568/568
f 318/318/318 569/569/569 568/568/568
f 318/318/318 587/587/587 569/569/569
f 568/568/568 571/571/571 566/566/566
f 568/568/568 569/569/569 571/571/571
f 563/563/563 560/560/560 557/557/557
f 562/562/562 560/560/560 563/563/563
f 330/330/330 557/557/557 544/544/544
f 563/563/563 557/557/557 330/330/330
f 332/332/332 563/563/563 330/330/330
f 561/561/561 563/563/563 332/332/332
f 559/559/559 1425/1425/1425 1427/1427/1427
f 558/558/558 1425/1425/1425 559/559/559
f 542/542/542 1427/1427/1427 273/273/273
f 559/559/559 1427/1427/1427 542/542/542
f 544/544/544 559/559/559 542/542/542
f 557/557/557 559/559/559 544/544/544
f 555/555/555 37/37/37 39/39/39
f 554/554/554 37/37/37 555/555/555
f 558/558/558 39/39/39 1425/1425/1425
f 555/555/555 39/39/39 558/558/558
f 560/560/560 555/555/555 558/558/558
f 553/553/553 555/555/555 560/560/560
f 551/551/551 548/548/548 545/545/545
f 551/551/551 550/550/550 548/548/548
f 243/243/243 545/545/545 806/806/806
f 243/243/243 551/551/551 545/545/545
f 242/242/242 551/551/551 243/243/243
f 242/242/242 549/549/549 551/551/551
f 547/547/547 717/717/717 719/719/719
f 546/546/546 717/717/717 547/547/547
f 807/807/807 719/719/719 43/43/43
f 807/807/807 547/547/547 719/719/719
f 806/806/806 547/547/547 807/807/807
f 806/806/806 545/545/545 547/547/547
f 543/543/543 273/273/273 275/275/275
f 542/542/542 273/273/273 543/543/543
f 546/546/546 275/275/275 717/717/717
f 543/543/543 275/275/275 546/546/546
f 548/548/548 543/543/543 546/546/546
f 541/541/541 543/543/543 548/548/548
f 539/539/539 536/536/536 533/533/533
f 539/539/539 538/538/538 536/536/536
f 47/47/47 533/533/533 1394/1394/1394
f 47/47/47 539/539/539 533/533/533
f 46/46/46 539/539/539 47/47/47
f 46/46/46 537/537/537 539/539/539
f 535/535/535 552/552/552 549/549/549
f 535/535/535 534/534/534 552/552/552
f 1395/1395/1395 549/549/549 242/242/242
f 1395/1395/1395 535/535/535 549/549/549
f 1394/1394/1394 535/535/535 1395/1395/1395
f 1394/1394/1394 533/533/533 535/535/535
f 531/531/531 332/332/332 329/329/329
f 531/531/531 530/530/530 332/332/332
f 534/534/534 329/329/329 552/552/552
f 534/534/534 531/531/531 329/329/329
f 536/536/536 531/531/531 534/534/534
f 536/536/536 529/529/529 531/531/531
f 524/524/524 527/527/527 522/522/522
f 524/524/524 525/525/525 527/527/527
f 506/506/506 525/525/525 524/524/524
f 506/506/506 343/343/343 525/525/525
f 343/343/343 528/528/528 525/525/525
f 343/343/343 342/342/342 528/528/528
f 1390/1390/1390 523/523/523 1391/1391/1391
f 1390/1390/1390 521/521/521 523/523/523
f 239/239/239 521/521/521 1390/1390/1390
f 239/239/239 507/507/507 521/521/521
f 507/507/507 524/524/524 521/521/521
f 507/507/507 506/506/506 524/524/524
f 50/50/50 519/519/519 51/51/51
f 50/50/50 517/517/517 519/519/519
f 1391/1391/1391 517/517/517 50/50/50
f 1391/1391/1391 523/523/523 517/517/517
f 523/523/523 520/520/520 517/517/517
f 523/523/523 522/522/522 520/520/520
f 512/512/512 515/515/515 510/510/510
f 512/512/512 513/513/513 515/515/515
f 915/915/915 513/513/513 512/512/512
f 915/915/915 205/205/205 513/513/513
f 205/205/205 516/516/516 513/513/513
f 205/205/205 207/207/207 516/516/516
f 826/826/826 511/511/511 827/827/827
f 826/826/826 509/509/509 511/511/511
f 54/54/54 509/509/509 826/826/826
f 54/54/54 913/913/913 509/509/509
f 913/913/913 512/512/512 509/509/509
f 913/913/913 915/915/915 512/512/512
f 238/238/238 507/507/507 239/239/239
f 238/238/238 505/505/505 507/507/507
f 827/827/827 505/505/505 238/238/238
f 827/827/827 511/511/511 505/505/505
f 511/511/511 508/508/508 505/505/505
f 511/511/511 510/510/510 508/508/508
f 500/500/500 503/503/503 498/498/498
f 500/500/500 501/501/501 503/503/503
f 1359/1359/1359 501/501/501 500/500/500
f 1359/1359/1359 59/59/59 501/501/501
f 59/59/59 504/504/504 501/501/501
f 59/59/59 58/58/58 504/504/504
f 516/516/516 499/499/499 514/514/514
f 516/516/516 497/497/497 499/499/499
f 207/207/207 497/497/497 516/516/516
f 207/207/207 1357/1357/1357 497/497/497
f 1357/1357/1357 500/500/500 497/497/497
f 1357/1357/1357 1359/1359/1359 500/500/500
f 344/344/344 495/495/495 342/342/342
f 344/344/344 493/493/493 495/495/495
f 514/514/514 493/493/493 344/344/344
f 514/514/514 499/499/499 493/493/493
f 499/499/499 496/496/496 493/493/493
f 499/499/499 498/498/498 496/496/496
f 488/488/488 491/491/491 486/486/486
f 488/488/488 489/489/489 491/491/491
f 470/470/470 489/489/489 488/488/488
f 470/470/470 355/355/355 489/489/489
f 355/355/355 492/492/492 489/489/489
f 355/355/355 354/354/354 492/492/492
f 1354/1354/1354 487/487/487 1355/1355/1355
f 1354/1354/1354 485/485/485 487/487/487
f 203/203/203 485/485/485 1354/1354/1354
f 203/203/203 471/471/471 485/485/485
f 471/471/471 488/488/488 485/485/485
f 471/471/471 470/470/470 488/488/488
f 62/62/62 483/483/483 63/63/63
f 62/62/62 481/481/481 483/483/483
f 1355/1355/1355 481/481/481 62/62/62
f 1355/1355/1355 487/487/487 481/481/481
f 487/487/487 484/484/484 481/481/481
f 487/487/487 486/486/486 484/484/484
f 476/476/476 479/479/479 474/474/474
f 476/476/476 477/477/477 479/479/479
f 1023/1023/1023 477/477/477 476/476/476
f 1023/1023/1023 169/169/169 477/477/477
f 169/169/169 480/480/480 477/477/477
f 169/169/169 171/171/171 480/480/480
f 934/934/934 475/475/475 935/935/935
f 934/934/934 473/473/473 475/475/475
f 66/66/66 473/473/473 934/934/934
f 66/66/66 1021/1021/1021 473/473/473
f 1021/1021/1021 476/476/476 473/473/473
f 1021/1021/1021 1023/1023/1023 476/476/476
f 202/202/202 471/471/471 203/203/203
f 202/202/202 469/469/469 471/471/471
f 935/935/935 469/469/469 202/202/202
f 935/935/935 475/475/475 469/469/469
f 475/475/475 472/472/472 469/469/469
f 475/475/475 474/474/474 472/472/472
f 464/464/464 467/467/467 462/462/462
f 464/464/464 465/465/465 467/467/467
f 1323/1323/1323 465/465/465 464/464/464
f 1323/1323/1323 71/71/71 465/465/465
f 71/71/71 468/468/468 465/465/465
f 71/71/71 70/70/70 468/468/468
f 480/480/480 463/463/463 478/478/478
f 480/480/480 461/461/461 463/463/463
f 171/171/171 461/461/461 480/480/480
f 171/171/171 1321/1321/1321 461/461/461
f 1321/1321/1321 464/464/464 461/461/461
f 1321/1321/1321 1323/1323/1323 464/464/464
f 356/356/356 459/459/459 354/354/354
f 356/356/356 457/457/457 459/459/459
f 478/478/478 457/457/457 356/356/356
f 478/478/478 463/463/463 457/457/457
f 463/463/463 460/460/460 457/457/457
f 463/463/463 462/462/462 460/460/460
f 452/452/452 455/455/455 450/450/450
f 452/452/452 453/453/453 455/455/455
f 434/434/434 453/453/453 452/452/452
f 434/434/434 367/367/367 453/453/453
f 367/367/367 456/456/456 453/453/453
f 367/367/367 366/366/366 456/456/456
f 1318/1318/1318 451/451/451 1319/1319/1319
f 1318/1318/1318 449/449/449 451/451/451
f 167/167/167 449/449/449 1318/1318/1318
f 167/167/167 435/435/435 449/449/449
f 435/435/435 452/452/452 449/449/449
f 435/435/435 434/434/434 452/452/452
f 74/74/74 447/447/447 75/75/75
f 74/74/74 445/445/445 447/447/447
f 1319/1319/1319 445/445/445 74/74/74
f 1319/1319/1319 451/451/451 445/445/445
f 451/451/451 448/448/448 445/445/445
f 451/451/451 450/450/450 448/448/448
f 440/440/440 443/443/443 438/438/438
f 440/440/440 441/441/441 443/443/443
f 1131/1131/1131 441/441/441 440/440/440
f 1131/1131/1131 133/133/133 441/441/441
f 133/133/133 444/444/444 441/441/441
f 133/133/133 135/135/135 444/444/444
f 1042/1042/1042 439/439/439 1043/1043/1043
f 1042/1042/1042 437/437/437 439/439/439
f 78/78/78 437/437/437 1042/1042/1042
f 78/78/78 1129/1129/1129 437/437/437
f 1129/1129/1129 440/440/440 437/437/437
f 1129/1129/1129 1131/1131/1131 440/440/440
f 166/166/166 435/435/435 167/167/167
f 166/166/166 433/433/433 435/435/435
f 1043/1043/1043 433/433/433 166/166/166
f 1043/1043/1043 439/439/439 433/433/433
f 439/439/439 436/436/436 433/433/433
f 439/439/439 438/438/438 436/436/436
f 428/428/428 431/431/431 426/426/426
f 428/428/428 429/429/429 431/431/431
f 1287/1287/1287 429/429/429 428/428/428
f 1287/1287/1287 83/83/83 429/429/429
f 83/83/83 432/432/432 429/429/429
f 83/83/83 82/82/82 432/432/432
f 444/444/444 427/427/427 442/442/442
f 444/444/444 425/425/425 427/427/427
f 135/135/135 425/425/425 444/444/444
f 135/135/135 1285/1285/1285 425/425/425
f 1285/1285/1285 428/428/428 425/425/425
f 1285/1285/1285 1287/1287/1287 428/428/428
f 368/368/368 423/423/423 366/366/366
f 368/368/368 421/421/421 423/423/423
f 442/442/442 421/421/421 368/368/368
f 442/442/442 427/427/427 421/421/421
f 427/427/427 424/424/424 421/421/421
f 427/427/427 426/426/426 424/424/424
f 416/416/416 419/419/419 414/414/414
f 416/416/416 417/417/417 419/419/419
f 398/398/398 417/417/417 416/416/416
f 398/398/398 379/379/379 417/417/417
f 379/379/379 420/420/420 417/417/417
f 379/379/379 378/378/378 420/420/420
f 1282/1282/1282 415/415/415 1283/1283/1283
f 1282/1282/1282 413/413/413 415/415/415
f 131/131/131 413/413/413 1282/1282/1282
f 131/131/131 399/399/399 413/413/413
f 399/399/399 416/416/416 413/413/413
f 399/399/399 398/398/398 416/416/416
f 86/86/86 411/411/411 87/87/87
f 86/86/86 409/409/409 411/411/411
f 1283/1283/1283 409/409/409 86/86/86
f 1283/1283/1283 415/415/415 409/409/409
f 415/415/415 412/412/412 409/409/409
f 415/415/415 414/414/414 412/412/412
f 404/404/404 407/407/407 402/402/402
f 404/404/404 405/405/405 407/407/407
f 1239/1239/1239 405/405/405 404/404/404
f 1239/1239/1239 97/97/97 405/405/405
f 97/97/97 408/408/408 405/405/405
f 97/97/97 99/99/99 408/408/408
f 1150/1150/1150 403/403/403 1151/1151/1151
f 1150/1150/1150 401/401/401 403/403/403
f 90/90/90 401/401/401 1150/1150/1150
f 90/90/90 1237/1237/1237 401/401/401
f 1237/1237/1237 404/404/404 401/401/401
f 1237/1237/1237 1239/1239/1239 404/404/404
f 130/130/130 399/399/399 131/131/131
f 130/130/130 397/397/397 399/399/399
f 1151/1151/1151 397/397/397 130/130/130
f 1151/1151/1151 403/403/403 397/397/397
f 403/403/403 400/400/400 397/397/397
f 403/403/403 402/402/402 400/400/400
f 392/392/392 395/395/395 390/390/390
f 392/392/392 393/393/393 395/395/395
f 1251/1251/1251 393/393/393 392/392/392
f 1251/1251/1251 95/95/95 393/393/393
f 95/95/95 396/396/396 393/393/393
f 95/95/95 94/94/94 396/396/396
f 408/408/408 391/391/391 406/406/406
f 408/408/408 389/389/389 391/391/391
f 99/99/99 389/389/389 408/408/408
f 99/99/99 1249/1249/1249 389/389/389
f 1249/1249/1249 392/392/392 389/389/389
f 1249/1249/1249 1251/1251/1251 392/392/392
f 380/380/380 387/387/387 378/378/378
f 380/380/380 385/385/385 387/387/387
f 406/406/406 385/385/385 380/380/380
f 406/406/406 391/391/391 385/385/385
f 391/391/391 388/388/388 385/385/385
f 391/391/391 390/390/390 388/388/388
f 388/388/388 383/383/383 386/386/386
f 388/388/388 381/381/381 383/383/383
f 390/390/390 381/381/381 388/388/388
f 390/390/390 395/395/395 381/381/381
f 395/395/395 384/384/384 381/381/381
f 395/395/395 394/394/394 384/384/384
f 400/400/400 379/379/379 398/398/398
f 400/400/400 377/377/377 379/379/379
f 402/402/402 377/377/377 400/400/400
f 402/402/402 407/407/407 377/377/377
f 407/407/407 380/380/380 377/377/377
f 407/407/407 406/406/406 380/380/380
f 412/412/412 375/375/375 410/410/410
f 412/412/412 373/373/373 375/375/375
f 414/414/414 373/373/373 412/412/412
f 414/414/414 419/419/419 373/373/373
f 419/419/419 376/376/376 373/373/373
f 419/419/419 418/418/418 376/376/376
f 424/424/424 371/371/371 422/422/422
f 424/424/424 369/369/369 371/371/371
f 426/426/426 369/369/369 424/424/424
f 426/426/426 431/431/431 369/369/369
f 431/431/431 372/372/372 369/369/369
f 431/431/431 430/430/430 372/372/372
f 436/436/436 367/367/367 434/434/434
f 436/436/436 365/365/365 367/367/367
f 438/438/438 365/365/365 436/436/436
f 438/438/438 443/443/443 365/365/365
f 443/443/443 368/368/368 365/365/365
f 443/443/443 442/442/442 368/368/368
f 448/448/448 363/363/363 446/446/446
f 448/448/448 361/361/361 363/363/363
f 450/450/450 361/361/361 448/448/448
f 450/450/450 455/455/455 361/361/361
f 455/455/455 364/364/364 361/361/361
f 455/455/455 454/454/454 364/364/364
f 460/460/460 359/359/359 458/458/458
f 460/460/460 357/357/357 359/359/359
f 462/462/462 357/357/357 460/460/460
f 462/462/462 467/467/467 357/357/357
f 467/467/467 360/360/360 357/357/357
f 467/467/467 466/466/466 360/360/360
f 472/472/472 355/355/355 470/470/470
f 472/472/472 353/353/353 355/355/355
f 474/474/474 353/353/353 472/472/472
f 474/474/474 479/479/479 353/353/353
f 479/479/479 356/356/356 353/353/353
f 479/479/479 478/478/478 356/356/356
f 484/484/484 351/351/351 482/482/482
f 484/484/484 349/349/349 351/351/351
f 486/486/486 349/349/349 484/484/484
f 486/486/486 491/491/491 349/349/349
f 491/491/491 352/352/352 349/349/349
f 491/491/491 490/490/490 352/352/352
f 496/496/496 347/347/347 494/494/494
f 496/496/496 345/345/345 347/347/347
f 498/498/498 345/345/345 496/496/496
f 498/498/498 503/503/503 345/345/345
f 503/503/503 348/348/348 345/345/345
f 503/503/503 502/502/502 348/348/348
f 508/508/508 343/343/343 506/506/506
f 508/508/508 341/341/341 343/343/343
f 510/510/510 341/341/341 508/508/508
f 510/510/510 515/515/515 341/341/341
f 515/515/515 344/344/344 341/341/341
f 515/515/515 514/514/514 344/344/344
f 520/520/520 339/339/339 518/518/518
f 520/520/520 337/337/337 339/339/339
f 522/522/522 337/337/337 520/520/520
f 522/522/522 527/527/527 337/337/337
f 527/527/527 340/340/340 337/337/337
f 527/527/527 526/526/526 340/340/340
f 335/335/335 532/532/532 529/529/529
f 335/335/335 334/334/334 532/532/532
f 538/538/538 529/529/529 536/536/536
f 538/538/538 335/335/335 529/529/529
f 540/540/540 335/335/335 538/538/538
f 540/540/540 333/333/333 335/335/335
f 331/331/331 544/544/544 541/541/541
f 330/330/330 544/544/544 331/331/331
f 550/550/550 541/541/541 548/548/548
f 550/550/550 331/331/331 541/541/541
f 552/552/552 331/331/331 550/550/550
f 552/552/552 329/329/329 331/331/331
f 327/327/327 556/556/556 553/553/553
f 326/326/326 556/556/556 327/327/327
f 562/562/562 553/553/553 560/560/560
f 327/327/327 553/553/553 562/562/562
f 564/564/564 327/327/327 562/562/562
f 325/325/325 327/327/327 564/564/564
f 567/567/567 324/324/324 321/321/321
f 567/567/567 566/566/566 324/324/324
f 566/566/566 573/573/573 324/324/324
f 566/566/566 571/571/571 573/573/573
f 324/324/324 575/575/575 322/322/322
f 324/324/324 573/573/573 575/575/575
f 579/579/579 320/320/320 317/317/317
f 578/578/578 320/320/320 579/579/579
f 578/578/578 585/585/585 320/320/320
f 578/578/578 583/583/583 585/585/585
f 320/320/320 587/587/587 318/318/318
f 320/320/320 585/585/585 587/587/587
f 591/591/591 316/316/316 313/313/313
f 590/590/590 316/316/316 591/591/591
f 590/590/590 597/597/597 316/316/316
f 595/595/595 597/597/597 590/590/590
f 316/316/316 599/599/599 314/314/314
f 597/597/597 599/599/599 316/316/316
f 604/604/604 311/311/311 602/602/602
f 604/604/604 309/309/309 311/311/311
f 606/606/606 309/309/309 604/604/604
f 606/606/606 611/611/611 309/309/309
f 611/611/611 312/312/312 309/309/309
f 611/611/611 610/610/610 312/312/312
f 616/616/616 307/307/307 614/614/614
f 305/305/305 307/307/307 616/616/616
f 618/618/618 305/305/305 616/616/616
f 623/623/623 305/305/305 618/618/618
f 623/623/623 308/308/308 305/305/305
f 622/622/622 308/308/308 623/623/623
f 628/628/628 303/303/303 626/626/626
f 628/628/628 301/301/301 303/303/303
f 630/630/630 301/301/301 628/628/628
f 630/630/630 635/635/635 301/301/301
f 635/635/635 304/304/304 301/301/301
f 635/635/635 634/634/634 304/304/304
f 299/299/299 640/640/640 637/637/637
f 298/298/298 640/640/640 299/299/299
f 646/646/646 637/637/637 644/644/644
f 299/299/299 637/637/637 646/646/646
f 648/648/648 299/299/299 646/646/646
f 297/297/297 299/299/299 648/648/648
f 295/295/295 652/652/652 649/649/649
f 295/295/295 294/294/294 652/652/652
f 658/658/658 649/649/649 656/656/656
f 658/658/658 295/295/295 649/649/649
f 660/660/660 295/295/295 658/658/658
f 293/293/293 295/295/295 660/660/660
f 291/291/291 664/664/664 661/661/661
f 291/291/291 290/290/290 664/664/664
f 670/670/670 661/661/661 668/668/668
f 670/670/670 291/291/291 661/661/661
f 672/672/672 291/291/291 670/670/670
f 672/672/672 289/289/289 291/291/291
f 288/288/288 675/675/675 286/286/286
f 673/673/673 675/675/675 288/288/288
f 286/286/286 677/677/677 684/684/684
f 675/675/675 677/677/677 286/286/286
f 287/287/287 684/684/684 681/681/681
f 286/286/286 684/684/684 287/287/287
f 284/284/284 687/687/687 282/282/282
f 284/284/284 685/685/685 687/687/687
f 282/282/282 689/689/689 696/696/696
f 282/282/282 687/687/687 689/689/689
f 283/283/283 696/696/696 693/693/693
f 283/283/283 282/282/282 696/696/696
f 280/280/280 699/699/699 278/278/278
f 697/697/697 699/699/699 280/280/280
f 278/278/278 701/701/701 708/708/708
f 699/699/699 701/701/701 278/278/278
f 279/279/279 708/708/708 705/705/705
f 278/278/278 708/708/708 279/279/279
f 276/276/276 711/711/711 274/274/274
f 276/276/276 709/709/709 711/711/711
f 274/274/274 713/713/713 720/720/720
f 274/274/274 711/711/711 713/713/713
f 275/275/275 720/720/720 717/717/717
f 275/275/275 274/274/274 720/720/720
f 272/272/272 723/723/723 270/270/270
f 721/721/721 723/723/723 272/272/272
f 270/270/270 725/725/725 732/732/732
f 723/723/723 725/725/725 270/270/270
f 271/271/271 732/732/732 729/729/729
f 270/270/270 732/732/732 271/271/271
f 268/268/268 735/735/735 266/266/266
f 268/268/268 733/733/733 735/735/735
f 266/266/266 737/737/737 744/744/744
f 266/266/266 735/735/735 737/737/737
f 267/267/267 744/744/744 741/741/741
f 267/267/267 266/266/266 744/744/744
f 747/747/747 264/264/264 261/261/261
f 746/746/746 264/264/264 747/747/747
f 746/746/746 753/753/753 264/264/264
f 751/751/751 753/753/753 746/746/746
f 264/264/264 755/755/755 262/262/262
f 753/753/753 755/755/755 264/264/264
f 759/759/759 260/260/260 257/257/257
f 759/759/759 758/758/758 260/260/260
f 758/758/758 765/765/765 260/260/260
f 758/758/758 763/763/763 765/765/765
f 260/260/260 767/767/767 258/258/258
f 765/765/765 767/767/767 260/260/260
f 771/771/771 256/256/256 253/253/253
f 771/771/771 770/770/770 256/256/256
f 770/770/770 777/777/777 256/256/256
f 770/770/770 775/775/775 777/777/777
f 256/256/256 779/779/779 254/254/254
f 256/256/256 777/777/777 779/779/779
f 784/784/784 251/251/251 782/782/782
f 249/249/249 251/251/251 784/784/784
f 786/786/786 249/249/249 784/784/784
f 791/791/791 249/249/249 786/786/786
f 791/791/791 252/252/252 249/249/249
f 790/790/790 252/252/252 791/791/791
f 796/796/796 247/247/247 794/794/794
f 796/796/796 245/245/245 247/247/247
f 798/798/798 245/245/245 796/796/796
f 798/798/798 803/803/803 245/245/245
f 803/803/803 248/248/248 245/245/245
f 803/803/803 802/802/802 248/248/248
f 808/808/808 243/243/243 806/806/806
f 241/241/241 243/243/243 808/808/808
f 810/810/810 241/241/241 808/808/808
f 815/815/815 241/241/241 810/810/810
f 815/815/815 244/244/244 241/241/241
f 814/814/814 244/244/244 815/815/815
f 819/819/819 240/240/240 237/237/237
f 818/818/818 240/240/240 819/819/819
f 818/818/818 825/825/825 240/240/240
f 823/823/823 825/825/825 818/818/818
f 240/240/240 827/827/827 238/238/238
f 825/825/825 827/827/827 240/240/240
f 831/831/831 236/236/236 233/233/233
f 830/830/830 236/236/236 831/831/831
f 830/830/830 837/837/837 236/236/236
f 835/835/835 837/837/837 830/830/830
f 236/236/236 839/839/839 234/234/234
f 837/837/837 839/839/839 236/236/236
f 843/843/843 232/232/232 229/229/229
f 842/842/842 232/232/232 843/843/843
f 842/842/842 849/849/849 232/232/232
f 847/847/847 849/849/849 842/842/842
f 232/232/232 851/851/851 230/230/230
f 849/849/849 851/851/851 232/232/232
f 856/856/856 227/227/227 854/854/854
f 856/856/856 225/225/225 227/227/227
f 858/858/858 225/225/225 856/856/856
f 858/858/858 863/863/863 225/225/225
f 863/863/863 228/228/228 225/225/225
f 863/863/863 862/862/862 228/228/228
f 868/868/868 223/223/223 866/866/866
f 868/868/868 221/221/221 223/223/223
f 870/870/870 221/221/221 868/868/868
f 870/870/870 875/875/875 221/221/221
f 875/875/875 224/224/224 221/221/221
f 875/875/875 874/874/874 224/224/224
f 878/878/878 219/219/219 879/879/879
f 878/878/878 217/217/217 219/219/219
f 882/882/882 217/217/217 878/878/878
f 882/882/882 887/887/887 217/217/217
f 887/887/887 220/220/220 217/217/217
f 887/887/887 886/886/886 220/220/220
f 891/891/891 216/216/216 213/213/213
f 890/890/890 216/216/216 891/891/891
f 890/890/890 897/897/897 216/216/216
f 895/895/895 897/897/897 890/890/890
f 216/216/216 899/899/899 214/214/214
f 897/897/897 899/899/899 216/216/216
f 903/903/903 212/212/212 209/209/209
f 902/902/902 212/212/212 903/903/903
f 902/902/902 909/909/909 212/212/212
f 907/907/907 909/909/909 902/902/902
f 212/212/212 911/911/911 210/210/210
f 909/909/909 911/911/911 212/212/212
f 915/915/915 208/208/208 205/205/205
f 914/914/914 208/208/208 915/915/915
f 914/914/914 921/921/921 208/208/208
f 919/919/919 921/921/921 914/914/914
f 208/208/208 923/923/923 206/206/206
f 921/921/921 923/923/923 208/208/208
f 927/927/927 204/204/204 201/201/201
f 926/926/926 204/204/204 927/927/927
f 926/926/926 933/933/933 204/204/204
f 931/931/931 933/933/933 926/926/926
f 204/204/204 935/935/935 202/202/202
f 933/933/933 935/935/935 204/204/204
f 939/939/939 200/200/200 197/197/197
f 938/938/938 200/200/200 939/939/939
f 938/938/938 945/945/945 200/200/200
f 943/943/943 945/945/945 938/938/938
f 200/200/200 947/947/947 198/198/198
f 945/945/945 947/947/947 200/200/200
f 951/951/951 196/196/196 193/193/193
f 950/950/950 196/196/196 951/951/951
f 950/950/950 957/957/957 196/196/196
f 955/955/955 957/957/957 950/950/950
f 196/196/196 959/959/959 194/194/194
f 957/957/957 959/959/959 196/196/196
f 964/964/964 191/191/191 962/962/962
f 964/964/964 189/189/189 191/191/191
f 966/966/966 189/189/189 964/964/964
f 966/966/966 971/971/971 189/189/189
f 971/971/971 192/192/192 189/189/189
f 971/971/971 970/970/970 192/192/192
f 976/976/976 187/187/187 974/974/974
f 976/976/976 185/185/185 187/187/187
f 978/978/978 185/185/185 976/976/976
f 978/978/978 983/983/983 185/185/185
f 983/983/983 188/188/188 185/185/185
f 983/983/983 982/982/982 188/188/188
f 986/986/986 183/183/183 987/987/987
f 986/986/986 181/181/181 183/183/183
f 990/990/990 181/181/181 986/986/986
f 990/990/990 995/995/995 181/181/181
f 995/995/995 184/184/184 181/181/181
f 995/995/995 994/994/994 184/184/184
f 999/999/999 180/180/180 177/177/177
f 998/998/998 180/180/180 999/999/999
f 998/998/998 1005/1005/1005 180/180/180
f 1003/1003/1003 1005/1005/1005 998/998/998
f 180/180/180 1007/1007/1007 178/178/178
f 1005/1005/1005 1007/1007/1007 180/180/180
f 1011/1011/1011 176/176/176 173/173/173
f 1010/1010/1010 176/176/176 1011/1011/1011
f 1010/1010/1010 1017/1017/1017 176/176/176
f 1015/1015/1015 1017/1017/1017 1010/1010/1010
f 176/176/176 1019/1019/1019 174/174/174
f 1017/1017/1017 1019/1019/1019 176/176/176
f 1023/1023/1023 172/172/172 169/169/169
f 1022/1022/1022 172/172/172 1023/1023/1023
f 1022/1022/1022 1029/1029/1029 172/172/172
f 1027/1027/1027 1029/1029/1029 1022/1022/1022
f 172/172/172 1031/1031/1031 170/170/170
f 1029/1029/1029 1031/1031/1031 172/172/172
f 1035/1035/1035 168/168/168 165/165/165
f 1034/1034/1034 168/168/168 1035/1035/1035
f 1034/1034/1034 1041/1041/1041 168/168/168
f 1039/1039/1039 1041/1041/1041 1034/1034/1034
f 168/168/168 1043/1043/1043 166/166/166
f 1041/1041/1041 1043/1043/1043 168/168/168
f 1047/1047/1047 164/164/164 161/161/161
f 1046/1046/1046 164/164/164 1047/1047/1047
f 1046/1046/1046 1053/1053/1053 164/164/164
f 1051/1051/1051 1053/1053/1053 1046/1046/1046
f 164/164/164 1055/1055/1055 162/162/162
f 1053/1053/1053 1055/1055/1055 164/164/164
f 1059/1059/1059 160/160/160 157/157/157
f 1058/1058/1058 160/160/160 1059/1059/1059
f 1058/1058/1058 1065/1065/1065 160/160/160
f 1063/1063/1063 1065/1065/1065 1058/1058/1058
f 160/160/160 1067/1067/1067 158/158/158
f 1065/1065/1065 1067/1067/1067 160/160/160
f 1072/1072/1072 155/155/155 1070/1070/1070
f 1072/1072/1072 153/153/153 155/155/155
f 1074/1074/1074 153/153/153 1072/1072/1072
f 1074/1074/1074 1079/1079/1079 153/153/153
f 1079/1079/1079 156/156/156 153/153/153
f 1079/1079/1079 1078/1078/1078 156/156/156
f 1084/1084/1084 151/151/151 1082/1082/1082
f 1084/1084/1084 149/149/149 151/151/151
f 1086/1086/1086 149/149/149 1084/1084/1084
f 1086/1086/1086 1091/1091/1091 149/149/149
f 1091/1091/1091 152/152/152 149/149/149
f 1091/1091/1091 1090/1090/1090 152/152/152
f 1094/1094/1094 147/147/147 1095/1095/1095
f 1094/1094/1094 145/145/145 147/147/147
f 1098/1098/1098 145/145/145 1094/1094/1094
f 1098/1098/1098 1103/1103/1103 145/145/145
f 1103/1103/1103 148/148/148 145/145/145
f 1103/1103/1103 1102/1102/1102 148/148/148
f 1107/1107/1107 144/144/144 141/141/141
f 1106/1106/1106 144/144/144 1107/1107/1107
f 1106/1106/1106 1113/1113/1113 144/144/144
f 1111/1111/1111 1113/1113/1113 1106/1106/1106
f 144/144/144 1115/1115/1115 142/142/142
f 1113/1113/1113 1115/1115/1115 144/144/144
f 1119/1119/1119 140/140/140 137/137/137
f 1118/1118/1118 140/140/140 1119/1119/1119
f 1118/1118/1118 1125/1125/1125 140/140/140
f 1123/1123/1123 1125/1125/1125 1118/1118/1118
f 140/140/140 1127/1127/1127 138/138/138
f 1125/1125/1125 1127/1127/1127 140/140/140
f 1131/1131/1131 136/136/136 133/133/133
f 1130/1130/1130 136/136/136 1131/1131/1131
f 1130/1130/1130 1137/1137/1137 136/136/136
f 1135/1135/1135 1137/1137/1137 1130/1130/1130
f 136/136/136 1139/1139/1139 134/134/134
f 1137/1137/1137 1139/1139/1139 136/136/136
f 1143/1143/1143 132/132/132 129/129/129
f 1142/1142/1142 132/132/132 1143/1143/1143
f 1142/1142/1142 1149/1149/1149 132/132/132
f 1147/1147/1147 1149/1149/1149 1142/1142/1142
f 132/132/132 1151/1151/1151 130/130/130
f 1149/1149/1149 1151/1151/1151 132/132/132
f 1155/1155/1155 128/128/128 125/125/125
f 1154/1154/1154 128/128/128 1155/1155/1155
f 1154/1154/1154 1161/1161/1161 128/128/128
f 1159/1159/1159 1161/1161/1161 1154/1154/1154
f 128/128/128 1163/1163/1163 126/126/126
f 1161/1161/1161 1163/1163/1163 128/128/128
f 1167/1167/1167 124/124/124 121/121/121
f 1166/1166/1166 124/124/124 1167/1167/1167
f 1166/1166/1166 1173/1173/1173 124/124/124
f 1171/1171/1171 1173/1173/1173 1166/1166/1166
f 124/124/124 1175/1175/1175 122/122/122
f 1173/1173/1173 1175/1175/1175 124/124/124
f 1180/1180/1180 119/119/119 1178/1178/1178
f 1180/1180/1180 117/117/117 119/119/119
f 1182/1182/1182 117/117/117 1180/1180/1180
f 1182/1182/1182 1187/1187/1187 117/117/117
f 1187/1187/1187 120/120/120 117/117/117
f 1187/1187/1187 1186/1186/1186 120/120/120
f 1192/1192/1192 115/115/115 1190/1190/1190
f 1192/1192/1192 113/113/113 115/115/115
f 1194/1194/1194 113/113/113 1192/1192/1192
f 1194/1194/1194 1199/1199/1199 113/113/113
f 1199/1199/1199 116/116/116 113/113/113
f 1199/1199/1199 1198/1198/1198 116/116/116
f 1202/1202/1202 111/111/111 1203/1203/1203
f 1202/1202/1202 109/109/109 111/111/111
f 1206/1206/1206 109/109/109 1202/1202/1202
f 1206/1206/1206 1211/1211/1211 109/109/109
f 1211/1211/1211 112/112/112 109/109/109
f 1211/1211/1211 1210/1210/1210 112/112/112
f 1215/1215/1215 108/108/108 105/105/105
f 1214/1214/1214 108/108/108 1215/1215/1215
f 1214/1214/1214 1221/1221/1221 108/108/108
f 1219/1219/1219 1221/1221/1221 1214/1214/1214
f 108/108/108 1223/1223/1223 106/106/106
f 1221/1221/1221 1223/1223/1223 108/108/108
f 1227/1227/1227 104/104/104 101/101/101
f 1226/1226/1226 104/104/104 1227/1227/1227
f 1226/1226/1226 1233/1233/1233 104/104/104
f 1231/1231/1231 1233/1233/1233 1226/1226/1226
f 104/104/104 1235/1235/1235 102/102/102
f 1233/1233/1233 1235/1235/1235 104/104/104
f 1239/1239/1239 100/100/100 97/97/97
f 1238/1238/1238 100/100/100 1239/1239/1239
f 1238/1238/1238 1245/1245/1245 100/100/100
f 1243/1243/1243 1245/1245/1245 1238/1238/1238
f 100/100/100 1247/1247/1247 98/98/98
f 1245/1245/1245 1247/1247/1247 100/100/100
f 1250/1250/1250 95/95/95 1251/1251/1251
f 1250/1250/1250 93/93/93 95/95/95
f 1250/1250/1250 1257/1257/1257 93/93/93
f 1255/1255/1255 1257/1257/1257 1250/1250/1250
f 93/93/93 1259/1259/1259 96/96/96
f 1257/1257/1257 1259/1259/1259 93/93/93
f 1264/1264/1264 91/91/91 1262/1262/1262
f 1264/1264/1264 89/89/89 91/91/91
f 1266/1266/1266 89/89/89 1264/1264/1264
f 1266/1266/1266 1271/1271/1271 89/89/89
f 1271/1271/1271 92/92/92 89/89/89
f 1271/1271/1271 1270/1270/1270 92/92/92
f 1275/1275/1275 88/88/88 85/85/85
f 1274/1274/1274 88/88/88 1275/1275/1275
f 1274/1274/1274 1281/1281/1281 88/88/88
f 1279/1279/1279 1281/1281/1281 1274/1274/1274
f 88/88/88 1283/1283/1283 86/86/86
f 1281/1281/1281 1283/1283/1283 88/88/88
f 1286/1286/1286 83/83/83 1287/1287/1287
f 1286/1286/1286 81/81/81 83/83/83
f 1286/1286/1286 1293/1293/1293 81/81/81
f 1291/1291/1291 1293/1293/1293 1286/1286/1286
f 81/81/81 1295/1295/1295 84/84/84
f 1293/1293/1293 1295/1295/1295 81/81/81
f 1300/1300/1300 79/79/79 1298/1298/1298
f 1300/1300/1300 77/77/77 79/79/79
f 1302/1302/1302 77/77/77 1300/1300/1300
f 1302/1302/1302 1307/1307/1307 77/77/77
f 1307/1307/1307 80/80/80 77/77/77
f 1307/1307/1307 1306/1306/1306 80/80/80
f 1311/1311/1311 76/76/76 73/73/73
f 1310/1310/1310 76/76/76 1311/1311/1311
f 1310/1310/1310 1317/1317/1317 76/76/76
f 1315/1315/1315 1317/1317/1317 1310/1310/1310
f 76/76/76 1319/1319/1319 74/74/74
f 1317/1317/1317 1319/1319/1319 76/76/76
f 1322/1322/1322 71/71/71 1323/1323/1323
f 1322/1322/1322 69/69/69 71/71/71
f 1322/1322/1322 1329/1329/1329 69/69/69
f 1327/1327/1327 1329/1329/1329 1322/1322/1322
f 69/69/69 1331/1331/1331 72/72/72
f 1329/1329/1329 1331/1331/1331 69/69/69
f 1336/1336/1336 67/67/67 1334/1334/1334
f 1336/1336/1336 65/65/65 67/67/67
f 1338/1338/1338 65/65/65 1336/1336/1336
f 1338/1338/1338 1343/1343/1343 65/65/65
f 1343/1343/1343 68/68/68 65/65/65
f 1343/1343/1343 1342/1342/1342 68/68/68
f 1347/1347/1347 64/64/64 61/61/61
f 1346/1346/1346 64/64/64 1347/1347/1347
f 1346/1346/1346 1353/1353/1353 64/64/64
f 1351/1351/1351 1353/1353/1353 1346/1346/1346
f 64/64/64 1355/1355/1355 62/62/62
f 1353/1353/1353 1355/1355/1355 64/64/64
f 1358/1358/1358 59/59/59 1359/1359/1359
f 1358/1358/1358 57/57/57 59/59/59
f 1358/1358/1358 1365/1365/1365 57/57/57
f 1363/1363/1363 1365/1365/1365 1358/1358/1358
f 57/57/57 1367/1367/1367 60/60/60
f 1365/1365/1365 1367/1367/1367 57/57/57
f 1372/1372/1372 55/55/55 1370/1370/1370
f 1372/1372/1372 53/53/53 55/55/55
f 1374/1374/1374 53/53/53 1372/1372/1372
f 1374/1374/1374 1379/1379/1379 53/53/53
f 1379/1379/1379 56/56/56 53/53/53
f 1379/1379/1379 1378/1378/1378 56/56/56
f 1383/1383/1383 52/52/52 49/49/49
f 1382/1382/1382 52/52/52 1383/1383/1383
f 1382/1382/1382 1389/1389/1389 52/52/52
f 1387/1387/1387 1389/1389/1389 1382/1382/1382
f 52/52/52 1391/1391/1391 50/50/50
f 1389/1389/1389 1391/1391/1391 52/52/52
f 1396/1396/1396 47/47/47 1394/1394/1394
f 45/45/45 47/47/47 1396/1396/1396
f 1398/1398/1398 45/45/45 1396/1396/1396
f 1403/1403/1403 45/45/45 1398/1398/1398
f 1403/1403/1403 48/48/48 45/45/45
f 1402/1402/1402 48/48/48 1403/1403/1403
f 1407/1407/1407 44/44/44 41/41/41
f 1407/1407/1407 1406/1406/1406 44/44/44
f 1406/1406/1406 1413/1413/1413 44/44/44
f 1406/1406/1406 1411/1411/1411 1413/1413/1413
f 44/44/44 1415/1415/1415 42/42/42
f 1413/1413/1413 1415/1415/1415 44/44/44
f 40/40/40 1419/1419/1419 38/38/38
f 40/40/40 1417/1417/1417 1419/1419/1419
f 38/38/38 1421/1421/1421 1428/1428/1428
f 38/38/38 1419/1419/1419 1421/1421/1421
f 39/39/39 1428/1428/1428 1425/1425/1425
f 39/39/39 38/38/38 1428/1428/1428
f 36/36/36 1431/1431/1431 34/34/34
f 1429/1429/1429 1431/1431/1431 36/36/36
f 34/34/34 1433/1433/1433 1440/1440/1440
f 1431/1431/1431 1433/1433/1433 34/34/34
f 35/35/35 1440/1440/1440 1437/1437/1437
f 34/34/34 1440/1440/1440 35/35/35
f 31/31/31 1444/1444/1444 1441/1441/1441
f 31/31/31 30/30/30 1444/1444/1444
f 1450/1450/1450 1441/1441/1441 1448/1448/1448
f 1450/1450/1450 31/31/31 1441/1441/1441
f 1452/1452/1452 31/31/31 1450/1450/1450
f 29/29/29 31/31/31 1452/1452/1452
f 1456/1456/1456 27/27/27 1454/1454/1454
f 1456/1456/1456 25/25/25 27/27/27
f 1458/1458/1458 25/25/25 1456/1456/1456
f 1458/1458/1458 1463/1463/1463 25/25/25
f 1463/1463/1463 28/28/28 25/25/25
f 1463/1463/1463 1462/1462/1462 28/28/28
f 1467/1467/1467 24/24/24 21/21/21
f 1466/1466/1466 24/24/24 1467/1467/1467
f 1466/1466/1466 1473/1473/1473 24/24/24
f 1466/1466/1466 1471/1471/1471 1473/1473/1473
f 24/24/24 1475/1475/1475 22/22/22
f 24/24/24 1473/1473/1473 1475/1475/1475
f 19/19/19 1480/1480/1480 1477/1477/1477
f 18/18/18 1480/1480/1480 19/19/19
f 1486/1486/1486 1477/1477/1477 1484/1484/1484
f 1486/1486/1486 19/19/19 1477/1477/1477
f 1488/1488/1488 19/19/19 1486/1486/1486
f 1488/1488/1488 17/17/17 19/19/19
f 1492/1492/1492 15/15/15 1490/1490/1490
f 1492/1492/1492 13/13/13 15/15/15
f 1494/1494/1494 13/13/13 1492/1492/1492
f 1494/1494/1494 1499/1499/1499 13/13/13
f 1499/1499/1499 16/16/16 13/13/13
f 1499/1499/1499 1498/1498/1498 16/16/16
f 1504/1504/1504 11/11/11 1502/1502/1502
f 1504/1504/1504 9/9/9 11/11/11
f 1506/1506/1506 9/9/9 1504/1504/1504
f 1506/1506/1506 1511/1511/1511 9/9/9
f 1511/1511/1511 12/12/12 9/9/9
f 1511/1511/1511 1510/1510/1510 12/12/12
f 1516/1516/1516 7/7/7 1514/1514/1514
f 1516/1516/1516 5/5/5 7/7/7
f 1518/1518/1518 5/5/5 1516/1516/1516
f 1518/1518/1518 1523/1523/1523 5/5/5
f 1523/1523/1523 8/8/8 5/5/5
f 1523/1523/1523 1522/1522/1522 8/8/8
f 1528/1528/1528 3/3/3 1526/1526/1526
f 1528/1528/1528 1/1/1 3/3/3
f 1530/1530/1530 1/1/1 1528/1528/1528
f 1530/1530/1530 1535/1535/1535 1/1/1
f 1535/1535/1535 4/4/4 1/1/1
f 1535/1535/1535 1534/1534/1534 4/4/4
o Object_6
usemtl SaturnRings
v 0.10174700052405505 0 1.0330575400644193
v 0.38305715795899076 0 1.9257585257754215
v 0.20251467403750123 0 1.0181101648714304
v 0.19245476929598215 0 1.9540316686794341
v 0.5699700425539049 0 1.8789392113148295
v 0.30133181699143385 0 0.9933576685728411
v 0.7513932665377894 0 1.8140249373224435
v 0.3972467375693327 0 0.9590388192455777
v 0.9255812625162179 0 1.7316402848918244
v 0.48933630460642874 0 0.9154836967892663
v 1.0908548389748915 0 1.6325790910401423
v 0.5767131841544817 0 0.8631120476681673
v 1.2456229285347078 0 1.5177951941315513
v 0.6585359809553317 0 0.8024279378224577
v 5.141431458355328e-8 0 1.038055834070974
v -1.0282862916710656e-7 0 1.963485732845058
v 1.3883945160727436 0 1.3883944132441144
v 0.7340164621520984 0 0.7340164621520984
v -1.2456227228774495 0 1.517794988474293
v -0.5767131327401671 0 0.863111842010909
v -0.658535826712388 0 0.8024279378224577
v -1.0908546333176332 0 1.6325786797256256
v -0.48933625319211416 0 0.915483491132008
v -0.9255809540303304 0 1.7316396679200494
v -0.39724666044786083 0 0.9590388192455777
v -0.7513931637091602 0 1.8140245260079269
v -0.30133176557711927 0 0.9933576685728411
v -0.5699699397252758 0 1.8789388000003129
v -0.2025146354767653 0 1.018109959214172
v -0.3830570294232043 0 1.9257579088036465
v -0.3830570294232043 0 1.9257579088036465
v -0.1017474632528863 0 1.033057334407161
v -0.2025146354767653 0 1.018109959214172
v -0.19245563048575143 0 1.9540312573649175
v -1.388394207586856 0 1.388394207586856
v -0.7340163593234692 0 0.73401625649484
v 5.141431458355328e-8 0 1.038055834070974
v -1.0282862916710656e-7 0 1.963485732845058
v -1.9540314630221758 0 0.1924557076072233
v -1.018109959214172 0 0.20251450694097883
v -1.033057334407161 0 0.10174738613141443
v -1.9257583201181632 0 0.38305690088741784
v -0.9933574629155828 0 0.3013316884556474
v -1.8789388000003129 0 0.5699700425539049
v -0.9590386135883193 0 0.39724694322659104
v -1.8140243203506685 0 0.751393677852306
v -0.915483491132008 0 0.48933625319211416
v -1.731640079234566 0 0.9255812625162179
v -0.8631119448395381 0 0.5767129270829088
v -1.6325792966974007 0 1.0908544276603749
v -0.8024280406510869 0 0.6585356210551296
v -1.5177953997888096 0 1.245622414391562
v -1.9634859385023162 0 5.141431458355328e-7
v -1.038055834070974 0 0
v -1.5177953997888096 0 1.245622414391562
v -0.7340163593234692 0 0.73401625649484
v -0.8024280406510869 0 0.6585356210551296
v -1.388394207586856 0 1.388394207586856
v -1.6325792966974007 0 -1.0908541191744874
v -0.802428143479716 0 -0.6585357238837588
v -1.517795605446068 0 -1.2456223115629328
v -0.8631120476681673 0 -0.5767129270829088
v -1.731640079234566 0 -0.925580748373072
v -0.9154835939606372 0 -0.4893360989491704
v -1.8140247316651852 0 -0.7513931122948456
v -0.9590387164169485 0 -0.3972466861550181
v -1.8789390056575712 0 -0.569969785482332
v -0.9933574629155828 0 -0.30133179128427656
v -1.9257581144609048 0 -0.38305690088741784
v -1.018109959214172 0 -0.20251455835529342
v -1.9540314630221758 0 -0.19245503922113372
v -1.018109959214172 0 -0.20251455835529342
v -1.9257581144609048 0 -0.38305690088741784
v -1.033057334407161 0 -0.10174712905984151
v -0.7340165649807275 0 -0.7340163079091546
v -1.3883944132441144 0 -1.3883941047582269
v -1.9634859385023162 0 5.141431458355328e-7
v -1.033057334407161 0 -0.10174712905984151
v -1.9540314630221758 0 -0.19245503922113372
v -1.038055834070974 0 0
v -0.3830573893234064 0 -1.9257583201181632
v -0.10174730900994255 0 -1.0330574372357901
v -0.19245547624280768 0 -1.9540314630221758
v -0.20251468689107988 0 -1.018109959214172
v -0.5699700425539049 0 -1.8789388000003129
v -0.20251468689107988 0 -1.018109959214172
v -0.3830573893234064 0 -1.9257583201181632
v -0.30133181699143385 0 -0.993357565744212
v -0.751393677852306 0 -1.8140243203506685
v -0.39724691751943375 0 -0.9590387164169485
v -0.9255811596875887 0 -1.7316398735773078
v -0.4893363560207433 0 -0.915483491132008
v -1.0908546333176332 0 -1.6325787825542548
v -0.5767130299115379 0 -0.863111842010909
v -1.2456226200488203 0 -1.5177951941315513
v -0.658535826712388 0 -0.8024279892367723
v -5.141431458355328e-8 0 -1.0380559368996032
v -1.5424294375065983e-7 0 -1.9634859385023162
v -1.3883944132441144 0 -1.3883941047582269
v -0.658535826712388 0 -0.8024279892367723
v -1.2456226200488203 0 -1.5177951941315513
v -0.7340165649807275 0 -0.7340163079091546
v 0.5767129784972234 0 -0.8631119448395381
v 1.245622414391562 0 -1.5177953997888096
v 1.0908543248317457 0 -1.6325791938687715
v 0.6585357752980734 0 -0.8024280920654014
v 0.489336150363485 0 -0.9154835939606372
v 0.925580748373072 0 -1.731640079234566
v 0.3972468146908046 0 -0.9590387164169485
v 0.7513934721950477 0 -1.8140245260079269
v 0.3013317141628047 0 -0.993357565744212
v 0.5699697340680174 0 -1.8789390056575712
v 0.20251462262318665 0 -1.0181100620428012
v 0.3830569523017324 0 -1.9257581144609048
v 0.10174723188847068 0 -1.0330574372357901
v 0.19245515490334153 0 -1.9540314630221758
v 1.3883941047582269 0 -1.3883943104154852
v 0.73401625649484 0 -0.7340164621520984
v -5.141431458355328e-8 0 -1.0380559368996032
v 0.19245515490334153 0 -1.9540314630221758
v -1.5424294375065983e-7 0 -1.9634859385023162
v 0.10174723188847068 0 -1.0330574372357901
v 1.0181101648714304 0 -0.202514609769608
v 1.9540316686794341 0 -0.19245529629270663
v 1.9257583201181632 0 -0.383057003716047
v 1.0330575400644193 0 -0.10174728330278526
v 0.9933576685728411 0 -0.30133184269859115
v 1.9257583201181632 0 -0.383057003716047
v 1.8789388000003129 0 -0.5699702482111633
v 1.0181101648714304 0 -0.202514609769608
v 0.9590388192455777 0 -0.3972467375693327
v 1.8140243203506685 0 -0.7513935236093623
v 0.9154835939606372 0 -0.4893362017777996
v 1.7316398735773078 0 -0.9255811596875887
v 0.8631120476681673 0 -0.5767129270829088
v 1.632578885382884 0 -1.090854530489004
v 0.8024280406510869 0 -0.6585357238837588
v 1.5177952969601805 0 -1.2456225172201911
v 1.9634861441595746 0 -1.0282862916710656e-7
v 1.0380560397282323 0 0
v 0.73401625649484 0 -0.7340164621520984
v 1.5177952969601805 0 -1.2456225172201911
v 1.3883941047582269 0 -1.3883943104154852
v 0.8024280406510869 0 -0.6585357238837588
v 0.802428143479716 0 0.6585357238837588
v 1.632578885382884 0 1.0908548389748915
v 0.8631119448395381 0 0.5767131327401671
v 1.5177955026174388 0 1.2456226200488203
v 1.7316402848918244 0 0.9255808512017012
v 0.9154836967892663 0 0.489336150363485
v 1.8140245260079269 0 0.7513937806809352
v 0.9590388192455777 0 0.39724694322659104
v 1.8789390056575712 0 0.5699705566970508
v 0.993357565744212 0 0.30133209977016406
v 1.9257585257754215 0 0.38305720937330534
v 1.0181100620428012 0 0.20251471259823717
v 1.9540316686794341 0 0.19245498780681913
v 1.0330575400644193 0 0.10174738613141443
v 1.0380560397282323 0 0
v 1.9540316686794341 0 0.19245498780681913
v 1.9634861441595746 0 -1.0282862916710656e-7
v 1.0330575400644193 0 0.10174738613141443
vt 2.9802322387695312e-8 0.015625
vt 1 0.03125
vt 2.9802322387695312e-8 0.03125
vt 0.9999998807907104 0.015625
vt 0.9999998807907104 0.046875
vt 2.9802322387695312e-8 0.046875
vt 0.9999998807907104 0.0625
vt 2.9802322387695312e-8 0.0625
vt 0.9999998807907104 0.078125
vt 2.9802322387695312e-8 0.078125
vt 0.9999998807907104 0.09375
vt 2.9802322387695312e-8 0.09375
vt 0.9999998807907104 0.10937505960464478
vt 2.9802322387695312e-8 0.10937505960464478
vt 2.9802322387695312e-8 0
vt 0.9999998807907104 5.960464477539063e-8
vt 0.9999998807907104 0.125
vt 2.9802322387695312e-8 0.125
vt 0.9999998807907104 0.8906251192092896
vt 0 0.9062500596046448
vt 0 0.8906250596046448
vt 1 0.90625
vt 0 0.9218750596046448
vt 0.9999999403953552 0.921875
vt 0 0.9375000596046448
vt 0.9999998807907104 0.9375001192092896
vt 0 0.9531250596046448
vt 0.9999999403953552 0.953125
vt 0 0.9687500596046448
vt 0.9999999403953552 0.96875
vt 0.9999999403953552 0.96875
vt 0 0.9843750596046448
vt 0 0.9687500596046448
vt 0.9999999403953552 0.984375
vt 0.9999999403953552 0.875
vt 0 0.8750000596046448
vt 0 0.9999999403953552
vt 0.9999999403953552 1
vt 0.9999998807907104 0.7656251192092896
vt 0 0.7812500596046448
vt 0 0.7656250596046448
vt 1 0.7812501192092896
vt 0 0.7968750596046448
vt 0.9999998807907104 0.7968751192092896
vt 0 0.8125000596046448
vt 0.9999998807907104 0.8125
vt 0 0.8281250596046448
vt 0.9999998807907104 0.828125
vt 0 0.8437500596046448
vt 0.9999999403953552 0.84375
vt 0 0.8593750596046448
vt 0.9999998807907104 0.8593751192092896
vt 0.9999998807907104 0.7500001192092896
vt 0 0.7500000596046448
vt 0.9999998807907104 0.8593751192092896
vt 0 0.8750000596046448
vt 0 0.8593750596046448
vt 0.9999999403953552 0.875
vt 1 0.6562501192092896
vt 0 0.640625
vt 0.9999998807907104 0.6406250596046448
vt 0 0.6562500596046448
vt 0.9999998807907104 0.6718750596046448
vt 0 0.671875
vt 0.9999998807907104 0.6875000596046448
vt 0 0.6875
vt 0.9999998807907104 0.7031251192092896
vt 0 0.7031250596046448
vt 0.9999998807907104 0.7187501788139343
vt 0 0.7187501192092896
vt 0.9999998807907104 0.7343751192092896
vt 0 0.7187501192092896
vt 0.9999998807907104 0.7187501788139343
vt 0 0.7343750596046448
vt 0 0.625
vt 0.9999998807907104 0.6250000596046448
vt 0.9999998807907104 0.7500001192092896
vt 0 0.7343750596046448
vt 0.9999998807907104 0.7343751192092896
vt 0 0.7500000596046448
vt 1 0.5312500596046448
vt 0 0.5156250596046448
vt 0.9999998807907104 0.5156251192092896
vt 0 0.53125
vt 0.9999998807907104 0.5468750596046448
vt 0 0.53125
vt 1 0.5312500596046448
vt 0 0.546875
vt 0.9999998807907104 0.5625000596046448
vt 0 0.5625
vt 0.9999998807907104 0.5781250596046448
vt 0 0.578125
vt 0.9999998807907104 0.5937500596046448
vt 0 0.59375
vt 0.9999998807907104 0.6093750596046448
vt 0 0.609375
vt 0 0.5
vt 0.9999998807907104 0.5000000596046448
vt 0.9999998807907104 0.6250000596046448
vt 0 0.609375
vt 0.9999998807907104 0.6093750596046448
vt 0 0.625
vt 0 0.4062500596046448
vt 0.9999998807907104 0.3906250596046448
vt 1 0.4062500596046448
vt 0 0.3906250596046448
vt 0 0.421875
vt 0.9999998807907104 0.421875
vt 0 0.4375000596046448
vt 0.9999998807907104 0.4375000596046448
vt 0 0.453125
vt 0.9999998807907104 0.453125
vt 0 0.4687500596046448
vt 0.9999998807907104 0.4687500596046448
vt 0 0.484375
vt 0.9999998807907104 0.484375
vt 0.9999998807907104 0.3750000596046448
vt 0 0.375
vt 0 0.5
vt 0.9999998807907104 0.484375
vt 0.9999998807907104 0.5000000596046448
vt 0 0.484375
vt 0 0.28125
vt 1 0.2656250596046448
vt 1 0.2812500596046448
vt 0 0.265625
vt 0 0.296875
vt 1 0.2812500596046448
vt 0.9999998807907104 0.2968750596046448
vt 0 0.28125
vt 0 0.3125
vt 0.9999998807907104 0.3125000596046448
vt 0 0.328125
vt 0.9999998807907104 0.3281250596046448
vt 0 0.34375
vt 0.9999998807907104 0.3437500596046448
vt 0 0.359375
vt 0.9999998807907104 0.3593750596046448
vt 1 0.25
vt 0 0.25
vt 0 0.375
vt 0.9999998807907104 0.3593750596046448
vt 0.9999998807907104 0.3750000596046448
vt 0 0.359375
vt 2.9802322387695312e-8 0.14062505960464478
vt 1 0.15625
vt 2.9802322387695312e-8 0.15625
vt 0.9999998807907104 0.14062505960464478
vt 0.9999998807907104 0.171875
vt 0 0.171875
vt 0.9999998807907104 0.1875
vt 0 0.1875
vt 0.9999998807907104 0.203125
vt 0 0.203125
vt 1 0.21875
vt 0 0.21875
vt 1 0.234375
vt 0 0.234375
vt 0 0.25
vt 1 0.234375
vt 1 0.25
vt 0 0.234375
vn 0 1 0
vn 0 1 0
vn 0 1 0
vn 0 1 0
vn 0 1 0
vn 0 1 0
vn 0 1 0
vn 0 1 0
vn 0 1 0
vn 0 1 0
vn 0 1 0
vn 0 1 0
vn 0 1 0
vn 0 1 0
vn 0 1 0
vn 0 1 0
vn 0 1 0
vn 0 1 0
vn 0 1 0
vn 0 1 0
vn 0 1 0
vn 0 1 0
vn 0 1 0
vn 0 1 0
vn 0 1 0
vn 0 1 0
vn 0 1 0
vn 0 1 0
vn 0 1 0
vn 0 1 0
vn 0 1 0
vn 0 1 0
vn 0 1 0
vn 0 1 0
vn 0 1 0
vn 0 1 0
vn 0 1 0
vn 0 1 0
vn 0 1 0
vn 0 1 0
vn 0 1 0
vn 0 1 0
vn 0 1 0
vn 0 1 0
vn 0 1 0
vn 0 1 0
vn 0 1 0
vn 0 1 0
vn 0 1 0
vn 0 1 0
vn 0 1 0
vn 0 1 0
vn 0 1 0
vn 0 1 0
vn 0 1 0
vn 0 1 0
vn 0 1 0
vn 0 1 0
vn 0 1 0
vn 0 1 0
vn 0 1 0
vn 0 1 0
vn 0 1 0
vn 0 1 0
vn 0 1 0
vn 0 1 0
vn 0 1 0
vn 0 1 0
vn 0 1 0
vn 0 1 0
vn 0 1 0
vn 0 1 0
vn 0 1 0
vn 0 1 0
vn 0 1 0
vn 0 1 0
vn 0 1 0
vn 0 1 0
vn 0 1 0
vn 0 1 0
vn 0 1 0
vn 0 1 0
vn 0 1 0
vn 0 1 0
vn 0 1 0
vn 0 1 0
vn 0 1 0
vn 0 1 0
vn 0 1 0
vn 0 1 0
vn 0 1 0
vn 0 1 0
vn 0 1 0
vn 0 1 0
vn 0 1 0
vn 0 1 0
vn 0 1 0
vn 0 1 0
vn 0 1 0
vn 0 1 0
vn 0 1 0
vn 0 1 0
vn 0 1 0
vn 0 1 0
vn 0 1 0
vn 0 1 0
vn 0 1 0
vn 0 1 0
vn 0 1 0
vn 0 1 0
vn 0 1 0
vn 0 1 0
vn 0 1 0
vn 0 1 0
vn 0 1 0
vn 0 1 0
vn 0 1 0
vn 0 1 0
vn 0 1 0
vn 0 1 0
vn 0 1 0
vn 0 1 0
vn 0 1 0
vn 0 1 0
vn 0 1 0
vn 0 1 0
vn 0 1 0
vn 0 1 0
vn 0 1 0
vn 0 1 0
vn 0 1 0
vn 0 1 0
vn 0 1 0
vn 0 1 0
vn 0 1 0
vn 0 1 0
vn 0 1 0
vn 0 1 0
vn 0 1 0
vn 0 1 0
vn 0 1 0
vn 0 1 0
vn 0 1 0
vn 0 1 0
vn 0 1 0
vn 0 1 0
vn 0 1 0
vn 0 1 0
vn 0 1 0
vn 0 1 0
vn 0 1 0
vn 0 1 0
vn 0 1 0
vn 0 1 0
vn 0 1 0
vn 0 1 0
vn 0 1 0
vn 0 1 0
vn 0 1 0
vn 0 1 0
vn 0 1 0
vn 0 1 0
f 1650/1650/1650 1651/1651/1651 1652/1652/1652
f 1653/1653/1653 1651/1651/1651 1650/1650/1650
f 1652/1652/1652 1654/1654/1654 1655/1655/1655
f 1651/1651/1651 1654/1654/1654 1652/1652/1652
f 1655/1655/1655 1656/1656/1656 1657/1657/1657
f 1654/1654/1654 1656/1656/1656 1655/1655/1655
f 1657/1657/1657 1658/1658/1658 1659/1659/1659
f 1656/1656/1656 1658/1658/1658 1657/1657/1657
f 1659/1659/1659 1660/1660/1660 1661/1661/1661
f 1658/1658/1658 1660/1660/1660 1659/1659/1659
f 1661/1661/1661 1662/1662/1662 1663/1663/1663
f 1660/1660/1660 1662/1662/1662 1661/1661/1661
f 1664/1664/1664 1653/1653/1653 1650/1650/1650
f 1665/1665/1665 1653/1653/1653 1664/1664/1664
f 1663/1663/1663 1666/1666/1666 1667/1667/1667
f 1662/1662/1662 1666/1666/1666 1663/1663/1663
f 1668/1668/1668 1669/1669/1669 1670/1670/1670
f 1668/1668/1668 1671/1671/1671 1669/1669/1669
f 1671/1671/1671 1672/1672/1672 1669/1669/1669
f 1671/1671/1671 1673/1673/1673 1672/1672/1672
f 1673/1673/1673 1674/1674/1674 1672/1672/1672
f 1673/1673/1673 1675/1675/1675 1674/1674/1674
f 1675/1675/1675 1676/1676/1676 1674/1674/1674
f 1675/1675/1675 1677/1677/1677 1676/1676/1676
f 1677/1677/1677 1678/1678/1678 1676/1676/1676
f 1677/1677/1677 1679/1679/1679 1678/1678/1678
f 1680/1680/1680 1681/1681/1681 1682/1682/1682
f 1680/1680/1680 1683/1683/1683 1681/1681/1681
f 1684/1684/1684 1670/1670/1670 1685/1685/1685
f 1684/1684/1684 1668/1668/1668 1670/1670/1670
f 1683/1683/1683 1686/1686/1686 1681/1681/1681
f 1683/1683/1683 1687/1687/1687 1686/1686/1686
f 1688/1688/1688 1689/1689/1689 1690/1690/1690
f 1691/1691/1691 1689/1689/1689 1688/1688/1688
f 1691/1691/1691 1692/1692/1692 1689/1689/1689
f 1691/1691/1691 1693/1693/1693 1692/1692/1692
f 1693/1693/1693 1694/1694/1694 1692/1692/1692
f 1693/1693/1693 1695/1695/1695 1694/1694/1694
f 1695/1695/1695 1696/1696/1696 1694/1694/1694
f 1695/1695/1695 1697/1697/1697 1696/1696/1696
f 1697/1697/1697 1698/1698/1698 1696/1696/1696
f 1697/1697/1697 1699/1699/1699 1698/1698/1698
f 1699/1699/1699 1700/1700/1700 1698/1698/1698
f 1699/1699/1699 1701/1701/1701 1700/1700/1700
f 1702/1702/1702 1690/1690/1690 1703/1703/1703
f 1688/1688/1688 1690/1690/1690 1702/1702/1702
f 1704/1704/1704 1705/1705/1705 1706/1706/1706
f 1704/1704/1704 1707/1707/1707 1705/1705/1705
f 1708/1708/1708 1709/1709/1709 1710/1710/1710
f 1711/1711/1711 1709/1709/1709 1708/1708/1708
f 1712/1712/1712 1711/1711/1711 1708/1708/1708
f 1713/1713/1713 1711/1711/1711 1712/1712/1712
f 1714/1714/1714 1713/1713/1713 1712/1712/1712
f 1715/1715/1715 1713/1713/1713 1714/1714/1714
f 1716/1716/1716 1715/1715/1715 1714/1714/1714
f 1717/1717/1717 1715/1715/1715 1716/1716/1716
f 1718/1718/1718 1717/1717/1717 1716/1716/1716
f 1719/1719/1719 1717/1717/1717 1718/1718/1718
f 1720/1720/1720 1721/1721/1721 1722/1722/1722
f 1720/1720/1720 1723/1723/1723 1721/1721/1721
f 1710/1710/1710 1724/1724/1724 1725/1725/1725
f 1709/1709/1709 1724/1724/1724 1710/1710/1710
f 1726/1726/1726 1727/1727/1727 1728/1728/1728
f 1726/1726/1726 1729/1729/1729 1727/1727/1727
f 1730/1730/1730 1731/1731/1731 1732/1732/1732
f 1733/1733/1733 1731/1731/1731 1730/1730/1730
f 1734/1734/1734 1735/1735/1735 1736/1736/1736
f 1737/1737/1737 1735/1735/1735 1734/1734/1734
f 1738/1738/1738 1737/1737/1737 1734/1734/1734
f 1739/1739/1739 1737/1737/1737 1738/1738/1738
f 1740/1740/1740 1739/1739/1739 1738/1738/1738
f 1741/1741/1741 1739/1739/1739 1740/1740/1740
f 1742/1742/1742 1741/1741/1741 1740/1740/1740
f 1743/1743/1743 1741/1741/1741 1742/1742/1742
f 1744/1744/1744 1743/1743/1743 1742/1742/1742
f 1745/1745/1745 1743/1743/1743 1744/1744/1744
f 1732/1732/1732 1746/1746/1746 1747/1747/1747
f 1731/1731/1731 1746/1746/1746 1732/1732/1732
f 1748/1748/1748 1749/1749/1749 1750/1750/1750
f 1751/1751/1751 1749/1749/1749 1748/1748/1748
f 1752/1752/1752 1753/1753/1753 1754/1754/1754
f 1752/1752/1752 1755/1755/1755 1753/1753/1753
f 1756/1756/1756 1754/1754/1754 1757/1757/1757
f 1756/1756/1756 1752/1752/1752 1754/1754/1754
f 1758/1758/1758 1757/1757/1757 1759/1759/1759
f 1758/1758/1758 1756/1756/1756 1757/1757/1757
f 1760/1760/1760 1759/1759/1759 1761/1761/1761
f 1760/1760/1760 1758/1758/1758 1759/1759/1759
f 1762/1762/1762 1761/1761/1761 1763/1763/1763
f 1762/1762/1762 1760/1760/1760 1761/1761/1761
f 1764/1764/1764 1763/1763/1763 1765/1765/1765
f 1764/1764/1764 1762/1762/1762 1763/1763/1763
f 1755/1755/1755 1766/1766/1766 1753/1753/1753
f 1755/1755/1755 1767/1767/1767 1766/1766/1766
f 1768/1768/1768 1769/1769/1769 1770/1770/1770
f 1768/1768/1768 1771/1771/1771 1769/1769/1769
f 1772/1772/1772 1773/1773/1773 1774/1774/1774
f 1775/1775/1775 1773/1773/1773 1772/1772/1772
f 1776/1776/1776 1777/1777/1777 1778/1778/1778
f 1776/1776/1776 1779/1779/1779 1777/1777/1777
f 1780/1780/1780 1778/1778/1778 1781/1781/1781
f 1780/1780/1780 1776/1776/1776 1778/1778/1778
f 1782/1782/1782 1781/1781/1781 1783/1783/1783
f 1782/1782/1782 1780/1780/1780 1781/1781/1781
f 1784/1784/1784 1783/1783/1783 1785/1785/1785
f 1784/1784/1784 1782/1782/1782 1783/1783/1783
f 1786/1786/1786 1785/1785/1785 1787/1787/1787
f 1786/1786/1786 1784/1784/1784 1785/1785/1785
f 1775/1775/1775 1788/1788/1788 1773/1773/1773
f 1789/1789/1789 1788/1788/1788 1775/1775/1775
f 1790/1790/1790 1791/1791/1791 1792/1792/1792
f 1790/1790/1790 1793/1793/1793 1791/1791/1791
f 1794/1794/1794 1795/1795/1795 1796/1796/1796
f 1797/1797/1797 1795/1795/1795 1794/1794/1794
f 1796/1796/1796 1798/1798/1798 1799/1799/1799
f 1795/1795/1795 1798/1798/1798 1796/1796/1796
f 1799/1799/1799 1800/1800/1800 1801/1801/1801
f 1798/1798/1798 1800/1800/1800 1799/1799/1799
f 1801/1801/1801 1802/1802/1802 1803/1803/1803
f 1800/1800/1800 1802/1802/1802 1801/1801/1801
f 1803/1803/1803 1804/1804/1804 1805/1805/1805
f 1802/1802/1802 1804/1804/1804 1803/1803/1803
f 1805/1805/1805 1806/1806/1806 1807/1807/1807
f 1805/1805/1805 1804/1804/1804 1806/1806/1806
f 1667/1667/1667 1797/1797/1797 1794/1794/1794
f 1666/1666/1666 1797/1797/1797 1667/1667/1667
f 1808/1808/1808 1809/1809/1809 1810/1810/1810
f 1811/1811/1811 1809/1809/1809 1808/1808/1808
o Object_8
usemtl SaturnRings
v 0.38305715795899076 0 1.9257585257754215
v 0.10174700052405505 0 1.0330575400644193
v 0.20251467403750123 0 1.0181101648714304
v 0.19245476929598215 0 1.9540316686794341
v 0.5699700425539049 0 1.8789392113148295
v 0.30133181699143385 0 0.9933576685728411
v 0.7513932665377894 0 1.8140249373224435
v 0.3972467375693327 0 0.9590388192455777
v 0.9255812625162179 0 1.7316402848918244
v 0.48933630460642874 0 0.9154836967892663
v 1.0908548389748915 0 1.6325790910401423
v 0.5767131841544817 0 0.8631120476681673
v 1.2456229285347078 0 1.5177951941315513
v 0.6585359809553317 0 0.8024279378224577
v 5.141431458355328e-8 0 1.038055834070974
v -1.0282862916710656e-7 0 1.963485732845058
v 1.3883945160727436 0 1.3883944132441144
v 0.6585359809553317 0 0.8024279378224577
v 0.7340164621520984 0 0.7340164621520984
v 1.2456229285347078 0 1.5177951941315513
v -0.5767131327401671 0 0.863111842010909
v -1.2456227228774495 0 1.517794988474293
v -0.658535826712388 0 0.8024279378224577
v -1.0908546333176332 0 1.6325786797256256
v -0.48933625319211416 0 0.915483491132008
v -0.9255809540303304 0 1.7316396679200494
v -0.39724666044786083 0 0.9590388192455777
v -0.7513931637091602 0 1.8140245260079269
v -0.30133176557711927 0 0.9933576685728411
v -0.5699699397252758 0 1.8789388000003129
v -0.2025146354767653 0 1.018109959214172
v -0.3830570294232043 0 1.9257579088036465
v -0.1017474632528863 0 1.033057334407161
v -0.19245563048575143 0 1.9540312573649175
v -1.388394207586856 0 1.388394207586856
v -0.7340163593234692 0 0.73401625649484
v 5.141431458355328e-8 0 1.038055834070974
v -0.19245563048575143 0 1.9540312573649175
v -0.1017474632528863 0 1.033057334407161
v -1.0282862916710656e-7 0 1.963485732845058
v -1.018109959214172 0 0.20251450694097883
v -1.9540314630221758 0 0.1924557076072233
v -1.033057334407161 0 0.10174738613141443
v -1.9257583201181632 0 0.38305690088741784
v -0.9933574629155828 0 0.3013316884556474
v -1.8789388000003129 0 0.5699700425539049
v -0.9590386135883193 0 0.39724694322659104
v -1.8140243203506685 0 0.751393677852306
v -0.915483491132008 0 0.48933625319211416
v -1.731640079234566 0 0.9255812625162179
v -0.8631119448395381 0 0.5767129270829088
v -1.6325792966974007 0 1.0908544276603749
v -0.8024280406510869 0 0.6585356210551296
v -1.5177953997888096 0 1.245622414391562
v -1.9634859385023162 0 5.141431458355328e-7
v -1.038055834070974 0 0
v -0.7340163593234692 0 0.73401625649484
v -1.5177953997888096 0 1.245622414391562
v -0.8024280406510869 0 0.6585356210551296
v -1.388394207586856 0 1.388394207586856
v -0.802428143479716 0 -0.6585357238837588
v -1.6325792966974007 0 -1.0908541191744874
v -1.517795605446068 0 -1.2456223115629328
v -0.8631120476681673 0 -0.5767129270829088
v -1.731640079234566 0 -0.925580748373072
v -0.9154835939606372 0 -0.4893360989491704
v -1.8140247316651852 0 -0.7513931122948456
v -0.9590387164169485 0 -0.3972466861550181
v -1.8789390056575712 0 -0.569969785482332
v -0.9933574629155828 0 -0.30133179128427656
v -1.9257581144609048 0 -0.38305690088741784
v -1.018109959214172 0 -0.20251455835529342
v -1.9540314630221758 0 -0.19245503922113372
v -1.033057334407161 0 -0.10174712905984151
v -0.7340165649807275 0 -0.7340163079091546
v -1.3883944132441144 0 -1.3883941047582269
v -0.10174730900994255 0 -1.0330574372357901
v -0.3830573893234064 0 -1.9257583201181632
v -0.19245547624280768 0 -1.9540314630221758
v -0.20251468689107988 0 -1.018109959214172
v -0.20251468689107988 0 -1.018109959214172
v -0.5699700425539049 0 -1.8789388000003129
v -0.3830573893234064 0 -1.9257583201181632
v -0.30133181699143385 0 -0.993357565744212
v -0.751393677852306 0 -1.8140243203506685
v -0.39724691751943375 0 -0.9590387164169485
v -0.9255811596875887 0 -1.7316398735773078
v -0.4893363560207433 0 -0.915483491132008
v -1.0908546333176332 0 -1.6325787825542548
v -0.5767130299115379 0 -0.863111842010909
v -1.2456226200488203 0 -1.5177951941315513
v -0.658535826712388 0 -0.8024279892367723
v -5.141431458355328e-8 0 -1.0380559368996032
v -1.5424294375065983e-7 0 -1.9634859385023162
v 1.245622414391562 0 -1.5177953997888096
v 0.5767129784972234 0 -0.8631119448395381
v 1.0908543248317457 0 -1.6325791938687715
v 0.6585357752980734 0 -0.8024280920654014
v 0.489336150363485 0 -0.9154835939606372
v 0.925580748373072 0 -1.731640079234566
v 0.3972468146908046 0 -0.9590387164169485
v 0.7513934721950477 0 -1.8140245260079269
v 0.3013317141628047 0 -0.993357565744212
v 0.5699697340680174 0 -1.8789390056575712
v 0.20251462262318665 0 -1.0181100620428012
v 0.3830569523017324 0 -1.9257581144609048
v 0.3830569523017324 0 -1.9257581144609048
v 0.10174723188847068 0 -1.0330574372357901
v 0.19245515490334153 0 -1.9540314630221758
v 0.20251462262318665 0 -1.0181100620428012
v 1.3883941047582269 0 -1.3883943104154852
v 0.73401625649484 0 -0.7340164621520984
v 0.19245515490334153 0 -1.9540314630221758
v -5.141431458355328e-8 0 -1.0380559368996032
v -1.5424294375065983e-7 0 -1.9634859385023162
v 0.10174723188847068 0 -1.0330574372357901
v 1.9540316686794341 0 -0.19245529629270663
v 1.0181101648714304 0 -0.202514609769608
v 1.9257583201181632 0 -0.383057003716047
v 1.0330575400644193 0 -0.10174728330278526
v 1.9257583201181632 0 -0.383057003716047
v 0.9933576685728411 0 -0.30133184269859115
v 1.8789388000003129 0 -0.5699702482111633
v 1.0181101648714304 0 -0.202514609769608
v 0.9590388192455777 0 -0.3972467375693327
v 1.8140243203506685 0 -0.7513935236093623
v 0.9154835939606372 0 -0.4893362017777996
v 1.7316398735773078 0 -0.9255811596875887
v 0.8631120476681673 0 -0.5767129270829088
v 1.632578885382884 0 -1.090854530489004
v 0.8024280406510869 0 -0.6585357238837588
v 1.5177952969601805 0 -1.2456225172201911
v 1.9634861441595746 0 -1.0282862916710656e-7
v 1.0380560397282323 0 0
v 1.5177952969601805 0 -1.2456225172201911
v 0.73401625649484 0 -0.7340164621520984
v 1.3883941047582269 0 -1.3883943104154852
v 0.8024280406510869 0 -0.6585357238837588
v 1.632578885382884 0 1.0908548389748915
v 0.802428143479716 0 0.6585357238837588
v 0.8631119448395381 0 0.5767131327401671
v 1.5177955026174388 0 1.2456226200488203
v 1.7316402848918244 0 0.9255808512017012
v 0.9154836967892663 0 0.489336150363485
v 1.8140245260079269 0 0.7513937806809352
v 0.9590388192455777 0 0.39724694322659104
v 1.8789390056575712 0 0.5699705566970508
v 0.993357565744212 0 0.30133209977016406
v 1.9257585257754215 0 0.38305720937330534
v 1.0181100620428012 0 0.20251471259823717
v 1.9540316686794341 0 0.19245498780681913
v 1.0181100620428012 0 0.20251471259823717
v 1.0330575400644193 0 0.10174738613141443
v 1.9257585257754215 0 0.38305720937330534
v 0.7340164621520984 0 0.7340164621520984
v 1.3883945160727436 0 1.3883944132441144
v 1.9540316686794341 0 0.19245498780681913
v 1.0380560397282323 0 0
v 1.9634861441595746 0 -1.0282862916710656e-7
v 1.0330575400644193 0 0.10174738613141443
vt 1 0.03125
vt 2.9802322387695312e-8 0.015625
vt 2.9802322387695312e-8 0.03125
vt 0.9999998807907104 0.015625
vt 0.9999998807907104 0.046875
vt 2.9802322387695312e-8 0.046875
vt 0.9999998807907104 0.0625
vt 2.9802322387695312e-8 0.0625
vt 0.9999998807907104 0.078125
vt 2.9802322387695312e-8 0.078125
vt 0.9999998807907104 0.09375
vt 2.9802322387695312e-8 0.09375
vt 0.9999998807907104 0.10937505960464478
vt 2.9802322387695312e-8 0.10937505960464478
vt 2.9802322387695312e-8 0
vt 0.9999998807907104 5.960464477539063e-8
vt 0.9999998807907104 0.125
vt 2.9802322387695312e-8 0.10937505960464478
vt 2.9802322387695312e-8 0.125
vt 0.9999998807907104 0.10937505960464478
vt 0 0.9062500596046448
vt 0.9999998807907104 0.8906251192092896
vt 0 0.8906250596046448
vt 1 0.90625
vt 0 0.9218750596046448
vt 0.9999999403953552 0.921875
vt 0 0.9375000596046448
vt 0.9999998807907104 0.9375001192092896
vt 0 0.9531250596046448
vt 0.9999999403953552 0.953125
vt 0 0.9687500596046448
vt 0.9999999403953552 0.96875
vt 0 0.9843750596046448
vt 0.9999999403953552 0.984375
vt 0.9999999403953552 0.875
vt 0 0.8750000596046448
vt 0 0.9999999403953552
vt 0.9999999403953552 0.984375
vt 0 0.9843750596046448
vt 0.9999999403953552 1
vt 0 0.7812500596046448
vt 0.9999998807907104 0.7656251192092896
vt 0 0.7656250596046448
vt 1 0.7812501192092896
vt 0 0.7968750596046448
vt 0.9999998807907104 0.7968751192092896
vt 0 0.8125000596046448
vt 0.9999998807907104 0.8125
vt 0 0.8281250596046448
vt 0.9999998807907104 0.828125
vt 0 0.8437500596046448
vt 0.9999999403953552 0.84375
vt 0 0.8593750596046448
vt 0.9999998807907104 0.8593751192092896
vt 0.9999998807907104 0.7500001192092896
vt 0 0.7500000596046448
vt 0 0.8750000596046448
vt 0.9999998807907104 0.8593751192092896
vt 0 0.8593750596046448
vt 0.9999999403953552 0.875
vt 0 0.640625
vt 1 0.6562501192092896
vt 0.9999998807907104 0.6406250596046448
vt 0 0.6562500596046448
vt 0.9999998807907104 0.6718750596046448
vt 0 0.671875
vt 0.9999998807907104 0.6875000596046448
vt 0 0.6875
vt 0.9999998807907104 0.7031251192092896
vt 0 0.7031250596046448
vt 0.9999998807907104 0.7187501788139343
vt 0 0.7187501192092896
vt 0.9999998807907104 0.7343751192092896
vt 0 0.7343750596046448
vt 0 0.625
vt 0.9999998807907104 0.6250000596046448
vt 0 0.5156250596046448
vt 1 0.5312500596046448
vt 0.9999998807907104 0.5156251192092896
vt 0 0.53125
vt 0 0.53125
vt 0.9999998807907104 0.5468750596046448
vt 1 0.5312500596046448
vt 0 0.546875
vt 0.9999998807907104 0.5625000596046448
vt 0 0.5625
vt 0.9999998807907104 0.5781250596046448
vt 0 0.578125
vt 0.9999998807907104 0.5937500596046448
vt 0 0.59375
vt 0.9999998807907104 0.6093750596046448
vt 0 0.609375
vt 0 0.5
vt 0.9999998807907104 0.5000000596046448
vt 0.9999998807907104 0.3906250596046448
vt 0 0.4062500596046448
vt 1 0.4062500596046448
vt 0 0.3906250596046448
vt 0 0.421875
vt 0.9999998807907104 0.421875
vt 0 0.4375000596046448
vt 0.9999998807907104 0.4375000596046448
vt 0 0.453125
vt 0.9999998807907104 0.453125
vt 0 0.4687500596046448
vt 0.9999998807907104 0.4687500596046448
vt 0.9999998807907104 0.4687500596046448
vt 0 0.484375
vt 0.9999998807907104 0.484375
vt 0 0.4687500596046448
vt 0.9999998807907104 0.3750000596046448
vt 0 0.375
vt 0.9999998807907104 0.484375
vt 0 0.5
vt 0.9999998807907104 0.5000000596046448
vt 0 0.484375
vt 1 0.2656250596046448
vt 0 0.28125
vt 1 0.2812500596046448
vt 0 0.265625
vt 1 0.2812500596046448
vt 0 0.296875
vt 0.9999998807907104 0.2968750596046448
vt 0 0.28125
vt 0 0.3125
vt 0.9999998807907104 0.3125000596046448
vt 0 0.328125
vt 0.9999998807907104 0.3281250596046448
vt 0 0.34375
vt 0.9999998807907104 0.3437500596046448
vt 0 0.359375
vt 0.9999998807907104 0.3593750596046448
vt 1 0.25
vt 0 0.25
vt 0.9999998807907104 0.3593750596046448
vt 0 0.375
vt 0.9999998807907104 0.3750000596046448
vt 0 0.359375
vt 1 0.15625
vt 2.9802322387695312e-8 0.14062505960464478
vt 2.9802322387695312e-8 0.15625
vt 0.9999998807907104 0.14062505960464478
vt 0.9999998807907104 0.171875
vt 0 0.171875
vt 0.9999998807907104 0.1875
vt 0 0.1875
vt 0.9999998807907104 0.203125
vt 0 0.203125
vt 1 0.21875
vt 0 0.21875
vt 1 0.234375
vt 0 0.21875
vt 0 0.234375
vt 1 0.21875
vt 2.9802322387695312e-8 0.125
vt 0.9999998807907104 0.125
vt 1 0.234375
vt 0 0.25
vt 1 0.25
vt 0 0.234375
vn 0 -1 0
vn 0 -1 0
vn 0 -1 0
vn 0 -1 0
vn 0 -1 0
vn 0 -1 0
vn 0 -1 0
vn 0 -1 0
vn 0 -1 0
vn 0 -1 0
vn 0 -1 0
vn 0 -1 0
vn 0 -1 0
vn 0 -1 0
vn 0 -1 0
vn 0 -1 0
vn 0 -1 0
vn 0 -1 0
vn 0 -1 0
vn 0 -1 0
vn 0 -1 0
vn 0 -1 0
vn 0 -1 0
vn 0 -1 0
vn 0 -1 0
vn 0 -1 0
vn 0 -1 0
vn 0 -1 0
vn 0 -1 0
vn 0 -1 0
vn 0 -1 0
vn 0 -1 0
vn 0 -1 0
vn 0 -1 0
vn 0 -1 0
vn 0 -1 0
vn 0 -1 0
vn 0 -1 0
vn 0 -1 0
vn 0 -1 0
vn 0 -1 0
vn 0 -1 0
vn 0 -1 0
vn 0 -1 0
vn 0 -1 0
vn 0 -1 0
vn 0 -1 0
vn 0 -1 0
vn 0 -1 0
vn 0 -1 0
vn 0 -1 0
vn 0 -1 0
vn 0 -1 0
vn 0 -1 0
vn 0 -1 0
vn 0 -1 0
vn 0 -1 0
vn 0 -1 0
vn 0 -1 0
vn 0 -1 0
vn 0 -1 0
vn 0 -1 0
vn 0 -1 0
vn 0 -1 0
vn 0 -1 0
vn 0 -1 0
vn 0 -1 0
vn 0 -1 0
vn 0 -1 0
vn 0 -1 0
vn 0 -1 0
vn 0 -1 0
vn 0 -1 0
vn 0 -1 0
vn 0 -1 0
vn 0 -1 0
vn 0 -1 0
vn 0 -1 0
vn 0 -1 0
vn 0 -1 0
vn 0 -1 0
vn 0 -1 0
vn 0 -1 0
vn 0 -1 0
vn 0 -1 0
vn 0 -1 0
vn 0 -1 0
vn 0 -1 0
vn 0 -1 0
vn 0 -1 0
vn 0 -1 0
vn 0 -1 0
vn 0 -1 0
vn 0 -1 0
vn 0 -1 0
vn 0 -1 0
vn 0 -1 0
vn 0 -1 0
vn 0 -1 0
vn 0 -1 0
vn 0 -1 0
vn 0 -1 0
vn 0 -1 0
vn 0 -1 0
vn 0 -1 0
vn 0 -1 0
vn 0 -1 0
vn 0 -1 0
vn 0 -1 0
vn 0 -1 0
vn 0 -1 0
vn 0 -1 0
vn 0 -1 0
vn 0 -1 0
vn 0 -1 0
vn 0 -1 0
vn 0 -1 0
vn 0 -1 0
vn 0 -1 0
vn 0 -1 0
vn 0 -1 0
vn 0 -1 0
vn 0 -1 0
vn 0 -1 0
vn 0 -1 0
vn 0 -1 0
vn 0 -1 0
vn 0 -1 0
vn 0 -1 0
vn 0 -1 0
vn 0 -1 0
vn 0 -1 0
vn 0 -1 0
vn 0 -1 0
vn 0 -1 0
vn 0 -1 0
vn 0 -1 0
vn 0 -1 0
vn 0 -1 0
vn 0 -1 0
vn 0 -1 0
vn 0 -1 0
vn 0 -1 0
vn 0 -1 0
vn 0 -1 0
vn 0 -1 0
vn 0 -1 0
vn 0 -1 0
vn 0 -1 0
vn 0 -1 0
vn 0 -1 0
vn 0 -1 0
vn 0 -1 0
vn 0 -1 0
vn 0 -1 0
vn 0 -1 0
vn 0 -1 0
vn 0 -1 0
vn 0 -1 0
vn 0 -1 0
f 1812/1812/1812 1813/1813/1813 1814/1814/1814
f 1812/1812/1812 1815/1815/1815 1813/1813/1813
f 1816/1816/1816 1814/1814/1814 1817/1817/1817
f 1816/1816/1816 1812/1812/1812 1814/1814/1814
f 1818/1818/1818 1817/1817/1817 1819/1819/1819
f 1818/1818/1818 1816/1816/1816 1817/1817/1817
f 1820/1820/1820 1819/1819/1819 1821/1821/1821
f 1820/1820/1820 1818/1818/1818 1819/1819/1819
f 1822/1822/1822 1821/1821/1821 1823/1823/1823
f 1822/1822/1822 1820/1820/1820 1821/1821/1821
f 1824/1824/1824 1823/1823/1823 1825/1825/1825
f 1824/1824/1824 1822/1822/1822 1823/1823/1823
f 1815/1815/1815 1826/1826/1826 1813/1813/1813
f 1815/1815/1815 1827/1827/1827 1826/1826/1826
f 1828/1828/1828 1829/1829/1829 1830/1830/1830
f 1828/1828/1828 1831/1831/1831 1829/1829/1829
f 1832/1832/1832 1833/1833/1833 1834/1834/1834
f 1835/1835/1835 1833/1833/1833 1832/1832/1832
f 1836/1836/1836 1835/1835/1835 1832/1832/1832
f 1837/1837/1837 1835/1835/1835 1836/1836/1836
f 1838/1838/1838 1837/1837/1837 1836/1836/1836
f 1839/1839/1839 1837/1837/1837 1838/1838/1838
f 1840/1840/1840 1839/1839/1839 1838/1838/1838
f 1841/1841/1841 1839/1839/1839 1840/1840/1840
f 1842/1842/1842 1841/1841/1841 1840/1840/1840
f 1843/1843/1843 1841/1841/1841 1842/1842/1842
f 1844/1844/1844 1843/1843/1843 1842/1842/1842
f 1845/1845/1845 1843/1843/1843 1844/1844/1844
f 1834/1834/1834 1846/1846/1846 1847/1847/1847
f 1833/1833/1833 1846/1846/1846 1834/1834/1834
f 1848/1848/1848 1849/1849/1849 1850/1850/1850
f 1851/1851/1851 1849/1849/1849 1848/1848/1848
f 1852/1852/1852 1853/1853/1853 1854/1854/1854
f 1852/1852/1852 1855/1855/1855 1853/1853/1853
f 1856/1856/1856 1855/1855/1855 1852/1852/1852
f 1857/1857/1857 1855/1855/1855 1856/1856/1856
f 1858/1858/1858 1857/1857/1857 1856/1856/1856
f 1859/1859/1859 1857/1857/1857 1858/1858/1858
f 1860/1860/1860 1859/1859/1859 1858/1858/1858
f 1861/1861/1861 1859/1859/1859 1860/1860/1860
f 1862/1862/1862 1861/1861/1861 1860/1860/1860
f 1863/1863/1863 1861/1861/1861 1862/1862/1862
f 1864/1864/1864 1863/1863/1863 1862/1862/1862
f 1865/1865/1865 1863/1863/1863 1864/1864/1864
f 1854/1854/1854 1866/1866/1866 1867/1867/1867
f 1854/1854/1854 1853/1853/1853 1866/1866/1866
f 1868/1868/1868 1869/1869/1869 1870/1870/1870
f 1871/1871/1871 1869/1869/1869 1868/1868/1868
f 1872/1872/1872 1873/1873/1873 1874/1874/1874
f 1872/1872/1872 1875/1875/1875 1873/1873/1873
f 1875/1875/1875 1876/1876/1876 1873/1873/1873
f 1875/1875/1875 1877/1877/1877 1876/1876/1876
f 1877/1877/1877 1878/1878/1878 1876/1876/1876
f 1877/1877/1877 1879/1879/1879 1878/1878/1878
f 1879/1879/1879 1880/1880/1880 1878/1878/1878
f 1879/1879/1879 1881/1881/1881 1880/1880/1880
f 1881/1881/1881 1882/1882/1882 1880/1880/1880
f 1881/1881/1881 1883/1883/1883 1882/1882/1882
f 1883/1883/1883 1884/1884/1884 1882/1882/1882
f 1885/1885/1885 1884/1884/1884 1883/1883/1883
f 1886/1886/1886 1874/1874/1874 1887/1887/1887
f 1886/1886/1886 1872/1872/1872 1874/1874/1874
f 1885/1885/1885 1866/1866/1866 1884/1884/1884
f 1867/1867/1867 1866/1866/1866 1885/1885/1885
f 1888/1888/1888 1889/1889/1889 1890/1890/1890
f 1888/1888/1888 1891/1891/1891 1889/1889/1889
f 1892/1892/1892 1893/1893/1893 1894/1894/1894
f 1892/1892/1892 1895/1895/1895 1893/1893/1893
f 1895/1895/1895 1896/1896/1896 1893/1893/1893
f 1895/1895/1895 1897/1897/1897 1896/1896/1896
f 1897/1897/1897 1898/1898/1898 1896/1896/1896
f 1897/1897/1897 1899/1899/1899 1898/1898/1898
f 1899/1899/1899 1900/1900/1900 1898/1898/1898
f 1899/1899/1899 1901/1901/1901 1900/1900/1900
f 1901/1901/1901 1902/1902/1902 1900/1900/1900
f 1901/1901/1901 1903/1903/1903 1902/1902/1902
f 1904/1904/1904 1890/1890/1890 1905/1905/1905
f 1904/1904/1904 1888/1888/1888 1890/1890/1890
f 1903/1903/1903 1887/1887/1887 1902/1902/1902
f 1903/1903/1903 1886/1886/1886 1887/1887/1887
f 1906/1906/1906 1907/1907/1907 1908/1908/1908
f 1909/1909/1909 1907/1907/1907 1906/1906/1906
f 1908/1908/1908 1910/1910/1910 1911/1911/1911
f 1907/1907/1907 1910/1910/1910 1908/1908/1908
f 1911/1911/1911 1912/1912/1912 1913/1913/1913
f 1910/1910/1910 1912/1912/1912 1911/1911/1911
f 1913/1913/1913 1914/1914/1914 1915/1915/1915
f 1912/1912/1912 1914/1914/1914 1913/1913/1913
f 1915/1915/1915 1916/1916/1916 1917/1917/1917
f 1914/1914/1914 1916/1916/1916 1915/1915/1915
f 1918/1918/1918 1919/1919/1919 1920/1920/1920
f 1921/1921/1921 1919/1919/1919 1918/1918/1918
f 1922/1922/1922 1909/1909/1909 1906/1906/1906
f 1923/1923/1923 1909/1909/1909 1922/1922/1922
f 1924/1924/1924 1925/1925/1925 1926/1926/1926
f 1927/1927/1927 1925/1925/1925 1924/1924/1924
f 1928/1928/1928 1929/1929/1929 1930/1930/1930
f 1928/1928/1928 1931/1931/1931 1929/1929/1929
f 1932/1932/1932 1933/1933/1933 1934/1934/1934
f 1935/1935/1935 1933/1933/1933 1932/1932/1932
f 1934/1934/1934 1936/1936/1936 1937/1937/1937
f 1933/1933/1933 1936/1936/1936 1934/1934/1934
f 1937/1937/1937 1938/1938/1938 1939/1939/1939
f 1936/1936/1936 1938/1938/1938 1937/1937/1937
f 1939/1939/1939 1940/1940/1940 1941/1941/1941
f 1938/1938/1938 1940/1940/1940 1939/1939/1939
f 1941/1941/1941 1942/1942/1942 1943/1943/1943
f 1940/1940/1940 1942/1942/1942 1941/1941/1941
f 1944/1944/1944 1931/1931/1931 1928/1928/1928
f 1944/1944/1944 1945/1945/1945 1931/1931/1931
f 1946/1946/1946 1947/1947/1947 1948/1948/1948
f 1949/1949/1949 1947/1947/1947 1946/1946/1946
f 1950/1950/1950 1951/1951/1951 1952/1952/1952
f 1950/1950/1950 1953/1953/1953 1951/1951/1951
f 1954/1954/1954 1952/1952/1952 1955/1955/1955
f 1954/1954/1954 1950/1950/1950 1952/1952/1952
f 1956/1956/1956 1955/1955/1955 1957/1957/1957
f 1956/1956/1956 1954/1954/1954 1955/1955/1955
f 1958/1958/1958 1957/1957/1957 1959/1959/1959
f 1958/1958/1958 1956/1956/1956 1957/1957/1957
f 1960/1960/1960 1959/1959/1959 1961/1961/1961
f 1960/1960/1960 1958/1958/1958 1959/1959/1959
f 1962/1962/1962 1963/1963/1963 1964/1964/1964
f 1965/1965/1965 1963/1963/1963 1962/1962/1962
f 1953/1953/1953 1966/1966/1966 1951/1951/1951
f 1953/1953/1953 1967/1967/1967 1966/1966/1966
f 1968/1968/1968 1969/1969/1969 1970/1970/1970
f 1968/1968/1968 1971/1971/1971 1969/1969/1969
