mtllib lua.mtl
o Object_4
usemtl Material.001
v 0 0.8314695954322815 -0.5555702447891235
v 0 0.5555702447891235 -0.8314695954322815
v 0 0.19509032368659973 -0.9807852506637573
v 0 0 -1
v 0 -0.19509032368659973 -0.9807852506637573
v 0 -0.5555702447891235 -0.8314695954322815
v 0.03806023299694061 0.9807852506637573 -0.19134171307086945
v 0.07465784251689911 0.9238795042037964 -0.3753302991390228
v 0.10838638246059418 0.8314695954322815 -0.5448951125144958
v 0.13794969022274017 0.7071067690849304 -0.6935198903083801
v 0.16221167147159576 0.5555702447891235 -0.815493106842041
v 0.1802399456501007 0.3826834559440613 -0.906127393245697
v 0.19134171307086945 0.19509032368659973 -0.9619396924972534
v 0.19509032368659973 0 -0.9807852506637573
v 0.19134171307086945 -0.19509032368659973 -0.9619396924972534
v 0.1802399456501007 -0.3826834559440613 -0.906127393245697
v 0.16221167147159576 -0.5555702447891235 -0.815493106842041
v 0.13794969022274017 -0.7071067690849304 -0.6935198903083801
v 0.10838638246059418 -0.8314695954322815 -0.5448951125144958
v 0.07465784251689911 -0.9238795042037964 -0.3753302991390228
v 0.03806023299694061 -0.9807852506637573 -0.19134171307086945
v 0.07465782761573792 0.9807852506637573 -0.1802399456501007
v 0.1464466154575348 0.9238795042037964 -0.3535534143447876
v 0.21260753273963928 0.8314695954322815 -0.513279914855957
v 0.27059805393218994 0.7071067690849304 -0.6532814502716064
v 0.3181896209716797 0.5555702447891235 -0.7681776285171509
v 0.3535533547401428 0.3826834559440613 -0.8535533547401428
v 0.37533026933670044 0.19509032368659973 -0.906127393245697
v 0.3826834261417389 0 -0.9238794445991516
v 0.37533026933670044 -0.19509032368659973 -0.906127393245697
v 0.3535533547401428 -0.3826834559440613 -0.8535533547401428
v 0.3181896209716797 -0.5555702447891235 -0.7681776285171509
v 0.27059805393218994 -0.7071067690849304 -0.6532814502716064
v 0.21260753273963928 -0.8314695954322815 -0.513279914855957
v 0.1464466154575348 -0.9238795042037964 -0.3535534143447876
v 0.07465782761573792 -0.9807852506637573 -0.1802399456501007
v 0.10838636755943298 0.9807852506637573 -0.16221165657043457
v 0.21260753273963928 0.9238795042037964 -0.3181896507740021
v 0.30865827202796936 0.8314695954322815 -0.4619396924972534
v 0.39284747838974 0.7071067690849304 -0.5879377722740173
v 0.4619396924972534 0.5555702447891235 -0.6913415789604187
v 0.513279914855957 0.3826834559440613 -0.7681776881217957
v 0.5448951125144958 0.19509032368659973 -0.815493106842041
v 0.5555702447891235 0 -0.8314694762229919
v 0.5448951125144958 -0.19509032368659973 -0.815493106842041
v 0.513279914855957 -0.3826834559440613 -0.7681776881217957
v 0.4619396924972534 -0.5555702447891235 -0.6913415789604187
v 0.39284747838974 -0.7071067690849304 -0.5879377722740173
v 0.30865827202796936 -0.8314695954322815 -0.4619396924972534
v 0.21260753273963928 -0.9238795042037964 -0.3181896507740021
v 0.10838636755943298 -0.9807852506637573 -0.16221165657043457
v 0.13794967532157898 0.9807852506637573 -0.13794966042041779
v 0.27059805393218994 0.9238795042037964 -0.27059802412986755
v 0.3928474485874176 0.8314695954322815 -0.3928473889827728
v 0.5 0.7071067690849304 -0.5
v 0.5879377126693726 0.5555702447891235 -0.5879376530647278
v 0.6532813906669617 0.3826834559440613 -0.6532814502716064
v 0.6935198903083801 0.19509032368659973 -0.6935198307037354
v 0.7071067690849304 0 -0.7071065902709961
v 0.6935198903083801 -0.19509032368659973 -0.6935198307037354
v 0.6532813906669617 -0.3826834559440613 -0.6532814502716064
v 0.5879377126693726 -0.5555702447891235 -0.5879376530647278
v 0.5 -0.7071067690849304 -0.5
v 0.3928474485874176 -0.8314695954322815 -0.3928473889827728
v 0.27059805393218994 -0.9238795042037964 -0.27059802412986755
v 0.13794967532157898 -0.9807852506637573 -0.13794966042041779
v 0.16221165657043457 0.9807852506637573 -0.10838635265827179
v 0.3181896507740021 0.9238795042037964 -0.2126075029373169
v 0.4619397222995758 0.8314695954322815 -0.3086582124233246
v 0.5879377722740173 0.7071067690849304 -0.39284747838974
v 0.6913416385650635 0.5555702447891235 -0.46193963289260864
v 0.7681776285171509 0.3826834559440613 -0.5132799744606018
v 0.815493106842041 0.19509032368659973 -0.5448949933052063
v 0.8314695358276367 0 -0.5555700063705444
v 0.815493106842041 -0.19509032368659973 -0.5448949933052063
v 0.7681776285171509 -0.3826834559440613 -0.5132799744606018
v 0.6913416385650635 -0.5555702447891235 -0.46193963289260864
v 0.5879377722740173 -0.7071067690849304 -0.39284747838974
v 0.4619397222995758 -0.8314695954322815 -0.3086582124233246
v 0.3181896507740021 -0.9238795042037964 -0.2126075029373169
v 0.16221165657043457 -0.9807852506637573 -0.10838635265827179
v 0 1 0
v 0 1 0
v 0 1 0
v 0 1 0
v 0 1 0
v 0 1 0
v 0 1 0
v 0 1 0
v 0 1 0
v 0 1 0
v 0 1 0
v 0 1 0
v 0 1 0
v 0 1 0
v 0 1 0
v 0 1 0
v 0 1 0
v 0 1 0
v 0 1 0
v 0 1 0
v 0 1 0
v 0 1 0
v 0 1 0
v 0 1 0
v 0 1 0
v 0 1 0
v 0 1 0
v 0 1 0
v 0 1 0
v 0 1 0
v 0 1 0
v 0 1 0
v 0.18023991584777832 0.9807852506637573 -0.07465781271457672
v 0.3535533547401428 0.9238795042037964 -0.1464465856552124
v 0.513279914855957 0.8314695954322815 -0.2126074582338333
v 0.6532814502716064 0.7071067690849304 -0.27059805393218994
v 0.7681776285171509 0.5555702447891235 -0.31818950176239014
v 0.853553295135498 0.3826834559440613 -0.3535534143447876
v 0.9061273336410522 0.19509032368659973 -0.3753301501274109
v 0.9238793849945068 0 -0.3826832175254822
v 0.9061273336410522 -0.19509032368659973 -0.3753301501274109
v 0.853553295135498 -0.3826834559440613 -0.3535534143447876
v 0.7681776285171509 -0.5555702447891235 -0.31818950176239014
v 0.6532814502716064 -0.7071067690849304 -0.27059805393218994
v 0.513279914855957 -0.8314695954322815 -0.2126074582338333
v 0.3535533547401428 -0.9238795042037964 -0.1464465856552124
v 0.18023991584777832 -0.9807852506637573 -0.07465781271457672
v 0.19134166836738586 0.9807852506637573 -0.03806021437048912
v 0.37533023953437805 0.9238795042037964 -0.07465781271457672
v 0.5448950529098511 0.8314695954322815 -0.1083863154053688
v 0.6935198903083801 0.7071067690849304 -0.13794970512390137
v 0.8154929876327515 0.5555702447891235 -0.1622115671634674
v 0.9061273336410522 0.3826834559440613 -0.1802399903535843
v 0.9619396328926086 0.19509032368659973 -0.1913416087627411
v 0.980785071849823 0 -0.1950901299715042
v 0.9619396328926086 -0.19509032368659973 -0.1913416087627411
v 0.9061273336410522 -0.3826834559440613 -0.1802399903535843
v 0.8154929876327515 -0.5555702447891235 -0.1622115671634674
v 0.6935198903083801 -0.7071067690849304 -0.13794970512390137
v 0.5448950529098511 -0.8314695954322815 -0.1083863154053688
v 0.37533023953437805 -0.9238795042037964 -0.07465781271457672
v 0.19134166836738586 -0.9807852506637573 -0.03806021437048912
v 0.19509026408195496 0.9807852506637573 1.1175870895385742e-8
v 0.3826833963394165 0.9238795042037964 2.2351741790771484e-8
v 0.555570125579834 0.8314695954322815 5.21540641784668e-8
v 0.7071067094802856 0.7071067690849304 -1.4901161193847656e-8
v 0.8314694166183472 0.5555702447891235 8.940696716308594e-8
v 0.9238794445991516 0.3826834559440613 -4.470348358154297e-8
v 0.9807851314544678 0.19509032368659973 8.940696716308594e-8
v 0.9999997019767761 0 1.6391277313232422e-7
v 0.9807851314544678 -0.19509032368659973 8.940696716308594e-8
v 0.9238794445991516 -0.3826834559440613 -4.470348358154297e-8
v 0.8314694166183472 -0.5555702447891235 8.940696716308594e-8
v 0.7071067094802856 -0.7071067690849304 -1.4901161193847656e-8
v 0.555570125579834 -0.8314695954322815 5.21540641784668e-8
v 0.3826833963394165 -0.9238795042037964 2.2351741790771484e-8
v 0.19509026408195496 -0.9807852506637573 1.1175870895385742e-8
v 0.19134165346622467 0.9807852506637573 0.03806023299694061
v 0.37533023953437805 0.9238795042037964 0.0746578499674797
v 0.5448949933052063 0.8314695954322815 0.10838640481233597
v 0.6935198307037354 0.7071067690849304 0.13794966042041779
v 0.8154929280281067 0.5555702447891235 0.16221173107624054
v 0.9061273336410522 0.3826834559440613 0.18023990094661713
v 0.9619395732879639 0.19509032368659973 0.19134177267551422
v 0.9807848930358887 0 0.1950904279947281
v 0.9619395732879639 -0.19509032368659973 0.19134177267551422
v 0.9061273336410522 -0.3826834559440613 0.18023990094661713
v 0.8154929280281067 -0.5555702447891235 0.16221173107624054
v 0.6935198307037354 -0.7071067690849304 0.13794966042041779
v 0.5448949933052063 -0.8314695954322815 0.10838640481233597
v 0.37533023953437805 -0.9238795042037964 0.0746578499674797
v 0.19134165346622467 -0.9807852506637573 0.03806023299694061
v 0.18023988604545593 0.9807852506637573 0.07465782016515732
v 0.3535533547401428 0.9238795042037964 0.1464466154575348
v 0.5132797956466675 0.8314695954322815 0.21260753273963928
v 0.6532813906669617 0.7071067690849304 0.27059799432754517
v 0.7681775093078613 0.5555702447891235 0.3181896507740021
v 0.853553295135498 0.3826834559440613 0.35355329513549805
v 0.9061272144317627 0.19509032368659973 0.3753302991390228
v 0.923879086971283 0 0.3826834559440613
v 0.9061272144317627 -0.19509032368659973 0.3753302991390228
v 0.853553295135498 -0.3826834559440613 0.35355329513549805
v 0.7681775093078613 -0.5555702447891235 0.3181896507740021
v 0.6532813906669617 -0.7071067690849304 0.27059799432754517
v 0.5132797956466675 -0.8314695954322815 0.21260753273963928
v 0.3535533547401428 -0.9238795042037964 0.1464466154575348
v 0.18023988604545593 -0.9807852506637573 0.07465782016515732
v 0.1622115969657898 0.9807852506637573 0.1083863377571106
v 0.3181895911693573 0.9238795042037964 0.2126075178384781
v 0.46193957328796387 0.8314695954322815 0.308658242225647
v 0.5879377126693726 0.7071067690849304 0.3928474187850952
v 0.6913414597511292 0.5555702447891235 0.4619396924972534
v 0.7681776285171509 0.3826834559440613 0.5132798552513123
v 0.8154929280281067 0.19509032368659973 0.5448950529098511
v 0.8314691185951233 0 0.5555701851844788
v 0.8154929280281067 -0.19509032368659973 0.5448950529098511
v 0.7681776285171509 -0.3826834559440613 0.5132798552513123
v 0.6913414597511292 -0.5555702447891235 0.4619396924972534
v 0.5879377126693726 -0.7071067690849304 0.3928474187850952
v 0.46193957328796387 -0.8314695954322815 0.308658242225647
v 0.3181895911693573 -0.9238795042037964 0.2126075178384781
v 0.1622115969657898 -0.9807852506637573 0.1083863377571106
v 0.1379496157169342 0.9807852506637573 0.1379496306180954
v 0.2705979645252228 0.9238795042037964 0.27059802412986755
v 0.3928472697734833 0.8314695954322815 0.3928474187850952
v 0.4999999403953552 0.7071067690849304 0.4999999403953552
v 0.5879375338554382 0.5555702447891235 0.5879376530647278
v 0.6532813906669617 0.3826834559440613 0.6532813310623169
v 0.6935197114944458 0.19509032368659973 0.6935198307037354
v 0.7071062326431274 0 0.7071066498756409
v 0.6935197114944458 -0.19509032368659973 0.6935198307037354
v 0.6532813906669617 -0.3826834559440613 0.6532813310623169
v 0.5879375338554382 -0.5555702447891235 0.5879376530647278
v 0.4999999403953552 -0.7071067690849304 0.4999999403953552
v 0.3928472697734833 -0.8314695954322815 0.3928474187850952
v 0.2705979645252228 -0.9238795042037964 0.27059802412986755
v 0.1379496157169342 -0.9807852506637573 0.1379496306180954
v 0.1083863154053688 0.9807852506637573 0.1622115969657898
v 0.21260744333267212 0.9238795042037964 0.3181896209716797
v 0.30865809321403503 0.8314695954322815 0.46193966269493103
v 0.3928474187850952 0.7071067690849304 0.5879377126693726
v 0.4619395434856415 0.5555702447891235 0.6913415193557739
v 0.513279914855957 0.3826834559440613 0.7681775689125061
v 0.5448948740959167 0.19509032368659973 0.8154929876327515
v 0.5555697083473206 0 0.8314693570137024
v 0.5448948740959167 -0.19509032368659973 0.8154929876327515
v 0.513279914855957 -0.3826834559440613 0.7681775689125061
v 0.4619395434856415 -0.5555702447891235 0.6913415193557739
v 0.3928474187850952 -0.7071067690849304 0.5879377126693726
v 0.30865809321403503 -0.8314695954322815 0.46193966269493103
v 0.21260744333267212 -0.9238795042037964 0.3181896209716797
v 0.1083863154053688 -0.9807852506637573 0.1622115969657898
v 0.07465778291225433 0.9807852506637573 0.18023985624313354
v 0.14644652605056763 0.9238795042037964 0.35355332493782043
v 0.21260735392570496 0.8314695954322815 0.5132797956466675
v 0.27059799432754517 0.7071067690849304 0.6532813906669617
v 0.31818944215774536 0.5555702447891235 0.7681775093078613
v 0.3535533547401428 0.3826834559440613 0.8535531759262085
v 0.37533003091812134 0.19509032368659973 0.9061272144317627
v 0.3826829493045807 0 0.9238791465759277
v 0.37533003091812134 -0.19509032368659973 0.9061272144317627
v 0.3535533547401428 -0.3826834559440613 0.8535531759262085
v 0.31818944215774536 -0.5555702447891235 0.7681775093078613
v 0.27059799432754517 -0.7071067690849304 0.6532813906669617
v 0.21260735392570496 -0.8314695954322815 0.5132797956466675
v 0.14644652605056763 -0.9238795042037964 0.35355332493782043
v 0.07465778291225433 -0.9807852506637573 0.18023985624313354
v 0.038060203194618225 0.9807852506637573 0.1913415938615799
v 0.07465776056051254 0.9238795042037964 0.3753301799297333
v 0.10838623344898224 0.8314695954322815 0.5448948740959167
v 0.13794966042041779 0.7071067690849304 0.6935198307037354
v 0.16221152245998383 0.5555702447891235 0.8154928684234619
v 0.1802399456501007 0.3826834559440613 0.9061272144317627
v 0.19134151935577393 0.19509032368659973 0.9619394540786743
v 0.1950899064540863 0 0.9807847738265991
v 0.19134151935577393 -0.19509032368659973 0.9619394540786743
v 0.1802399456501007 -0.3826834559440613 0.9061272144317627
v 0.16221152245998383 -0.5555702447891235 0.8154928684234619
v 0.13794966042041779 -0.7071067690849304 0.6935198307037354
v 0.10838623344898224 -0.8314695954322815 0.5448948740959167
v 0.07465776056051254 -0.9238795042037964 0.3753301799297333
v 0.038060203194618225 -0.9807852506637573 0.1913415938615799
v -7.450580596923828e-9 0.9807852506637573 0.195090189576149
v -5.21540641784668e-8 0.9238795042037964 0.38268333673477173
v -9.685754776000977e-8 0.8314695954322815 0.5555699467658997
v -1.4901161193847656e-8 0.7071067690849304 0.7071066498756409
v -1.043081283569336e-7 0.5555702447891235 0.8314692974090576
v 2.9802322387695312e-8 0.3826834559440613 0.9238792657852173
v -1.341104507446289e-7 0.19509032368659973 0.9807849526405334
v -3.2782554626464844e-7 0 0.9999993443489075
v -1.341104507446289e-7 -0.19509032368659973 0.9807849526405334
v 2.9802322387695312e-8 -0.3826834559440613 0.9238792657852173
v -1.043081283569336e-7 -0.5555702447891235 0.8314692974090576
v -1.4901161193847656e-8 -0.7071067690849304 0.7071066498756409
v -9.685754776000977e-8 -0.8314695954322815 0.5555699467658997
v -5.21540641784668e-8 -0.9238795042037964 0.38268333673477173
v -7.450580596923828e-9 -0.9807852506637573 0.195090189576149
v -0.03806021437048912 0.9807852506637573 0.1913415789604187
v -0.0746578648686409 0.9238795042037964 0.3753301799297333
v -0.10838641971349716 0.8314695954322815 0.544894814491272
v -0.13794967532157898 0.7071067690849304 0.6935197710990906
v -0.16221171617507935 0.5555702447891235 0.8154928088188171
v -0.18023987114429474 0.3826834559440613 0.9061271548271179
v -0.19134178757667542 0.19509032368659973 0.9619393944740295
v -0.19509051740169525 0 0.98078453540802
v -0.19134178757667542 -0.19509032368659973 0.9619393944740295
v -0.18023987114429474 -0.3826834559440613 0.9061271548271179
v -0.16221171617507935 -0.5555702447891235 0.8154928088188171
v -0.13794967532157898 -0.7071067690849304 0.6935197710990906
v -0.10838641971349716 -0.8314695954322815 0.544894814491272
v -0.0746578648686409 -0.9238795042037964 0.3753301799297333
v -0.03806021437048912 -0.9807852506637573 0.1913415789604187
v -0.07465778291225433 0.9807852506637573 0.18023982644081116
v -0.1464466154575348 0.9238795042037964 0.35355329513549805
v -0.2126075029373169 0.8314695954322815 0.5132796168327332
v -0.27059799432754517 0.7071067690849304 0.6532813310623169
v -0.3181896209716797 0.5555702447891235 0.7681773900985718
v -0.35355323553085327 0.3826834559440613 0.8535531163215637
v -0.37533026933670044 0.19509032368659973 0.9061270356178284
v -0.38268348574638367 0 0.9238787293434143
v -0.37533026933670044 -0.19509032368659973 0.9061270356178284
v -0.35355323553085327 -0.3826834559440613 0.8535531163215637
v -0.3181896209716797 -0.5555702447891235 0.7681773900985718
v -0.27059799432754517 -0.7071067690849304 0.6532813310623169
v -0.2126075029373169 -0.8314695954322815 0.5132796168327332
v -0.1464466154575348 -0.9238795042037964 0.35355329513549805
v -0.07465778291225433 -0.9807852506637573 0.18023982644081116
v -0.10838630050420761 0.9807852506637573 0.1622115522623062
v -0.2126075029373169 0.9238795042037964 0.3181895315647125
v -0.3086581826210022 0.8314695954322815 0.46193939447402954
v -0.3928474187850952 0.7071067690849304 0.5879376530647278
v -0.46193963289260864 0.5555702447891235 0.6913413405418396
v -0.5132797360420227 0.3826834559440613 0.7681775093078613
v -0.5448950529098511 0.19509032368659973 0.8154927492141724
v -0.555570125579834 0 0.8314687609672546
v -0.5448950529098511 -0.19509032368659973 0.8154927492141724
v -0.5132797360420227 -0.3826834559440613 0.7681775093078613
v -0.46193963289260864 -0.5555702447891235 0.6913413405418396
v -0.3928474187850952 -0.7071067690849304 0.5879376530647278
v -0.3086581826210022 -0.8314695954322815 0.46193939447402954
v -0.2126075029373169 -0.9238795042037964 0.3181895315647125
v -0.10838630050420761 -0.9807852506637573 0.1622115522623062
v -0.13794958591461182 0.9807852506637573 0.13794957101345062
v -0.27059799432754517 0.9238795042037964 0.2705979347229004
v -0.39284729957580566 0.8314695954322815 0.39284712076187134
v -0.49999991059303284 0.7071067690849304 0.49999988079071045
v -0.587937593460083 0.5555702447891235 0.5879374146461487
v -0.6532812118530273 0.3826834559440613 0.6532812714576721
v -0.6935197710990906 0.19509032368659973 0.6935195326805115
v -0.7071064710617065 0 0.7071059346199036
v -0.6935197710990906 -0.19509032368659973 0.6935195326805115
v -0.6532812118530273 -0.3826834559440613 0.6532812714576721
v -0.587937593460083 -0.5555702447891235 0.5879374146461487
v -0.49999991059303284 -0.7071067690849304 0.49999988079071045
v -0.39284729957580566 -0.8314695954322815 0.39284712076187134
v -0.27059799432754517 -0.9238795042037964 0.2705979347229004
v -0.13794958591461182 -0.9807852506637573 0.13794957101345062
v 0 -1 0
v 0 -1 0
v 0 -1 0
v 0 -1 0
v 0 -1 0
v 0 -1 0
v 0 -1 0
v 0 -1 0
v 0 -1 0
v 0 -1 0
v 0 -1 0
v 0 -1 0
v 0 -1 0
v 0 -1 0
v 0 -1 0
v 0 -1 0
v 0 -1 0
v 0 -1 0
v 0 -1 0
v 0 -1 0
v 0 -1 0
v 0 -1 0
v 0 -1 0
v 0 -1 0
v 0 -1 0
v 0 -1 0
v 0 -1 0
v 0 -1 0
v 0 -1 0
v 0 -1 0
v 0 -1 0
v 0 -1 0
v -0.1622115522623062 0.9807852506637573 0.10838627815246582
v -0.3181895613670349 0.9238795042037964 0.21260741353034973
v -0.4619395136833191 0.8314695954322815 0.3086579442024231
v -0.5879376530647278 0.7071067690849304 0.39284735918045044
v -0.6913414597511292 0.5555702447891235 0.46193942427635193
v -0.7681774497032166 0.3826834559440613 0.5132797956466675
v -0.8154929280281067 0.19509032368659973 0.5448946952819824
v -0.8314691185951233 0 0.5555694103240967
v -0.8154929280281067 -0.19509032368659973 0.5448946952819824
v -0.7681774497032166 -0.3826834559440613 0.5132797956466675
v -0.6913414597511292 -0.5555702447891235 0.46193942427635193
v -0.5879376530647278 -0.7071067690849304 0.39284735918045044
v -0.4619395136833191 -0.8314695954322815 0.3086579442024231
v -0.3181895613670349 -0.9238795042037964 0.21260741353034973
v -0.1622115522623062 -0.9807852506637573 0.10838627815246582
v -0.18023981153964996 0.9807852506637573 0.07465775310993195
v -0.35355326533317566 0.9238795042037964 0.14644651114940643
v -0.5132796168327332 0.8314695954322815 0.2126072347164154
v -0.6532813310623169 0.7071067690849304 0.2705979645252228
v -0.7681773900985718 0.5555702447891235 0.3181893229484558
v -0.853553056716919 0.3826834559440613 0.35355326533317566
v -0.9061271548271179 0.19509032368659973 0.3753298819065094
v -0.9238788485527039 0 0.3826826810836792
v -0.9061271548271179 -0.19509032368659973 0.3753298819065094
v -0.853553056716919 -0.3826834559440613 0.35355326533317566
v -0.7681773900985718 -0.5555702447891235 0.3181893229484558
v -0.6532813310623169 -0.7071067690849304 0.2705979645252228
v -0.5132796168327332 -0.8314695954322815 0.2126072347164154
v -0.35355326533317566 -0.9238795042037964 0.14644651114940643
v -0.18023981153964996 -0.9807852506637573 0.07465775310993195
v -0.1913415491580963 0.9807852506637573 0.038060180842876434
v -0.3753301203250885 0.9238795042037964 0.07465775310993195
v -0.5448946952819824 0.8314695954322815 0.10838615149259567
v -0.6935197710990906 0.7071067690849304 0.1379496306180954
v -0.8154927492141724 0.5555702447891235 0.16221143305301666
v -0.9061270952224731 0.3826834559440613 0.18023988604545593
v -0.9619393944740295 0.19509032368659973 0.19134138524532318
v -0.9807844161987305 0 0.1950896978378296
v -0.9619393944740295 -0.19509032368659973 0.19134138524532318
v -0.9061270952224731 -0.3826834559440613 0.18023988604545593
v -0.8154927492141724 -0.5555702447891235 0.16221143305301666
v -0.6935197710990906 -0.7071067690849304 0.1379496306180954
v -0.5448946952819824 -0.8314695954322815 0.10838615149259567
v -0.3753301203250885 -0.9238795042037964 0.07465775310993195
v -0.1913415491580963 -0.9807852506637573 0.038060180842876434
v -0.1950901448726654 0.9807852506637573 -1.862645149230957e-8
v -0.1950901448726654 0.9807852506637573 -1.862645149230957e-8
v -0.38268324732780457 0.9238795042037964 -5.21540641784668e-8
v -0.38268324732780457 0.9238795042037964 -5.21540641784668e-8
v -0.5555697679519653 0.8314695954322815 -1.4901161193847656e-7
v -0.5555697679519653 0.8314695954322815 -1.4901161193847656e-7
v -0.7071065902709961 0.7071067690849304 -2.9802322387695312e-8
v -0.7071065902709961 0.7071067690849304 -2.9802322387695312e-8
v -0.8314691781997681 0.5555702447891235 -1.6391277313232422e-7
v -0.8314691781997681 0.5555702447891235 -1.6391277313232422e-7
v -0.9238791465759277 0.3826834559440613 -1.4901161193847656e-8
v -0.9238791465759277 0.3826834559440613 -1.4901161193847656e-8
v -0.9807848334312439 0.19509032368659973 -2.682209014892578e-7
v -0.9807848334312439 0.19509032368659973 -2.682209014892578e-7
v -0.9999990463256836 0 -4.470348358154297e-7
v -0.9999990463256836 0 -4.470348358154297e-7
v -0.9807848334312439 -0.19509032368659973 -2.682209014892578e-7
v -0.9807848334312439 -0.19509032368659973 -2.682209014892578e-7
v -0.9238791465759277 -0.3826834559440613 -1.4901161193847656e-8
v -0.9238791465759277 -0.3826834559440613 -1.4901161193847656e-8
v -0.8314691781997681 -0.5555702447891235 -1.6391277313232422e-7
v -0.8314691781997681 -0.5555702447891235 -1.6391277313232422e-7
v -0.7071065902709961 -0.7071067690849304 -2.9802322387695312e-8
v -0.7071065902709961 -0.7071067690849304 -2.9802322387695312e-8
v -0.5555697679519653 -0.8314695954322815 -1.4901161193847656e-7
v -0.5555697679519653 -0.8314695954322815 -1.4901161193847656e-7
v -0.38268324732780457 -0.9238795042037964 -5.21540641784668e-8
v -0.38268324732780457 -0.9238795042037964 -5.21540641784668e-8
v -0.1950901448726654 -0.9807852506637573 -1.862645149230957e-8
v -0.1950901448726654 -0.9807852506637573 -1.862645149230957e-8
v -0.19134153425693512 0.9807852506637573 -0.03806021809577942
v -0.3753300905227661 0.9238795042037964 -0.0746578499674797
v -0.5448946356773376 0.8314695954322815 -0.10838643461465836
v -0.6935197114944458 0.7071067690849304 -0.13794969022274017
v -0.8154926300048828 0.5555702447891235 -0.16221176087856293
v -0.9061270356178284 0.3826834559440613 -0.18023990094661713
v -0.9619392156600952 0.19509032368659973 -0.19134189188480377
v -0.9807842373847961 0 -0.19509057700634003
v -0.9619392156600952 -0.19509032368659973 -0.19134189188480377
v -0.9061270356178284 -0.3826834559440613 -0.18023990094661713
v -0.8154926300048828 -0.5555702447891235 -0.16221176087856293
v -0.6935197114944458 -0.7071067690849304 -0.13794969022274017
v -0.5448946356773376 -0.8314695954322815 -0.10838643461465836
v -0.3753300905227661 -0.9238795042037964 -0.0746578499674797
v -0.19134153425693512 -0.9807852506637573 -0.03806021809577942
v -0.18023978173732758 0.9807852506637573 -0.07465778291225433
v -0.3535532057285309 0.9238795042037964 -0.1464465856552124
v -0.5132794380187988 0.8314695954322815 -0.2126074880361557
v -0.6532812714576721 0.7071067690849304 -0.27059799432754517
v -0.7681772112846375 0.5555702447891235 -0.3181896209716797
v -0.8535529971122742 0.3826834559440613 -0.35355323553085327
v -0.906126856803894 0.19509032368659973 -0.3753303289413452
v -0.9238784313201904 0 -0.38268348574638367
v -0.906126856803894 -0.19509032368659973 -0.3753303289413452
v -0.8535529971122742 -0.3826834559440613 -0.35355323553085327
v -0.7681772112846375 -0.5555702447891235 -0.3181896209716797
v -0.6532812714576721 -0.7071067690849304 -0.27059799432754517
v -0.5132794380187988 -0.8314695954322815 -0.2126074880361557
v -0.3535532057285309 -0.9238795042037964 -0.1464465856552124
v -0.18023978173732758 -0.9807852506637573 -0.07465778291225433
v -0.16221150755882263 0.9807852506637573 -0.10838629305362701
v -0.31818944215774536 0.9238795042037964 -0.2126074582338333
v -0.4619392156600952 0.8314695954322815 -0.3086581528186798
v -0.587937593460083 0.7071067690849304 -0.3928473889827728
v -0.6913411617279053 0.5555702447891235 -0.46193963289260864
v -0.7681773900985718 0.3826834559440613 -0.5132797360420227
v -0.815492570400238 0.19509032368659973 -0.5448950529098511
v -0.8314684629440308 0 -0.5555700659751892
v -0.815492570400238 -0.19509032368659973 -0.5448950529098511
v -0.7681773900985718 -0.3826834559440613 -0.5132797360420227
v -0.6913411617279053 -0.5555702447891235 -0.46193963289260864
v -0.587937593460083 -0.7071067690849304 -0.3928473889827728
v -0.4619392156600952 -0.8314695954322815 -0.3086581528186798
v -0.31818944215774536 -0.9238795042037964 -0.2126074582338333
v -0.16221150755882263 -0.9807852506637573 -0.10838629305362701
v -0.13794954121112823 0.9807852506637573 -0.13794957101345062
v -0.2705978751182556 0.9238795042037964 -0.2705979347229004
v -0.392846941947937 0.8314695954322815 -0.3928472399711609
v -0.4999998211860657 0.7071067690849304 -0.49999988079071045
v -0.5879372358322144 0.5555702447891235 -0.5879375338554382
v -0.6532811522483826 0.3826834559440613 -0.6532811522483826
v -0.6935193538665771 0.19509032368659973 -0.6935197114944458
v -0.7071056962013245 0 -0.707106351852417
v -0.6935193538665771 -0.19509032368659973 -0.6935197114944458
v -0.6532811522483826 -0.3826834559440613 -0.6532811522483826
v -0.5879372358322144 -0.5555702447891235 -0.5879375338554382
v -0.4999998211860657 -0.7071067690849304 -0.49999988079071045
v -0.392846941947937 -0.8314695954322815 -0.3928472399711609
v -0.2705978751182556 -0.9238795042037964 -0.2705979347229004
v -0.13794954121112823 -0.9807852506637573 -0.13794957101345062
v -0.10838624835014343 0.9807852506637573 -0.16221152245998383
v -0.21260736882686615 0.9238795042037964 -0.31818950176239014
v -0.30865779519081116 0.8314695954322815 -0.46193942427635193
v -0.39284729957580566 0.7071067690849304 -0.5879376530647278
v -0.46193927526474 0.5555702447891235 -0.6913413405418396
v -0.5132796764373779 0.3826834559440613 -0.7681773900985718
v -0.5448945760726929 0.19509032368659973 -0.8154928088188171
v -0.5555692315101624 0 -0.831468939781189
v -0.5448945760726929 -0.19509032368659973 -0.8154928088188171
v -0.5132796764373779 -0.3826834559440613 -0.7681773900985718
v -0.46193927526474 -0.5555702447891235 -0.6913413405418396
v -0.39284729957580566 -0.7071067690849304 -0.5879376530647278
v -0.30865779519081116 -0.8314695954322815 -0.46193942427635193
v -0.21260736882686615 -0.9238795042037964 -0.31818950176239014
v -0.10838624835014343 -0.9807852506637573 -0.16221152245998383
v -0.07465773820877075 0.9807852506637573 -0.18023976683616638
v -0.14644648134708405 0.9238795042037964 -0.35355323553085327
v -0.21260710060596466 0.8314695954322815 -0.5132794976234436
v -0.270597904920578 0.7071067690849304 -0.6532813310623169
v -0.31818920373916626 0.5555702447891235 -0.7681772708892822
v -0.3535531759262085 0.3826834559440613 -0.8535529971122742
v -0.37532979249954224 0.19509032368659973 -0.9061269760131836
v -0.38268256187438965 0 -0.9238786101341248
v -0.37532979249954224 -0.19509032368659973 -0.9061269760131836
v -0.3535531759262085 -0.3826834559440613 -0.8535529971122742
v -0.31818920373916626 -0.5555702447891235 -0.7681772708892822
v -0.270597904920578 -0.7071067690849304 -0.6532813310623169
v -0.21260710060596466 -0.8314695954322815 -0.5132794976234436
v -0.14644648134708405 -0.9238795042037964 -0.35355323553085327
v -0.07465773820877075 -0.9807852506637573 -0.18023976683616638
v -0.038060177117586136 0.9807852506637573 -0.19134150445461273
v -0.07465773075819016 0.9238795042037964 -0.3753300905227661
v -0.10838603973388672 0.8314695954322815 -0.5448945164680481
v -0.13794957101345062 0.7071067690849304 -0.6935197710990906
v -0.1622113287448883 0.5555702447891235 -0.815492570400238
v -0.18023981153964996 0.3826834559440613 -0.9061269760131836
v -0.1913413256406784 0.19509032368659973 -0.9619392156600952
v -0.19508962333202362 0 -0.9807841777801514
v -0.1913413256406784 -0.19509032368659973 -0.9619392156600952
v -0.18023981153964996 -0.3826834559440613 -0.9061269760131836
v -0.1622113287448883 -0.5555702447891235 -0.815492570400238
v -0.13794957101345062 -0.7071067690849304 -0.6935197710990906
v -0.10838603973388672 -0.8314695954322815 -0.5448945164680481
v -0.07465773075819016 -0.9238795042037964 -0.3753300905227661
v -0.038060177117586136 -0.9807852506637573 -0.19134150445461273
v 1.4901161193847656e-8 0.9807852506637573 -0.19509010016918182
v 6.705522537231445e-8 0.9238795042037964 -0.3826832175254822
v 8.940696716308594e-8 0.7071067690849304 -0.7071065902709961
v 5.960464477539063e-8 0.3826834559440613 -0.9238790273666382
v 5.960464477539063e-8 -0.3826834559440613 -0.9238790273666382
v 8.940696716308594e-8 -0.7071067690849304 -0.7071065902709961
v 2.1606683731079102e-7 -0.8314695954322815 -0.5555695295333862
v 6.705522537231445e-8 -0.9238795042037964 -0.3826832175254822
v 1.4901161193847656e-8 -0.9807852506637573 -0.19509010016918182
vt 0.75 0.8125
vt 0.75 0.6875
vt 0.75 0.5625
vt 0.75 0.5
vt 0.75 0.4375
vt 0.75 0.3125000596046448
vt 0.71875 0.9375000596046448
vt 0.71875 0.875
vt 0.71875 0.8125
vt 0.71875 0.7500000596046448
vt 0.71875 0.6875
vt 0.71875 0.6250000596046448
vt 0.71875 0.5625
vt 0.71875 0.5
vt 0.71875 0.4375
vt 0.71875 0.375
vt 0.71875 0.3124999403953552
vt 0.71875 0.25
vt 0.71875 0.1875
vt 0.71875 0.12500005960464478
vt 0.71875 0.062499940395355225
vt 0.6875 0.9375000596046448
vt 0.6875 0.875
vt 0.6875 0.8125
vt 0.6875 0.7500000596046448
vt 0.6875 0.6875
vt 0.6875 0.625
vt 0.6875 0.5625
vt 0.6875 0.5
vt 0.6875 0.4375
vt 0.6875 0.375
vt 0.6875 0.3124999403953552
vt 0.6875 0.25
vt 0.6875 0.1875
vt 0.6875 0.12500005960464478
vt 0.6875 0.062499940395355225
vt 0.65625 0.9375000596046448
vt 0.65625 0.875
vt 0.65625 0.8125
vt 0.65625 0.7500000596046448
vt 0.65625 0.6875
vt 0.65625 0.6250000596046448
vt 0.65625 0.5625
vt 0.65625 0.5
vt 0.65625 0.4375
vt 0.65625 0.375
vt 0.65625 0.3124999403953552
vt 0.65625 0.25
vt 0.65625 0.1875
vt 0.65625 0.12500005960464478
vt 0.65625 0.062499940395355225
vt 0.625 0.9375000596046448
vt 0.625 0.875
vt 0.625 0.8125
vt 0.625 0.75
vt 0.625 0.6875000596046448
vt 0.625 0.6250000596046448
vt 0.625 0.5625
vt 0.625 0.5
vt 0.625 0.4375
vt 0.625 0.375
vt 0.625 0.3124999403953552
vt 0.625 0.25
vt 0.625 0.1875
vt 0.625 0.125
vt 0.625 0.062499940395355225
vt 0.59375 0.9375000596046448
vt 0.59375 0.875
vt 0.59375 0.8125
vt 0.59375 0.7500000596046448
vt 0.59375 0.6875
vt 0.59375 0.6250000596046448
vt 0.59375 0.5625
vt 0.59375 0.5
vt 0.59375 0.4375
vt 0.59375 0.375
vt 0.59375 0.3124999403953552
vt 0.59375 0.25
vt 0.59375 0.1875
vt 0.59375 0.125
vt 0.59375 0.062499940395355225
vt 0.015625 1
vt 0.04687497019767761 1
vt 0.078125 1
vt 0.109375 1
vt 0.1406250298023224 1
vt 0.1718750298023224 1
vt 0.203125 1
vt 0.234375 1
vt 0.265625 1
vt 0.296875 1
vt 0.328125 1
vt 0.359375 1
vt 0.390625 1
vt 0.421875 1
vt 0.453125 1
vt 0.484375 1
vt 0.515625 1
vt 0.546875 1
vt 0.578125 1
vt 0.609375 1
vt 0.640625 1
vt 0.671875 1
vt 0.703125 1
vt 0.734375 1
vt 0.765625 1
vt 0.796875 1
vt 0.828125 1
vt 0.859375 1
vt 0.890625 1
vt 0.921875 1
vt 0.953125 1
vt 0.984375 1
vt 0.5625 0.9375000596046448
vt 0.5625 0.875
vt 0.5625 0.8125
vt 0.5625 0.7500000596046448
vt 0.5625 0.6875
vt 0.5625 0.6250000596046448
vt 0.5625 0.5625
vt 0.5625 0.5
vt 0.5625 0.4375
vt 0.5625 0.375
vt 0.5625 0.3124999403953552
vt 0.5625 0.25
vt 0.5625 0.1875
vt 0.5625 0.125
vt 0.5625 0.062499940395355225
vt 0.53125 0.9375000596046448
vt 0.53125 0.875
vt 0.53125 0.8125
vt 0.53125 0.7500000596046448
vt 0.53125 0.6875000596046448
vt 0.53125 0.6250000596046448
vt 0.53125 0.5625
vt 0.53125 0.5
vt 0.53125 0.4375
vt 0.53125 0.375
vt 0.53125 0.3124999403953552
vt 0.53125 0.25
vt 0.53125 0.1875
vt 0.53125 0.125
vt 0.53125 0.062499940395355225
vt 0.5 0.9375000596046448
vt 0.5 0.875
vt 0.4999999701976776 0.8125
vt 0.5 0.7500000596046448
vt 0.4999999701976776 0.6875000596046448
vt 0.5 0.6250000596046448
vt 0.5 0.5625
vt 0.4999999701976776 0.5
vt 0.5 0.4375
vt 0.5 0.375
vt 0.4999999701976776 0.3124999403953552
vt 0.5 0.25
vt 0.4999999701976776 0.1875
vt 0.5 0.125
vt 0.5 0.062499940395355225
vt 0.46875 0.9375000596046448
vt 0.46875 0.875
vt 0.46875 0.8125
vt 0.46875 0.7500000596046448
vt 0.4687499701976776 0.6875000596046448
vt 0.46875 0.6250000596046448
vt 0.46875 0.5625
vt 0.4687499701976776 0.5
vt 0.46875 0.4375
vt 0.46875 0.375
vt 0.4687499701976776 0.3124999403953552
vt 0.46875 0.25
vt 0.46875 0.1875
vt 0.46875 0.125
vt 0.46875 0.062499940395355225
vt 0.4375 0.9375000596046448
vt 0.4375 0.875
vt 0.4374999701976776 0.8125000596046448
vt 0.4375 0.7500000596046448
vt 0.4374999701976776 0.6875000596046448
vt 0.4375 0.6250000596046448
vt 0.4375 0.5625
vt 0.4374999701976776 0.5
vt 0.4375 0.4375
vt 0.4375 0.375
vt 0.4374999701976776 0.3124999403953552
vt 0.4375 0.25
vt 0.4374999701976776 0.1875
vt 0.4375 0.125
vt 0.4375 0.062499940395355225
vt 0.40625 0.9375000596046448
vt 0.40625 0.875
vt 0.40625 0.8125000596046448
vt 0.40625 0.7500000596046448
vt 0.40625 0.6875000596046448
vt 0.40625 0.6250000596046448
vt 0.40625 0.5625
vt 0.4062499701976776 0.5
vt 0.40625 0.4375
vt 0.40625 0.375
vt 0.40625 0.3124999403953552
vt 0.40625 0.25
vt 0.40625 0.1875
vt 0.40625 0.125
vt 0.40625 0.062499940395355225
vt 0.375 0.9375000596046448
vt 0.375 0.875
vt 0.3749999701976776 0.8125000596046448
vt 0.375 0.7500000596046448
vt 0.375 0.6875000596046448
vt 0.375 0.6250000596046448
vt 0.375 0.5625
vt 0.3749999403953552 0.5
vt 0.375 0.4375
vt 0.375 0.375
vt 0.375 0.3124999403953552
vt 0.375 0.25
vt 0.3749999701976776 0.1875
vt 0.375 0.125
vt 0.375 0.062499940395355225
vt 0.34375 0.9375000596046448
vt 0.34375 0.875
vt 0.34375 0.8125000596046448
vt 0.34375 0.7500000596046448
vt 0.34375 0.6875000596046448
vt 0.34375 0.6250000596046448
vt 0.34375 0.5625
vt 0.3437499403953552 0.5
vt 0.34375 0.4375
vt 0.34375 0.375
vt 0.34375 0.3124999403953552
vt 0.34375 0.25
vt 0.34375 0.1875
vt 0.34375 0.125
vt 0.34375 0.062499940395355225
vt 0.3125 0.9375000596046448
vt 0.3125 0.875
vt 0.3125 0.8125000596046448
vt 0.3125 0.7500000596046448
vt 0.3125 0.6875000596046448
vt 0.3125 0.6250000596046448
vt 0.3125 0.5625
vt 0.3124999701976776 0.5
vt 0.3125 0.4375
vt 0.3125 0.375
vt 0.3125 0.3124999403953552
vt 0.3125 0.25
vt 0.3125 0.1875
vt 0.3125 0.125
vt 0.3125 0.062499940395355225
vt 0.28125 0.9375000596046448
vt 0.28125 0.875
vt 0.2812499701976776 0.8125000596046448
vt 0.28125 0.7500000596046448
vt 0.28125 0.6875000596046448
vt 0.28125 0.6250000596046448
vt 0.28125 0.5625
vt 0.2812499403953552 0.5
vt 0.28125 0.4375
vt 0.28125 0.375
vt 0.28125 0.3124999403953552
vt 0.28125 0.25
vt 0.2812499701976776 0.1875
vt 0.28125 0.125
vt 0.28125 0.062499940395355225
vt 0.25 0.9375000596046448
vt 0.2499999701976776 0.875
vt 0.2499999701976776 0.8125000596046448
vt 0.25 0.7500000596046448
vt 0.2499999701976776 0.6875000596046448
vt 0.25 0.6250000596046448
vt 0.2499999701976776 0.5625
vt 0.2499999701976776 0.5
vt 0.2499999701976776 0.4375
vt 0.25 0.375
vt 0.2499999701976776 0.3124999403953552
vt 0.25 0.25
vt 0.2499999701976776 0.1875
vt 0.2499999701976776 0.125
vt 0.25 0.062499940395355225
vt 0.21875 0.9375000596046448
vt 0.21875 0.875
vt 0.21875 0.8125000596046448
vt 0.21875 0.7500000596046448
vt 0.21875 0.6875000596046448
vt 0.21875 0.6250000596046448
vt 0.21875 0.5625
vt 0.21874994039535522 0.5
vt 0.21875 0.4375
vt 0.21875 0.375
vt 0.21875 0.3124999403953552
vt 0.21875 0.25
vt 0.21875 0.1875
vt 0.21875 0.125
vt 0.21875 0.062499940395355225
vt 0.1875 0.9375000596046448
vt 0.1875 0.875
vt 0.1874999701976776 0.8125000596046448
vt 0.1875 0.7500000596046448
vt 0.1875 0.6875000596046448
vt 0.1875 0.6250000596046448
vt 0.1874999701976776 0.5625
vt 0.1874999701976776 0.5
vt 0.1874999701976776 0.4375
vt 0.1875 0.3749999403953552
vt 0.1875 0.3124999403953552
vt 0.1875 0.25
vt 0.1874999701976776 0.1875
vt 0.1875 0.125
vt 0.1875 0.062499940395355225
vt 0.1562500298023224 0.9375000596046448
vt 0.1562499701976776 0.875
vt 0.1562499701976776 0.8125001192092896
vt 0.1562499701976776 0.7500000596046448
vt 0.1562499701976776 0.6875000596046448
vt 0.1562500298023224 0.6250000596046448
vt 0.1562499701976776 0.5625
vt 0.15624994039535522 0.5
vt 0.1562499701976776 0.4375
vt 0.1562500298023224 0.3749999403953552
vt 0.1562499701976776 0.3124999403953552
vt 0.1562499701976776 0.25
vt 0.1562499701976776 0.18749994039535522
vt 0.1562499701976776 0.125
vt 0.1562500298023224 0.062499940395355225
vt 0.125 0.9375000596046448
vt 0.125 0.875
vt 0.12499997019767761 0.8125001192092896
vt 0.125 0.7500000596046448
vt 0.12499997019767761 0.6875000596046448
vt 0.125 0.6250000596046448
vt 0.12499997019767761 0.5625
vt 0.12499994039535522 0.5
vt 0.12499997019767761 0.4375
vt 0.125 0.3749999403953552
vt 0.12499997019767761 0.3124999403953552
vt 0.125 0.25
vt 0.12499997019767761 0.18749994039535522
vt 0.125 0.125
vt 0.125 0.062499940395355225
vt 0.015625 0
vt 0.04687497019767761 0
vt 0.078125 0
vt 0.109375 0
vt 0.1406250298023224 0
vt 0.1718750298023224 0
vt 0.203125 0
vt 0.234375 0
vt 0.265625 0
vt 0.296875 0
vt 0.328125 0
vt 0.359375 0
vt 0.390625 0
vt 0.421875 0
vt 0.453125 0
vt 0.484375 0
vt 0.515625 0
vt 0.546875 0
vt 0.578125 0
vt 0.609375 0
vt 0.640625 0
vt 0.671875 0
vt 0.703125 0
vt 0.734375 0
vt 0.765625 0
vt 0.796875 0
vt 0.828125 0
vt 0.859375 0
vt 0.890625 0
vt 0.921875 0
vt 0.953125 0
vt 0.984375 0
vt 0.09375 0.9375000596046448
vt 0.09375 0.875
vt 0.09374997019767761 0.8125001192092896
vt 0.09375 0.7500000596046448
vt 0.09375 0.6875000596046448
vt 0.09375 0.6250001192092896
vt 0.09374997019767761 0.5625
vt 0.09374997019767761 0.5
vt 0.09374997019767761 0.4375
vt 0.09375 0.3749999403953552
vt 0.09375 0.3124999403953552
vt 0.09375 0.24999994039535522
vt 0.09374997019767761 0.18749994039535522
vt 0.09375 0.125
vt 0.09375 0.062499940395355225
vt 0.0625 0.9375000596046448
vt 0.0625 0.875
vt 0.0625 0.8125001192092896
vt 0.06250002980232239 0.7500000596046448
vt 0.0625 0.6875001192092896
vt 0.06250002980232239 0.6250001192092896
vt 0.0625 0.5625
vt 0.062499940395355225 0.5
vt 0.0625 0.4375
vt 0.06250002980232239 0.3749999403953552
vt 0.0625 0.31249988079071045
vt 0.06250002980232239 0.25
vt 0.0625 0.18749994039535522
vt 0.0625 0.125
vt 0.0625 0.062499940395355225
vt 0.03125 0.9375000596046448
vt 0.031249970197677612 0.8750000596046448
vt 0.031249970197677612 0.8125001192092896
vt 0.03125 0.7500000596046448
vt 0.031249970197677612 0.6875000596046448
vt 0.03125 0.6250000596046448
vt 0.031249970197677612 0.5625
vt 0.031249940395355225 0.5
vt 0.031249970197677612 0.4375
vt 0.03125 0.3749999403953552
vt 0.031249970197677612 0.3124999403953552
vt 0.03125 0.25
vt 0.031249970197677612 0.18749994039535522
vt 0.031249970197677612 0.125
vt 0.03125 0.062499940395355225
vt 0 0.9375000596046448
vt 1 0.9375000596046448
vt 0 0.8750000596046448
vt 1 0.8750000596046448
vt 0 0.8125001192092896
vt 1 0.8125001192092896
vt 0 0.7500000596046448
vt 1 0.7500000596046448
vt 0 0.6875000596046448
vt 1 0.6875000596046448
vt 0 0.6250001192092896
vt 1 0.6250001192092896
vt 0 0.5625
vt 1 0.5625
vt 0 0.5
vt 1 0.5
vt 0 0.4375
vt 1 0.4375
vt 0 0.3749999403953552
vt 1 0.3749999403953552
vt 0 0.3124999403953552
vt 1 0.3124999403953552
vt 0 0.24999994039535522
vt 1 0.24999994039535522
vt 0 0.18749994039535522
vt 1 0.18749994039535522
vt 0 0.125
vt 1 0.125
vt 0 0.062499940395355225
vt 1 0.062499940395355225
vt 0.96875 0.9375000596046448
vt 0.9687499403953552 0.8750000596046448
vt 0.9687499403953552 0.8125001192092896
vt 0.96875 0.7500000596046448
vt 0.9687499403953552 0.6875001192092896
vt 0.96875 0.6250001192092896
vt 0.9687499403953552 0.5625
vt 0.9687498807907104 0.5
vt 0.9687499403953552 0.4375
vt 0.96875 0.3749999403953552
vt 0.9687499403953552 0.31249988079071045
vt 0.96875 0.24999994039535522
vt 0.9687499403953552 0.18749994039535522
vt 0.9687499403953552 0.125
vt 0.96875 0.062499940395355225
vt 0.9375 0.9375000596046448
vt 0.9375 0.8750000596046448
vt 0.9374999403953552 0.8125001192092896
vt 0.9375 0.7500000596046448
vt 0.9374999403953552 0.6875001192092896
vt 0.9375 0.6250001192092896
vt 0.9374999403953552 0.5625000596046448
vt 0.9374998807907104 0.5
vt 0.9374999403953552 0.4375
vt 0.9375 0.3749999403953552
vt 0.9374999403953552 0.31249988079071045
vt 0.9375 0.24999994039535522
vt 0.9374999403953552 0.18749994039535522
vt 0.9375 0.125
vt 0.9375 0.062499940395355225
vt 0.90625 0.9375000596046448
vt 0.90625 0.8750000596046448
vt 0.9062499403953552 0.8125001192092896
vt 0.90625 0.7500000596046448
vt 0.90625 0.6875001192092896
vt 0.90625 0.6250001192092896
vt 0.9062499403953552 0.5625000596046448
vt 0.9062499403953552 0.5
vt 0.9062499403953552 0.4375
vt 0.90625 0.3749999403953552
vt 0.90625 0.31249988079071045
vt 0.90625 0.24999994039535522
vt 0.9062499403953552 0.18749994039535522
vt 0.90625 0.125
vt 0.90625 0.062499940395355225
vt 0.875 0.9375000596046448
vt 0.875 0.8750000596046448
vt 0.8749998807907104 0.8125001192092896
vt 0.875 0.7500000596046448
vt 0.8749999403953552 0.6875001192092896
vt 0.875 0.6250001192092896
vt 0.8749999403953552 0.5625000596046448
vt 0.8749998807907104 0.5
vt 0.8749999403953552 0.4375
vt 0.875 0.3749999403953552
vt 0.8749999403953552 0.31249988079071045
vt 0.875 0.24999994039535522
vt 0.8749998807907104 0.18749994039535522
vt 0.875 0.125
vt 0.875 0.062499940395355225
vt 0.84375 0.9375000596046448
vt 0.84375 0.8750000596046448
vt 0.8437499403953552 0.8125001788139343
vt 0.84375 0.7500000596046448
vt 0.8437499403953552 0.6875001192092896
vt 0.84375 0.6250001192092896
vt 0.8437499403953552 0.5625000596046448
vt 0.8437498807907104 0.5
vt 0.8437499403953552 0.4375
vt 0.84375 0.3749999403953552
vt 0.8437499403953552 0.31249988079071045
vt 0.84375 0.24999994039535522
vt 0.8437499403953552 0.18749982118606567
vt 0.84375 0.125
vt 0.84375 0.062499940395355225
vt 0.8125 0.9375001192092896
vt 0.8125 0.8750000596046448
vt 0.8124999403953552 0.8125001788139343
vt 0.8125 0.7500000596046448
vt 0.8124999403953552 0.6875001192092896
vt 0.8125 0.6250001192092896
vt 0.8124999403953552 0.5625000596046448
vt 0.8124999403953552 0.5
vt 0.8124999403953552 0.4375
vt 0.8125 0.3749999403953552
vt 0.8124999403953552 0.31249988079071045
vt 0.8125 0.24999994039535522
vt 0.8124999403953552 0.18749982118606567
vt 0.8125 0.125
vt 0.8125 0.06249988079071045
vt 0.78125 0.9375001192092896
vt 0.78125 0.8750000596046448
vt 0.7812499403953552 0.8125001788139343
vt 0.78125 0.7500000596046448
vt 0.7812499403953552 0.6875001192092896
vt 0.78125 0.6250001192092896
vt 0.7812499403953552 0.5625000596046448
vt 0.7812498807907104 0.5
vt 0.7812499403953552 0.4375
vt 0.78125 0.3749999403953552
vt 0.7812499403953552 0.31249988079071045
vt 0.78125 0.25
vt 0.7812499403953552 0.18749982118606567
vt 0.78125 0.125
vt 0.78125 0.06249988079071045
vt 0.75 0.9375001192092896
vt 0.7499999403953552 0.8750000596046448
vt 0.75 0.7500000596046448
vt 0.75 0.6250001192092896
vt 0.75 0.3749999403953552
vt 0.75 0.24999994039535522
vt 0.7499999403953552 0.18749982118606567
vt 0.7499999403953552 0.125
vt 0.75 0.06249988079071045
vn 0 0.8286190470656107 -0.5598128927061963
vn 0 0.5528064288259631 -0.8333096976806914
vn 0 0.19390405173765934 -0.9810204986236114
vn 0 0 -1
vn 0 -0.19390405173765934 -0.9810204986236114
vn 0 -0.5528064288259631 -0.8333096976806914
vn 0.039199977778675614 0.9795994078968938 -0.19709987770216034
vn 0.07570130785078881 0.9217158740508272 -0.3804065713317788
vn 0.10920526666010838 0.8286399149754393 -0.549026503042605
vn 0.1384964520087501 0.7040819194172716 -0.6964821487523415
vn 0.16259951017366372 0.5527983517932218 -0.8172976089197754
vn 0.18040240523169335 0.3805050387818563 -0.9070120658779783
vn 0.1913942702045596 0.19389419312957581 -0.9621711257377737
vn 0.19509681551477404 0 -0.9807839887436958
vn 0.1913942702045596 -0.19389419312957581 -0.9621711257377737
vn 0.18040240523169335 -0.3805050387818563 -0.9070120658779783
vn 0.16259951017366372 -0.5527983517932218 -0.8172976089197754
vn 0.1384964520087501 -0.7040819194172716 -0.6964821487523415
vn 0.10920526666010838 -0.8286399149754393 -0.549026503042605
vn 0.07570130785078881 -0.9217158740508272 -0.3804065713317788
vn 0.039199977778675614 -0.9795994078968938 -0.19709987770216034
vn 0.07689944937317349 0.9795930149554708 -0.18569867995371905
vn 0.1483996929467969 0.9216981622427437 -0.35839925899985514
vn 0.2142047753447711 0.8286184747374952 -0.5172115017506891
vn 0.2717865351931883 0.7040650700710124 -0.6560674175674192
vn 0.3188950277125942 0.5527913919779275 -0.7698880686536771
vn 0.353895613142971 0.38049528920124354 -0.8543893900873434
vn 0.3754183824243941 0.1939095045758539 -0.9063443838701701
vn 0.3826903247240456 0 -0.9238766775726099
vn 0.3754183824243941 -0.1939095045758539 -0.9063443838701701
vn 0.353895613142971 -0.38049528920124354 -0.8543893900873434
vn 0.3188950277125942 -0.5527913919779275 -0.7698880686536771
vn 0.2717865351931883 -0.7040650700710124 -0.6560674175674192
vn 0.2142047753447711 -0.8286184747374952 -0.5172115017506891
vn 0.1483996929467969 -0.9216981622427437 -0.35839925899985514
vn 0.07689944937317349 -0.9795930149554708 -0.18569867995371905
vn 0.11169913266686513 0.9795924298440185 -0.16709869883922426
vn 0.2155024377020967 0.9217104177724469 -0.32250365131916825
vn 0.3110161274605627 0.8286430438535257 -0.46542418752424
vn 0.3944847454700597 0.7040728100248936 -0.5904771492404022
vn 0.4629844449241084 0.5527814057072215 -0.6928766998988084
vn 0.5138057238911627 0.3805042035867942 -0.7689084660409572
vn 0.5450030884516421 0.19390109686750648 -0.8157046022989873
vn 0.5555767641517567 0 -0.831465248302455
vn 0.5450030884516421 -0.19390109686750648 -0.8157046022989873
vn 0.5138057238911627 -0.3805042035867942 -0.7689084660409572
vn 0.4629844449241084 -0.5527814057072215 -0.6928766998988084
vn 0.3944847454700597 -0.7040728100248936 -0.5904771492404022
vn 0.3110161274605627 -0.8286430438535257 -0.46542418752424
vn 0.2155024377020967 -0.9217104177724469 -0.32250365131916825
vn 0.11169913266686513 -0.9795924298440185 -0.16709869883922426
vn 0.14209992962367646 0.9795995202131801 -0.14209992962367646
vn 0.2742983734009355 0.9216945289515404 -0.2742983734009355
vn 0.39582113189144746 0.8286442319212431 -0.39582113189144746
vn 0.5021086268132019 0.7041121031196107 -0.5021086268132019
vn 0.5892596988241087 0.5527621682816592 -0.5892596988241087
vn 0.65391613864097 0.38050935238147204 -0.65391613864097
vn 0.6936873086173333 0.19389645619887244 -0.6936873086173333
vn 0.7071067811865476 0 -0.7071067811865476
vn 0.6936873086173333 -0.19389645619887244 -0.6936873086173333
vn 0.65391613864097 -0.38050935238147204 -0.65391613864097
vn 0.5892596988241087 -0.5527621682816592 -0.5892596988241087
vn 0.5021086268132019 -0.7041121031196107 -0.5021086268132019
vn 0.39582113189144746 -0.8286442319212431 -0.39582113189144746
vn 0.2742983734009355 -0.9216945289515404 -0.2742983734009355
vn 0.14209992962367646 -0.9795995202131801 -0.14209992962367646
vn 0.16709869883922426 0.9795924298440185 -0.11169913266686513
vn 0.32250365131916825 0.9217104177724469 -0.2155024377020967
vn 0.46542418752424 0.8286430438535257 -0.3110161274605627
vn 0.5904771492404022 0.7040728100248936 -0.3944847454700597
vn 0.6928766998988084 0.5527814057072215 -0.4629844449241084
vn 0.7689084660409572 0.3805042035867942 -0.5138057238911627
vn 0.8157046022989873 0.19390109686750648 -0.5450030884516421
vn 0.831465248302455 0 -0.5555767641517567
vn 0.8157046022989873 -0.19390109686750648 -0.5450030884516421
vn 0.7689084660409572 -0.3805042035867942 -0.5138057238911627
vn 0.6928766998988084 -0.5527814057072215 -0.4629844449241084
vn 0.5904771492404022 -0.7040728100248936 -0.3944847454700597
vn 0.46542418752424 -0.8286430438535257 -0.3110161274605627
vn 0.32250365131916825 -0.9217104177724469 -0.2155024377020967
vn 0.16709869883922426 -0.9795924298440185 -0.11169913266686513
vn 0 1 0
vn 0 1 0
vn 0 1 0
vn 0 1 0
vn 0 1 0
vn 0 1 0
vn 0 1 0
vn 0 1 0
vn 0 1 0
vn 0 1 0
vn 0 1 0
vn 0 1 0
vn 0 1 0
vn 0 1 0
vn 0 1 0
vn 0 1 0
vn 0 1 0
vn 0 1 0
vn 0 1 0
vn 0 1 0
vn 0 1 0
vn 0 1 0
vn 0 1 0
vn 0 1 0
vn 0 1 0
vn 0 1 0
vn 0 1 0
vn 0 1 0
vn 0 1 0
vn 0 1 0
vn 0 1 0
vn 0 1 0
vn 0.18569867995371905 0.9795930149554708 -0.07689944937317349
vn 0.3583992731972927 0.921698156187979 -0.14839969626428628
vn 0.5172115017506891 0.8286184747374952 -0.2142047753447711
vn 0.6560674175674192 0.7040650700710124 -0.2717865351931883
vn 0.7698880686536771 0.5527913919779275 -0.3188950277125942
vn 0.8543893900873434 0.38049528920124354 -0.353895613142971
vn 0.9063443838701701 0.1939095045758539 -0.3754183824243941
vn 0.9238766775726099 0 -0.3826903247240456
vn 0.9063443838701701 -0.1939095045758539 -0.3754183824243941
vn 0.8543893900873434 -0.38049528920124354 -0.353895613142971
vn 0.7698880686536771 -0.5527913919779275 -0.3188950277125942
vn 0.6560674175674192 -0.7040650700710124 -0.2717865351931883
vn 0.5172115017506891 -0.8286184747374952 -0.2142047753447711
vn 0.3583992731972927 -0.921698156187979 -0.14839969626428628
vn 0.18569867995371905 -0.9795930149554708 -0.07689944937317349
vn 0.19709987770216034 0.9795994078968938 -0.039199977778675614
vn 0.3804065713317788 0.9217158740508272 -0.07570130785078881
vn 0.549026503042605 0.8286399149754393 -0.10920526666010838
vn 0.6964821487523415 0.7040819194172716 -0.1384964520087501
vn 0.8172976176102729 0.5527983366458988 -0.16259951798852185
vn 0.9070120658779783 0.3805050387818563 -0.18040240523169335
vn 0.9621711257377737 0.19389419312957581 -0.1913942702045596
vn 0.9807839887436958 0 -0.19509681551477404
vn 0.9621711257377737 -0.19389419312957581 -0.1913942702045596
vn 0.9070120658779783 -0.3805050387818563 -0.18040240523169335
vn 0.8172976176102729 -0.5527983366458988 -0.16259951798852185
vn 0.6964821487523415 -0.7040819194172716 -0.1384964520087501
vn 0.549026503042605 -0.8286399149754393 -0.10920526666010838
vn 0.3804065713317788 -0.9217158740508272 -0.07570130785078881
vn 0.19709987770216034 -0.9795994078968938 -0.039199977778675614
vn 0.20099827388908198 0.979591595458847 0
vn 0.38790053123373475 0.9217012411126428 0
vn 0.5598128927061963 0.8286190470656107 0
vn 0.7101004083961057 0.7041004260726476 0
vn 0.8333096976806914 0.5528064288259631 0
vn 0.9247836782786549 0.38049329611624083 0
vn 0.9810204986236114 0.19390405173765934 0
vn 1 0 0
vn 0.9810204986236114 -0.19390405173765934 0
vn 0.9247836782786549 -0.38049329611624083 0
vn 0.8333096976806914 -0.5528064288259631 0
vn 0.7101004083961057 -0.7041004260726476 0
vn 0.5598128927061963 -0.8286190470656107 0
vn 0.38790053123373475 -0.9217012411126428 0
vn 0.20099827388908198 -0.979591595458847 0
vn 0.19709987770216034 0.9795994078968938 0.039199977778675614
vn 0.3804065713317788 0.9217158740508272 0.07570130785078881
vn 0.549026503042605 0.8286399149754393 0.10920526666010838
vn 0.6964821487523415 0.7040819194172716 0.1384964520087501
vn 0.8172976176102729 0.5527983366458988 0.16259951798852185
vn 0.9070120658779783 0.3805050387818563 0.18040240523169335
vn 0.9621711257377737 0.19389419312957581 0.1913942702045596
vn 0.9807839887436958 0 0.19509681551477404
vn 0.9621711257377737 -0.19389419312957581 0.1913942702045596
vn 0.9070120658779783 -0.3805050387818563 0.18040240523169335
vn 0.8172976176102729 -0.5527983366458988 0.16259951798852185
vn 0.6964821487523415 -0.7040819194172716 0.1384964520087501
vn 0.549026503042605 -0.8286399149754393 0.10920526666010838
vn 0.3804065713317788 -0.9217158740508272 0.07570130785078881
vn 0.19709987770216034 -0.9795994078968938 0.039199977778675614
vn 0.18569867995371905 0.9795930149554708 0.07689944937317349
vn 0.3583992731972927 0.921698156187979 0.14839969626428628
vn 0.5172115017506891 0.8286184747374952 0.2142047753447711
vn 0.6560674175674192 0.7040650700710124 0.2717865351931883
vn 0.7698880686536771 0.5527913919779275 0.3188950277125942
vn 0.8543893900873434 0.38049528920124354 0.353895613142971
vn 0.9063443838701701 0.1939095045758539 0.3754183824243941
vn 0.9238766775726099 0 0.3826903247240456
vn 0.9063443838701701 -0.1939095045758539 0.3754183824243941
vn 0.8543893900873434 -0.38049528920124354 0.353895613142971
vn 0.7698880686536771 -0.5527913919779275 0.3188950277125942
vn 0.6560674175674192 -0.7040650700710124 0.2717865351931883
vn 0.5172115017506891 -0.8286184747374952 0.2142047753447711
vn 0.3583992731972927 -0.921698156187979 0.14839969626428628
vn 0.18569867995371905 -0.9795930149554708 0.07689944937317349
vn 0.16709869883922426 0.9795924298440185 0.11169913266686513
vn 0.32250365131916825 0.9217104177724469 0.2155024377020967
vn 0.46542418752424 0.8286430438535257 0.3110161274605627
vn 0.5904771492404022 0.7040728100248936 0.3944847454700597
vn 0.6928766998988084 0.5527814057072215 0.4629844449241084
vn 0.7689084660409572 0.3805042035867942 0.5138057238911627
vn 0.8157046022989873 0.19390109686750648 0.5450030884516421
vn 0.831465248302455 0 0.5555767641517567
vn 0.8157046022989873 -0.19390109686750648 0.5450030884516421
vn 0.7689084660409572 -0.3805042035867942 0.5138057238911627
vn 0.6928766998988084 -0.5527814057072215 0.4629844449241084
vn 0.5904771492404022 -0.7040728100248936 0.3944847454700597
vn 0.46542418752424 -0.8286430438535257 0.3110161274605627
vn 0.32250365131916825 -0.9217104177724469 0.2155024377020967
vn 0.16709869883922426 -0.9795924298440185 0.11169913266686513
vn 0.14209992962367646 0.9795995202131801 0.14209992962367646
vn 0.2742983734009355 0.9216945289515404 0.2742983734009355
vn 0.39582113189144746 0.8286442319212431 0.39582113189144746
vn 0.5021086268132019 0.7041121031196107 0.5021086268132019
vn 0.5892596988241087 0.5527621682816592 0.5892596988241087
vn 0.65391613864097 0.38050935238147204 0.65391613864097
vn 0.6936873086173333 0.19389645619887244 0.6936873086173333
vn 0.7071067811865476 0 0.7071067811865476
vn 0.6936873086173333 -0.19389645619887244 0.6936873086173333
vn 0.65391613864097 -0.38050935238147204 0.65391613864097
vn 0.5892596988241087 -0.5527621682816592 0.5892596988241087
vn 0.5021086268132019 -0.7041121031196107 0.5021086268132019
vn 0.39582113189144746 -0.8286442319212431 0.39582113189144746
vn 0.2742983734009355 -0.9216945289515404 0.2742983734009355
vn 0.14209992962367646 -0.9795995202131801 0.14209992962367646
vn 0.11169913266686513 0.9795924298440185 0.16709869883922426
vn 0.2155024377020967 0.9217104177724469 0.32250365131916825
vn 0.3110161274605627 0.8286430438535257 0.46542418752424
vn 0.3944847454700597 0.7040728100248936 0.5904771492404022
vn 0.4629844449241084 0.5527814057072215 0.6928766998988084
vn 0.5138057238911627 0.3805042035867942 0.7689084660409572
vn 0.5450030884516421 0.19390109686750648 0.8157046022989873
vn 0.5555767641517567 0 0.831465248302455
vn 0.5450030884516421 -0.19390109686750648 0.8157046022989873
vn 0.5138057238911627 -0.3805042035867942 0.7689084660409572
vn 0.4629844449241084 -0.5527814057072215 0.6928766998988084
vn 0.3944847454700597 -0.7040728100248936 0.5904771492404022
vn 0.3110161274605627 -0.8286430438535257 0.46542418752424
vn 0.2155024377020967 -0.9217104177724469 0.32250365131916825
vn 0.11169913266686513 -0.9795924298440185 0.16709869883922426
vn 0.07689944937317349 0.9795930149554708 0.18569867995371905
vn 0.1483996929467969 0.9216981622427437 0.35839925899985514
vn 0.2142047753447711 0.8286184747374952 0.5172115017506891
vn 0.2717865351931883 0.7040650700710124 0.6560674175674192
vn 0.3188950277125942 0.5527913919779275 0.7698880686536771
vn 0.353895613142971 0.38049528920124354 0.8543893900873434
vn 0.3754183824243941 0.1939095045758539 0.9063443838701701
vn 0.3826903247240456 0 0.9238766775726099
vn 0.3754183824243941 -0.1939095045758539 0.9063443838701701
vn 0.353895613142971 -0.38049528920124354 0.8543893900873434
vn 0.3188950277125942 -0.5527913919779275 0.7698880686536771
vn 0.2717865351931883 -0.7040650700710124 0.6560674175674192
vn 0.2142047753447711 -0.8286184747374952 0.5172115017506891
vn 0.1483996929467969 -0.9216981622427437 0.35839925899985514
vn 0.07689944937317349 -0.9795930149554708 0.18569867995371905
vn 0.039199977778675614 0.9795994078968938 0.19709987770216034
vn 0.07570130785078881 0.9217158740508272 0.3804065713317788
vn 0.10920526666010838 0.8286399149754393 0.549026503042605
vn 0.1384964520087501 0.7040819194172716 0.6964821487523415
vn 0.16259951017366372 0.5527983517932218 0.8172976089197754
vn 0.18040240523169335 0.3805050387818563 0.9070120658779783
vn 0.1913942702045596 0.19389419312957581 0.9621711257377737
vn 0.19509681551477404 0 0.9807839887436958
vn 0.1913942702045596 -0.19389419312957581 0.9621711257377737
vn 0.18040240523169335 -0.3805050387818563 0.9070120658779783
vn 0.16259951017366372 -0.5527983517932218 0.8172976089197754
vn 0.1384964520087501 -0.7040819194172716 0.6964821487523415
vn 0.10920526666010838 -0.8286399149754393 0.549026503042605
vn 0.07570130785078881 -0.9217158740508272 0.3804065713317788
vn 0.039199977778675614 -0.9795994078968938 0.19709987770216034
vn 0 0.979591595458847 0.20099827388908198
vn 0 0.9217012411126428 0.38790053123373475
vn 0 0.8286190470656107 0.5598128927061963
vn 0 0.7041004260726476 0.7101004083961057
vn 0 0.5528064288259631 0.8333096976806914
vn 0 0.38049329611624083 0.9247836782786549
vn 0 0.19390405173765934 0.9810204986236114
vn 0 0 1
vn 0 -0.19390405173765934 0.9810204986236114
vn 0 -0.38049329611624083 0.9247836782786549
vn 0 -0.5528064288259631 0.8333096976806914
vn 0 -0.7041004260726476 0.7101004083961057
vn 0 -0.8286190470656107 0.5598128927061963
vn 0 -0.9217012411126428 0.38790053123373475
vn 0 -0.979591595458847 0.20099827388908198
vn -0.039199977778675614 0.9795994078968938 0.19709987770216034
vn -0.07570130785078881 0.9217158740508272 0.3804065713317788
vn -0.10920526666010838 0.8286399149754393 0.549026503042605
vn -0.1384964520087501 0.7040819194172716 0.6964821487523415
vn -0.16259951017366372 0.5527983517932218 0.8172976089197754
vn -0.18040240523169335 0.3805050387818563 0.9070120658779783
vn -0.1913942702045596 0.19389419312957581 0.9621711257377737
vn -0.19509681551477404 0 0.9807839887436958
vn -0.1913942702045596 -0.19389419312957581 0.9621711257377737
vn -0.18040240523169335 -0.3805050387818563 0.9070120658779783
vn -0.16259951017366372 -0.5527983517932218 0.8172976089197754
vn -0.1384964520087501 -0.7040819194172716 0.6964821487523415
vn -0.10920526666010838 -0.8286399149754393 0.549026503042605
vn -0.07570130785078881 -0.9217158740508272 0.3804065713317788
vn -0.039199977778675614 -0.9795994078968938 0.19709987770216034
vn -0.07689944937317349 0.9795930149554708 0.18569867995371905
vn -0.1483996929467969 0.9216981622427437 0.35839925899985514
vn -0.2142047753447711 0.8286184747374952 0.5172115017506891
vn -0.2717865351931883 0.7040650700710124 0.6560674175674192
vn -0.3188950277125942 0.5527913919779275 0.7698880686536771
vn -0.353895613142971 0.38049528920124354 0.8543893900873434
vn -0.3754183824243941 0.1939095045758539 0.9063443838701701
vn -0.3826903247240456 0 0.9238766775726099
vn -0.3754183824243941 -0.1939095045758539 0.9063443838701701
vn -0.353895613142971 -0.38049528920124354 0.8543893900873434
vn -0.3188950277125942 -0.5527913919779275 0.7698880686536771
vn -0.2717865351931883 -0.7040650700710124 0.6560674175674192
vn -0.2142047753447711 -0.8286184747374952 0.5172115017506891
vn -0.1483996929467969 -0.9216981622427437 0.35839925899985514
vn -0.07689944937317349 -0.9795930149554708 0.18569867995371905
vn -0.11169913266686513 0.9795924298440185 0.16709869883922426
vn -0.2155024377020967 0.9217104177724469 0.32250365131916825
vn -0.3110161274605627 0.8286430438535257 0.46542418752424
vn -0.3944847454700597 0.7040728100248936 0.5904771492404022
vn -0.4629844449241084 0.5527814057072215 0.6928766998988084
vn -0.5138057238911627 0.3805042035867942 0.7689084660409572
vn -0.5450030884516421 0.19390109686750648 0.8157046022989873
vn -0.5555767641517567 0 0.831465248302455
vn -0.5450030884516421 -0.19390109686750648 0.8157046022989873
vn -0.5138057238911627 -0.3805042035867942 0.7689084660409572
vn -0.4629844449241084 -0.5527814057072215 0.6928766998988084
vn -0.3944847454700597 -0.7040728100248936 0.5904771492404022
vn -0.3110161274605627 -0.8286430438535257 0.46542418752424
vn -0.2155024377020967 -0.9217104177724469 0.32250365131916825
vn -0.11169913266686513 -0.9795924298440185 0.16709869883922426
vn -0.14209992962367646 0.9795995202131801 0.14209992962367646
vn -0.2742983734009355 0.9216945289515404 0.2742983734009355
vn -0.39582113189144746 0.8286442319212431 0.39582113189144746
vn -0.5021086268132019 0.7041121031196107 0.5021086268132019
vn -0.5892596988241087 0.5527621682816592 0.5892596988241087
vn -0.65391613864097 0.38050935238147204 0.65391613864097
vn -0.6936873086173333 0.19389645619887244 0.6936873086173333
vn -0.7071067811865476 0 0.7071067811865476
vn -0.6936873086173333 -0.19389645619887244 0.6936873086173333
vn -0.65391613864097 -0.38050935238147204 0.65391613864097
vn -0.5892596988241087 -0.5527621682816592 0.5892596988241087
vn -0.5021086268132019 -0.7041121031196107 0.5021086268132019
vn -0.39582113189144746 -0.8286442319212431 0.39582113189144746
vn -0.2742983734009355 -0.9216945289515404 0.2742983734009355
vn -0.14209992962367646 -0.9795995202131801 0.14209992962367646
vn 0 -1 0
vn 0 -1 0
vn 0 -1 0
vn 0 -1 0
vn 0 -1 0
vn 0 -1 0
vn 0 -1 0
vn 0 -1 0
vn 0 -1 0
vn 0 -1 0
vn 0 -1 0
vn 0 -1 0
vn 0 -1 0
vn 0 -1 0
vn 0 -1 0
vn 0 -1 0
vn 0 -1 0
vn 0 -1 0
vn 0 -1 0
vn 0 -1 0
vn 0 -1 0
vn 0 -1 0
vn 0 -1 0
vn 0 -1 0
vn 0 -1 0
vn 0 -1 0
vn 0 -1 0
vn 0 -1 0
vn 0 -1 0
vn 0 -1 0
vn 0 -1 0
vn 0 -1 0
vn -0.16709869883922426 0.9795924298440185 0.11169913266686513
vn -0.32250365131916825 0.9217104177724469 0.2155024377020967
vn -0.46542418752424 0.8286430438535257 0.3110161274605627
vn -0.5904771492404022 0.7040728100248936 0.3944847454700597
vn -0.6928766998988084 0.5527814057072215 0.4629844449241084
vn -0.7689084660409572 0.3805042035867942 0.5138057238911627
vn -0.8157046022989873 0.19390109686750648 0.5450030884516421
vn -0.831465248302455 0 0.5555767641517567
vn -0.8157046022989873 -0.19390109686750648 0.5450030884516421
vn -0.7689084660409572 -0.3805042035867942 0.5138057238911627
vn -0.6928766998988084 -0.5527814057072215 0.4629844449241084
vn -0.5904771492404022 -0.7040728100248936 0.3944847454700597
vn -0.46542418752424 -0.8286430438535257 0.3110161274605627
vn -0.32250365131916825 -0.9217104177724469 0.2155024377020967
vn -0.16709869883922426 -0.9795924298440185 0.11169913266686513
vn -0.18569867995371905 0.9795930149554708 0.07689944937317349
vn -0.3583992731972927 0.921698156187979 0.14839969626428628
vn -0.5172115017506891 0.8286184747374952 0.2142047753447711
vn -0.6560674175674192 0.7040650700710124 0.2717865351931883
vn -0.7698880686536771 0.5527913919779275 0.3188950277125942
vn -0.8543893900873434 0.38049528920124354 0.353895613142971
vn -0.9063443838701701 0.1939095045758539 0.3754183824243941
vn -0.9238766775726099 0 0.3826903247240456
vn -0.9063443838701701 -0.1939095045758539 0.3754183824243941
vn -0.8543893900873434 -0.38049528920124354 0.353895613142971
vn -0.7698880686536771 -0.5527913919779275 0.3188950277125942
vn -0.6560674175674192 -0.7040650700710124 0.2717865351931883
vn -0.5172115017506891 -0.8286184747374952 0.2142047753447711
vn -0.3583992731972927 -0.921698156187979 0.14839969626428628
vn -0.18569867995371905 -0.9795930149554708 0.07689944937317349
vn -0.19709987770216034 0.9795994078968938 0.039199977778675614
vn -0.3804065713317788 0.9217158740508272 0.07570130785078881
vn -0.549026503042605 0.8286399149754393 0.10920526666010838
vn -0.6964821487523415 0.7040819194172716 0.1384964520087501
vn -0.8172976176102729 0.5527983366458988 0.16259951798852185
vn -0.9070120658779783 0.3805050387818563 0.18040240523169335
vn -0.9621711257377737 0.19389419312957581 0.1913942702045596
vn -0.9807839887436958 0 0.19509681551477404
vn -0.9621711257377737 -0.19389419312957581 0.1913942702045596
vn -0.9070120658779783 -0.3805050387818563 0.18040240523169335
vn -0.8172976176102729 -0.5527983366458988 0.16259951798852185
vn -0.6964821487523415 -0.7040819194172716 0.1384964520087501
vn -0.549026503042605 -0.8286399149754393 0.10920526666010838
vn -0.3804065713317788 -0.9217158740508272 0.07570130785078881
vn -0.19709987770216034 -0.9795994078968938 0.039199977778675614
vn -0.20099827388908198 0.979591595458847 0
vn -0.20099827388908198 0.979591595458847 0
vn -0.38790053123373475 0.9217012411126428 0
vn -0.38790053123373475 0.9217012411126428 0
vn -0.5598128927061963 0.8286190470656107 0
vn -0.5598128927061963 0.8286190470656107 0
vn -0.7101004083961057 0.7041004260726476 0
vn -0.7101004083961057 0.7041004260726476 0
vn -0.8333096976806914 0.5528064288259631 0
vn -0.8333096976806914 0.5528064288259631 0
vn -0.9247836782786549 0.38049329611624083 0
vn -0.9247836782786549 0.38049329611624083 0
vn -0.9810204986236114 0.19390405173765934 0
vn -0.9810204986236114 0.19390405173765934 0
vn -1 0 0
vn -1 0 0
vn -0.9810204986236114 -0.19390405173765934 0
vn -0.9810204986236114 -0.19390405173765934 0
vn -0.9247836782786549 -0.38049329611624083 0
vn -0.9247836782786549 -0.38049329611624083 0
vn -0.8333096976806914 -0.5528064288259631 0
vn -0.8333096976806914 -0.5528064288259631 0
vn -0.7101004083961057 -0.7041004260726476 0
vn -0.7101004083961057 -0.7041004260726476 0
vn -0.5598128927061963 -0.8286190470656107 0
vn -0.5598128927061963 -0.8286190470656107 0
vn -0.38790053123373475 -0.9217012411126428 0
vn -0.38790053123373475 -0.9217012411126428 0
vn -0.20099827388908198 -0.979591595458847 0
vn -0.20099827388908198 -0.979591595458847 0
vn -0.19709987770216034 0.9795994078968938 -0.039199977778675614
vn -0.3804065713317788 0.9217158740508272 -0.07570130785078881
vn -0.549026503042605 0.8286399149754393 -0.10920526666010838
vn -0.6964821487523415 0.7040819194172716 -0.1384964520087501
vn -0.8172976176102729 0.5527983366458988 -0.16259951798852185
vn -0.9070120658779783 0.3805050387818563 -0.18040240523169335
vn -0.9621711257377737 0.19389419312957581 -0.1913942702045596
vn -0.9807839887436958 0 -0.19509681551477404
vn -0.9621711257377737 -0.19389419312957581 -0.1913942702045596
vn -0.9070120658779783 -0.3805050387818563 -0.18040240523169335
vn -0.8172976176102729 -0.5527983366458988 -0.16259951798852185
vn -0.6964821487523415 -0.7040819194172716 -0.1384964520087501
vn -0.549026503042605 -0.8286399149754393 -0.10920526666010838
vn -0.3804065713317788 -0.9217158740508272 -0.07570130785078881
vn -0.19709987770216034 -0.9795994078968938 -0.039199977778675614
vn -0.18569867995371905 0.9795930149554708 -0.07689944937317349
vn -0.3583992731972927 0.921698156187979 -0.14839969626428628
vn -0.5172115017506891 0.8286184747374952 -0.2142047753447711
vn -0.6560674175674192 0.7040650700710124 -0.2717865351931883
vn -0.7698880686536771 0.5527913919779275 -0.3188950277125942
vn -0.8543893900873434 0.38049528920124354 -0.353895613142971
vn -0.9063443838701701 0.1939095045758539 -0.3754183824243941
vn -0.9238766775726099 0 -0.3826903247240456
vn -0.9063443838701701 -0.1939095045758539 -0.3754183824243941
vn -0.8543893900873434 -0.38049528920124354 -0.353895613142971
vn -0.7698880686536771 -0.5527913919779275 -0.3188950277125942
vn -0.6560674175674192 -0.7040650700710124 -0.2717865351931883
vn -0.5172115017506891 -0.8286184747374952 -0.2142047753447711
vn -0.3583992731972927 -0.921698156187979 -0.14839969626428628
vn -0.18569867995371905 -0.9795930149554708 -0.07689944937317349
vn -0.16709869883922426 0.9795924298440185 -0.11169913266686513
vn -0.32250365131916825 0.9217104177724469 -0.2155024377020967
vn -0.46542418752424 0.8286430438535257 -0.3110161274605627
vn -0.5904771492404022 0.7040728100248936 -0.3944847454700597
vn -0.6928766998988084 0.5527814057072215 -0.4629844449241084
vn -0.7689084660409572 0.3805042035867942 -0.5138057238911627
vn -0.8157046022989873 0.19390109686750648 -0.5450030884516421
vn -0.831465248302455 0 -0.5555767641517567
vn -0.8157046022989873 -0.19390109686750648 -0.5450030884516421
vn -0.7689084660409572 -0.3805042035867942 -0.5138057238911627
vn -0.6928766998988084 -0.5527814057072215 -0.4629844449241084
vn -0.5904771492404022 -0.7040728100248936 -0.3944847454700597
vn -0.46542418752424 -0.8286430438535257 -0.3110161274605627
vn -0.32250365131916825 -0.9217104177724469 -0.2155024377020967
vn -0.16709869883922426 -0.9795924298440185 -0.11169913266686513
vn -0.14209992962367646 0.9795995202131801 -0.14209992962367646
vn -0.2742983734009355 0.9216945289515404 -0.2742983734009355
vn -0.39582113189144746 0.8286442319212431 -0.39582113189144746
vn -0.5021086268132019 0.7041121031196107 -0.5021086268132019
vn -0.5892596988241087 0.5527621682816592 -0.5892596988241087
vn -0.65391613864097 0.38050935238147204 -0.65391613864097
vn -0.6936873086173333 0.19389645619887244 -0.6936873086173333
vn -0.7071067811865476 0 -0.7071067811865476
vn -0.6936873086173333 -0.19389645619887244 -0.6936873086173333
vn -0.65391613864097 -0.38050935238147204 -0.65391613864097
vn -0.5892596988241087 -0.5527621682816592 -0.5892596988241087
vn -0.5021086268132019 -0.7041121031196107 -0.5021086268132019
vn -0.39582113189144746 -0.8286442319212431 -0.39582113189144746
vn -0.2742983734009355 -0.9216945289515404 -0.2742983734009355
vn -0.14209992962367646 -0.9795995202131801 -0.14209992962367646
vn -0.11169913266686513 0.9795924298440185 -0.16709869883922426
vn -0.2155024377020967 0.9217104177724469 -0.32250365131916825
vn -0.3110161274605627 0.8286430438535257 -0.46542418752424
vn -0.3944847454700597 0.7040728100248936 -0.5904771492404022
vn -0.4629844449241084 0.5527814057072215 -0.6928766998988084
vn -0.5138057238911627 0.3805042035867942 -0.7689084660409572
vn -0.5450030884516421 0.19390109686750648 -0.8157046022989873
vn -0.5555767641517567 0 -0.831465248302455
vn -0.5450030884516421 -0.19390109686750648 -0.8157046022989873
vn -0.5138057238911627 -0.3805042035867942 -0.7689084660409572
vn -0.4629844449241084 -0.5527814057072215 -0.6928766998988084
vn -0.3944847454700597 -0.7040728100248936 -0.5904771492404022
vn -0.3110161274605627 -0.8286430438535257 -0.46542418752424
vn -0.2155024377020967 -0.9217104177724469 -0.32250365131916825
vn -0.11169913266686513 -0.9795924298440185 -0.16709869883922426
vn -0.07689944937317349 0.9795930149554708 -0.18569867995371905
vn -0.1483996929467969 0.9216981622427437 -0.35839925899985514
vn -0.2142047753447711 0.8286184747374952 -0.5172115017506891
vn -0.2717865351931883 0.7040650700710124 -0.6560674175674192
vn -0.3188950277125942 0.5527913919779275 -0.7698880686536771
vn -0.353895613142971 0.38049528920124354 -0.8543893900873434
vn -0.3754183824243941 0.1939095045758539 -0.9063443838701701
vn -0.3826903247240456 0 -0.9238766775726099
vn -0.3754183824243941 -0.1939095045758539 -0.9063443838701701
vn -0.353895613142971 -0.38049528920124354 -0.8543893900873434
vn -0.3188950277125942 -0.5527913919779275 -0.7698880686536771
vn -0.2717865351931883 -0.7040650700710124 -0.6560674175674192
vn -0.2142047753447711 -0.8286184747374952 -0.5172115017506891
vn -0.1483996929467969 -0.9216981622427437 -0.35839925899985514
vn -0.07689944937317349 -0.9795930149554708 -0.18569867995371905
vn -0.039199977778675614 0.9795994078968938 -0.19709987770216034
vn -0.07570130785078881 0.9217158740508272 -0.3804065713317788
vn -0.10920526666010838 0.8286399149754393 -0.549026503042605
vn -0.1384964520087501 0.7040819194172716 -0.6964821487523415
vn -0.16259951017366372 0.5527983517932218 -0.8172976089197754
vn -0.18040240523169335 0.3805050387818563 -0.9070120658779783
vn -0.1913942702045596 0.19389419312957581 -0.9621711257377737
vn -0.19509681551477404 0 -0.9807839887436958
vn -0.1913942702045596 -0.19389419312957581 -0.9621711257377737
vn -0.18040240523169335 -0.3805050387818563 -0.9070120658779783
vn -0.16259951017366372 -0.5527983517932218 -0.8172976089197754
vn -0.1384964520087501 -0.7040819194172716 -0.6964821487523415
vn -0.10920526666010838 -0.8286399149754393 -0.549026503042605
vn -0.07570130785078881 -0.9217158740508272 -0.3804065713317788
vn -0.039199977778675614 -0.9795994078968938 -0.19709987770216034
vn 0 0.979591595458847 -0.20099827388908198
vn 0 0.9217012411126428 -0.38790053123373475
vn 0 0.7041004260726476 -0.7101004083961057
vn 0 0.38049329611624083 -0.9247836782786549
vn 0 -0.38049329611624083 -0.9247836782786549
vn 0 -0.7041004260726476 -0.7101004083961057
vn 0 -0.8286190470656107 -0.5598128927061963
vn 0 -0.9217012411126428 -0.38790053123373475
vn 0 -0.979591595458847 -0.20099827388908198
f 558/558/558 557/557/557 19/19/19
f 558/558/558 19/19/19 20/20/20
f 3/3/3 554/554/554 12/12/12
f 3/3/3 12/12/12 13/13/13
f 559/559/559 558/558/558 20/20/20
f 559/559/559 20/20/20 21/21/21
f 4/4/4 3/3/3 13/13/13
f 4/4/4 13/13/13 14/14/14
f 551/551/551 105/105/105 7/7/7
f 362/362/362 559/559/559 21/21/21
f 5/5/5 4/4/4 14/14/14
f 5/5/5 14/14/14 15/15/15
f 552/552/552 551/551/551 7/7/7
f 552/552/552 7/7/7 8/8/8
f 555/555/555 5/5/5 15/15/15
f 555/555/555 15/15/15 16/16/16
f 1/1/1 552/552/552 8/8/8
f 1/1/1 8/8/8 9/9/9
f 6/6/6 555/555/555 16/16/16
f 6/6/6 16/16/16 17/17/17
f 553/553/553 1/1/1 9/9/9
f 553/553/553 9/9/9 10/10/10
f 556/556/556 6/6/6 17/17/17
f 556/556/556 17/17/17 18/18/18
f 2/2/2 553/553/553 10/10/10
f 2/2/2 10/10/10 11/11/11
f 557/557/557 556/556/556 18/18/18
f 557/557/557 18/18/18 19/19/19
f 554/554/554 2/2/2 11/11/11
f 554/554/554 11/11/11 12/12/12
f 19/19/19 18/18/18 33/33/33
f 19/19/19 33/33/33 34/34/34
f 12/12/12 11/11/11 26/26/26
f 12/12/12 26/26/26 27/27/27
f 20/20/20 19/19/19 34/34/34
f 20/20/20 34/34/34 35/35/35
f 13/13/13 12/12/12 27/27/27
f 13/13/13 27/27/27 28/28/28
f 21/21/21 20/20/20 35/35/35
f 21/21/21 35/35/35 36/36/36
f 14/14/14 13/13/13 28/28/28
f 14/14/14 28/28/28 29/29/29
f 7/7/7 104/104/104 22/22/22
f 361/361/361 21/21/21 36/36/36
f 15/15/15 14/14/14 29/29/29
f 15/15/15 29/29/29 30/30/30
f 8/8/8 7/7/7 22/22/22
f 8/8/8 22/22/22 23/23/23
f 16/16/16 15/15/15 30/30/30
f 16/16/16 30/30/30 31/31/31
f 9/9/9 8/8/8 23/23/23
f 9/9/9 23/23/23 24/24/24
f 17/17/17 16/16/16 31/31/31
f 17/17/17 31/31/31 32/32/32
f 10/10/10 9/9/9 24/24/24
f 10/10/10 24/24/24 25/25/25
f 18/18/18 17/17/17 32/32/32
f 18/18/18 32/32/32 33/33/33
f 11/11/11 10/10/10 25/25/25
f 11/11/11 25/25/25 26/26/26
f 23/23/23 22/22/22 37/37/37
f 23/23/23 37/37/37 38/38/38
f 31/31/31 30/30/30 45/45/45
f 31/31/31 45/45/45 46/46/46
f 24/24/24 23/23/23 38/38/38
f 24/24/24 38/38/38 39/39/39
f 32/32/32 31/31/31 46/46/46
f 32/32/32 46/46/46 47/47/47
f 25/25/25 24/24/24 39/39/39
f 25/25/25 39/39/39 40/40/40
f 33/33/33 32/32/32 47/47/47
f 33/33/33 47/47/47 48/48/48
f 26/26/26 25/25/25 40/40/40
f 26/26/26 40/40/40 41/41/41
f 34/34/34 33/33/33 48/48/48
f 34/34/34 48/48/48 49/49/49
f 27/27/27 26/26/26 41/41/41
f 27/27/27 41/41/41 42/42/42
f 35/35/35 34/34/34 49/49/49
f 35/35/35 49/49/49 50/50/50
f 28/28/28 27/27/27 42/42/42
f 28/28/28 42/42/42 43/43/43
f 36/36/36 35/35/35 50/50/50
f 36/36/36 50/50/50 51/51/51
f 29/29/29 28/28/28 43/43/43
f 29/29/29 43/43/43 44/44/44
f 22/22/22 103/103/103 37/37/37
f 360/360/360 36/36/36 51/51/51
f 30/30/30 29/29/29 44/44/44
f 30/30/30 44/44/44 45/45/45
f 42/42/42 41/41/41 56/56/56
f 42/42/42 56/56/56 57/57/57
f 50/50/50 49/49/49 64/64/64
f 50/50/50 64/64/64 65/65/65
f 43/43/43 42/42/42 57/57/57
f 43/43/43 57/57/57 58/58/58
f 51/51/51 50/50/50 65/65/65
f 51/51/51 65/65/65 66/66/66
f 44/44/44 43/43/43 58/58/58
f 44/44/44 58/58/58 59/59/59
f 37/37/37 102/102/102 52/52/52
f 359/359/359 51/51/51 66/66/66
f 45/45/45 44/44/44 59/59/59
f 45/45/45 59/59/59 60/60/60
f 38/38/38 37/37/37 52/52/52
f 38/38/38 52/52/52 53/53/53
f 46/46/46 45/45/45 60/60/60
f 46/46/46 60/60/60 61/61/61
f 39/39/39 38/38/38 53/53/53
f 39/39/39 53/53/53 54/54/54
f 47/47/47 46/46/46 61/61/61
f 47/47/47 61/61/61 62/62/62
f 40/40/40 39/39/39 54/54/54
f 40/40/40 54/54/54 55/55/55
f 48/48/48 47/47/47 62/62/62
f 48/48/48 62/62/62 63/63/63
f 41/41/41 40/40/40 55/55/55
f 41/41/41 55/55/55 56/56/56
f 49/49/49 48/48/48 63/63/63
f 49/49/49 63/63/63 64/64/64
f 61/61/61 60/60/60 75/75/75
f 61/61/61 75/75/75 76/76/76
f 54/54/54 53/53/53 68/68/68
f 54/54/54 68/68/68 69/69/69
f 62/62/62 61/61/61 76/76/76
f 62/62/62 76/76/76 77/77/77
f 55/55/55 54/54/54 69/69/69
f 55/55/55 69/69/69 70/70/70
f 63/63/63 62/62/62 77/77/77
f 63/63/63 77/77/77 78/78/78
f 56/56/56 55/55/55 70/70/70
f 56/56/56 70/70/70 71/71/71
f 64/64/64 63/63/63 78/78/78
f 64/64/64 78/78/78 79/79/79
f 57/57/57 56/56/56 71/71/71
f 57/57/57 71/71/71 72/72/72
f 65/65/65 64/64/64 79/79/79
f 65/65/65 79/79/79 80/80/80
f 58/58/58 57/57/57 72/72/72
f 58/58/58 72/72/72 73/73/73
f 66/66/66 65/65/65 80/80/80
f 66/66/66 80/80/80 81/81/81
f 59/59/59 58/58/58 73/73/73
f 59/59/59 73/73/73 74/74/74
f 52/52/52 101/101/101 67/67/67
f 358/358/358 66/66/66 81/81/81
f 60/60/60 59/59/59 74/74/74
f 60/60/60 74/74/74 75/75/75
f 53/53/53 52/52/52 67/67/67
f 53/53/53 67/67/67 68/68/68
f 80/80/80 79/79/79 126/126/126
f 80/80/80 126/126/126 127/127/127
f 73/73/73 72/72/72 119/119/119
f 73/73/73 119/119/119 120/120/120
f 81/81/81 80/80/80 127/127/127
f 81/81/81 127/127/127 128/128/128
f 74/74/74 73/73/73 120/120/120
f 74/74/74 120/120/120 121/121/121
f 67/67/67 100/100/100 114/114/114
f 357/357/357 81/81/81 128/128/128
f 75/75/75 74/74/74 121/121/121
f 75/75/75 121/121/121 122/122/122
f 68/68/68 67/67/67 114/114/114
f 68/68/68 114/114/114 115/115/115
f 76/76/76 75/75/75 122/122/122
f 76/76/76 122/122/122 123/123/123
f 69/69/69 68/68/68 115/115/115
f 69/69/69 115/115/115 116/116/116
f 77/77/77 76/76/76 123/123/123
f 77/77/77 123/123/123 124/124/124
f 70/70/70 69/69/69 116/116/116
f 70/70/70 116/116/116 117/117/117
f 78/78/78 77/77/77 124/124/124
f 78/78/78 124/124/124 125/125/125
f 71/71/71 70/70/70 117/117/117
f 71/71/71 117/117/117 118/118/118
f 79/79/79 78/78/78 125/125/125
f 79/79/79 125/125/125 126/126/126
f 72/72/72 71/71/71 118/118/118
f 72/72/72 118/118/118 119/119/119
f 116/116/116 115/115/115 130/130/130
f 116/116/116 130/130/130 131/131/131
f 124/124/124 123/123/123 138/138/138
f 124/124/124 138/138/138 139/139/139
f 117/117/117 116/116/116 131/131/131
f 117/117/117 131/131/131 132/132/132
f 125/125/125 124/124/124 139/139/139
f 125/125/125 139/139/139 140/140/140
f 118/118/118 117/117/117 132/132/132
f 118/118/118 132/132/132 133/133/133
f 126/126/126 125/125/125 140/140/140
f 126/126/126 140/140/140 141/141/141
f 119/119/119 118/118/118 133/133/133
f 119/119/119 133/133/133 134/134/134
f 127/127/127 126/126/126 141/141/141
f 127/127/127 141/141/141 142/142/142
f 120/120/120 119/119/119 134/134/134
f 120/120/120 134/134/134 135/135/135
f 128/128/128 127/127/127 142/142/142
f 128/128/128 142/142/142 143/143/143
f 121/121/121 120/120/120 135/135/135
f 121/121/121 135/135/135 136/136/136
f 114/114/114 99/99/99 129/129/129
f 356/356/356 128/128/128 143/143/143
f 122/122/122 121/121/121 136/136/136
f 122/122/122 136/136/136 137/137/137
f 115/115/115 114/114/114 129/129/129
f 115/115/115 129/129/129 130/130/130
f 123/123/123 122/122/122 137/137/137
f 123/123/123 137/137/137 138/138/138
f 135/135/135 134/134/134 149/149/149
f 135/135/135 149/149/149 150/150/150
f 143/143/143 142/142/142 157/157/157
f 143/143/143 157/157/157 158/158/158
f 136/136/136 135/135/135 150/150/150
f 136/136/136 150/150/150 151/151/151
f 129/129/129 98/98/98 144/144/144
f 355/355/355 143/143/143 158/158/158
f 137/137/137 136/136/136 151/151/151
f 137/137/137 151/151/151 152/152/152
f 130/130/130 129/129/129 144/144/144
f 130/130/130 144/144/144 145/145/145
f 138/138/138 137/137/137 152/152/152
f 138/138/138 152/152/152 153/153/153
f 131/131/131 130/130/130 145/145/145
f 131/131/131 145/145/145 146/146/146
f 139/139/139 138/138/138 153/153/153
f 139/139/139 153/153/153 154/154/154
f 132/132/132 131/131/131 146/146/146
f 132/132/132 146/146/146 147/147/147
f 140/140/140 139/139/139 154/154/154
f 140/140/140 154/154/154 155/155/155
f 133/133/133 132/132/132 147/147/147
f 133/133/133 147/147/147 148/148/148
f 141/141/141 140/140/140 155/155/155
f 141/141/141 155/155/155 156/156/156
f 134/134/134 133/133/133 148/148/148
f 134/134/134 148/148/148 149/149/149
f 142/142/142 141/141/141 156/156/156
f 142/142/142 156/156/156 157/157/157
f 154/154/154 153/153/153 168/168/168
f 154/154/154 168/168/168 169/169/169
f 147/147/147 146/146/146 161/161/161
f 147/147/147 161/161/161 162/162/162
f 155/155/155 154/154/154 169/169/169
f 155/155/155 169/169/169 170/170/170
f 148/148/148 147/147/147 162/162/162
f 148/148/148 162/162/162 163/163/163
f 156/156/156 155/155/155 170/170/170
f 156/156/156 170/170/170 171/171/171
f 149/149/149 148/148/148 163/163/163
f 149/149/149 163/163/163 164/164/164
f 157/157/157 156/156/156 171/171/171
f 157/157/157 171/171/171 172/172/172
f 150/150/150 149/149/149 164/164/164
f 150/150/150 164/164/164 165/165/165
f 158/158/158 157/157/157 172/172/172
f 158/158/158 172/172/172 173/173/173
f 151/151/151 150/150/150 165/165/165
f 151/151/151 165/165/165 166/166/166
f 144/144/144 97/97/97 159/159/159
f 354/354/354 158/158/158 173/173/173
f 152/152/152 151/151/151 166/166/166
f 152/152/152 166/166/166 167/167/167
f 145/145/145 144/144/144 159/159/159
f 145/145/145 159/159/159 160/160/160
f 153/153/153 152/152/152 167/167/167
f 153/153/153 167/167/167 168/168/168
f 146/146/146 145/145/145 160/160/160
f 146/146/146 160/160/160 161/161/161
f 173/173/173 172/172/172 187/187/187
f 173/173/173 187/187/187 188/188/188
f 166/166/166 165/165/165 180/180/180
f 166/166/166 180/180/180 181/181/181
f 159/159/159 96/96/96 174/174/174
f 353/353/353 173/173/173 188/188/188
f 167/167/167 166/166/166 181/181/181
f 167/167/167 181/181/181 182/182/182
f 160/160/160 159/159/159 174/174/174
f 160/160/160 174/174/174 175/175/175
f 168/168/168 167/167/167 182/182/182
f 168/168/168 182/182/182 183/183/183
f 161/161/161 160/160/160 175/175/175
f 161/161/161 175/175/175 176/176/176
f 169/169/169 168/168/168 183/183/183
f 169/169/169 183/183/183 184/184/184
f 162/162/162 161/161/161 176/176/176
f 162/162/162 176/176/176 177/177/177
f 170/170/170 169/169/169 184/184/184
f 170/170/170 184/184/184 185/185/185
f 163/163/163 162/162/162 177/177/177
f 163/163/163 177/177/177 178/178/178
f 171/171/171 170/170/170 185/185/185
f 171/171/171 185/185/185 186/186/186
f 164/164/164 163/163/163 178/178/178
f 164/164/164 178/178/178 179/179/179
f 172/172/172 171/171/171 186/186/186
f 172/172/172 186/186/186 187/187/187
f 165/165/165 164/164/164 179/179/179
f 165/165/165 179/179/179 180/180/180
f 185/185/185 184/184/184 199/199/199
f 185/185/185 199/199/199 200/200/200
f 178/178/178 177/177/177 192/192/192
f 178/178/178 192/192/192 193/193/193
f 186/186/186 185/185/185 200/200/200
f 186/186/186 200/200/200 201/201/201
f 179/179/179 178/178/178 193/193/193
f 179/179/179 193/193/193 194/194/194
f 187/187/187 186/186/186 201/201/201
f 187/187/187 201/201/201 202/202/202
f 180/180/180 179/179/179 194/194/194
f 180/180/180 194/194/194 195/195/195
f 188/188/188 187/187/187 202/202/202
f 188/188/188 202/202/202 203/203/203
f 181/181/181 180/180/180 195/195/195
f 181/181/181 195/195/195 196/196/196
f 174/174/174 95/95/95 189/189/189
f 352/352/352 188/188/188 203/203/203
f 182/182/182 181/181/181 196/196/196
f 182/182/182 196/196/196 197/197/197
f 175/175/175 174/174/174 189/189/189
f 175/175/175 189/189/189 190/190/190
f 183/183/183 182/182/182 197/197/197
f 183/183/183 197/197/197 198/198/198
f 176/176/176 175/175/175 190/190/190
f 176/176/176 190/190/190 191/191/191
f 184/184/184 183/183/183 198/198/198
f 184/184/184 198/198/198 199/199/199
f 177/177/177 176/176/176 191/191/191
f 177/177/177 191/191/191 192/192/192
f 189/189/189 94/94/94 204/204/204
f 351/351/351 203/203/203 218/218/218
f 197/197/197 196/196/196 211/211/211
f 197/197/197 211/211/211 212/212/212
f 190/190/190 189/189/189 204/204/204
f 190/190/190 204/204/204 205/205/205
f 198/198/198 197/197/197 212/212/212
f 198/198/198 212/212/212 213/213/213
f 191/191/191 190/190/190 205/205/205
f 191/191/191 205/205/205 206/206/206
f 199/199/199 198/198/198 213/213/213
f 199/199/199 213/213/213 214/214/214
f 192/192/192 191/191/191 206/206/206
f 192/192/192 206/206/206 207/207/207
f 200/200/200 199/199/199 214/214/214
f 200/200/200 214/214/214 215/215/215
f 193/193/193 192/192/192 207/207/207
f 193/193/193 207/207/207 208/208/208
f 201/201/201 200/200/200 215/215/215
f 201/201/201 215/215/215 216/216/216
f 194/194/194 193/193/193 208/208/208
f 194/194/194 208/208/208 209/209/209
f 202/202/202 201/201/201 216/216/216
f 202/202/202 216/216/216 217/217/217
f 195/195/195 194/194/194 209/209/209
f 195/195/195 209/209/209 210/210/210
f 203/203/203 202/202/202 217/217/217
f 203/203/203 217/217/217 218/218/218
f 196/196/196 195/195/195 210/210/210
f 196/196/196 210/210/210 211/211/211
f 208/208/208 207/207/207 222/222/222
f 208/208/208 222/222/222 223/223/223
f 216/216/216 215/215/215 230/230/230
f 216/216/216 230/230/230 231/231/231
f 209/209/209 208/208/208 223/223/223
f 209/209/209 223/223/223 224/224/224
f 217/217/217 216/216/216 231/231/231
f 217/217/217 231/231/231 232/232/232
f 210/210/210 209/209/209 224/224/224
f 210/210/210 224/224/224 225/225/225
f 218/218/218 217/217/217 232/232/232
f 218/218/218 232/232/232 233/233/233
f 211/211/211 210/210/210 225/225/225
f 211/211/211 225/225/225 226/226/226
f 204/204/204 93/93/93 219/219/219
f 350/350/350 218/218/218 233/233/233
f 212/212/212 211/211/211 226/226/226
f 212/212/212 226/226/226 227/227/227
f 205/205/205 204/204/204 219/219/219
f 205/205/205 219/219/219 220/220/220
f 213/213/213 212/212/212 227/227/227
f 213/213/213 227/227/227 228/228/228
f 206/206/206 205/205/205 220/220/220
f 206/206/206 220/220/220 221/221/221
f 214/214/214 213/213/213 228/228/228
f 214/214/214 228/228/228 229/229/229
f 207/207/207 206/206/206 221/221/221
f 207/207/207 221/221/221 222/222/222
f 215/215/215 214/214/214 229/229/229
f 215/215/215 229/229/229 230/230/230
f 227/227/227 226/226/226 241/241/241
f 227/227/227 241/241/241 242/242/242
f 220/220/220 219/219/219 234/234/234
f 220/220/220 234/234/234 235/235/235
f 228/228/228 227/227/227 242/242/242
f 228/228/228 242/242/242 243/243/243
f 221/221/221 220/220/220 235/235/235
f 221/221/221 235/235/235 236/236/236
f 229/229/229 228/228/228 243/243/243
f 229/229/229 243/243/243 244/244/244
f 222/222/222 221/221/221 236/236/236
f 222/222/222 236/236/236 237/237/237
f 230/230/230 229/229/229 244/244/244
f 230/230/230 244/244/244 245/245/245
f 223/223/223 222/222/222 237/237/237
f 223/223/223 237/237/237 238/238/238
f 231/231/231 230/230/230 245/245/245
f 231/231/231 245/245/245 246/246/246
f 224/224/224 223/223/223 238/238/238
f 224/224/224 238/238/238 239/239/239
f 232/232/232 231/231/231 246/246/246
f 232/232/232 246/246/246 247/247/247
f 225/225/225 224/224/224 239/239/239
f 225/225/225 239/239/239 240/240/240
f 233/233/233 232/232/232 247/247/247
f 233/233/233 247/247/247 248/248/248
f 226/226/226 225/225/225 240/240/240
f 226/226/226 240/240/240 241/241/241
f 219/219/219 92/92/92 234/234/234
f 349/349/349 233/233/233 248/248/248
f 246/246/246 245/245/245 260/260/260
f 246/246/246 260/260/260 261/261/261
f 239/239/239 238/238/238 253/253/253
f 239/239/239 253/253/253 254/254/254
f 247/247/247 246/246/246 261/261/261
f 247/247/247 261/261/261 262/262/262
f 240/240/240 239/239/239 254/254/254
f 240/240/240 254/254/254 255/255/255
f 248/248/248 247/247/247 262/262/262
f 248/248/248 262/262/262 263/263/263
f 241/241/241 240/240/240 255/255/255
f 241/241/241 255/255/255 256/256/256
f 234/234/234 91/91/91 249/249/249
f 348/348/348 248/248/248 263/263/263
f 242/242/242 241/241/241 256/256/256
f 242/242/242 256/256/256 257/257/257
f 235/235/235 234/234/234 249/249/249
f 235/235/235 249/249/249 250/250/250
f 243/243/243 242/242/242 257/257/257
f 243/243/243 257/257/257 258/258/258
f 236/236/236 235/235/235 250/250/250
f 236/236/236 250/250/250 251/251/251
f 244/244/244 243/243/243 258/258/258
f 244/244/244 258/258/258 259/259/259
f 237/237/237 236/236/236 251/251/251
f 237/237/237 251/251/251 252/252/252
f 245/245/245 244/244/244 259/259/259
f 245/245/245 259/259/259 260/260/260
f 238/238/238 237/237/237 252/252/252
f 238/238/238 252/252/252 253/253/253
f 250/250/250 249/249/249 264/264/264
f 250/250/250 264/264/264 265/265/265
f 258/258/258 257/257/257 272/272/272
f 258/258/258 272/272/272 273/273/273
f 251/251/251 250/250/250 265/265/265
f 251/251/251 265/265/265 266/266/266
f 259/259/259 258/258/258 273/273/273
f 259/259/259 273/273/273 274/274/274
f 252/252/252 251/251/251 266/266/266
f 252/252/252 266/266/266 267/267/267
f 260/260/260 259/259/259 274/274/274
f 260/260/260 274/274/274 275/275/275
f 253/253/253 252/252/252 267/267/267
f 253/253/253 267/267/267 268/268/268
f 261/261/261 260/260/260 275/275/275
f 261/261/261 275/275/275 276/276/276
f 254/254/254 253/253/253 268/268/268
f 254/254/254 268/268/268 269/269/269
f 262/262/262 261/261/261 276/276/276
f 262/262/262 276/276/276 277/277/277
f 255/255/255 254/254/254 269/269/269
f 255/255/255 269/269/269 270/270/270
f 263/263/263 262/262/262 277/277/277
f 263/263/263 277/277/277 278/278/278
f 256/256/256 255/255/255 270/270/270
f 256/256/256 270/270/270 271/271/271
f 249/249/249 90/90/90 264/264/264
f 347/347/347 263/263/263 278/278/278
f 257/257/257 256/256/256 271/271/271
f 257/257/257 271/271/271 272/272/272
f 269/269/269 268/268/268 283/283/283
f 269/269/269 283/283/283 284/284/284
f 277/277/277 276/276/276 291/291/291
f 277/277/277 291/291/291 292/292/292
f 270/270/270 269/269/269 284/284/284
f 270/270/270 284/284/284 285/285/285
f 278/278/278 277/277/277 292/292/292
f 278/278/278 292/292/292 293/293/293
f 271/271/271 270/270/270 285/285/285
f 271/271/271 285/285/285 286/286/286
f 264/264/264 89/89/89 279/279/279
f 346/346/346 278/278/278 293/293/293
f 272/272/272 271/271/271 286/286/286
f 272/272/272 286/286/286 287/287/287
f 265/265/265 264/264/264 279/279/279
f 265/265/265 279/279/279 280/280/280
f 273/273/273 272/272/272 287/287/287
f 273/273/273 287/287/287 288/288/288
f 266/266/266 265/265/265 280/280/280
f 266/266/266 280/280/280 281/281/281
f 274/274/274 273/273/273 288/288/288
f 274/274/274 288/288/288 289/289/289
f 267/267/267 266/266/266 281/281/281
f 267/267/267 281/281/281 282/282/282
f 275/275/275 274/274/274 289/289/289
f 275/275/275 289/289/289 290/290/290
f 268/268/268 267/267/267 282/282/282
f 268/268/268 282/282/282 283/283/283
f 276/276/276 275/275/275 290/290/290
f 276/276/276 290/290/290 291/291/291
f 288/288/288 287/287/287 302/302/302
f 288/288/288 302/302/302 303/303/303
f 281/281/281 280/280/280 295/295/295
f 281/281/281 295/295/295 296/296/296
f 289/289/289 288/288/288 303/303/303
f 289/289/289 303/303/303 304/304/304
f 282/282/282 281/281/281 296/296/296
f 282/282/282 296/296/296 297/297/297
f 290/290/290 289/289/289 304/304/304
f 290/290/290 304/304/304 305/305/305
f 283/283/283 282/282/282 297/297/297
f 283/283/283 297/297/297 298/298/298
f 291/291/291 290/290/290 305/305/305
f 291/291/291 305/305/305 306/306/306
f 284/284/284 283/283/283 298/298/298
f 284/284/284 298/298/298 299/299/299
f 292/292/292 291/291/291 306/306/306
f 292/292/292 306/306/306 307/307/307
f 285/285/285 284/284/284 299/299/299
f 285/285/285 299/299/299 300/300/300
f 293/293/293 292/292/292 307/307/307
f 293/293/293 307/307/307 308/308/308
f 286/286/286 285/285/285 300/300/300
f 286/286/286 300/300/300 301/301/301
f 279/279/279 88/88/88 294/294/294
f 345/345/345 293/293/293 308/308/308
f 287/287/287 286/286/286 301/301/301
f 287/287/287 301/301/301 302/302/302
f 280/280/280 279/279/279 294/294/294
f 280/280/280 294/294/294 295/295/295
f 307/307/307 306/306/306 321/321/321
f 307/307/307 321/321/321 322/322/322
f 300/300/300 299/299/299 314/314/314
f 300/300/300 314/314/314 315/315/315
f 308/308/308 307/307/307 322/322/322
f 308/308/308 322/322/322 323/323/323
f 301/301/301 300/300/300 315/315/315
f 301/301/301 315/315/315 316/316/316
f 294/294/294 87/87/87 309/309/309
f 344/344/344 308/308/308 323/323/323
f 302/302/302 301/301/301 316/316/316
f 302/302/302 316/316/316 317/317/317
f 295/295/295 294/294/294 309/309/309
f 295/295/295 309/309/309 310/310/310
f 303/303/303 302/302/302 317/317/317
f 303/303/303 317/317/317 318/318/318
f 296/296/296 295/295/295 310/310/310
f 296/296/296 310/310/310 311/311/311
f 304/304/304 303/303/303 318/318/318
f 304/304/304 318/318/318 319/319/319
f 297/297/297 296/296/296 311/311/311
f 297/297/297 311/311/311 312/312/312
f 305/305/305 304/304/304 319/319/319
f 305/305/305 319/319/319 320/320/320
f 298/298/298 297/297/297 312/312/312
f 298/298/298 312/312/312 313/313/313
f 306/306/306 305/305/305 320/320/320
f 306/306/306 320/320/320 321/321/321
f 299/299/299 298/298/298 313/313/313
f 299/299/299 313/313/313 314/314/314
f 319/319/319 318/318/318 333/333/333
f 319/319/319 333/333/333 334/334/334
f 312/312/312 311/311/311 326/326/326
f 312/312/312 326/326/326 327/327/327
f 320/320/320 319/319/319 334/334/334
f 320/320/320 334/334/334 335/335/335
f 313/313/313 312/312/312 327/327/327
f 313/313/313 327/327/327 328/328/328
f 321/321/321 320/320/320 335/335/335
f 321/321/321 335/335/335 336/336/336
f 314/314/314 313/313/313 328/328/328
f 314/314/314 328/328/328 329/329/329
f 322/322/322 321/321/321 336/336/336
f 322/322/322 336/336/336 337/337/337
f 315/315/315 314/314/314 329/329/329
f 315/315/315 329/329/329 330/330/330
f 323/323/323 322/322/322 337/337/337
f 323/323/323 337/337/337 338/338/338
f 316/316/316 315/315/315 330/330/330
f 316/316/316 330/330/330 331/331/331
f 309/309/309 86/86/86 324/324/324
f 343/343/343 323/323/323 338/338/338
f 317/317/317 316/316/316 331/331/331
f 317/317/317 331/331/331 332/332/332
f 310/310/310 309/309/309 324/324/324
f 310/310/310 324/324/324 325/325/325
f 318/318/318 317/317/317 332/332/332
f 318/318/318 332/332/332 333/333/333
f 311/311/311 310/310/310 325/325/325
f 311/311/311 325/325/325 326/326/326
f 338/338/338 337/337/337 384/384/384
f 338/338/338 384/384/384 385/385/385
f 331/331/331 330/330/330 377/377/377
f 331/331/331 377/377/377 378/378/378
f 324/324/324 85/85/85 371/371/371
f 342/342/342 338/338/338 385/385/385
f 332/332/332 331/331/331 378/378/378
f 332/332/332 378/378/378 379/379/379
f 325/325/325 324/324/324 371/371/371
f 325/325/325 371/371/371 372/372/372
f 333/333/333 332/332/332 379/379/379
f 333/333/333 379/379/379 380/380/380
f 326/326/326 325/325/325 372/372/372
f 326/326/326 372/372/372 373/373/373
f 334/334/334 333/333/333 380/380/380
f 334/334/334 380/380/380 381/381/381
f 327/327/327 326/326/326 373/373/373
f 327/327/327 373/373/373 374/374/374
f 335/335/335 334/334/334 381/381/381
f 335/335/335 381/381/381 382/382/382
f 328/328/328 327/327/327 374/374/374
f 328/328/328 374/374/374 375/375/375
f 336/336/336 335/335/335 382/382/382
f 336/336/336 382/382/382 383/383/383
f 329/329/329 328/328/328 375/375/375
f 329/329/329 375/375/375 376/376/376
f 337/337/337 336/336/336 383/383/383
f 337/337/337 383/383/383 384/384/384
f 330/330/330 329/329/329 376/376/376
f 330/330/330 376/376/376 377/377/377
f 374/374/374 373/373/373 388/388/388
f 374/374/374 388/388/388 389/389/389
f 382/382/382 381/381/381 396/396/396
f 382/382/382 396/396/396 397/397/397
f 375/375/375 374/374/374 389/389/389
f 375/375/375 389/389/389 390/390/390
f 383/383/383 382/382/382 397/397/397
f 383/383/383 397/397/397 398/398/398
f 376/376/376 375/375/375 390/390/390
f 376/376/376 390/390/390 391/391/391
f 384/384/384 383/383/383 398/398/398
f 384/384/384 398/398/398 399/399/399
f 377/377/377 376/376/376 391/391/391
f 377/377/377 391/391/391 392/392/392
f 385/385/385 384/384/384 399/399/399
f 385/385/385 399/399/399 400/400/400
f 378/378/378 377/377/377 392/392/392
f 378/378/378 392/392/392 393/393/393
f 371/371/371 84/84/84 386/386/386
f 341/341/341 385/385/385 400/400/400
f 379/379/379 378/378/378 393/393/393
f 379/379/379 393/393/393 394/394/394
f 372/372/372 371/371/371 386/386/386
f 372/372/372 386/386/386 387/387/387
f 380/380/380 379/379/379 394/394/394
f 380/380/380 394/394/394 395/395/395
f 373/373/373 372/372/372 387/387/387
f 373/373/373 387/387/387 388/388/388
f 381/381/381 380/380/380 395/395/395
f 381/381/381 395/395/395 396/396/396
f 393/393/393 392/392/392 407/407/407
f 393/393/393 407/407/407 408/408/408
f 386/386/386 83/83/83 401/401/401
f 340/340/340 400/400/400 415/415/415
f 394/394/394 393/393/393 408/408/408
f 394/394/394 408/408/408 409/409/409
f 387/387/387 386/386/386 401/401/401
f 387/387/387 401/401/401 402/402/402
f 395/395/395 394/394/394 409/409/409
f 395/395/395 409/409/409 410/410/410
f 388/388/388 387/387/387 402/402/402
f 388/388/388 402/402/402 403/403/403
f 396/396/396 395/395/395 410/410/410
f 396/396/396 410/410/410 411/411/411
f 389/389/389 388/388/388 403/403/403
f 389/389/389 403/403/403 404/404/404
f 397/397/397 396/396/396 411/411/411
f 397/397/397 411/411/411 412/412/412
f 390/390/390 389/389/389 404/404/404
f 390/390/390 404/404/404 405/405/405
f 398/398/398 397/397/397 412/412/412
f 398/398/398 412/412/412 413/413/413
f 391/391/391 390/390/390 405/405/405
f 391/391/391 405/405/405 406/406/406
f 399/399/399 398/398/398 413/413/413
f 399/399/399 413/413/413 414/414/414
f 392/392/392 391/391/391 406/406/406
f 392/392/392 406/406/406 407/407/407
f 400/400/400 399/399/399 414/414/414
f 400/400/400 414/414/414 415/415/415
f 412/412/412 411/411/411 436/436/436
f 412/412/412 436/436/436 438/438/438
f 405/405/405 404/404/404 422/422/422
f 405/405/405 422/422/422 424/424/424
f 413/413/413 412/412/412 438/438/438
f 413/413/413 438/438/438 440/440/440
f 406/406/406 405/405/405 424/424/424
f 406/406/406 424/424/424 426/426/426
f 414/414/414 413/413/413 440/440/440
f 414/414/414 440/440/440 442/442/442
f 407/407/407 406/406/406 426/426/426
f 407/407/407 426/426/426 428/428/428
f 415/415/415 414/414/414 442/442/442
f 415/415/415 442/442/442 444/444/444
f 408/408/408 407/407/407 428/428/428
f 408/408/408 428/428/428 430/430/430
f 401/401/401 82/82/82 416/416/416
f 339/339/339 415/415/415 444/444/444
f 409/409/409 408/408/408 430/430/430
f 409/409/409 430/430/430 432/432/432
f 402/402/402 401/401/401 416/416/416
f 402/402/402 416/416/416 418/418/418
f 410/410/410 409/409/409 432/432/432
f 410/410/410 432/432/432 434/434/434
f 403/403/403 402/402/402 418/418/418
f 403/403/403 418/418/418 420/420/420
f 411/411/411 410/410/410 434/434/434
f 411/411/411 434/434/434 436/436/436
f 404/404/404 403/403/403 420/420/420
f 404/404/404 420/420/420 422/422/422
f 417/417/417 113/113/113 446/446/446
f 370/370/370 445/445/445 460/460/460
f 433/433/433 431/431/431 453/453/453
f 433/433/433 453/453/453 454/454/454
f 419/419/419 417/417/417 446/446/446
f 419/419/419 446/446/446 447/447/447
f 435/435/435 433/433/433 454/454/454
f 435/435/435 454/454/454 455/455/455
f 421/421/421 419/419/419 447/447/447
f 421/421/421 447/447/447 448/448/448
f 437/437/437 435/435/435 455/455/455
f 437/437/437 455/455/455 456/456/456
f 423/423/423 421/421/421 448/448/448
f 423/423/423 448/448/448 449/449/449
f 439/439/439 437/437/437 456/456/456
f 439/439/439 456/456/456 457/457/457
f 425/425/425 423/423/423 449/449/449
f 425/425/425 449/449/449 450/450/450
f 441/441/441 439/439/439 457/457/457
f 441/441/441 457/457/457 458/458/458
f 427/427/427 425/425/425 450/450/450
f 427/427/427 450/450/450 451/451/451
f 443/443/443 441/441/441 458/458/458
f 443/443/443 458/458/458 459/459/459
f 429/429/429 427/427/427 451/451/451
f 429/429/429 451/451/451 452/452/452
f 445/445/445 443/443/443 459/459/459
f 445/445/445 459/459/459 460/460/460
f 431/431/431 429/429/429 452/452/452
f 431/431/431 452/452/452 453/453/453
f 450/450/450 449/449/449 464/464/464
f 450/450/450 464/464/464 465/465/465
f 458/458/458 457/457/457 472/472/472
f 458/458/458 472/472/472 473/473/473
f 451/451/451 450/450/450 465/465/465
f 451/451/451 465/465/465 466/466/466
f 459/459/459 458/458/458 473/473/473
f 459/459/459 473/473/473 474/474/474
f 452/452/452 451/451/451 466/466/466
f 452/452/452 466/466/466 467/467/467
f 460/460/460 459/459/459 474/474/474
f 460/460/460 474/474/474 475/475/475
f 453/453/453 452/452/452 467/467/467
f 453/453/453 467/467/467 468/468/468
f 446/446/446 112/112/112 461/461/461
f 369/369/369 460/460/460 475/475/475
f 454/454/454 453/453/453 468/468/468
f 454/454/454 468/468/468 469/469/469
f 447/447/447 446/446/446 461/461/461
f 447/447/447 461/461/461 462/462/462
f 455/455/455 454/454/454 469/469/469
f 455/455/455 469/469/469 470/470/470
f 448/448/448 447/447/447 462/462/462
f 448/448/448 462/462/462 463/463/463
f 456/456/456 455/455/455 470/470/470
f 456/456/456 470/470/470 471/471/471
f 449/449/449 448/448/448 463/463/463
f 449/449/449 463/463/463 464/464/464
f 457/457/457 456/456/456 471/471/471
f 457/457/457 471/471/471 472/472/472
f 469/469/469 468/468/468 483/483/483
f 469/469/469 483/483/483 484/484/484
f 462/462/462 461/461/461 476/476/476
f 462/462/462 476/476/476 477/477/477
f 470/470/470 469/469/469 484/484/484
f 470/470/470 484/484/484 485/485/485
f 463/463/463 462/462/462 477/477/477
f 463/463/463 477/477/477 478/478/478
f 471/471/471 470/470/470 485/485/485
f 471/471/471 485/485/485 486/486/486
f 464/464/464 463/463/463 478/478/478
f 464/464/464 478/478/478 479/479/479
f 472/472/472 471/471/471 486/486/486
f 472/472/472 486/486/486 487/487/487
f 465/465/465 464/464/464 479/479/479
f 465/465/465 479/479/479 480/480/480
f 473/473/473 472/472/472 487/487/487
f 473/473/473 487/487/487 488/488/488
f 466/466/466 465/465/465 480/480/480
f 466/466/466 480/480/480 481/481/481
f 474/474/474 473/473/473 488/488/488
f 474/474/474 488/488/488 489/489/489
f 467/467/467 466/466/466 481/481/481
f 467/467/467 481/481/481 482/482/482
f 475/475/475 474/474/474 489/489/489
f 475/475/475 489/489/489 490/490/490
f 468/468/468 467/467/467 482/482/482
f 468/468/468 482/482/482 483/483/483
f 461/461/461 111/111/111 476/476/476
f 368/368/368 475/475/475 490/490/490
f 488/488/488 487/487/487 502/502/502
f 488/488/488 502/502/502 503/503/503
f 481/481/481 480/480/480 495/495/495
f 481/481/481 495/495/495 496/496/496
f 489/489/489 488/488/488 503/503/503
f 489/489/489 503/503/503 504/504/504
f 482/482/482 481/481/481 496/496/496
f 482/482/482 496/496/496 497/497/497
f 490/490/490 489/489/489 504/504/504
f 490/490/490 504/504/504 505/505/505
f 483/483/483 482/482/482 497/497/497
f 483/483/483 497/497/497 498/498/498
f 476/476/476 110/110/110 491/491/491
f 367/367/367 490/490/490 505/505/505
f 484/484/484 483/483/483 498/498/498
f 484/484/484 498/498/498 499/499/499
f 477/477/477 476/476/476 491/491/491
f 477/477/477 491/491/491 492/492/492
f 485/485/485 484/484/484 499/499/499
f 485/485/485 499/499/499 500/500/500
f 478/478/478 477/477/477 492/492/492
f 478/478/478 492/492/492 493/493/493
f 486/486/486 485/485/485 500/500/500
f 486/486/486 500/500/500 501/501/501
f 479/479/479 478/478/478 493/493/493
f 479/479/479 493/493/493 494/494/494
f 487/487/487 486/486/486 501/501/501
f 487/487/487 501/501/501 502/502/502
f 480/480/480 479/479/479 494/494/494
f 480/480/480 494/494/494 495/495/495
f 500/500/500 499/499/499 514/514/514
f 500/500/500 514/514/514 515/515/515
f 493/493/493 492/492/492 507/507/507
f 493/493/493 507/507/507 508/508/508
f 501/501/501 500/500/500 515/515/515
f 501/501/501 515/515/515 516/516/516
f 494/494/494 493/493/493 508/508/508
f 494/494/494 508/508/508 509/509/509
f 502/502/502 501/501/501 516/516/516
f 502/502/502 516/516/516 517/517/517
f 495/495/495 494/494/494 509/509/509
f 495/495/495 509/509/509 510/510/510
f 503/503/503 502/502/502 517/517/517
f 503/503/503 517/517/517 518/518/518
f 496/496/496 495/495/495 510/510/510
f 496/496/496 510/510/510 511/511/511
f 504/504/504 503/503/503 518/518/518
f 504/504/504 518/518/518 519/519/519
f 497/497/497 496/496/496 511/511/511
f 497/497/497 511/511/511 512/512/512
f 505/505/505 504/504/504 519/519/519
f 505/505/505 519/519/519 520/520/520
f 498/498/498 497/497/497 512/512/512
f 498/498/498 512/512/512 513/513/513
f 491/491/491 109/109/109 506/506/506
f 366/366/366 505/505/505 520/520/520
f 499/499/499 498/498/498 513/513/513
f 499/499/499 513/513/513 514/514/514
f 492/492/492 491/491/491 506/506/506
f 492/492/492 506/506/506 507/507/507
f 519/519/519 518/518/518 533/533/533
f 519/519/519 533/533/533 534/534/534
f 512/512/512 511/511/511 526/526/526
f 512/512/512 526/526/526 527/527/527
f 520/520/520 519/519/519 534/534/534
f 520/520/520 534/534/534 535/535/535
f 513/513/513 512/512/512 527/527/527
f 513/513/513 527/527/527 528/528/528
f 506/506/506 108/108/108 521/521/521
f 365/365/365 520/520/520 535/535/535
f 514/514/514 513/513/513 528/528/528
f 514/514/514 528/528/528 529/529/529
f 507/507/507 506/506/506 521/521/521
f 507/507/507 521/521/521 522/522/522
f 515/515/515 514/514/514 529/529/529
f 515/515/515 529/529/529 530/530/530
f 508/508/508 507/507/507 522/522/522
f 508/508/508 522/522/522 523/523/523
f 516/516/516 515/515/515 530/530/530
f 516/516/516 530/530/530 531/531/531
f 509/509/509 508/508/508 523/523/523
f 509/509/509 523/523/523 524/524/524
f 517/517/517 516/516/516 531/531/531
f 517/517/517 531/531/531 532/532/532
f 510/510/510 509/509/509 524/524/524
f 510/510/510 524/524/524 525/525/525
f 518/518/518 517/517/517 532/532/532
f 518/518/518 532/532/532 533/533/533
f 511/511/511 510/510/510 525/525/525
f 511/511/511 525/525/525 526/526/526
f 523/523/523 522/522/522 537/537/537
f 523/523/523 537/537/537 538/538/538
f 531/531/531 530/530/530 545/545/545
f 531/531/531 545/545/545 546/546/546
f 524/524/524 523/523/523 538/538/538
f 524/524/524 538/538/538 539/539/539
f 532/532/532 531/531/531 546/546/546
f 532/532/532 546/546/546 547/547/547
f 525/525/525 524/524/524 539/539/539
f 525/525/525 539/539/539 540/540/540
f 533/533/533 532/532/532 547/547/547
f 533/533/533 547/547/547 548/548/548
f 526/526/526 525/525/525 540/540/540
f 526/526/526 540/540/540 541/541/541
f 534/534/534 533/533/533 548/548/548
f 534/534/534 548/548/548 549/549/549
f 527/527/527 526/526/526 541/541/541
f 527/527/527 541/541/541 542/542/542
f 535/535/535 534/534/534 549/549/549
f 535/535/535 549/549/549 550/550/550
f 528/528/528 527/527/527 542/542/542
f 528/528/528 542/542/542 543/543/543
f 521/521/521 107/107/107 536/536/536
f 364/364/364 535/535/535 550/550/550
f 529/529/529 528/528/528 543/543/543
f 529/529/529 543/543/543 544/544/544
f 522/522/522 521/521/521 536/536/536
f 522/522/522 536/536/536 537/537/537
f 530/530/530 529/529/529 544/544/544
f 530/530/530 544/544/544 545/545/545
f 542/542/542 541/541/541 554/554/554
f 542/542/542 554/554/554 3/3/3
f 550/550/550 549/549/549 558/558/558
f 550/550/550 558/558/558 559/559/559
f 543/543/543 542/542/542 3/3/3
f 543/543/543 3/3/3 4/4/4
f 536/536/536 106/106/106 551/551/551
f 363/363/363 550/550/550 559/559/559
f 544/544/544 543/543/543 4/4/4
f 544/544/544 4/4/4 5/5/5
f 537/537/537 536/536/536 551/551/551
f 537/537/537 551/551/551 552/552/552
f 545/545/545 544/544/544 5/5/5
f 545/545/545 5/5/5 555/555/555
f 538/538/538 537/537/537 552/552/552
f 538/538/538 552/552/552 1/1/1
f 546/546/546 545/545/545 555/555/555
f 546/546/546 555/555/555 6/6/6
f 539/539/539 538/538/538 1/1/1
f 539/539/539 1/1/1 553/553/553
f 547/547/547 546/546/546 6/6/6
f 547/547/547 6/6/6 556/556/556
f 540/540/540 539/539/539 553/553/553
f 540/540/540 553/553/553 2/2/2
f 548/548/548 547/547/547 556/556/556
f 548/548/548 556/556/556 557/557/557
f 541/541/541 540/540/540 2/2/2
f 541/541/541 2/2/2 554/554/554
f 549/549/549 548/548/548 557/557/557
f 549/549/549 557/557/557 558/558/558
