mtllib pluto.mtl
o Sphere_Material002_0
usemtl Material.002
v 0 -100.000000000005 -0.000022649368847104704
v 0 -99.14448473915608 -13.052639603786947
v 0.6404615938663483 -99.1444847365946 -13.036917388611318
v 0.00000418939691826381 99.14448644653253 -13.052628695793297
v -0.00003777441008878668 99.99999999999386 -0.00004577151682116881
v 0.6404598243534565 99.14448644909278 -13.036913931198265
v -0.00003777441008878668 99.99999999999386 -0.00004577151682116881
v 1.2793767265975475 99.14448645677138 -12.989783048458245
v 0 -100.000000000005 -0.000022649368847104704
v 1.279380265623331 -99.14448472891601 -12.989786505871297
v -0.00003777441008878668 99.99999999999386 -0.00004577151682116881
v 1.9152114167809486 99.14448646954791 -12.911361217327265
v 0 -100.000000000005 -0.000022649368847104704
v 1.9152168184518814 -99.14448471613947 -12.911364674740318
v -0.00003777441008878668 99.99999999999386 -0.00004577151682116881
v 2.546432428061962 99.14448648739229 -12.801833212204128
v 0 -100.000000000005 -0.000022649368847104704
v 2.546439506113529 -99.1444846982951 -12.801836669617181
v -0.00003777441008878668 99.99999999999386 -0.00004577151682116881
v 3.1715188175439835 99.14448651026105 -12.661465763874205
v 0 -100.000000000005 -0.000022649368847104704
v 3.17152738571167 -99.1444846754261 -12.661467731171138
v -0.00003777441008878668 99.99999999999386 -0.00004577151682116881
v 3.7889644503593445 99.14448653809933 -12.490595638580475
v 0 -100.000000000005 -0.000022649368847104704
v 3.78897488117218 -99.14448464758769 -12.490596860819348
v -0.00003777441008878668 99.99999999999386 -0.00004577151682116881
v 4.397282376885414 99.14448657084012 -12.28963410837189
v 0 -100.000000000005 -0.000022649368847104704
v 4.397294670343399 -99.1444846148469 -12.289635330610764
v 0 -100.000000000005 -0.000022649368847104704
v 4.995020851492882 -99.14448457728251 -12.059066683226122
v -0.00003777441008878668 99.99999999999386 -0.00004577151682116881
v 4.995006695389748 99.14448660840439 -12.059066206045308
v -0.00003777441008878668 99.99999999999386 -0.00004577151682116881
v 5.580697581171989 99.14448665070174 -11.799446999855203
v 0 -100.000000000005 -0.000022649368847104704
v 5.580713599920273 -99.14448453498504 -11.799446731977957
v -0.00003777441008878668 99.99999999999386 -0.00004577151682116881
v 6.152943894267082 99.14448669763017 -11.511402338571713
v 0 -100.000000000005 -0.000022649368847104704
v 6.152961775660515 -99.14448448805649 -11.511401325636408
v -0.00003777441008878668 99.99999999999386 -0.00004577151682116881
v 6.710366904735565 99.1444867490768 -11.195625126190356
v 0 -100.000000000005 -0.000022649368847104704
v 6.710386276245117 -99.14448443660973 -11.19562336819699
v -0.00003777441008878668 99.99999999999386 -0.00004577151682116881
v 7.251624017953873 99.14448680491748 -10.852877557106192
v 0 -100.000000000005 -0.000022649368847104704
v 7.251644879579544 -99.14448438076894 -10.852875054054767
v -0.00003777441008878668 99.99999999999386 -0.00004577151682116881
v 7.775411754846573 99.1444868650178 -10.483984410591304
v 0 -100.000000000005 -0.000022649368847104704
v 7.775434106588364 -99.1444843206685 -10.48398116248182
v -0.00003777441008878668 99.99999999999386 -0.00004577151682116881
v 8.280467242002487 99.14448692923295 -10.089834540910905
v 0 -100.000000000005 -0.000022649368847104704
v 8.280491083860397 -99.1444842564531 -10.089829802685301
v -0.00003777441008878668 99.99999999999386 -0.00004577151682116881
v 8.765574544668198 99.1444869974082 -9.671377897091102
v 0 -100.000000000005 -0.000022649368847104704
v 8.765599876642227 -99.14448418827762 -9.671371668749378
v -0.00003777441008878668 99.99999999999386 -0.00004577151682116881
v 9.229565411806107 99.1444870693794 -9.2296217976286
v 0 -100.000000000005 -0.000022649368847104704
v 9.229591488838196 -99.14448411630616 -9.229614079170757
v -0.00003777441008878668 99.99999999999386 -0.00004577151682116881
v 9.671320766210556 99.14448714497311 -8.765630930490696
v 0 -100.000000000005 -0.000022649368847104704
v 9.671348333358765 -99.14448404071221 -8.765621721916734
v -0.00003777441008878668 99.99999999999386 -0.00004577151682116881
v 10.089777410030365 99.14448722400724 -8.280522882766933
v 0 -100.000000000005 -0.000022649368847104704
v 10.089805722236633 -99.14448396167784 -8.280512184076851
v -0.00003777441008878668 99.99999999999386 -0.00004577151682116881
v 10.48392727971077 99.14448730629134 -7.775466650552965
v 0 -100.000000000005 -0.000022649368847104704
v 10.483956336975098 -99.14448387939349 -7.775454461746763
v -0.00003777441008878668 99.99999999999386 -0.00004577151682116881
v 10.852819681167603 99.1444873916272 -7.251678913660272
v 0 -100.000000000005 -0.000022649368847104704
v 10.85284948348999 -99.1444837940574 -7.251665234737951
v 0 -100.000000000005 -0.000022649368847104704
v 11.195597797632217 -99.14448370587506 -6.710405886345471
v -0.00003777441008878668 99.99999999999386 -0.00004577151682116881
v 11.19556725025177 99.1444874798093 -6.710421055383912
v -0.00003777441008878668 99.99999999999386 -0.00004577151682116881
v 11.511343717575073 99.14448757062516 -6.152997299857376
v 0 -100.000000000005 -0.000022649368847104704
v 11.51137501001358 -99.14448361505896 -6.1529806407028165
v -0.00003777441008878668 99.99999999999386 -0.00004577151682116881
v 11.799387633800507 99.14448766385591 -5.5807509867622915
v 0 -100.000000000005 -0.000022649368847104704
v 11.799419671297073 -99.14448352182795 -5.580732837491612
v -0.00003777441008878668 99.99999999999386 -0.00004577151682116881
v 12.059006094932556 99.14448775927707 -4.995060100980058
v 0 -100.000000000005 -0.000022649368847104704
v 12.059038877487183 -99.14448342640655 -4.995040461593259
v -0.00003777441008878668 99.99999999999386 -0.00004577151682116881
v 12.28957325220108 99.14448785665866 -4.397336155004762
v 0 -100.000000000005 -0.000022649368847104704
v 12.289606779813766 -99.14448332902467 -4.397314652972814
v -0.00003777441008878668 99.99999999999386 -0.00004577151682116881
v 12.490534037351608 99.14448795576617 -3.7890186010077302
v 0 -100.000000000005 -0.000022649368847104704
v 12.490567564964294 -99.14448322991684 -3.788995236330633
v -0.00003777441008878668 99.99999999999386 -0.00004577151682116881
v 12.6614049077034 99.14448805636083 -3.1715729681923777
v 0 -100.000000000005 -0.000022649368847104704
v 12.661437690258026 -99.14448312932188 -3.1715477408701314
v -0.00003777441008878668 99.99999999999386 -0.00004577151682116881
v 12.801772356033325 99.14448815820026 -2.546486951239394
v 0 -100.000000000005 -0.000022649368847104704
v 12.801806628704071 -99.14448302748217 -2.5464600475365136
v 0 -100.000000000005 -0.000022649368847104704
v 12.91133463382721 -99.144482924643 -1.9152377324039045
v -0.00003777441008878668 99.99999999999386 -0.00004577151682116881
v 12.911300361156464 99.14448826103916 -1.9152663124874194
v -0.00003777441008878668 99.99999999999386 -0.00004577151682116881
v 12.989723682403564 99.14448836462975 -1.2794318085685417
v 0 -100.000000000005 -0.000022649368847104704
v 12.98975795507431 -99.14448282105214 -1.2794015521043924
v -0.00003777441008878668 99.99999999999386 -0.00004577151682116881
v 13.036854565143585 99.14448846872249 -0.6405151391551028
v 0 -100.000000000005 -0.000022649368847104704
v 13.036888837814331 -99.14448271695913 -0.6404832063103192
v -0.00003777441008878668 99.99999999999386 -0.00004577151682116881
v 13.052578270435333 99.14448857306661 -0.000055501407230268545
v 0 -100.000000000005 -0.000022649368847104704
v 13.052612543106079 -99.14448261261474 -0.000021892181812385937
v -0.00003777441008878668 99.99999999999386 -0.00004577151682116881
v 13.036856055259705 99.14448867741073 0.640404183588892
v 0 -100.000000000005 -0.000022649368847104704
v 13.03689032793045 -99.14448250827034 0.6404394691949442
v -0.00003777441008878668 99.99999999999386 -0.00004577151682116881
v 12.989728152751923 99.14448878150348 1.2793208995684595
v 0 -100.000000000005 -0.000022649368847104704
v 12.989760935306549 -99.14448240417732 1.279357861555146
v -0.00003777441008878668 99.99999999999386 -0.00004577151682116881
v 12.911306321620941 99.1444888850941 1.9151555897518522
v 0 -100.000000000005 -0.000022649368847104704
v 12.911339104175568 -99.14448230058643 1.915194228119173
v -0.00003777441008878668 99.99999999999386 -0.00004577151682116881
v 12.801779806613922 99.14448898793306 2.5463766010328572
v 0 -100.000000000005 -0.000022649368847104704
v 12.801812589168549 -99.14448219774724 2.5464167295162974
v 0 -100.000000000005 -0.000022649368847104704
v 12.661445140838623 -99.14448209590746 3.171504795378945
v -0.00003777441008878668 99.99999999999386 -0.00004577151682116881
v 12.661412358283997 99.14448908977252 3.1714628042503556
v -0.00003777441008878668 99.99999999999386 -0.00004577151682116881
v 12.490541487932205 99.14448919036718 3.7889084370657082
v 0 -100.000000000005 -0.000022649368847104704
v 12.490574270486832 -99.14448199531249 3.788952290839447
v -0.00003777441008878668 99.99999999999386 -0.00004577151682116881
v 12.289579957723618 99.14448928947476 4.39722636359177
v 0 -100.000000000005 -0.000022649368847104704
v 12.289611995220184 -99.14448189620462 4.397272080010658
v -0.00003777441008878668 99.99999999999386 -0.00004577151682116881
v 12.059011310338974 99.1444893868564 4.994950682096095
v 0 -100.000000000005 -0.000022649368847104704
v 12.05904334783554 -99.14448179882267 4.9949982611601325
v -0.00003777441008878668 99.99999999999386 -0.00004577151682116881
v 11.799392104148865 99.14448948227756 5.580641567878329
v 0 -100.000000000005 -0.000022649368847104704
v 11.799423396587372 -99.14448170340127 5.580690637058486
v -0.00003777441008878668 99.99999999999386 -0.00004577151682116881
v 11.511347442865372 99.14448957550832 6.152887880973414
v 0 -100.000000000005 -0.000022649368847104704
v 11.511377990245819 -99.1444816101702 6.15293881279872
v -0.00003777441008878668 99.99999999999386 -0.00004577151682116881
v 11.195570230484009 99.14448966632412 6.71031126397092
v 0 -100.000000000005 -0.000022649368847104704
v 11.195600032806396 -99.14448151935416 6.710363685912345
v -0.00003777441008878668 99.99999999999386 -0.00004577151682116881
v 10.852821916341782 99.1444897545061 7.25156837718922
v 0 -100.000000000005 -0.000022649368847104704
v 10.85285097360611 -99.14448143117194 7.2516222892467646
v 0 -100.000000000005 -0.000022649368847104704
v 10.483956336975098 -99.14448134583586 7.775411516255577
v -0.00003777441008878668 99.99999999999386 -0.00004577151682116881
v 10.483928769826889 99.14448983984195 7.775356114081913
v -0.00003777441008878668 99.99999999999386 -0.00004577151682116881
v 10.089778155088425 99.14448992212606 8.280412346295881
v 0 -100.000000000005 -0.000022649368847104704
v 10.089804977178574 -99.14448126355163 8.280468493527604
v -0.00003777441008878668 99.99999999999386 -0.00004577151682116881
v 9.671320766210556 99.14449000116018 8.765520394019644
v 0 -100.000000000005 -0.000022649368847104704
v 9.671346843242645 -99.14448118451725 8.765578031367486
v -0.00003777441008878668 99.99999999999386 -0.00004577151682116881
v 9.229563921689987 99.1444900767539 9.229511261157548
v 0 -100.000000000005 -0.000022649368847104704
v 9.229589253664017 -99.1444811089233 9.229570388621509
v -0.00003777441008878668 99.99999999999386 -0.00004577151682116881
v 8.765572309494019 99.14449014872497 9.67126661556199
v 0 -100.000000000005 -0.000022649368847104704
v 8.765596151351929 -99.14448103695197 9.67132723314207
v -0.00003777441008878668 99.99999999999386 -0.00004577151682116881
v 8.280464261770248 99.14449021690021 10.089723259381794
v 0 -100.000000000005 -0.000022649368847104704
v 8.28048586845398 -99.1444809687766 10.089784622019934
v -0.00003777441008878668 99.99999999999386 -0.00004577151682116881
v 7.775408029556274 99.14449028111538 10.483873129062193
v 0 -100.000000000005 -0.000022649368847104704
v 7.775428146123886 -99.14448090456132 10.483935236758393
v -0.00003777441008878668 99.99999999999386 -0.00004577151682116881
v 7.2516195476055145 99.14449034121557 10.85276553051902
v 0 -100.000000000005 -0.000022649368847104704
v 7.251638174057007 -99.144480844461 10.85282838327328
v 0 -100.000000000005 -0.000022649368847104704
v 6.71037882566452 -99.14448078862021 11.195576697415504
v -0.00003777441008878668 99.99999999999386 -0.00004577151682116881
v 6.710361689329147 99.14449039705625 11.195513099603184
v -0.00003777441008878668 99.99999999999386 -0.00004577151682116881
v 6.152937933802605 99.14449044850276 11.511289566926482
v 0 -100.000000000005 -0.000022649368847104704
v 6.152953580021858 -99.14448073717358 11.511353909796862
v -0.00003777441008878668 99.99999999999386 -0.00004577151682116881
v 5.580691620707512 99.14449049543107 11.799333483151912
v 0 -100.000000000005 -0.000022649368847104704
v 5.580705776810646 -99.14448069024515 11.799398571080351
v -0.00003777441008878668 99.99999999999386 -0.00004577151682116881
v 4.99500073492527 99.14449053772842 12.058952689342018
v 0 -100.000000000005 -0.000022649368847104704
v 4.995013400912285 -99.14448064794782 12.059017777270457
v -0.00003777441008878668 99.99999999999386 -0.00004577151682116881
v 4.397276416420937 99.14449057529256 12.28951984661054
v 0 -100.000000000005 -0.000022649368847104704
v 4.397287592291832 -99.14448061038352 12.289585679597039
v -0.00003777441008878668 99.99999999999386 -0.00004577151682116881
v 3.788958862423897 99.14449060803324 12.490480631761065
v 0 -100.000000000005 -0.000022649368847104704
v 3.788968548178673 -99.14448057764287 12.490546464747563
v -0.00003777441008878668 99.99999999999386 -0.00004577151682116881
v 3.1715136021375656 99.14449063587139 12.661350011996735
v 0 -100.000000000005 -0.000022649368847104704
v 3.1715214252471924 -99.14448054980458 12.661416590041293
v -0.00003777441008878668 99.99999999999386 -0.00004577151682116881
v 2.546427585184574 99.14449065874015 12.801717460326659
v 0 -100.000000000005 -0.000022649368847104704
v 2.5464337319135666 -99.14448052693582 12.801784038371217
v 0 -100.000000000005 -0.000022649368847104704
v 1.9152116030454636 -99.14448050909145 12.911312043494354
v -0.00003777441008878668 99.99999999999386 -0.00004577151682116881
v 1.9152071326971054 99.14449067658452 12.911245465449795
v -0.00003777441008878668 99.99999999999386 -0.00004577151682116881
v 1.2793726287782192 99.14449068936106 12.989667296580775
v 0 -100.000000000005 -0.000022649368847104704
v 1.279375422745943 -99.14448049631467 12.989735364741453
v -0.00003777441008878668 99.99999999999386 -0.00004577151682116881
v 0.640456099063158 99.14449069703942 13.036796689204676
v 0 -100.000000000005 -0.000022649368847104704
v 0.6404571235179901 -99.14448048863632 13.036864757365354
v -0.00003777441008878668 99.99999999999386 -0.00004577151682116881
v -0.0000034008820648523397 99.1444906996009 13.052518904380305
v 0 -100.000000000005 -0.000022649368847104704
v -0.0000040993739958139486 -99.14448048607484 13.052586972540983
v -0.00003777441008878668 99.99999999999386 -0.00004577151682116881
v -0.640462851151824 99.14449069703942 13.036796689204676
v 0 -100.000000000005 -0.000022649368847104704
v -0.6404653191566467 -99.14448048863632 13.036864757365354
v -0.00003777441008878668 99.99999999999386 -0.00004577151682116881
v -1.2793795205652714 99.14449068936106 12.989667296580775
v 0 -100.000000000005 -0.000022649368847104704
v -1.2793836183845997 -99.14448049631467 12.989735364741453
v -0.00003777441008878668 99.99999999999386 -0.00004577151682116881
v -1.9152138382196426 99.14449067658452 12.911245465449795
v 0 -100.000000000005 -0.000022649368847104704
v -1.9152197986841202 -99.14448050909145 12.911312043494354
v -0.00003777441008878668 99.99999999999386 -0.00004577151682116881
v -2.5464344769716263 99.14449065874015 12.801717460326659
v 0 -100.000000000005 -0.000022649368847104704
v -2.546442113816738 -99.14448052693582 12.801784038371217
v -0.00003777441008878668 99.99999999999386 -0.00004577151682116881
v -3.171520307660103 99.14449063587139 12.661350011996735
v 0 -100.000000000005 -0.000022649368847104704
v -3.171529620885849 -99.14448054980458 12.661416590041293
v 0 -100.000000000005 -0.000022649368847104704
v -3.7889767438173294 -99.14448057764298 12.490545719689504
v -0.00003777441008878668 99.99999999999386 -0.00004577151682116881
v -3.788965567946434 99.14449060803311 12.490479886703005
v -0.00003777441008878668 99.99999999999386 -0.00004577151682116881
v -4.397283121943474 99.14449057529232 12.28951835649442
v 0 -100.000000000005 -0.000022649368847104704
v -4.397296160459518 -99.1444806103839 12.28958344442286
v -0.00003777441008878668 99.99999999999386 -0.00004577151682116881
v -4.995007440447807 99.14449053772805 12.058950454167839
v 0 -100.000000000005 -0.000022649368847104704
v -4.995021969079971 -99.1444806479483 12.059014797038218
v -0.00003777441008878668 99.99999999999386 -0.00004577151682116881
v -5.580697953701019 99.1444904954307 11.799331247977733
v 0 -100.000000000005 -0.000022649368847104704
v -5.580713972449303 -99.14448069024576 11.799394845790053
v -0.00003777441008878668 99.99999999999386 -0.00004577151682116881
v -6.152943894267082 99.14449044850228 11.511286586694244
v 0 -100.000000000005 -0.000022649368847104704
v -6.152961775660515 -99.1444807371743 11.511349439448503
v -0.00003777441008878668 99.99999999999386 -0.00004577151682116881
v -6.710367649793625 99.14449039705563 11.195509374312886
v 0 -100.000000000005 -0.000022649368847104704
v -6.710387021303177 -99.14448078862107 11.195571482009086
v -0.00003777441008878668 99.99999999999386 -0.00004577151682116881
v -7.251625508069992 99.14449034121498 10.852761805228722
v 0 -100.000000000005 -0.000022649368847104704
v -7.2516463696956635 -99.14448084446185 10.852823167866863
v -0.00003777441008878668 99.99999999999386 -0.00004577151682116881
v -7.775413244962692 99.14449028111466 10.483868658713835
v 0 -100.000000000005 -0.000022649368847104704
v -7.775435596704483 -99.1444809045623 10.483929276293916
v 0 -100.000000000005 -0.000022649368847104704
v -8.280492573976517 -99.1444809687777 10.089777916497397
v -0.00003777441008878668 99.99999999999386 -0.00004577151682116881
v -8.280469477176666 99.14449021689948 10.089718789033435
v -0.00003777441008878668 99.99999999999386 -0.00004577151682116881
v -8.765577524900436 99.14449014872424 9.671262145213632
v 0 -100.000000000005 -0.000022649368847104704
v -8.765602111816406 -99.1444810369532 9.671319782561474
v -0.00003777441008878668 99.99999999999386 -0.00004577151682116881
v -9.229568392038345 99.14449007675304 9.22950604575113
v 0 -100.000000000005 -0.000022649368847104704
v -9.229593724012375 -99.14448110892464 9.229562192982852
v -0.00003777441008878668 99.99999999999386 -0.00004577151682116881
v -9.671323746442795 99.14449000115921 8.765514433555166
v 0 -100.000000000005 -0.000022649368847104704
v -9.671350568532944 -99.14448118451858 8.76556983572883
v -0.00003777441008878668 99.99999999999386 -0.00004577151682116881
v -10.089780390262604 99.1444899221252 8.280407130889463
v 0 -100.000000000005 -0.000022649368847104704
v -10.089808702468872 -99.14448126355283 8.280461042947007
v -0.00003777441008878668 99.99999999999386 -0.00004577151682116881
v -10.483930259943008 99.1444898398411 7.775350898675495
v 0 -100.000000000005 -0.000022649368847104704
v -10.483960062265396 -99.14448134583718 7.77540332061692
v -0.00003777441008878668 99.99999999999386 -0.00004577151682116881
v -10.852822661399841 99.14448975450512 7.2515624167247426
v 0 -100.000000000005 -0.000022649368847104704
v -10.852853953838348 -99.1444814311734 7.251613348550048
v -0.00003777441008878668 99.99999999999386 -0.00004577151682116881
v -11.195570230484009 99.14448966632303 6.7103045584483825
v 0 -100.000000000005 -0.000022649368847104704
v -11.195602267980576 -99.14448151935575 6.710354000157569
v 0 -100.000000000005 -0.000022649368847104704
v -11.511379480361938 -99.14448161017184 6.152928754514914
v -0.00003777441008878668 99.99999999999386 -0.00004577151682116881
v -11.511346697807312 99.14448957550717 6.152880802921847
v -0.00003777441008878668 99.99999999999386 -0.00004577151682116881
v -11.799391359090805 99.14448948227636 5.580634117297732
v 0 -100.000000000005 -0.000022649368847104704
v -11.799424886703491 -99.1444817034029 5.58068057877468
v -0.00003777441008878668 99.99999999999386 -0.00004577151682116881
v -12.059010565280914 99.1444893868552 4.9949432315154985
v 0 -100.000000000005 -0.000022649368847104704
v -12.05904483795166 -99.14448179882436 4.994987830347297
v -0.00003777441008878668 99.99999999999386 -0.00004577151682116881
v -12.289578467607498 99.14448928947354 4.397218913011173
v 0 -100.000000000005 -0.000022649368847104704
v -12.289612740278244 -99.14448189620632 4.397261649197822
v -0.00003777441008878668 99.99999999999386 -0.00004577151682116881
v -12.490539252758026 99.14448919036603 3.788901359014141
v 0 -100.000000000005 -0.000022649368847104704
v -12.490574270486832 -99.14448199531414 3.788942232555641
v -0.00003777441008878668 99.99999999999386 -0.00004577151682116881
v -12.661407887935638 99.14448908977137 3.1714557261987886
v 0 -100.000000000005 -0.000022649368847104704
v -12.661443650722504 -99.14448209590904 3.171495109624169
v -0.00003777441008878668 99.99999999999386 -0.00004577151682116881
v -12.801775336265564 99.14448898793191 2.54636952298129
v 0 -100.000000000005 -0.000022649368847104704
v -12.80181109905243 -99.14448219774877 2.5464072300260363
v -0.00003777441008878668 99.99999999999386 -0.00004577151682116881
v -12.911301851272583 99.14448888509301 1.915148884229315
v 0 -100.000000000005 -0.000022649368847104704
v -12.911339104175568 -99.14448230058795 1.9151849148934268
v -0.00003777441008878668 99.99999999999386 -0.00004577151682116881
v -12.989723682403564 99.14448878150242 1.2793143803104372
v 0 -100.000000000005 -0.000022649368847104704
v -12.989760935306549 -99.14448240417885 1.2793485483293998
v -0.00003777441008878668 99.99999999999386 -0.00004577151682116881
v -13.036853075027466 99.14448867740968 0.6403977108969984
v 0 -100.000000000005 -0.000022649368847104704
v -13.03689032793045 -99.14448250827188 0.6404300628369406
v -0.00003777441008878668 99.99999999999386 -0.00004577151682116881
v -13.052575290203094 99.14448857306557 -0.00006183440073765372
v 0 -100.000000000005 -0.000022649368847104704
v -13.05261105298996 -99.14448261261627 -0.000031298539816002145
v -13.052575290203094 99.14448857306557 -0.00006183440073765372
v -0.00003777441008878668 99.99999999999386 -0.00004577151682116881
v -13.036851584911346 99.14448846872148 -0.6405213790163528
v 0 -100.000000000005 -0.000022649368847104704
v -13.05261105298996 -99.14448261261627 -0.000031298539816002145
v -13.036887347698212 -99.14448271696065 -0.6404925661021941
v -0.00003777441008878668 99.99999999999386 -0.00004577151682116881
v -12.989722192287445 99.14448836462876 -1.2794379552975341
v 0 -100.000000000005 -0.000022649368847104704
v -12.98975795507431 -99.14448282105366 -1.2794108653301386
v 0 -100.000000000005 -0.000022649368847104704
v -12.91133463382721 -99.14448292464449 -1.9152468593651357
v -0.00003777441008878668 99.99999999999386 -0.00004577151682116881
v -12.911298871040344 99.14448826103819 -1.915272272951897
v -0.00003777441008878668 99.99999999999386 -0.00004577151682116881
v -12.801770865917206 99.14448815819932 -2.546492725439357
v 0 -100.000000000005 -0.000022649368847104704
v -12.801806628704071 -99.14448302748363 -2.54646898823323
v -0.00003777441008878668 99.99999999999386 -0.00004577151682116881
v -12.66140341758728 99.14448805635992 -3.1715785561278254
v 0 -100.000000000005 -0.000022649368847104704
v -12.661437690258026 -99.14448312932335 -3.1715566815668477
v -0.00003777441008878668 99.99999999999386 -0.00004577151682116881
v -12.490533292293549 99.14448795576531 -3.789023816414148
v 0 -100.000000000005 -0.000022649368847104704
v -12.490566819906235 -99.14448322991825 -3.7890038044983196
v 0 -100.000000000005 -0.000022649368847104704
v -12.289605289697647 -99.14448332902593 -4.397322476082441
v -0.00003777441008878668 99.99999999999386 -0.00004577151682116881
v -12.289571762084961 99.14448785665788 -4.39734099788215
v -0.00003777441008878668 99.99999999999386 -0.00004577151682116881
v -12.059003859758377 99.14448775927627 -4.995064943857446
v 0 -100.000000000005 -0.000022649368847104704
v -12.059036642313004 -99.14448342640777 -4.995047912173856
v -0.00003777441008878668 99.99999999999386 -0.00004577151682116881
v -11.799384653568268 99.14448766385519 -5.58075545711065
v 0 -100.000000000005 -0.000022649368847104704
v -11.799416691064835 -99.14448352182912 -5.580739915543179
v -0.00003777441008878668 99.99999999999386 -0.00004577151682116881
v -11.511339992284775 99.14448757062449 -6.153001397676705
v 0 -100.000000000005 -0.000022649368847104704
v -11.511371284723282 -99.14448361506011 -6.1529877187543836
v -0.00003777441008878668 99.99999999999386 -0.00004577151682116881
v -11.195563524961472 99.14448747980869 -6.71042478067421
v 0 -100.000000000005 -0.000022649368847104704
v -11.19559332728386 -99.14448370587615 -6.710412591868009
v -0.00003777441008878668 99.99999999999386 -0.00004577151682116881
v -10.852815955877304 99.14448739162671 -7.251681893892511
v 0 -100.000000000005 -0.000022649368847104704
v -10.852845013141632 -99.14448379405837 -7.251671195202428
v -0.00003777441008878668 99.99999999999386 -0.00004577151682116881
v -10.483922809362411 99.14448730629086 -7.775469630785204
v 0 -100.000000000005 -0.000022649368847104704
v -10.48395112156868 -99.14448387939434 -7.775459677153181
v -0.00003777441008878668 99.99999999999386 -0.00004577151682116881
v -10.089772939682007 99.14448722400688 -8.280525117941112
v 0 -100.000000000005 -0.000022649368847104704
v -10.089799761772156 -99.14448396167857 -8.28051665442521
v 0 -100.000000000005 -0.000022649368847104704
v -9.671342372894287 -99.14448404071283 -8.765625447207032
v -0.00003777441008878668 99.99999999999386 -0.00004577151682116881
v -9.671316295862198 99.14448714497287 -8.765632420606815
v -0.00003777441008878668 99.99999999999386 -0.00004577151682116881
v -9.229560196399689 99.14448706937928 -9.22962254268666
v 0 -100.000000000005 -0.000022649368847104704
v -9.229585528373718 -99.14448411630666 -9.229617059402996
v -0.00003777441008878668 99.99999999999386 -0.00004577151682116881
v -8.76556932926178 99.1444869974082 -9.671377897091102
v 0 -100.000000000005 -0.000022649368847104704
v -8.76559317111969 -99.14448418827797 -9.671373903923557
v -0.00003777441008878668 99.99999999999386 -0.00004577151682116881
v -8.28046202659607 99.14448692923295 -10.089834540910905
v 0 -100.000000000005 -0.000022649368847104704
v -8.2804836332798 -99.14448425645334 -10.08983129280142
v -0.00003777441008878668 99.99999999999386 -0.00004577151682116881
v -7.775406539440155 99.1444868650178 -10.483984410591304
v 0 -100.000000000005 -0.000022649368847104704
v -7.775426656007767 -99.14448432066862 -10.48398190753988
v -0.00003777441008878668 99.99999999999386 -0.00004577151682116881
v -7.251618802547455 99.14448680491759 -10.852876812048132
v 0 -100.000000000005 -0.000022649368847104704
v -7.251637428998947 -99.14448438076894 -10.852875054054767
v -0.00003777441008878668 99.99999999999386 -0.00004577151682116881
v -6.710361689329147 99.14448674907692 -11.195624381132296
v 0 -100.000000000005 -0.000022649368847104704
v -6.710378080606461 -99.14448443660973 -11.19562336819699
v -0.00003777441008878668 99.99999999999386 -0.00004577151682116881
v -6.152937933802605 99.14448669763041 -11.511400848455594
v 0 -100.000000000005 -0.000022649368847104704
v -6.1529528349637985 -99.14448448805638 -11.511400580578348
v -0.00003777441008878668 99.99999999999386 -0.00004577151682116881
v -5.580691620707512 99.14448665070209 -11.799444764681024
v 0 -100.000000000005 -0.000022649368847104704
v -5.5807046592235565 -99.1444845349848 -11.799445241861838
v -0.00003777441008878668 99.99999999999386 -0.00004577151682116881
v -4.99500073492527 99.14448660840476 -12.05906397087113
v 0 -100.000000000005 -0.000022649368847104704
v -4.9950119107961655 -99.14448457728214 -12.059064448051943
v -0.00003777441008878668 99.99999999999386 -0.00004577151682116881
v -4.397276416420937 99.1444865708406 -12.289631128139652
v 0 -100.000000000005 -0.000022649368847104704
v -4.397286102175713 -99.14448461484642 -12.289632350378525
v -0.00003777441008878668 99.99999999999386 -0.00004577151682116881
v -3.788958862423897 99.14448653809994 -12.490591913290176
v 0 -100.000000000005 -0.000022649368847104704
v -3.7889670580625534 -99.14448464758709 -12.49059313552905
v -0.00003777441008878668 99.99999999999386 -0.00004577151682116881
v -3.1715132296085358 99.14448651026179 -12.661461293525846
v 0 -100.000000000005 -0.000022649368847104704
v -3.171519935131073 -99.14448467542536 -12.66146326082278
v 0 -100.000000000005 -0.000022649368847104704
v -2.546432241797447 -99.14448469829412 -12.801830709152703
v -0.00003777441008878668 99.99999999999386 -0.00004577151682116881
v -2.5464270263910294 99.14448648739302 -12.80182874185577
v -0.00003777441008878668 99.99999999999386 -0.00004577151682116881
v -1.9152063876390457 99.14448646954864 -12.911356746978907
v 0 -100.000000000005 -0.000022649368847104704
v -1.9152101129293442 -99.14448471613827 -12.91135722415972
v -0.00003777441008878668 99.99999999999386 -0.00004577151682116881
v -1.279371976852417 99.1444864567721 -12.989778578109886
v 0 -100.000000000005 -0.000022649368847104704
v -1.2793741188943386 -99.14448472891479 -12.9897790552907
v -0.00003777441008878668 99.99999999999386 -0.00004577151682116881
v -0.6404553540050983 99.14448644909375 -13.036907970733788
v 0 -100.000000000005 -0.000022649368847104704
v -0.6404559127986431 -99.14448473659314 -13.036908447914602
v -0.00003777441008878668 99.99999999999386 -0.00004577151682116881
v 0 -100.000000000005 -0.000022649368847104704
v 0 38.26833948319472 -92.38795665508471
v -0.0000011657077081395073 49.999991851122296 -86.60252908872175
v 4.249383509159088 49.99999186811528 -86.4982269208293
v 4.533260315656662 38.26833950132581 -92.27666882282458
v 0.000005167285621610063 96.59257705542991 -25.88189923893511
v 1.2699629180133343 96.59257706050577 -25.850743891111012
v 0 -60.87613802264205 -79.33533391975733
v -0.000021282275497469527 -49.99999920818159 -86.60252471758427
v 4.249383881688118 -49.999999191188614 -86.49822254969182
v 3.8927990943193436 -60.87613800707268 -79.23976979278896
v 0 25.88190352786413 -96.59258548882381
v 4.739571735262871 25.881903546819668 -96.47623722222225
v 0.000009451369464841264 92.3879441856784 -38.26833084399084
v 1.877736859023571 92.38794419318343 -38.22226539427618
v 0 -70.71067054733308 -70.71068326965695
v 3.4696076065301895 -70.7106705334563 -70.62550823227292
v 0 13.052620232277395 -99.14448473915293
v 4.864787310361862 13.05262025173401 -99.02506087288096
v 0 86.60253067804632 -50.00001410934376
v 2.4533819407224655 86.60253068785863 -49.939786596030466
v 0.000015039304912534135 -79.33532991386063 -60.87612409283873
v 2.9870498925447464 -79.33532990191826 -60.802822300693954
v 0.000027146498382535356 0.0000031786796086528306 -99.9998211860675
v 4.90676574409008 0.0000031982750908859147 -99.87954497337525
v 0 79.33532199882546 -60.876155904033546
v 2.987048961222172 79.33532201077173 -60.80283027003086
v 0.000008147517860379594 -86.60253504917361 -49.99991436508312
v 2.453383058309555 -86.60253503937683 -49.93978221920147
v 0 -13.052613794632103 -99.14448644653496
v 4.864787682890892 -13.052613775175486 -99.02506258026298
v 0.000008892575920071977 70.71067134874257 -70.71058114036397
v 3.46960686147213 70.71067136260187 -70.62551339134053
v 0.000011872808158841508 -92.38794473415479 -38.268333522732185
v 1.8777381628751755 -92.3879447266488 -38.22226211255305
v 0 -25.88189625870384 -96.59258301589489
v 4.739571735262871 -25.8818962397483 -96.47623474929333
v 0.000029381672561612504 60.876136013793904 -79.33516898132169
v 3.892798349261284 60.876136029335115 -79.23977770782317
v 0.000005353550136533158 -96.59257952835884 -25.88190054763286
v 1.2699645943939686 -96.59257952328299 -25.850745199808763
v 0.000021558562934842485 -38.268333824218224 -92.38791438335554
v 4.533260688185692 -38.26833380609393 -92.27666827434675
v 3.7509527057409286 -92.38794470413666 -38.0840836448025
v 2.5368697941303253 -96.59257950805787 -25.757294057497667
v 9.467725455760956 -25.881896182926358 -96.12746413085462
v 9.055600315332413 -38.26833375174533 -91.94307895893233
v 7.77621790766716 60.87613607600536 -78.95331778503264
v 8.488529175519943 49.99999191906023 -86.18552903340864
v 8.488530665636063 -49.99999914024366 -86.18552466227116
v 9.055598825216293 38.26833955567441 -91.94307950741016
v 2.5368664413690567 96.59257707573089 -25.757292748799916
v 7.776219397783279 -60.87613796040244 -78.95330986999844
v 9.467724710702896 25.881903603641614 -96.12746660378355
v 3.7509500980377197 92.38794421569555 -38.08408692652563
v 6.9308556616306305 -70.71067049185996 -70.37019173637754
v 9.717854857444763 13.052620310057252 -98.66707537635996
v 4.900853335857391 86.60253071727176 -49.759250087470285
v 5.966903641819954 -79.33532986610666 -60.58301229169127
v 9.801710397005081 0.0000032571013519848757 -99.51847195625488
v 5.9669021517038345 79.33532204658333 -60.583020261028175
v 4.9008559435606 -86.6025350099637 -49.75924571064129
v 9.717855602502823 -13.052613716852246 -98.66707708374199
v 6.930854171514511 70.71067140419821 -70.37019689544515
v 13.556122779846191 38.26833964610942 -91.3879933715459
v 14.173069596290588 25.881903698192072 -95.54712001946348
v 3.797658532857895 96.59257710106596 -25.601787210813164
v 5.615127086639404 92.38794425315508 -37.85416200930457
v 11.64090633392334 -60.87613788274396 -78.47664556526516
v 10.375407338142395 -70.71067042264409 -69.94534770981198
v 14.54751193523407 13.052620407106307 -98.0713925169392
v 7.336517423391342 86.60253076621531 -49.458836717337846
v 8.932381868362427 -79.33532980651712 -60.21725434949157
v 14.673042297363281 0.000003354988452438791 -98.91764521599
v 8.932379633188248 79.33532210617287 -60.217262318828475
v 7.3365218937397 -86.60253496102015 -49.45883234050885
v 14.54751342535019 -13.05261361980319 -98.07139422432122
v 10.375405102968216 70.71067147341408 -69.9453528688796
v 5.615131184458733 -92.38794466667714 -37.854158727581435
v 14.173071086406708 -25.881896088375896 -95.54711754653455
v 11.64090409874916 60.87613615366383 -78.47665348029936
v 3.797663375735283 -96.59257948272281 -25.601788519510915
v 13.55612426996231 -38.26833366131032 -91.38799282306807
v 12.707225978374481 49.999992003831885 -85.66520432637739
v 12.7072274684906 -49.999999055472 -85.66519995523991
v 19.509024918079376 0.0000034916984769323774 -98.0785250663776
v 19.342122972011566 -13.052613484262348 -97.23945047393977
v 11.876338720321655 79.3353221893966 -59.70643859217443
v 13.79496157169342 70.71067157008247 -69.35200651153403
v 9.754513204097748 -86.60253489266515 -49.03927226570264
v 7.465782016515732 -92.38794461436005 -37.53303870385402
v 18.844272196292877 -25.881895956324158 -94.7365897450209
v 15.4775470495224 60.87613626212311 -77.81093516326752
v 5.049308016896248 -96.59257944733946 -25.384607075342828
v 18.023990094661713 -38.26833353500545 -90.6127390503325
v 16.89531058073044 49.99999212222632 -84.93850449727584
v 16.895312070846558 -49.99999893707758 -84.93850012613836
v 18.023988604545593 38.26833977241429 -90.61273959881032
v 5.049301311373711 96.59257713644931 -25.384605766645077
v 15.477550029754639 -60.876137774284686 -77.81092724823331
v 18.844270706176758 25.881903830243814 -94.73659221794982
v 7.465776056051254 92.38794430547217 -37.53304198557715
v 13.79496455192566 -70.7106703259757 -69.35200135246642
v 19.342121481895447 13.052620542647148 -97.23944876655774
v 9.75450798869133 86.60253083457032 -49.03927664253164
v 11.876341700553894 -79.33532972329338 -59.70643062283752
v 6.2887877225875854 -96.5925794019928 -25.10627126563519
v 22.448433935642242 -38.26833337313661 -89.619195187036
v 21.04269564151764 -49.999998785345866 -84.0071775515229
v 21.0426926612854 49.99999227395802 -84.00718192266038
v 22.448432445526123 38.268339934283134 -89.61919573551383
v 6.288779526948929 96.59257718179597 -25.10626995693744
v 19.276908040046692 -60.87613763528484 -76.95775232338286
v 23.47007393836975 25.881903999479288 -93.69783227112671
v 9.29843932390213 92.38794437252011 -37.12150469595771
v 17.181289196014404 -70.71067020208687 -68.59157721535095
v 24.09013658761978 13.05262071635349 -96.17324684128005
v 12.14899867773056 86.60253092217317 -48.50157420131613
v 14.791691303253174 -79.33532961663546 -59.051768967411505
v 24.298009276390076 0.000003666904170521757 -97.00312018394658
v 14.791686832904816 79.33532229605453 -59.05177693674841
v 12.149005383253098 -86.6025348050623 -48.501569824487134
v 24.09013658761978 -13.052613310556008 -96.17324854866207
v 17.181284725666046 70.71067169397129 -68.59158237441856
v 9.298446774482727 -92.38794454731212 -37.12150141423458
v 23.47007542848587 -25.88189578708868 -93.69782979819779
v 19.276903569698334 60.87613640112295 -76.95776023841707
v 28.03933620452881 25.881904205489676 -92.4333495345392
v 28.78011167049408 13.052620927807766 -94.87534974083145
v 11.108701676130295 92.38794445413816 -36.620536597317276
v 14.514221251010895 86.60253102881215 -47.847028774947425
v 20.52622139453888 -70.71067005127576 -67.66590516106018
v 17.671406269073486 -79.33532948679974 -58.254842945835584
v 29.028454422950745 0.000003880182141054016 -95.69402933120917
v 17.67140030860901 79.33532242589025 -58.25485091517249
v 14.514230191707611 -86.60253469842331 -47.84702439811843
v 28.78011167049408 -13.05261309910173 -94.87535144821348
v 20.526215434074402 70.71067184478241 -67.6659103201278
v 11.108710616827011 -92.38794446569405 -36.620533315594145
v 28.03933620452881 -25.881895581078297 -92.43334706161028
v 23.029819130897522 60.87613657032735 -75.91919102645724
v 7.513117790222168 -96.59257934679256 -24.767454622873963
v 26.81879699230194 -38.2683331760932 -88.40975137943408
v 25.139379501342773 49.99999245866188 -82.87347773717455
v 25.139382481575012 -49.999998600642016 -82.87347336603708
v 26.818794012069702 38.26834013132654 -88.40975192791191
v 7.513108104467392 96.5925772369962 -24.767453314176212
v 23.029825091362 -60.87613746608044 -75.91918311142304
v 33.40075612068176 -13.052612850411279 -93.34890033737365
v 32.541048526763916 -25.88189533878825 -90.94618137214192
v 23.821696639060974 70.71067202215167 -66.57722552284082
v 26.727253198623657 60.8761367693304 -74.69771900153965
v 12.892213463783264 -92.38794436970299 -36.031344382221654
v 8.719347417354584 -96.59257928187105 -24.368969260344212
v 31.124550104141235 -38.26833294435009 -86.98732229465627
v 29.175502061843872 49.999992675893125 -81.54012183354908
v 29.17550504207611 -49.99999838341076 -81.5401174624116
v 31.124547123908997 38.26834036306965 -86.9873228431341
v 8.719336241483688 96.59257730191747 -24.36896944176258
v 26.727262139320374 -60.87613726707739 -74.69771108650545
v 32.541048526763916 25.881904447779718 -90.94618384507085
v 12.892203032970428 92.38794455012923 -36.031347663944786
v 23.82170408964157 -70.7106698739065 -66.57722036377321
v 33.40075612068176 13.052621176498217 -93.34889862999162
v 16.844478249549866 86.60253115423092 -47.07721392604759
v 20.508548617362976 -79.33532933409985 -57.31757778813601
v 33.68896842002869 0.00000413101965674765 -94.1543996334095
v 20.5085426568985 79.33532257859014 -57.31758575747292
v 16.8444886803627 -86.60253457300456 -47.077209549218594
v 9.904558956623077 96.59257737640341 -23.91177797447743
v 33.14134478569031 -49.99999813417651 -80.01032849146436
v 30.360308289527893 -60.876137038756376 -73.29628667854648
v 35.35531759262085 38.2683406289541 -85.35533574825497
v 36.96436583995819 25.88190472576483 -89.2399234023371
v 14.644645154476166 92.38794466026218 -35.3553564863859
v 27.059796452522278 -70.71066967040636 -65.32814542786015
v 37.94093430042267 13.052621461827627 -91.59755919441426
v 19.13415640592575 86.60253129812695 -46.19398633930139
v 23.296284675598145 -79.33532915890387 -56.24223251034977
v 38.26832473278046 0.000004418811732943788 -92.3879444599171
v 23.296278715133667 79.33532275378612 -56.24224047968668
v 19.134168326854706 -86.60253442910852 -46.19398196247239
v 37.94093430042267 -13.05261256508187 -91.59756090179629
v 27.05978751182556 70.7106722256518 -65.32815058692776
v 14.64465707540512 -92.38794425957005 -35.35535320466277
v 36.96436583995819 -25.881895060803142 -89.23992092940817
v 30.360296368598938 60.876136997651415 -73.29629459358068
v 9.904571622610092 -96.59257920738511 -23.911777793059063
v 35.35532057285309 -38.26833267846565 -85.35533519977714
v 33.14133882522583 49.99999292512739 -80.01033286260184
v 42.38970875740051 13.052621783108469 -89.62555144294944
v 42.75548756122589 0.000004742865016437893 -90.3989195823689
v 21.377737820148468 86.6025314601536 -45.199473900527295
v 26.02788805961609 79.33532295105675 -55.03140192339703
v 26.027897000312805 -79.33532896163324 -55.03139395406012
v 21.377751231193542 -86.60253426708188 -45.1994695236983
v 42.38970875740051 -13.052612243801027 -89.62555315033147
v 30.232688784599304 70.71067245479145 -63.92170150741423
v 16.361820697784424 -92.38794413556033 -34.594186989719844
v 41.29863381385803 -25.881894747792042 -87.31867249343408
v 33.920201659202576 60.876137254739795 -71.71829738593911
v 11.065934598445892 -96.59257912351414 -23.396981416830737
v 39.50091898441315 -38.26833237907981 -83.51771804088739
v 37.02733516693115 49.99999320576549 -78.28778843091546
v 37.02734410762787 -49.999997853538396 -78.28778405977798
v 39.50091600418091 38.26834092833993 -83.51771858936522
v 11.065920442342758 96.59257746027438 -23.396981598249106
v 33.92021358013153 -60.876136781668 -71.7182894709049
v 41.29863381385803 25.88190503877593 -87.318674966363
v 16.36180728673935 92.3879447842719 -34.594190271442976
v 30.23270070552826 -70.71066944126672 -63.92169634834662
v 45.53340971469879 -25.881894400509484 -85.18706734511868
v 43.551358580589294 -38.268332046914104 -81.47889944309384
v 37.39838898181915 60.87613753997792 -69.96751823402262
v 40.824130177497864 49.999993517130605 -76.37664298223079
v 12.20063865184784 -96.59257903045987 -22.825818418154444
v 40.82413911819458 -49.99999754217328 -76.37663861109331
v 43.55135262012482 38.26834126050564 -81.47889999157167
v 12.200623750686646 96.59257755332841 -22.825820089688932
v 37.39840090274811 -60.87613649642987 -69.96751031898842
v 45.53340971469879 25.881905386058484 -85.1870698180476
v 18.039552867412567 92.38794492185929 -33.74968484217511
v 33.33277106285095 -70.71066918703818 -62.361252708591394
v 46.73636257648468 13.05262213956582 -87.43763182625025
v 23.56981784105301 86.60253163992046 -44.09607271644528
v 28.696805238723755 -79.3353287427628 -53.68797678639656
v 47.13964760303497 0.000005102398756562668 -88.19211721420487
v 28.69679629802704 79.3353231699272 -53.68798475573347
v 23.569832742214203 -86.60253408731501 -44.09606833961628
v 46.73636257648468 -13.052611887343678 -87.43763353363228
v 33.332759141922 70.71067270901999 -62.361257867659
v 18.03956776857376 -92.38794399797294 -33.749681560451975
v 13.305935263633728 96.59257765534116 -22.199670316091225
v 19.673840701580048 92.38794507269323 -32.82387271696912
v 40.78649282455444 -60.87613618373049 -68.04817519211161
v 36.35254204273224 -70.71066890833252 -60.65056960121532
v 49.65848922729492 25.8819057667764 -82.85023991730606
v 50.97042918205261 13.05262253034221 -85.03906343445036
v 25.705114006996155 86.60253183699446 -42.88644115421232
v 31.29657804965973 -79.33532850281986 -52.21521753957041
v 51.41024589538574 0.000005496547718436814 -85.77284812927448
v 31.296569108963013 79.33532340986916 -52.215231469371794
v 25.705131888389587 -86.60253389024052 -42.886433797151085
v 50.97042918205261 -13.052611496567287 -85.03906514183238
v 36.352527141571045 70.71067298772564 -60.65057476028292
v 19.67385709285736 -92.387943847139 -32.82386943524599
v 49.65848922729492 -25.88189401979157 -82.85023744437713
v 40.78648090362549 60.8761378526773 -68.04818310714582
v 13.305951654911041 -96.59257892844688 -22.19966715444062
v 47.49687612056732 -38.26833168276869 -79.24379082912598
v 44.52257752418518 49.99999385847305 -74.2814979951245
v 44.5225864648819 -49.99999720083084 -74.28149362398702
v 47.496870160102844 38.26834162465106 -79.24379137760381
v 55.556994676589966 0.000005924361211882119 -83.14694762230125
v 55.08170127868652 -13.052611072413805 -82.435629625475
v 33.820948004722595 79.33532367030486 -50.61668854067614
v 39.28471803665161 70.71067329023545 -58.79378278716893
v 27.77850329875946 -86.60253367633378 -41.57348354366447
v 21.26074880361557 -92.3879436834217 -31.818979827816502
v 53.663939237594604 -25.881893606555973 -80.31381543014072
v 44.07631456851959 60.876138192084376 -65.96491732574326
v 14.379209280014038 -96.59257881772085 -21.52003562320207
v 51.32797360420227 -38.268331287521434 -76.8177804588715
v 48.11376631259918 49.999994228970316 -72.00740198300905
v 48.1137752532959 -49.99999683033357 -72.00739761187157
v 51.32796764373779 38.26834201989831 -76.81778100734932
v 14.379191398620605 96.59257776606718 -21.520038784852677
v 44.07632648944855 -60.876135844323414 -65.96490941070905
v 53.663939237594604 25.881906180011995 -80.31381790306965
v 21.260730922222137 92.38794523641052 -31.81898310953963
v 39.284732937812805 -70.71066860582272 -58.793777628101324
v 55.08170127868652 13.05262295449569 -82.43562791809298
v 27.778485417366028 86.6025320509012 -41.57349090072571
v 33.82095694541931 -79.33532824238416 -50.61667461087475
v 55.03541827201843 -38.26833086212302 -74.2067036270539
v 51.58905386924744 -49.99999643157391 -69.55982824160183
v 51.58904790878296 49.99999462772998 -69.55983261273931
v 55.035412311553955 38.268342445296724 -74.20670417553173
v 15.417806804180145 96.59257788523969 -20.788563133588497
v 47.25997745990753 -60.87613547902532 -63.722725725406356
v 57.54011273384094 25.881906624770888 -77.58390729096335
v 22.796402871608734 92.38794541261643 -30.73743894869675
v 42.122283577919006 -70.71066828023706 -56.79534713760758
v 59.06028151512146 13.052623411003715 -79.63360164627294
v 29.784932732582092 86.60253228112506 -40.160386962623
v 36.263856291770935 -79.33532796208156 -48.89618951966536
v 59.56989526748657 0.000006384808917920967 -80.32073974609584
v 36.26384735107422 79.33532395060746 -48.896203449466746
v 29.784953594207764 -86.60253344610993 -40.160379605561765
v 59.06028151512146 -13.052610615905783 -79.63360335365496
v 42.12226867675781 70.71067361582111 -56.79535229667518
v 22.796422243118286 -92.38794350721578 -30.73743566697362
v 57.54011273384094 -25.881893161797084 -77.58390481803443
v 47.25996255874634 60.87613855738247 -63.72273364044055
v 15.417826175689697 -96.5925786985481 -20.78855848182177
v 24.277155101299286 92.3879456008861 -29.581847937649403
v 31.71963095664978 86.60253252711104 -38.650535745353125
v 44.858357310295105 -70.71066793235923 -54.660088224567446
v 38.61939609050751 -79.33532766258745 -47.057907768986375
v 62.89657950401306 13.052623898767012 -76.63973186477884
v 63.439297676086426 0.00000687678185985926 -77.30103135109161
v 38.61938416957855 79.33532425010156 -47.05792169878776
v 31.71965181827545 -86.60253320012346 -38.65052540805965
v 62.89657950401306 -13.052610128142486 -76.63973357216086
v 44.85834240913391 70.71067396369894 -54.66009338363505
v 24.277175962924957 -92.38794331894611 -29.581844655926275
v 61.277663707733154 -25.881892686587946 -74.66709192130595
v 50.32976269721985 60.8761389476908 -61.327038192518835
v 16.419300436973572 -96.59257857121607 -20.007000027785068
v 58.610278367996216 -38.26833040759989 -71.41686054462596
v 54.94004487991333 49.99999505379067 -66.94469074414803
v 54.94005084037781 -49.99999600551322 -66.94468637301055
v 58.61027240753174 38.26834289981985 -71.41686109310379
v 16.4192795753479 96.59257801257148 -20.007006169667914
v 50.329774618148804 -60.876135088717 -61.32703027748464
v 61.277663707733154 25.881907099980026 -74.66709439423488
v 66.58135056495667 -13.052609610297953 -73.46122648254604
v 64.86759185791016 -25.881892182073468 -71.5704041275743
v 47.48634696006775 70.71067433302896 -52.39316184982161
v 53.27831506729126 60.87613936206936 -58.78360071159235
v 25.699442625045776 -92.3879431190657 -28.35498735135323
v 17.38121807575226 -96.59257843603162 -19.177243767866866
v 62.0439350605011 -38.268329925045485 -68.45496269458938
v 58.15868377685547 49.99999550612692 -64.16827062772352
v 58.158689737319946 -49.99999555317697 -64.16826625658604
v 62.04392910003662 38.26834338237426 -68.45496324306721
v 17.381195724010468 96.59257814775594 -19.17724990974971
v 53.278326988220215 -60.87613467433844 -58.78359279655815
v 64.86759185791016 25.8819076044945 -71.57040660050323
v 25.699421763420105 92.38794580076605 -28.354993613308597
v 47.48636484146118 -70.71066756302824 -52.39315073028953
v 66.58135056495667 13.052624416611545 -73.46122477516401
v 33.57791304588318 86.60253278826728 -37.04757015201513
v 40.88189899921417 -79.33532734462383 -45.106260964176826
v 67.1558678150177 0.000007399094345452259 -74.09510016441563
v 40.88188409805298 79.33532456806519 -45.10627489397821
v 33.57793390750885 -86.60253293896722 -37.04755981472166
v 18.301241099834442 96.59257829046702 -18.301295579782224
v 61.23722195625305 -49.99999507565568 -61.237261493936536
v 56.0985267162323 -60.876134236887914 -56.09854064010983
v 65.32812118530273 38.26834389179562 -65.32815722233056
v 68.30124855041504 25.881908137100467 -68.30129449036534
v 27.059775590896606 92.38794601177557 -27.05982640559072
v 49.99997317790985 -70.71066717313359 -49.999994440235234
v 70.10572552680969 13.052624963288501 -70.10574553474657
v 35.35529971122742 86.60253306396405 -35.35535554382272
v 43.04591119289398 -79.3353270089564 -43.04594893147727
v 70.71064710617065 0.000007950488822319179 -70.71066498756632
v 43.04589629173279 79.33532490373263 -43.04596286127865
v 35.35532057285309 -86.60253266326997 -35.355342226297005
v 70.10572552680969 -13.052609063620997 -70.1057472421286
v 49.99995529651642 70.71067472292312 -50.000008539999556
v 27.059799432754517 -92.38794290805617 -27.059820143635353
v 68.30124855041504 -25.8818916494675 -68.30129201743641
v 56.098514795303345 60.876139799519876 -56.09854855514403
v 18.301263451576233 -96.5925782933203 -18.30128794778326
v 65.32812714576721 -38.26832941562412 -65.32815667385273
v 61.237215995788574 49.999995983648205 -61.237265865074015
v 37.04751431941986 86.60253335353757 -33.57796589824626
v 45.10620832443237 79.33532525629496 -40.88195066759887
v 45.10622322559357 -79.33532665639406 -40.88193673779749
v 37.04753518104553 -86.60253237369645 -33.57795258072055
v 74.09508228302002 0.000008529635877943192 -67.1558856964134
v 73.46120476722717 -13.052608489427435 -66.58137228027562
v 52.3931086063385 70.71067513244189 -47.48640020355092
v 28.354963660240173 -92.38794268642592 -25.69946333592663
v 71.57036066055298 -25.881891090053823 -64.86763532493157
v 58.78356695175171 60.876140258988734 -53.27834882713198
v 19.17721927165985 -96.59257814342588 -17.381242571959298
v 68.45493912696838 -38.26832888056132 -62.043964588586654
v 64.16822671890259 49.999996485203795 -58.15873960660543
v 64.16823267936707 -49.9999945741001 -58.15873523546795
v 68.4549331665039 38.26834442685745 -62.04397109752896
v 19.17719542980194 96.5925784403612 -17.381251694074383
v 58.783578872680664 -60.876133777419064 -53.27834091209778
v 71.57036066055298 25.881908696514145 -64.8676377978605
v 28.354939818382263 92.38794623340533 -25.699472578114236
v 52.39313244819641 -70.71066676361433 -47.48638312355436
v 73.46120476722717 13.052625537482063 -66.58137057289359
v 74.66705441474915 -25.88189050518029 -61.27770717475461
v 71.416836977005 -38.26832832114764 -58.61030789608182
v 61.326998472213745 60.87614073936791 -50.32980241752508
v 66.94464683532715 49.99999700958663 -54.940100709663334
v 20.006975531578064 -96.5925779867096 -16.419324933180622
v 66.94465279579163 -49.99999404971726 -54.940096338525855
v 71.41683101654053 38.26834498627113 -58.61031440502413
v 20.006951689720154 96.59257859707722 -16.419335545411826
v 61.32701635360718 -60.876133297038905 -50.32978854202641
v 74.66705441474915 25.881909281387678 -61.27770964768354
v 29.581797122955322 92.38794646512198 -24.277205915993438
v 54.660069942474365 -70.71066633545756 -44.85837559238832
v 76.63971185684204 13.052626137807465 -62.896599511950036
v 38.650476932525635 86.60253365629015 -31.719683809012885
v 47.05787003040314 -79.33532628778555 -38.61943382909085
v 77.30101346969604 0.000009135142008334779 -63.43931555748218
v 47.05785512924194 79.33532562490348 -38.619447758892235
v 38.650497794151306 -86.60253207094338 -31.719667511254936
v 76.63971185684204 -13.052607889102031 -62.89660121933206
v 54.660046100616455 70.71067556059867 -44.85839267238488
v 29.581817984580994 -92.38794245470902 -24.277195183689713
v 20.788508653640747 96.59257876023784 -15.417862774244085
v 30.737388134002686 92.38794670636739 -22.796452196186785
v 63.72270584106445 -60.876132796905466 -47.25999138378518
v 56.795328855514526 -70.71066588969408 -42.12229887978002
v 77.58387327194214 25.88190989031202 -57.540158673791375
v 79.63358759880066 13.052626762819738 -59.060301523058484
v 40.16032814979553 86.60253397149201 -29.78498856517746
v 48.896148800849915 -79.3353259040194 -36.263894030354315
v 80.32071590423584 0.000009765546704782977 -59.569919109346856
v 48.89613389968872 79.33532600866913 -36.26391094038794
v 40.160349011421204 -86.60253175574103 -29.784969287187273
v 79.63358759880066 -13.052607264089758 -59.06030323044051
v 56.795305013656616 70.71067600636215 -42.12231595977658
v 30.737408995628357 -92.38794221346338 -22.79643997376694
v 77.58387327194214 -25.88188989625595 -57.54015620086245
v 63.72268795967102 60.87614123950135 -47.26000525928385
v 20.788533985614777 -96.59257782354874 -15.417850671896764
v 74.20668005943298 -38.268327738729006 -55.03544780010409
v 69.55978870391846 49.99999755553333 -51.589103738533005
v 69.55979466438293 -49.99999350377056 -51.58909936739553
v 74.2066740989685 38.26834556868977 -55.03545430904639
v 50.61662197113037 79.33532640666795 -33.82101159403634
v 58.79373550415039 70.71067646865782 -39.28476531967041
v 41.57344996929169 -86.60253142884879 -27.778518991739
v 31.818953156471252 -92.38794196327042 -21.260766534264246
v 82.4356198310852 -13.052606615897737 -55.0817289544701
v 80.31378388404846 -25.881889264748104 -53.66398866508064
v 65.96486568450928 60.87614175818442 -44.07635130859267
v 21.520009636878967 -96.59257765433657 -14.379233776221119
v 76.81775689125061 -38.268327134710574 -51.32800909275245
v 72.00735807418823 49.99999812172857 -48.11382214234928
v 72.00736403465271 -49.99999293757532 -48.1138177712118
v 76.81775093078613 38.2683461727082 -51.32801560169476
v 21.519984304904938 96.59257892944977 -14.37924736868456
v 65.96488356590271 -60.87613227822241 -44.076337433094
v 80.31377792358398 25.88191052181987 -53.663991138009564
v 31.818929314613342 92.3879469565601 -21.26078024680021
v 58.7937593460083 -70.71066542739791 -39.284745259441614
v 82.4356198310852 13.05262741101176 -55.081727247088075
v 41.573429107666016 86.60253429838426 -27.778538269729186
v 50.616633892059326 -79.3353255060201 -33.82099170377048
v 83.14692378044128 0.000010419331193601647 -55.557018518450306
v 79.2437732219696 -38.26832651054557 -47.496911609117554
v 74.28146004676819 -49.99999235249592 -44.5226260025656
v 74.28145408630371 49.99999870680748 -44.52263335393532
v 79.24376726150513 38.2683467968732 -47.49691811805986
v 22.199615836143494 96.59257910430539 -13.305991233697696
v 68.0481493473053 -60.876131742239984 -40.7865007879677
v 82.85019993782043 25.881911174390503 -49.65854112770994
v 32.82381296157837 92.38794721509733 -19.67389002615814
v 60.650551319122314 -70.71066494968291 -36.35255138412885
v 85.03905534744263 13.052628080823002 -50.97045515045422
v 42.88637638092041 86.60253463617981 -25.7051638791271
v 52.21518278121948 -79.33532509474608 -31.296609827778692
v 85.77282428741455 0.000011094922320461163 -51.41026973724613
v 52.21517086029053 79.33532681794148 -31.29663269827679
v 42.88639724254608 -86.60253109105322 -25.70514460113691
v 85.03905534744263 -13.052605946086496 -50.97045685783625
v 60.650527477264404 70.71067694637235 -36.35257442458989
v 32.82383978366852 -92.38794170473294 -19.673874823506058
v 82.85020589828491 -25.881888612176983 -49.65853567454877
v 68.04813146591187 60.87614229416683 -40.78651466346637
v 22.199642658233643 -96.59257747948071 -13.305976151118136
v 33.749622106552124 92.38794748135662 -18.03960219199068
v 44.09600496292114 86.6025349840642 -23.569864732951743
v 62.361228466033936 -70.71066445769976 -33.3327804042476
v 53.687942028045654 -79.33532467118886 -28.696834036610515
v 87.43761777877808 13.052628770640009 -46.736388544886346
v 88.1920874118805 0.000011790691579305478 -47.13966846466318
v 53.6879301071167 79.33532724149822 -28.696859887340853
v 44.096025824546814 -86.6025307431686 -23.569843964845436
v 87.43761777877808 -13.052605256269489 -46.73639025226837
v 62.361204624176025 70.710677438355 -33.33280642494088
v 33.74964892864227 -92.38794143847366 -18.0395869893386
v 85.18704175949097 -25.881887940115742 -45.53345318172045
v 69.96746063232422 60.87614284615707 -37.398422741660085
v 22.8257954120636 -96.59257729940248 -12.200663893113008
v 81.47888779640198 -38.26832586773869 -43.55139108890734
v 76.37659907341003 49.99999930936104 -40.82418600724805
v 76.37660503387451 -49.99999174994237 -40.824178655878335
v 81.4788818359375 38.268347439680085 -43.55139759784964
v 22.82576709985733 96.59257928438349 -12.200679720750628
v 69.96747851371765 -60.87613119024927 -37.39840588592917
v 85.18702983856201 25.881911846451743 -45.53345863488162
v 63.921648263931274 70.71067794342058 -30.232736067618227
v 71.71823382377625 60.876143412826195 -33.92023243881131
v 34.594154357910156 -92.38794116513421 -16.361841408665402
v 23.3969584107399 -96.5925771145356 -11.065959094653017
v 87.31865286827087 -25.88188725018269 -41.29867430064751
v 83.51770639419556 -38.268325207838316 -39.50095149273125
v 78.28774452209473 49.99999992793746 -37.02739099668139
v 78.2877504825592 -49.99999113136546 -37.027380665079434
v 83.51770043373108 38.26834809958045 -39.50095800167355
v 23.39693009853363 96.59257946925013 -11.065976412406757
v 71.71825170516968 -60.87613062358014 -33.9202155830804
v 87.31864094734192 25.881912536384792 -41.29867975380868
v 34.59412753582001 92.38794775469583 -16.361858101433604
v 63.921672105789185 -70.71066395263419 -30.232710046924947
v 89.62554335594177 13.052629478800284 -42.389731745569996
v 45.199403166770935 86.60253534119937 -21.377784712047234
v 55.03135919570923 -79.33532423636802 -26.02792281796736
v 90.39888978004456 0.000012504962395474034 -42.755505442621924
v 55.03134727478027 79.33532767631905 -26.0279486686977
v 45.199424028396606 -86.60253038603344 -21.377763943940927
v 89.62554335594177 -13.052604548109212 -42.38973345295202
v 80.0102949142456 -49.99999049825581 -33.14138134314193
v 73.29624891281128 -60.87613004359746 -30.360307312244572
v 85.35531759262085 38.26834877498416 -35.35535959011355
v 89.23989534378052 25.881913242526675 -36.9644117799089
v 23.911726474761963 96.59257965846017 -9.904613436570973
v 35.35529375076294 92.38794803445704 -14.644695969170444
v 65.32812714576721 -70.71066343570249 -27.059805793919008
v 91.59755110740662 13.052630203598126 -37.94095430835998
v 46.193912625312805 86.60253570672494 -19.134204787940664
v 56.24220371246338 -79.33532379133189 -23.296310493252737
v 92.3879086971283 0.000013236014495574896 -38.26833963394431
v 56.242191791534424 79.33532812135519 -23.296336343983075
v 46.19393348693848 -86.60253002050763 -19.134182529718238
v 91.59755110740662 -13.052603823311372 -37.940956015742
v 65.3281033039093 70.7106784603518 -27.059834794844527
v 35.35532057285309 -92.38794088537274 -14.644677786286124
v 89.23990726470947 -25.88188654404081 -36.964406326747735
v 73.29623103141785 60.87614399280839 -30.36032714820772
v 23.91175627708435 -96.59257692532532 -9.904594628701114
v 85.35532355308533 -38.26832453243461 -35.355353081171245
v 80.01028895378113 50.0000005610471 -33.141391674743886
v 47.07713723182678 86.60253607976037 -16.84452961179705
v 57.317543029785156 79.33532857553504 -20.508600285747946
v 57.31755495071411 -79.33532333715203 -20.508574435017607
v 47.077158093452454 -86.60252964747194 -16.844505863458505
v 94.15435791015625 0.000013982086335192043 -33.6889833211926
v 93.34889054298401 -13.052603083621975 -33.400774855768915
v 66.57717823982239 70.71067898790425 -23.821740941847743
v 36.03131175041199 -92.38794059986344 -12.89223417466429
v 90.94617366790771 -25.881885823390466 -32.54108603332128
v 74.69765543937683 60.87614458470673 -26.72728099800025
v 24.368949234485626 -96.59257673222767 -8.71936967838756
v 86.98731660842896 -38.26832384315413 -31.12457963222721
v 81.54008388519287 50.00000120716441 -29.175551931129743
v 81.54008984565735 -49.99998985213851 -29.175541599527783
v 86.98731064796448 38.268349464264645 -31.12458614116951
v 24.36891794204712 96.59257985155757 -8.719389976373538
v 74.69767332077026 -60.87612945169912 -26.727261162037102
v 90.94616174697876 25.881913963176533 -32.54109446671468
v 36.03128492832184 92.3879483199661 -12.89225384766473
v 66.5772020816803 -70.71066290815003 -23.821711940922224
v 93.34889054298401 13.052630943287523 -33.40077314838689
v 75.91912150382996 60.87614518709544 -23.02984544015804
v 82.87344574928284 50.000001864732724 -25.13942639039646
v 24.76743459701538 -96.59257653570779 -7.513139306197101
v 88.40974569320679 -38.268323141657426 -26.818823540155734
v 82.87345170974731 -49.9999891945702 -25.1394160587945
v 88.40973973274231 38.26835016576135 -26.818830049098032
v 24.767401814460754 96.59258004807732 -7.513160349241138
v 75.91913938522339 -60.87612884931017 -23.029824114078774
v 92.43332743644714 25.881914696598564 -28.03938214447964
v 36.620473861694336 92.38794861053536 -11.10875249082462
v 67.66588091850281 -70.71066237124751 -20.52622775570346
v 94.87534761428833 13.05263169608654 -28.78012571796703
v 47.846946120262146 86.60253645940718 -14.514274103374229
v 58.254826068878174 -79.33532287492288 -17.671432086728156
v 95.69398164749146 0.000014741380439841437 -29.028469324114724
v 58.25481414794922 79.3353290377642 -17.671457937458495
v 47.846969962120056 -86.60252926782513 -14.514250355035681
v 94.87534761428833 -13.052602330822959 -28.780127425349058
v 67.6658570766449 70.71067952480652 -20.526258246745098
v 36.620500683784485 -92.38794030929395 -11.10873132770806
v 92.4333393573761 -25.881885089968435 -28.03937371108623
v 76.9577145576477 -60.87612823788262 -19.27690855287964
v 68.5915470123291 -70.71066182628888 -17.181295557179027
v 93.69781017303467 25.881915441026116 -23.470118388204522
v 96.17323875427246 13.052632460181192 -24.090146164744436
v 37.12143898010254 92.38794890546453 -9.29849013859648
v 48.50148856639862 86.60253684475072 -12.149052275151986
v 59.0517520904541 -79.33532240575776 -14.791717120907883
v 97.00307250022888 0.000015512068260385615 -24.29802119732188
v 59.05174016952515 79.33532950692931 -14.791742971638222
v 48.50151240825653 -86.60252888248135 -12.14902703669732
v 96.17323875427246 -13.052601566728304 -24.09014787212646
v 68.59152317047119 70.71068006976515 -17.181326048220665
v 37.12146878242493 -92.38794001436453 -9.298467485363801
v 93.69782209396362 -25.881884345540882 -23.470109954811115
v 76.95769667625427 60.87614579852299 -19.276929878958907
v 25.10625123977661 -96.59257633623899 -6.288808493504475
v 89.61918950080872 -38.26832242963442 -22.448457503263857
v 84.00714993476868 50.00000253216821 -21.042736570106904
v 84.00716185569763 -49.99998852713471 -21.042726238504944
v 89.61918354034424 38.26835087778435 -22.448464012206156
v 25.106218457221985 96.5925802475459 -6.2888310266646315
v 59.70640182495117 79.33532998189993 -11.87639411399704
v 69.35194730758667 70.71068062146722 -13.795002894248086
v 49.03921186923981 -86.6025284923693 -9.75453634765812
v 37.53300607204437 -92.38793971578555 -7.465802727396831
v 97.23944067955017 -13.052600793178218 -19.34213127628607
v 94.73658204078674 -25.881883591901637 -18.844305232502062
v 77.81087160110474 60.876146417516495 -15.477574848899144
v 25.384587049484253 -96.59257613430199 -5.049328042755095
v 90.61273336410522 -38.268321708800784 -18.024012172167264
v 84.93847846984863 50.00000320786251 -16.895354489551995
v 84.93849039077759 -49.99998785144017 -16.895342667833916
v 90.61272740364075 38.26835159861799 -18.024018681109563
v 25.384551286697388 96.59258044948258 -5.0493524385604
v 77.81088948249817 -60.87612761888887 -15.477552032703755
v 94.73657011985779 25.88191619466536 -18.84431366589547
v 37.532976269721985 92.38794920404327 -7.465826870745629
v 69.35197114944458 -70.71066127458657 -13.79497091309033
v 97.23944067955017 13.05263323373128 -19.342129568904046
v 49.0391880273819 86.60253723486265 -9.754562331170847
v 59.70641374588013 -79.33532193078703 -11.876367518208642
v 98.07847738265991 0.00001629229284351171 -19.509036839011245
v 85.66518425941467 50.00000389018834 -12.707268397079975
v 91.38797521591187 38.268352326525964 -13.556151366294104
v 25.60172975063324 96.59258065340114 -3.797709287515572
v 85.66519618034363 -49.999987169114334 -12.707256575361894
v 78.47660779953003 -60.87612699382052 -11.640909826988626
v 95.54710388183594 25.88191695570086 -14.173111065893242
v 37.85409331321716 92.38794950555226 -5.615177901333804
v 69.94532346725464 -70.71066071747012 -10.375414444365171
v 98.07138442993164 13.052634014872565 -14.547518532126617
v 49.45874810218811 86.60253762880295 -7.33657400104507
v 60.21724343299866 -79.33532145115497 -8.932406940959154
v 98.91759753227234 0.000017080174415458258 -14.673054218295214
v 60.2172315120697 79.33533046153198 -8.932433536747553
v 49.45877194404602 -86.60252809842875 -7.336546527416225
v 98.07138442993164 -13.052600012036931 -14.547520239508643
v 69.94529962539673 70.71068117858356 -10.375447170580987
v 37.85412311553955 -92.38793941427632 -5.615152267868886
v 95.54711580276489 -25.88188283086614 -14.173102632499836
v 78.4765899181366 60.876147042584726 -11.640933388242074
v 25.601765513420105 -96.59257593038313 -3.7976830290651167
v 91.38798117637634 -38.26832098089281 -13.556144857351802
v 70.37016749382019 -70.71066015628142 -6.930862767853453
v 60.583001375198364 -79.33532096801706 -5.96692759682963
v 98.66706728935242 13.05263480172382 -9.717859964221255
v 99.51841831207275 0.000017873814994659047 -9.801723062995137
v 49.75915849208832 86.60253802562282 -4.900911031098241
v 60.58298945426941 79.33533094466983 -5.966954565147058
v 49.75918233394623 -86.60252770160871 -4.900882439882306
v 98.66706728935242 -13.052599225185679 -9.71786167160328
v 70.37014961242676 70.71068173977214 -6.930896239127328
v 38.08404505252838 -92.38793911056322 -3.7509745342091665
v 96.12746834754944 -25.881882064267792 -9.467755511738028
v 78.95325422286987 60.876147672221904 -7.776247942218185
v 25.75726807117462 -96.59257572497376 -2.536889261195661
v 91.9430673122406 -38.26832024766427 -9.055620157663904
v 86.1855149269104 50.00000457750141 -8.488570849167434
v 86.18552684783936 -49.999986481801024 -8.488557537333234
v 91.94306135177612 38.2683530597545 -9.055626666606207
v 25.757232308387756 96.59258085881024 -2.5369171960267507
v 78.9532721042633 -60.8761263641831 -7.776222890848618
v 96.12745642662048 25.881917722299207 -9.467763945131434
v 38.084015250205994 92.38794980926512 -3.7510016577902037
v 70.62546610832214 70.71068230368103 -3.469648184026933
v 79.23970818519592 60.876148304911254 -3.8928283838123603
v 38.22222054004669 -92.38793880537793 -1.877760550136983
v 25.850719213485718 -96.59257551856874 -1.2699842477238361
v 96.47623896598816 -25.881881293953413 -4.739599556065827
v 92.27665662765503 -38.268319510881504 -4.533279785459184
v 86.49821281433105 50.000005268146325 -4.249422575103427
v 86.49822473526001 -49.99998579115605 -4.249408890740198
v 92.27665066719055 38.268353796537205 -4.5332866669305165
v 25.850683450698853 96.592581065215 -1.27001385893556
v 79.23972606658936 -60.87612573149363 -3.8928025873847334
v 96.4762270450592 25.881918492613526 -4.739608361988264
v 38.222190737724304 92.38795011445016 -1.8777891638341395
v 70.62548398971558 -70.71065959237241 -3.469613967694998
v 99.02504682540894 13.052635592389182 -4.864790554493268
v 49.93969202041626 86.60253842436624 -2.453441312343983
v 60.80281138420105 -79.33532048253711 -2.9870729162318885
v 99.87949132919312 0.000018671302640230894 -4.906778782609232
v 60.802799463272095 79.3353314301497 -2.9871004433428614
v 49.93971586227417 -86.6025273028651 -2.453411603540958
v 99.02504682540894 -13.052598434520316 -4.864792261875294
v 92.38793849945068 38.26835453509923 -0.00002528059401447131
v 96.59257531166077 25.881919264788007 -0.0000351835165255682
v 25.88185966014862 96.59258127211818 -0.00005117409394680126
v 38.268283009529114 92.38795042037218 -0.00005328304035755664
v 79.33528423309326 -60.87612509727629 -0.000004285030690843329
v 70.71065902709961 -70.7106590271016 -0.000006408072044323524
v 99.14447069168091 13.052636384963868 -0.0000018009225412940876
v 49.999916553497314 86.60253882407255 -0.00006146743840352716
v 60.876137018203735 -79.3353199958848 -0.000022325536311443383
v 99.9999463558197 0.00001947071611766806 -0.000013830484465735493
v 60.87612509727478 79.3353319168019 -0.00005041144082921669
v 49.999940395355225 -86.6025269031586 -0.000030641048289134607
v 99.14447069168091 -13.05259764194563 -0.000003508304567079375
v 70.71064114570618 70.71068286895172 -0.00004136946203880789
v 38.2683128118515 -92.38793849945567 -0.000023179227081565296
v 96.59258723258972 -25.88188052177881 -0.00002563253602988704
v 79.33526635169983 60.87614893912841 -0.000031199045407363935
v 25.881895422935486 -96.59257531166526 -0.000019793369331006504
v 92.38794445991516 -38.26831877231942 -0.00001802659365267171
v 86.60253286361694 50.000005960459006 -0.00003762273546556269
v 86.6025447845459 -49.999985098843304 -0.00002356584320648997
v 60.80281138420105 -79.33531950923248 2.9870283589736437
v 49.93971288204193 -86.60252650345213 2.453350228994243
v 99.87949132919312 0.000020270129610389523 4.906751215454678
v 99.02504682540894 -13.052596849370927 4.864785339080539
v 60.802799463272095 79.33533240345415 2.9869997142755813
v 70.62546610832214 70.71068343422243 3.469565538917234
v 38.22221755981445 -92.38793819353344 1.8777140992326835
v 96.47623896598816 -25.881879749604256 4.7395480122791165
v 79.23970222473145 60.876149573345586 3.8927660795359245
v 25.850719213485718 -96.59257510476179 1.269944661667295
v 92.27665662765503 -38.26831803375732 4.533243826086258
v 86.49821281433105 50.0000066527717 4.249347423446874
v 86.49822473526001 -49.99998440653049 4.249362225397193
v 92.27665066719055 38.26835527366127 4.533236199556866
v 25.850683450698853 96.59258147902136 1.2699115114297874
v 79.23972010612488 -60.876124463058986 3.8927937386087006
v 96.4762270450592 25.8819200369625 4.73953808876959
v 38.222187757492065 92.38795072629416 1.8776825053032882
v 70.62548398971558 -70.71065846183076 3.4696012453652885
v 99.02504682540894 13.05263717753857 4.864787046462565
v 49.93968904018402 86.60253922377885 2.453318285017039
v 78.95324230194092 60.87615020603482 7.7761848928836885
v 86.1855149269104 50.0000073434165 8.488494952452822
v 25.757265090942383 -96.59257489835674 2.5368497682713773
v 91.94307327270508 -38.26831729697444 9.055584943349038
v 86.18553280830383 -49.99998371588557 8.488510499461201
v 91.94306135177612 38.268356010444094 9.055576944290616
v 25.757229328155518 96.5925816854261 2.5368147553887206
v 78.95326018333435 -60.87612383036957 7.776213669543554
v 96.12745642662048 25.8819208072767 9.467692926854703
v 38.084009289741516 92.38795103147919 3.750894812994837
v 70.37016749382019 -70.71065789792175 6.9308500455237425
v 98.66706132888794 13.052637968203811 9.71785571113249
v 49.7591495513916 86.60253962252224 4.900787817506783
v 60.583001375198364 -79.33531902375259 5.9668826670423565
v 99.51841831207275 0.000021067617134576006 9.801694750782524
v 60.58298945426941 79.335332888934 5.966853836079779
v 49.75917339324951 -86.60252610470855 4.900820879071077
v 98.66706132888794 -13.052596058705685 9.717854003750464
v 70.37014961242676 70.71068399813132 6.9308135940176285
v 38.084039092063904 -92.38793788834818 3.7509278970403517
v 96.12746834754944 -25.881878979289816 9.467704340480347
v 25.601723790168762 96.5925818908351 3.797606288083997
v 37.85408437252045 92.38795133519199 5.615070684009408
v 78.47659587860107 -60.87612320073228 11.640899860625503
v 69.94532346725464 -70.71065733673294 10.37540246709352
v 95.54710984230042 25.881921573874802 14.17303855750039
v 98.07137846946716 13.052638755054822 14.547512788921733
v 49.458736181259155 86.60254001934206 7.336450414924583
v 60.217249393463135 -79.33531854061468 8.932362011171879
v 98.91759753227234 0.000021861257471006066 14.67302441596648
v 60.21723747253418 79.33533337207191 8.932333180209302
v 49.458760023117065 -86.60252570788856 7.336484594075966
v 98.07137846946716 -13.052595271854676 14.547511081539707
v 69.9453055858612 70.71068455931989 10.375364525471287
v 37.854114174842834 -92.3879375846352 5.615104885642012
v 95.54712176322937 -25.88187821269147 14.173051461242155
v 78.47657799720764 60.87615083567187 11.640869593849517
v 25.601759552955627 -96.59257469294741 3.797643349876318
v 91.38798713684082 -38.26831656374566 13.556111133153054
v 85.66519021987915 50.00000803072957 12.707192500365363
v 85.66520810127258 -49.99998302857238 12.707208792431802
v 91.38797521591187 38.26835674367263 13.556101643978513
v 59.70641374588013 79.33533385170396 11.87629375745879
v 69.35195922851562 70.71068511643624 13.794920249138386
v 49.03919994831085 -86.60252531394814 9.754473669259802
v 37.53299415111542 -92.38793728312609 7.465754600111897
v 97.2394347190857 -13.052594490713389 19.34212211831714
v 94.7365939617157 -25.881877451655967 18.84425406124438
v 77.81085968017578 60.87615146073998 15.477510309448528
v 25.384575128555298 -96.5925744890286 5.049287991037266
v 90.6127393245697 -38.268315835837676 18.023978447968513
v 84.93849039077759 50.00000871305515 16.895277102721263
v 84.93850827217102 -49.999982346246554 16.89529488490382
v 90.61272740364075 38.26835747158061 18.023968958793976
v 25.38454234600067 96.5925820947536 5.049249066599796
v 77.81087756156921 -60.87612257566393 15.477542066340632
v 94.73658204078674 25.881922334910303 18.844241157502616
v 37.53296434879303 92.38795163670079 7.465718535834143
v 69.35197710990906 -70.71065677961636 13.794959680876739
v 97.2394347190857 13.052639536196107 19.342123825699165
v 49.03917610645294 86.60254041328236 9.75443874505036
v 59.70642566680908 -79.3353180609825 11.876323333479426
v 98.07847738265991 0.000022649139042952614 19.50900703668251
v 89.6191954612732 -38.26831511500404 22.448423779065106
v 84.00718569755554 -49.99998167055176 21.042679945690967
v 84.00716781616211 50.0000093887497 21.04266067339229
v 89.61918354034424 38.26835819241425 22.448414289890568
v 25.10620653629303 96.59258229669024 6.288727282174998
v 76.95770263671875 -60.87612195667018 19.276898586516516
v 93.6978280544281 25.88192308854955 23.470045879811668
v 37.121424078941345 92.3879519352794 9.298381058626935
v 68.59155297279358 -70.71065622791428 17.18128283484932
v 96.17323279380798 13.052640309745952 24.090138931423436
v 48.50147366523743 86.60254080339416 12.148927943973439
v 59.05176401138306 -79.33531758601177 14.791672936178667
v 97.00307250022888 0.00002342936362607871 24.297991394993147
v 59.0517520904541 79.33533432667458 14.79164261509997
v 48.50149750709534 -86.60252492383621 12.14896361324094
v 96.17323279380798 -13.052593717163544 24.09013722404141
v 68.59153509140015 70.7106856681383 17.181243403110965
v 37.12145388126373 -92.38793698454722 9.298418613020807
v 93.69783997535706 -25.88187669801648 23.470060273669553
v 76.95768475532532 60.87615207973349 19.276865339508294
v 25.106239318847656 -96.59257428709174 6.288767696728587
v 36.6204559803009 92.38795223020846 11.108642665797015
v 47.84692823886871 86.60254118873758 14.514149027137622
v 67.66588687896729 -70.71065568295566 20.526215033373752
v 58.25483798980713 -79.33531711684665 17.671387901998944
v 94.87533569335938 13.052641073840606 28.78011848464603
v 95.69398164749146 0.000024200051446622887 29.02843952178599
v 58.254826068878174 79.3353347958397 17.671357580920247
v 47.84695208072662 -86.60252453849255 14.514186186521243
v 94.87533569335938 -13.052592953068892 28.780116777264006
v 67.66586899757385 70.71068621309668 20.52617411151928
v 36.62048578262329 -92.38793668961793 11.108681710307007
v 92.43335723876953 -25.881875953588683 28.03932552006079
v 75.91911554336548 60.8761526911608 23.02977941059131
v 24.767422676086426 -96.59257408762305 7.513097764363153
v 88.40975165367126 -38.26831440298128 26.818788325840863
v 82.87346363067627 50.00001005618519 25.139350493681846
v 82.8734815120697 -49.999981003116275 25.139369765980522
v 88.40973973274231 38.26835890443701 26.818778836666326
v 24.7673898935318 96.59258249615867 7.513055859693445
v 75.91913342475891 -60.87612134524263 23.02981414771565
v 92.43334531784058 25.881923832977343 28.039311126202904
v 66.57719016075134 70.71068674999871 23.821655316505804
v 74.69764947891235 60.876153293549265 26.7272134783174
v 36.03129684925079 -92.3879363990488 12.892182322089058
v 24.36893880367279 -96.5925738911033 8.719327391495552
v 90.94619154930115 -25.88187522016617 32.541040822528075
v 86.98732256889343 -38.26831370148457 31.12454441791234
v 81.54010772705078 50.000010713753504 29.17547603441513
v 81.54012560844421 -49.99998034554748 29.175498286946045
v 86.98731064796448 38.26835960593323 31.124531948505563
v 24.368906021118164 96.59258269267818 8.719283996709724
v 74.69766736030579 -60.87612074285367 26.72725119567398
v 90.94617962837219 25.881924566399857 32.54102642867019
v 36.031267046928406 92.38795252077735 12.892141787462947
v 66.5772020816803 -70.71065514605338 23.821697728476398
v 93.34888458251953 13.052641826639622 33.40076591506589
v 47.07711338996887 86.60254156838415 16.844403045444324
v 57.317572832107544 -79.33531665461724 20.508531740404514
v 94.15435194969177 0.00002495934555127228 33.688953518863876
v 57.31756091117859 79.33533525806885 20.508499929209698
v 47.07713723182678 -86.60252415884574 16.844441694944063
v 93.34888458251953 -13.052592200269876 33.400764207683864
v 80.01033663749695 -49.99997969942969 33.14134101079243
v 73.2962429523468 -60.87612015095533 30.36029734588145
v 85.35532355308533 38.26836029521371 35.3553053974496
v 89.23991918563843 25.881925287050205 36.96434672209665
v 23.911714553833008 96.59258288577547 9.904506711849098
v 35.35527586936951 92.38795280628617 14.644582418852542
v 65.32812714576721 -70.71065461850068 27.0597930715893
v 91.59754514694214 13.05264256632902 37.94094707503898
v 46.193885803222656 86.60254194141959 19.134078221587938
v 56.24222755432129 -79.33531620043716 23.296269288755763
v 92.38789677619934 0.000025705417390889428 38.26830983161558
v 56.242215633392334 79.3353357122487 23.296235987444827
v 46.193909645080566 -86.60252378581006 19.134118361203797
v 91.59754514694214 -13.052591460580478 37.94094536765695
v 65.32812118530273 70.71068727755116 27.059749169502588
v 35.355302691459656 -92.38793611353974 14.644624443594772
v 89.23993110656738 -25.881874499515337 36.96436409618677
v 73.29622507095337 60.87615388544761 30.36025962852487
v 23.911747336387634 -96.59257369800576 9.904551596751046
v 85.35533547401428 -38.26831301220409 35.35531786685638
v 80.01031875610352 50.000011359870804 33.14131577802928
v 45.19937336444855 86.60254230694491 21.377656655578388
v 55.03137707710266 79.33533615728484 26.027848312159453
v 55.031388998031616 -79.33531575540079 26.027883103586507
v 45.19939720630646 -86.6025234202845 21.377698285310366
v 90.39887189865112 0.00002643646900544883 42.75547266006096
v 89.6255373954773 -13.052590735782639 42.38972280486697
v 63.921672105789185 70.71068779448288 30.232653422508527
v 34.594136476516724 -92.38793583377853 16.36178657585793
v 87.31868267059326 -25.88187379337297 41.29863505031879
v 71.71822786331177 60.87615446542979 33.92016491912845
v 23.3969509601593 -96.59257350879572 11.06591457258683
v 83.51771831512451 -38.2683123367999 39.50091925864862
v 78.28777432441711 50.000011992980454 37.027315099966785
v 78.28779220581055 -49.999979066319554 37.027343312962174
v 83.51770639419556 38.268360970617415 39.5009038090096
v 23.396918177604675 96.59258307498527 11.065868197568763
v 71.7182457447052 -60.876119570973145 33.92020263648504
v 87.3186707496643 25.88192599319257 41.298617676228666
v 34.594109654426575 92.38795308604715 16.36174306099958
v 63.92167806625366 -70.71065410156898 30.23269732459524
v 89.6255373954773 13.05264329112686 42.389724512248996
v 69.96745467185974 60.87615503209844 37.39835224174499
v 76.37662887573242 50.00001261155736 40.824113090765685
v 22.82578945159912 -96.59257332392885 12.200619371046821
v 81.47889971733093 -38.268311676899046 43.55136183505695
v 76.37664675712585 -49.99997844774265 40.824141303761074
v 81.47888779640198 38.26836163051779 43.55134340518569
v 22.825756669044495 96.5925832598519 12.200571505912635
v 69.96747255325317 -60.8761190043045 37.39838995910157
v 85.18706560134888 25.88192668312562 45.53339655730161
v 33.74960422515869 92.38795335938634 18.039487151556656
v 62.36123442649841 -70.71065359650292 33.332770662150125
v 87.43761777877808 13.052643999287136 46.736381311565346
v 44.095972180366516 86.60254266407958 23.56973369625066
v 53.68797779083252 -79.33531532057995 28.69679432222966
v 88.19206953048706 0.000027150739336075925 47.13963270186998
v 53.687965869903564 79.33533659210518 28.696756550570367
v 44.095996022224426 -86.60252306314958 23.569776816098756
v 87.43761777877808 -13.052590027622362 46.73637960418332
v 62.361228466033936 70.71068829954893 33.332726760063416
v 33.74963104724884 -92.38793556043908 18.039532156531127
v 85.18707752227783 -25.881873103439922 45.53341393139173
v 68.04813742637634 -60.876118452314266 40.78648188090786
v 60.650551319122314 -70.71065310451978 36.352541642031376
v 82.8502357006073 25.88192735518686 49.65847905012993
v 85.03904938697815 13.052644689103657 50.97044493690098
v 32.8237920999527 92.3879536256454 19.673773495607996
v 42.886340618133545 86.60254301196325 25.705028372077656
v 52.215224504470825 -79.33531489702271 31.296570113397838
v 85.77280640602112 0.000027846507623837324 51.41022801398845
v 52.21521258354187 79.33533701566242 31.296532341738544
v 42.886361479759216 -86.60252271526542 25.705074472157992
v 85.03904938697815 -13.05258933780584 50.970443229518956
v 60.650551319122314 70.71068879153208 36.35249773994467
v 32.82381892204285 -92.38793529418002 19.673818500582467
v 82.85024762153625 -25.88187243137868 49.65849642422005
v 68.04812550544739 60.87615558408867 40.78644416355127
v 22.199638187885284 -96.59257314385063 13.30593162905195
v 79.24379110336304 -38.268311034092164 47.49688235526717
v 74.2814838886261 50.0000132141114 44.52256341768519
v 74.28150177001953 -49.99997784518861 44.52259163068058
v 79.24377918243408 38.26836227332418 47.49686094516367
v 22.199606895446777 96.59258343992988 13.305882273801643
v 50.61666965484619 79.33533742693643 33.820914217730326
v 58.7937593460083 70.71068926924708 39.28469161525743
v 41.57341122627258 -86.60252237747035 27.77844588252784
v 31.818929314613342 -92.3879350356428 21.260708721224535
v 82.43561387062073 -13.052588667994598 55.08171532615281
v 80.3138256072998 -25.88187177880756 53.66394941475191
v 65.9648597240448 60.876156120070604 44.076277828445335
v 21.52000665664673 -96.59257296899476 14.379189254154932
v 76.81778073310852 -38.26831040992716 51.32797983890207
v 72.00738787651062 50.000013799190796 48.11375518633139
v 72.00740575790405 -49.999977260109205 48.11378339932678
v 76.81776881217957 38.2683628974887 51.32795544856633
v 21.51997536420822 96.59258361478527 14.379136918672387
v 65.96487164497375 -60.87611791633233 44.07631554580192
v 80.31381368637085 25.881928007757494 53.66392906042955
v 31.818902492523193 92.38795388418238 21.260662226133945
v 58.7937593460083 -70.71065262680476 39.28473551734414
v 82.43561387062073 13.052645358914898 55.08171703353484
v 41.57339036464691 86.60254334975832 27.778399782447504
v 50.61668157577515 -79.33531448574871 33.82095198938962
v 83.14690589904785 0.000028522098750696838 55.556976795192625
v 69.55981850624084 50.00001436538555 51.58903380228288
v 74.20669198036194 38.26836350150713 55.03539415591796
v 20.78849971294403 96.59258378399694 15.417750834115793
v 69.55983638763428 -49.999976693914455 51.589062015278266
v 63.72268795967102 -60.87611739764976 47.25996651626086
v 77.58390307426453 25.881928639266313 57.54010255667584
v 30.737358331680298 92.38795413437485 22.7963326854044
v 56.795328855514526 -70.7106521645086 42.12228913768254
v 79.63358759880066 13.052646007107892 59.06029726996972
v 40.16028940677643 86.60254367665057 29.78485007789578
v 48.896193504333496 -79.3353140877494 36.263854315973454
v 80.32069802284241 0.000029175883239515506 59.569877386089175
v 48.89618158340454 79.33533782493573 36.26381654431416
v 40.16030728816986 -86.6025220505781 29.784896177976115
v 79.63358759880066 -13.052588019801606 59.0602955625877
v 56.795328855514526 70.71068973154325 42.122245235595834
v 30.737385153770447 -92.38793478545008 22.79638067061111
v 77.58391499519348 -25.881871147298742 57.5401229109982
v 63.72268199920654 60.87615663875318 47.25992879890428
v 20.788531005382538 -96.59257279978283 15.417804659714458
v 74.2067039012909 -38.268309805907755 55.03542450671818
v 54.660069942474365 -70.71065171874513 44.858365850290845
v 47.05790877342224 -79.33531370398326 38.61939411470999
v 76.63971185684204 13.052646632120165 62.896595258861275
v 77.30098962783813 0.000029806287935963706 63.4392738342245
v 38.65043818950653 86.60254399185243 31.719545321731204
v 47.057899832725525 79.33533820870188 38.6193563430507
v 38.650453090667725 -86.60252173537576 31.71959440204378
v 76.63971185684204 -13.052587394789333 62.89659355147925
v 54.66007590293884 70.71069017730673 44.858321948204136
v 29.581794142723083 -92.38793454420492 24.277132900301645
v 74.66710209846497 -25.88187053837343 61.27767984535484
v 61.32698655128479 60.876157138886136 50.32972297691327
v 20.006972551345825 -96.59257263662197 16.41927892099832
v 71.41686081886292 -38.26830922348912 58.61028460269591
v 66.94467663764954 50.00001491133225 54.940030773413206
v 66.94469451904297 -49.99997614796776 54.940058986408594
v 71.41684889793396 38.26836408392577 58.6102542518957
v 20.006942749023438 96.59258394715732 16.419222115167415
v 61.32699251174927 -60.8761168975168 50.32976069426985
v 74.66709017753601 25.881929248190655 61.277653530568
v 29.581767320632935 92.38795437561977 24.277083424978816
v 52.393144369125366 70.7106906054635 47.48632947937018
v 58.783549070358276 60.87615761926532 53.278269386520165
v 28.354936838150024 -92.38793431248851 25.699398072306323
v 19.177216291427612 -96.5925724799057 17.381196559776996
v 71.57041430473328 -25.881869953499898 64.86760799553178
v 68.4549629688263 -38.26830866407544 62.043941295200746
v 64.16825652122498 50.000015435715085 58.1586696703553
v 64.16827440261841 -49.999975623584916 58.15869788335069
v 68.45495104789734 38.268364643339446 62.04391094440053
v 19.177187979221344 96.59258410387336 17.38113826382997
v 58.783555030822754 -60.87611641713762 53.27830710387675
v 71.57040238380432 25.881929833064188 64.86758168074495
v 28.354912996292114 92.38795460733593 25.699347106867375
v 52.39313840866089 -70.71065129058836 47.486373381456886
v 73.46120476722717 13.052647232445567 66.58136631980481
v 37.04747259616852 86.60254429460501 33.577827410964574
v 45.10625898838043 -79.33531333537475 40.88189702341663
v 74.09505844116211 0.000030411793095272375 67.15583801269125
v 45.106250047683716 79.33533857731038 40.881859251757334
v 37.04748749732971 -86.60252143262318 33.57787649127715
v 73.46120476722717 -13.052586794463929 66.58136461242279
v 65.32814502716064 38.26836517840225 65.32810302966661
v 68.30129027366638 25.881930392477866 68.30123837324979
v 18.301233649253845 96.59258425376754 18.301182149537812
v 27.059748768806458 92.3879548289657 27.05970093434386
v 56.09850287437439 -60.87611595766974 56.09850087142432
v 49.99997913837433 -70.7106508810691 49.99998469813776
v 70.10571956634521 13.05264780663913 70.1057412816578
v 35.355257987976074 86.60254458417853 35.35521705654103
v 43.04594397544861 -79.33531298281193 43.04591219732865
v 70.71062326431274 0.00003099094015089638 70.71061730384416
v 43.04593503475189 79.33533892987272 43.045871445437115
v 35.35526990890503 -86.60252114305014 35.35526315662137
v 70.10572552680969 -13.052586220270369 70.10573957427577
v 49.999988079071045 70.71069101498276 49.99994079605105
v 27.059772610664368 -92.38793409085875 27.059751899782807
v 68.30130219459534 -25.88186939408622 68.30126468803662
v 56.09849691390991 60.8761580787332 56.09846315406774
v 18.301260471343994 -96.59257233001128 18.301241935600956
v 65.3281569480896 -38.26830812901264 65.32813338046682
v 61.23725175857544 50.00001593727165 61.237201889288364
v 61.23726963996887 -49.99997512202836 61.23723010228375
v 40.88192880153656 -79.33531264714401 45.10622721026044
v 33.57788026332855 -86.60252086735338 37.047477764813785
v 67.15584397315979 0.000031542333656680386 74.09504652022899
v 66.58135056495667 -13.052585673593413 73.46121881469321
v 40.881919860839844 79.33533926554064 45.10618645836891
v 47.48637676239014 70.71069140487741 52.39309708610534
v 25.699415802955627 -92.38793387984971 28.354916127268446
v 64.86764550209045 -25.881868861480253 71.57037679817452
v 53.278303146362305 60.87615851618275 58.78350935005158
v 17.38121509552002 -96.59257218729996 19.177197755684563
v 62.043964862823486 -38.26830761959031 68.45494536166795
v 58.15872550010681 50.000016414793905 64.16821261240234
v 58.158743381500244 -49.9999746445061 64.16824082539773
v 62.04395890235901 38.26836568782458 68.45491501086774
v 17.38118976354599 96.59258439647861 19.1771364795053
v 53.27830910682678 -60.876115520219216 58.78355302787264
v 64.8676335811615 25.881930925083832 71.57035048338768
v 25.699394941329956 92.38795503997474 28.354865161829498
v 47.48636484146118 -70.71065049117493 52.39313800795981
v 66.58134460449219 13.052648353316085 73.46122052207524
v 33.5778683423996 86.6025448598748 37.047428684501206
v 50.32975673675537 60.876158930560344 61.32694087051359
v 54.94008660316467 50.00001686713015 66.94463272882686
v 16.419297456741333 -96.5925720521155 20.006954015602766
v 58.6103081703186 -38.2683071370359 71.41684321170453
v 54.940104484558105 -49.99997419216985 66.94466094182225
v 58.610302209854126 38.26836617037899 71.41681286090432
v 16.419273614883423 96.59258453166282 20.006891249307383
v 50.32976269721985 -60.87611510584163 61.32698454833465
v 61.2777054309845 25.88193142959928 74.66704423758381
v 24.277129769325256 92.38795523985516 29.581722466402542
v 44.858354330062866 -70.71065012184394 54.66007550223773
v 62.896573543548584 13.052648871159647 76.63972165122559
v 31.7195862531662 86.60254512103056 38.65039129760696
v 38.619422912597656 -79.3353123291799 47.05787699530223
v 63.439273834228516 0.000032064646142273384 77.30097770690497
v 38.61941397190094 79.33533958350426 47.05783326317846
v 31.719598174095154 -86.60252060619763 38.65044037791954
v 62.89657950401306 -13.052585155749851 76.63971994384356
v 44.85836625099182 70.7106917742084 54.66003458038326
v 24.27714914083481 -92.3879336799693 29.58177343184149
v 61.27771735191345 -25.881868356964805 74.66707055237065
v 57.540154457092285 25.881931904809388 77.58386309477676
v 59.06027555465698 13.052649358923915 79.63359739318416
v 22.796377539634705 92.38795542812484 30.737313477449888
v 29.78489100933075 86.60254536701606 40.160239534644596
v 42.12227463722229 -70.71064977396611 56.795334415277864
v 36.263880133628845 -79.33531202968578 48.89615874598122
v 59.56988334655762 0.00003255661811312876 80.32068014144473
v 36.26387417316437 79.33533988299838 48.89611501385745
v 29.784902930259705 -86.60252036021164 40.16029159518941
v 59.06028151512146 -13.052584667985581 79.63359568580213
v 42.122286558151245 70.71069212208623 56.795293493423394
v 22.796395421028137 -92.38793349169961 30.737364442888836
v 57.54016637802124 -25.881867881754697 77.5838894095636
v 47.2599595785141 60.8761593208677 63.72263035797083
v 15.417823195457458 -96.59257192478371 20.78851097952335
v 55.03544807434082 -38.26830668251277 74.20668629413247
v 51.5890896320343 50.000017293190844 69.55977459741814
v 51.589107513427734 -49.999973766109164 69.55980281041353
v 55.03544211387634 38.268366624902114 74.20665594333225
v 15.417800843715668 96.59258465899437 20.788446723111846
v 47.25996255874634 -60.87611471553427 63.72267403579189
v 27.7784526348114 -86.60252012998828 41.57339255305988
v 21.26072347164154 -92.38793331549371 31.818908603731717
v 55.081707239151 -13.052584211477559 82.43562195762217
v 53.66399884223938 -25.881867436995805 80.31380002166989
v 39.284732937812805 70.71069244767189 58.79372398391714
v 44.076305627822876 60.87615968616482 65.96480808280906
v 14.379207789897919 -96.5925718056112 21.51998663078753
v 51.32800340652466 -38.26830625711436 76.81776312595007
v 48.113805055618286 50.000017691950504 72.00734396768787
v 48.11382293701172 -49.9999733673495 72.00737218068326
v 51.32800340652466 38.268367050300526 76.81773277514985
v 14.379186928272247 96.59258477816664 21.519920884259907
v 44.076308608055115 -60.87611435023715 65.96485176063013
v 53.663986921310425 25.881932349567307 80.31376774641858
v 21.260707080364227 92.38795560433026 31.81885465806053
v 39.28471803665161 -70.71064944838045 58.79376490577161
v 55.08170127868652 13.05264981543194 82.4356236650042
v 27.778440713882446 86.60254559723943 41.573340492515065
v 33.820974826812744 -79.3353117493827 50.61664681742285
v 55.55698275566101 0.00003301706581916761 83.14688801765014
v 33.820971846580505 79.33534016330147 50.616603085299076
v 44.522613286972046 50.00001806244777 74.28143997980332
v 47.49690592288971 38.268367445548755 79.24374910586882
v 13.30593079328537 96.59258488889267 22.199552415498456
v 44.52262818813324 -49.999972996852236 74.28146819279871
v 40.78647196292877 -60.87611401083007 68.04811754203268
v 49.6585339307785 25.881932762802904 82.85018976065498
v 19.673818349838257 92.38795576804658 32.82373830502554
v 36.35252118110657 -70.71064914587161 60.650550918421125
v 50.97042918205261 13.05265023958542 85.03905918136158
v 25.705072283744812 86.60254581114569 42.88628776576944
v 31.296589970588684 -79.33531148894603 52.21519570658298
v 51.41023397445679 0.00003344487931261291 85.77278852462337
v 31.296589970588684 79.33534042373813 52.21515197445921
v 25.70508122444153 -86.60251991608202 42.886339826314256
v 50.97043514251709 -13.052583787324076 85.03905747397955
v 36.3525390625 70.71069275018073 60.650509996566655
v 19.67383325099945 -92.38793315177689 32.82379523092897
v 49.65854287147522 -25.881867023760208 82.8502220359063
v 40.78646898269653 60.87616002557189 68.04807386421162
v 13.305950164794922 -96.59257169488518 22.199618162026077
v 47.49690294265747 -38.26830586186613 79.24377945666903
v 46.73635959625244 13.05265063036084 87.437621612697
v 47.13963568210602 0.00003383902730340414 88.19205164908928
v 23.569777607917786 86.60254600821919 44.09591634777016
v 28.69681417942047 79.3353406636801 53.687905260820884
v 28.696811199188232 -79.33531124900406 53.687948992944655
v 23.569785058498383 -86.6025197190085 44.095968408314974
v 46.73636555671692 -13.052583396548657 87.43761990531497
v 33.33276808261871 70.7106930288854 62.361187143478254
v 18.03954690694809 -92.38793300094343 33.74960437590272
v 45.53345739841461 -25.881866643041324 85.18705789711233
v 37.3983770608902 60.8761603382703 69.96740303062394
v 12.20063716173172 -96.59257159287219 22.825769425739903
v 43.551379442214966 -38.268305497719744 81.47889403110136
v 40.82416296005249 50.000018403790214 76.37658496690962
v 40.824177861213684 -49.999972655509794 76.37661317990501
v 43.55138540267944 38.26836780969514 81.47886368030115
v 12.200620025396347 96.59258499090565 22.825703679212282
v 37.3983770608902 -60.87611369813166 69.96744670844501
v 45.533448457717896 25.881933143521792 85.18702562186101
v 18.039532005786896 92.38795591888004 33.74954744999929
v 33.33275020122528 -70.71064886716694 62.361228065332725
v 16.36180281639099 -92.38793286335604 34.59410980517059
v 11.065932363271713 -96.59257149981792 23.396932424416196
v 41.298675537109375 -25.881866295757796 87.3186690058922
v 39.50093686580658 -38.26830516555404 83.51771262889491
v 33.92018675804138 60.87616062350746 71.71817622207595
v 37.02736496925354 50.00001871515533 78.28773041559428
v 37.027379870414734 -49.99997234414467 78.28775862858967
v 39.50094282627106 38.26836814186085 83.5176822780947
v 11.06591671705246 96.59258508395968 23.396865187772455
v 33.92018377780914 -60.876113412894505 71.71821989989702
v 41.29866659641266 25.88193349080532 87.31863673064089
v 16.361789405345917 92.38795605646743 34.59405287926716
v 30.23267686367035 -70.7106486129384 63.92167170508795
v 42.389699816703796 13.052650986819161 89.62554718986067
v 21.377700567245483 86.60254618798558 45.199314551619935
v 26.027897000312805 -79.33531103013362 55.031366160608215
v 42.75546967983246 0.000034198560072445995 90.39884805678884
v 26.027902960777283 79.33534088255054 55.031322428484444
v 21.37770652770996 -86.60251953924212 45.19936661216475
v 42.389705777168274 -13.052583040090337 89.62554548247864
v 30.23269474506378 70.71069328311394 63.92163078323348
v 35.35534143447876 38.268368441246686 85.35529943698445
v 36.96439564228058 25.88193380381642 89.23988516661498
v 9.904555231332779 96.59258516783065 23.91166156400078
v 14.644628763198853 92.38795618047715 35.355219094210085
v 30.360275506973267 -60.876113155807104 73.29621114707412
v 27.059772610664368 -70.71064838379876 65.3281207846015
v 37.940919399261475 13.052651308100003 91.59755494132548
v 19.134122133255005 86.60254635001174 46.19382401016179
v 23.296283185482025 -79.33531083286202 56.242210677362344
v 38.268303871154785 0.00003452261238485718 92.38786697387255
v 23.296289145946503 79.33534107982214 56.24216694523857
v 19.134126603603363 -86.60251937721596 46.19387607070661
v 37.94092535972595 -13.052582718809495 91.59755323394346
v 27.0597904920578 70.71069351225358 65.32807986274702
v 14.644640684127808 -92.38793273934633 35.355276020113514
v 36.964401602745056 -25.881865982745726 89.23992340233077
v 30.360278487205505 60.87616088059487 73.29616746925305
v 9.904567897319794 -96.59257141594695 23.91172880064452
v 35.35533547401428 -38.2683048661682 85.35532978778467
v 33.14136266708374 50.00001899579344 80.01027484728067
v 33.141377568244934 -49.99997206350657 80.01030306027606
v 33.688947558403015 0.0000348104034899704 94.15431618690047
v 33.40074121952057 -13.052582433480085 93.34889266952082
v 20.508553087711334 79.33534125501814 57.31751222302481
v 23.821696639060974 70.71069371575275 66.5771488381956
v 16.844451427459717 -86.60251923332041 47.07710067722057
v 12.89219856262207 -92.38793262921338 36.0312671976724
v 32.541078329086304 -25.881865704759644 90.946189805529
v 26.727232336997986 60.87616110891588 74.69759187721202
v 8.719342947006226 -96.592571341461 24.36892026792967
v 31.12455904483795 -38.26830460028278 86.98732284312827
v 29.175519943237305 50.00001924502867 81.54006977869238
v 29.1755348443985 -49.99997181427134 81.54009799168777
v 31.12456500530243 38.268368707132105 86.98729249232805
v 8.71933177113533 96.5925852423166 24.36885303128593
v 26.72722637653351 -60.87611292748608 74.69763555503309
v 32.541075348854065 25.8819340818025 90.94615156981321
v 12.892188131809235 92.38795629061009 36.03121027176897
v 23.821677267551422 -70.71064818029959 66.57718976005008
v 33.40073525905609 13.052651593429413 93.34889437690285
v 16.844448447227478 86.6025464939068 47.077045636443515
v 20.508545637130737 -79.33531065766603 57.317555955148585
v 7.51311182975769 -96.59257127653974 24.767404140343302
v 26.81879997253418 -38.268304368539674 88.40975192790609
v 25.139406323432922 -49.99997159703912 82.87345985577772
v 25.13939142227173 50.000019462259914 82.87342568231786
v 26.818805932998657 38.26836893887521 88.40972157710587
v 7.513102889060974 96.59258530723785 24.76733690369956
v 23.029790818691254 -60.876112728484 75.9191016194862
v 28.03936004638672 25.881934324092544 92.43331725928157
v 11.10868752002716 92.38795638660116 36.62039920514146
v 20.52619457244873 -70.7106480029313 67.66586859687257
v 28.78008484840393 13.052651842119865 94.87534548774268
v 14.514195919036865 86.6025466193246 47.84685452487887
v 17.671401798725128 -79.33531050496616 58.254821112848155
v 29.028430581092834 0.000035061240034581115 95.69393992423566
v 17.671410739421844 79.335341407718 58.254777380724384
v 14.514197409152985 -86.60251910790262 47.84690956565593
v 28.780090808868408 -13.052582184789634 94.87534378036065
v 20.526213943958282 70.71069389312105 67.6658276750181
v 11.108696460723877 -92.38793253322233 36.62045613104489
v 28.039363026618958 -25.881865462469598 92.43335549499736
v 23.02979677915573 60.87616130791796 75.91905794166513
v 23.470094799995422 25.881934530102928 93.69779999586908
v 24.090103805065155 13.05265205357317 96.1732366277268
v 9.298425167798996 92.38795646821922 37.121367303781895
v 12.14897558093071 86.6025467259631 48.50139697101534
v 17.181260883808136 -70.71064785212114 68.59153469069886
v 14.791685342788696 -79.3353103751314 59.0517411739596
v 24.297982454299927 0.000035274518005113374 97.00303077697308
v 14.791695773601532 79.33534153755276 59.05169744183583
v 12.14897558093071 -86.60251900126413 48.501452011792395
v 24.090111255645752 -13.052581973336327 96.17323492034477
v 17.181281745433807 70.7106940439312 68.59149376884439
v 9.298432618379593 -92.38793245160426 37.121424229685324
v 23.47009629011154 -25.881865256459214 93.69783823158487
v 19.276882708072662 60.87616147712333 76.95763311408943
v 6.288781017065048 -96.59257122133926 25.10622227322065
v 22.448432445526123 -38.268304171497235 89.61918977504352
v 21.042700111865997 50.00001964696377 84.00712986780368
v 21.04271501302719 -49.99997141233526 84.00716404126355
v 22.4484384059906 38.26836913591862 89.61916538470778
v 6.288774311542511 96.59258536243834 25.106155036576908
v 19.276876747608185 -60.87611255927863 76.9576767919105
v 19.342096149921417 -13.052581799630957 97.23943088515799
v 18.84429007768631 -25.881865087223737 94.73659817840797
v 13.794958591461182 70.71069416782001 69.35191790595985
v 15.477527678012848 60.87616161612317 77.81080803893988
v 7.465768605470657 -92.38793238455632 37.53296151930476
v 5.049300938844681 -96.5925711759926 25.384558082928287
v 18.023987114429474 -38.268304009628395 90.61273363834002
v 16.895316541194916 50.00001979869645 84.93845840288363
v 16.89533144235611 -49.999971260602585 84.93849257634349
v 18.02399307489395 38.26836929778746 90.61270924800428
v 5.049296095967293 96.592585407785 25.384490846284546
v 15.47752171754837 -60.876112420278794 77.81085171676095
v 18.84429007768631 25.881934699338405 94.73655994269218
v 7.46576264500618 92.38795653526715 37.532904593401334
v 13.79493623971939 -70.7106477282333 69.35195286734985
v 19.3420872092247 13.05265222727854 97.23943259254001
v 9.754487872123718 86.60254681356545 49.03909643199861
v 11.876334995031357 -79.33531026847348 59.70640282938562
v 19.508998095989227 0.00003544972369870275 98.0784356594041
v 11.876346170902252 79.33534164421069 59.706359097261846
v 9.754487127065659 -86.60251891366175 49.039151472775664
v 3.797653317451477 96.59258544316835 25.601672290452633
v 12.707243859767914 -49.99997114220719 85.66519836590952
v 11.640879511833191 -60.87611231181951 78.4765700337928
v 13.55612576007843 38.26836942409136 91.38795706027538
v 14.173085987567902 25.881934831391117 95.54709370467032
v 5.615114793181419 92.38795658758376 37.85402163689651
v 10.375379025936127 -70.71064763156394 69.9453051851599
v 14.547474682331085 13.05265236281938 98.07137634292147
v 7.336501032114029 86.60254688192046 49.458656506804815
v 8.93237292766571 -79.33531018524974 60.21722655603966
v 14.673016965389252 0.000035586433723196336 98.9175558090165
v 8.932385593652725 79.33534172743443 60.21718282391589
v 7.33649879693985 -86.60251884530675 49.45871154758187
v 14.547483623027802 -13.052581664090116 98.07137463553944
v 10.375402122735977 70.71069426448938 69.9452702237699
v 5.6151192635297775 -92.38793233223971 37.85407856279994
v 14.173085987567902 -25.88186495517103 95.54713194038611
v 11.640886217355728 60.87616172458245 78.47652635597173
v 3.797656297683716 -96.59257114060925 25.601739527096374
v 13.556118309497833 -38.2683038833245 91.38798145061112
v 12.707231938838959 50.00001991709088 85.66515823198517
v 9.71781387925148 13.052652459868437 98.66705920234223
v 9.801685810089111 0.00003568431985256733 99.5183765888169
v 4.900839924812317 86.60254693086353 49.759066896705015
v 5.966906622052193 79.33534178702396 60.58294076611559
v 5.966893211007118 -79.3353101256602 60.58298449823936
v 4.900836572051048 -86.60251879636368 49.75912193748207
v 9.717822819948196 -13.052581567041061 98.6670574949602
v 6.930849701166153 70.71069433370525 70.37011425033545
v 3.7509430199861526 -92.38793229478068 38.084000499788765
v 9.467735886573792 -25.881864860619597 96.12748448517065
v 7.776200771331787 60.87616180224092 78.953190660705
v 2.536863088607788 -96.59257111527467 25.757242084850887
v 9.055591374635696 -38.26830379288949 91.94306758647538
v 8.488532155752182 50.00002000186253 86.18548293901642
v 8.488543331623077 -49.99997105743553 86.18552307294077
v 9.055600315332413 38.26836951452637 91.94304319613964
v 2.5368619710206985 96.59258546850293 25.757174848207146
v 7.7761925756931305 -60.87611223416104 78.95323433852607
v 9.467737376689911 25.881934925942545 96.12744624945486
v 3.750939667224884 92.3879566250428 38.083943573885335
v 6.930825859308243 -70.71064756234806 70.37014921172545
v 4.7395773231983185 -25.88186480379765 96.47625510360936
v 4.5332495123147964 -38.26830373854186 92.27665094142532
v 3.8927819579839706 60.8761618489102 79.23964462303105
v 4.249383509159088 50.000020052807486 86.49818082643708
v 1.2699580751359463 -96.59257110004954 25.850693227161983
v 4.249393194913864 -49.999971006490576 86.49822096036142
v 4.5332591980695724 38.268369568874 92.27662655108958
v 1.269958633929491 96.59258548372806 25.850625990518243
v 3.8927726447582245 -60.87611218749177 79.23968830085212
v 4.739580303430557 25.88193498276449 96.47621686789357
v 1.8777284771203995 92.38795664755445 38.222119061403646
v 3.4695763140916824 -70.71064752075172 70.62546570762083
v 4.8647429794073105 13.052652518190706 99.02503873839875
v 2.4533720687031746 86.60254696027617 49.93960042503296
v 2.9870381578803062 -79.3353100898486 60.80279450724205
v 4.90674152970314 0.00003574314514258338 99.87944364547279
v 2.9870525002479553 79.33534182283556 60.80275077511828
v 2.4533674120903015 -86.60251876695104 49.93965546581001
v 4.864752292633057 -13.052581508718792 99.02503703101672
v 3.4696009010076523 70.71069437530159 70.62543074623083
v 1.8777305260300636 -92.38793227226904 38.222175987307075
v -0.000003866543352160079 96.5925854888073 25.88180219996801
v -0.000006567378818544967 92.38795665506431 38.268214313440694
v -0.00002500756579593144 -60.87611217192337 79.33524646735601
v -0.00003208561736300908 -70.71064750687592 70.71063478454039
v 0.000005539814651456254 25.88193500172003 96.59256513449513
v -0.000047359307586702926 13.052652537646352 99.14445664420624
v -0.0000060085852737756795 86.602546970088 49.99982495811401
v -0.000013086636840853316 -79.33531007790234 60.87612014124473
v -0.000023144920646700484 0.000035762768786221127 99.9998927116349
v 0.0000021870535604762154 79.33534183478183 60.87607640912096
v -0.000011969049751314742 -86.60251875713922 49.99987999889107
v -0.00003767355281070195 -13.052581489262174 99.1444608972887
v -0.000006753643333468062 70.71069438917739 70.71059982315039
v -0.000005822320758852584 -92.38793226475917 38.268271239344124
v 0.0000010694664709376411 -25.88186478484211 96.59260337021092
v -0.000014576752960238082 60.8761618644786 79.33520278953495
v -0.000006194849788698775 -96.5925710949703 25.88186943661175
v -0.000013459165870699508 -38.26830372041077 92.38793877368545
v -0.00000191076576783189 50.00002006980338 86.60250087572297
v 0.000006284872711148637 -49.999970989494685 86.60254100964731
v -0.0000030283530350061483 38.26836958700509 92.38791438334971
v -4.906787350773811 0.000035743144171500455 99.87943768500831
v -4.864827543497086 -13.052581508718792 99.02503703101672
v -2.9870478436350822 79.33534182283556 60.80275077511828
v -3.469613939523697 70.71069437530062 70.62542478576636
v -2.4533910676836967 -86.60251876695152 49.939652485577774
v -1.8777420744299889 -92.38793227226904 38.222175987307075
v -4.739575088024139 -25.88186480379765 96.47625510360936
v -3.8928110152482986 60.87616184890923 79.23963866256658
v -1.2699705548584461 -96.59257110004954 25.850693227161983
v -4.533276334404945 -38.26830373854186 92.27665094142532
v -4.249387606978416 50.000020052807486 86.49818082643708
v -4.249380528926849 -49.999971006490576 86.49822096036142
v -4.53326553106308 38.268369568874 92.27662655108958
v -1.2699664570391178 96.59258548372806 25.850625990518243
v -3.892822563648224 -60.87611218749274 79.23968234038765
v -4.739569127559662 25.88193498276449 96.47621686789357
v -1.877741515636444 92.38795664755445 38.222119061403646
v -3.469640016555786 -70.7106475207527 70.62545974715636
v -4.864837229251862 13.052652518189735 99.02503277793427
v -2.4533838033676147 86.60254696027569 49.93959744480072
v -2.9870640486478806 -79.3353100898486 60.80279450724205
v -9.055618196725845 -38.26830379289046 91.9430616260109
v -8.488530665636063 -49.99997105743553 86.18552307294077
v -8.48853662610054 50.00002000186253 86.18548293901642
v -9.05560702085495 38.268369514525396 91.94303723567516
v -2.5368694216012955 96.59258546850293 25.757174848207146
v -7.77624249458313 -60.87611223416298 78.95322241759712
v -9.467726200819016 25.881934925942545 96.12744624945486
v -3.7509527057409286 92.3879566250423 38.0839405936531
v -6.930889934301376 -70.71064756235 70.37013729079649
v -9.717907756567001 13.052652459866495 98.66704728141328
v -4.900851100683212 86.60254693086256 49.75906093624054
v -5.9669192880392075 -79.3353101256602 60.58298449823936
v -9.801731258630753 0.00003568431693931857 99.51835870742347
v -5.9669021517038345 79.33534178702396 60.58294076611559
v -4.900859668850899 -86.60251879636515 49.759112996785355
v -9.717898070812225 -13.052581567042031 98.66705153449573
v -6.930863112211227 70.7106943337033 70.37010232940649
v -3.7509549409151077 -92.38793229478117 38.083997519556526
v -9.467733651399612 -25.881864860619597 96.12748448517065
v -7.776229828596115 60.87616180223898 78.95317873977605
v -2.536875382065773 -96.59257111527467 25.757242084850887
v -5.615127459168434 92.38795658758279 37.854015676432034
v -7.336512207984924 86.6025468819195 49.45865054634034
v -10.3754423558712 -70.71064763156588 69.94529326423094
v -8.93239974975586 -79.33531018524974 60.21722655603966
v -14.547567069530487 13.052652362816467 98.07135846152804
v -14.673060178756714 0.000035586429838864664 98.9175319671586
v -8.932381123304367 79.33534172743443 60.21718282391589
v -7.3365218937397 -86.6025188453087 49.458699626652916
v -14.547556638717651 -13.05258166409206 98.07136271461049
v -10.375414788722992 70.71069426448743 69.94525830284094
v -5.615131184458733 -92.3879323322407 37.854072602335464
v -14.173083007335663 -25.881864955170055 95.54713790085059
v -11.640914529561996 60.87616172458051 78.47651443504277
v -3.7976685911417007 -96.59257114060973 25.601736546864135
v -13.556143641471863 -38.26830388332644 91.38796952968217
v -12.707234919071198 50.00001991709088 85.66515823198517
v -12.70723044872284 -49.99997114220719 85.66519836590952
v -13.556133210659027 38.26836942409039 91.3879510998109
v -3.797661140561104 96.59258544316786 25.601669310220394
v -11.64092868566513 -60.876112311822425 78.47655215239936
v -14.173074066638947 25.881934831392087 95.5470996651348
v -19.342167675495148 -13.0525817996329 97.23941896422903
v -18.84428858757019 -25.881865087222767 94.73660413887245
v -13.794970512390137 70.71069416781904 69.35191194549537
v -15.477554500102997 60.87616161612123 77.81079611801093
v -13.794998824596405 -70.71064772823524 69.3519409464209
v -11.876361072063446 -79.33531026847348 59.70640282938562
v -18.024010956287384 -38.26830400963131 90.61271575694659
v -16.895321011543274 50.00001979869645 84.93845840288363
v -9.75450947880745 -86.6025189136637 49.03913955184671
v -16.895316541194916 -49.99997126060161 84.93849853680797
v -18.02400052547455 38.26836929778552 90.61269732707532
v -5.04930354654789 96.59258540778451 25.384487866052307
v -7.465780526399612 -92.38793238455779 37.53295257860805
v -15.47756940126419 -60.87611242028171 77.81083383536752
v -18.844278156757355 25.88193469934035 94.73657186362114
v -7.465775310993195 92.3879565352657 37.53289565270462
v -5.049312859773636 -96.59257117599309 25.384555102696048
v -19.342178106307983 13.052652227275626 97.23941471114658
v -9.754499047994614 86.60254681356449 49.03909047153413
v -19.50904130935669 0.00003544971981437108 98.07841181754618
v -11.876341700553894 79.33534164421069 59.706359097261846
v -14.791689813137054 79.33534153755276 59.05169744183583
v -17.181293666362762 70.71069404393022 68.59148780837991
v -12.1489979326725 -86.60251900126654 48.5014371106312
v -9.298443794250488 -92.38793245160572 37.12141528898861
v -24.090184271335602 -13.05258197333924 96.17321703895134
v -23.47009629011154 -25.881865256458244 93.69784419204935
v -19.276908040046692 60.87616147712139 76.95762119316048
v -6.288792937994003 -96.59257122133974 25.10621929298841
v -22.448456287384033 -38.268304171500155 89.61917189365009
v -21.042703092098236 50.000019646964745 84.00713582826816
v -21.042701601982117 -49.99997141233332 84.0071759621925
v -22.448445856571198 38.26836913591668 89.61915346377883
v -6.288782507181168 96.59258536243786 25.10615205634467
v -19.276924431324005 -60.876112559281545 76.95765891051707
v -23.470084369182587 25.88193453010487 93.69781191679803
v -9.298437088727951 92.38795646821777 37.12135836308518
v -17.18132197856903 -70.71064785212405 68.59151680930543
v -24.090193212032318 13.052652053569286 96.17321278586888
v -12.148986756801605 86.60254672596163 48.50138803031862
v -14.791710674762726 -79.3353103751314 59.0517411739596
v -24.29802268743515 0.00003527451412078169 97.00300693511517
v -25.139394402503967 50.000019462259914 82.87342568231786
v -26.818811893463135 38.26836893887327 88.40970965617691
v -7.513111084699631 96.59258530723761 24.767335413583442
v -25.139394402503967 -49.99997159703815 82.8734658162422
v -23.029838502407074 -60.87611272848595 75.91908969855724
v -28.039351105690002 25.881934324094487 92.43332918021052
v -11.108698695898056 92.3879563865997 36.620390264444744
v -20.526252686977386 -70.71064800293517 67.66584475501466
v -28.780174255371094 13.052651842115008 94.87531568542029
v -14.514204859733582 86.60254661932265 47.846842603949916
v -17.67142564058304 -79.33531050496713 58.25481515238368
v -29.02846932411194 0.00003506123615024943 95.69391608237775
v -17.671404778957367 79.33534140771704 58.25477142025991
v -14.514216780662537 -86.60251910790554 47.846891684262495
v -28.780165314674377 -13.052582184793518 94.87531993850274
v -20.526224374771118 70.7106938931191 67.66581575408914
v -11.108706146478653 -92.38793253322378 36.62044719034817
v -28.039363026618958 -25.881865462468628 92.43336145546184
v -23.02982062101364 60.87616130791699 75.91905198120065
v -7.513123005628586 -96.59257127653999 24.767402650227183
v -26.81882381439209 -38.26830436854356 88.40972808604818
v -23.82173389196396 -70.71064818030445 66.57715995772769
v -20.508567988872528 -79.33531065766797 57.31754403421963
v -33.400821685791016 13.052651593423587 93.34885861411598
v -33.68898332118988 0.0000348103986345558 94.15428638457809
v -16.844457387924194 86.60254649390438 47.07703073528232
v -20.508547127246857 79.33534125501716 57.317506262560336
v -16.84446930885315 -86.60251923332429 47.07707683536266
v -33.4008127450943 -13.05258243348494 93.34886286719843
v -23.82170557975769 70.71069371574984 66.57713095680216
v -12.892206013202667 -92.38793262921484 36.03125825697568
v -32.54108130931854 -25.881865704758674 90.94619576599348
v -26.727256178855896 60.87616110891491 74.69758591674754
v -8.719353377819061 -96.5925713414615 24.368917287697432
v -31.124579906463623 -38.26830460028764 86.98729304080588
v -29.175522923469543 50.00001924502867 81.54006977869238
v -29.175522923469543 -49.999971814269394 81.54010991261673
v -31.124567985534668 38.26836870712919 86.98727461093462
v -8.719339221715927 96.59258524231635 24.36885154116981
v -26.72727406024933 -60.87611292748803 74.69762363410413
v -32.54106938838959 25.88193408180444 90.94616349074217
v -12.892197072505951 92.38795629060864 36.03120133107225
v -27.059799432754517 70.7106935122497 65.32805602088911
v -30.360302329063416 60.87616088059389 73.29616150878857
v -14.644646644592285 -92.38793273934779 35.3552670794168
v -9.90457758307457 -96.59257141594767 23.911724330296163
v -36.964407563209534 -25.881865982743783 89.23993532325973
v -35.355356335639954 -38.26830486617209 85.35530594592676
v -33.14136564731598 50.000018995794406 80.01028080774515
v -33.14136564731598 -49.999972063503655 80.01032094166949
v -35.355344414711 38.26836844124474 85.3552875160555
v -9.904561936855316 96.5925851678304 23.91166007388466
v -30.360320210456848 -60.876113155809044 73.29619922614516
v -36.96439266204834 25.881933803819333 89.23990304800841
v -14.64463621377945 92.3879561804757 35.35521015351337
v -27.059826254844666 -70.71064838380458 65.32808502181463
v -37.94100284576416 13.052651308093205 91.59751321807414
v -19.13413107395172 86.60254635000834 46.19380314853612
v -23.296304047107697 -79.33531083286395 56.24219875643339
v -38.26833963394165 0.000034522606558359664 92.38783121108568
v -23.296283185482025 79.33534107982118 56.242160984774095
v -19.134142994880676 -86.60251937722033 46.19384924861646
v -37.940993905067444 -13.052582718815321 91.59751747115659
v -39.500945806503296 38.26836814185891 83.51767035716574
v -41.29866659641266 25.881933490808233 87.31865461203432
v -11.065924167633057 96.59258508395943 23.396863697656336
v -16.361796855926514 92.38795605646598 34.594043938570444
v -33.920225501060486 -60.87611341289742 71.71820201850359
v -30.232730507850647 -70.71064861294519 63.92162998183661
v -42.38978028297424 13.052650986811392 89.62549950614485
v -21.37770801782608 86.6025461879817 45.199290709762025
v -26.027917861938477 -79.33531103013557 55.03135423967926
v -42.755502462387085 0.00003419855327486556 90.3988063335375
v -26.027897000312805 79.33534088255054 55.031322428484444
v -21.377721428871155 -86.60251953924697 45.199336809842364
v -42.38977134227753 -13.052583040096163 89.62550971969178
v -30.232703685760498 70.71069328311006 63.92160694137557
v -16.36180877685547 -92.3879328633575 34.59410086447387
v -41.29868149757385 -25.881866295754882 87.31868688728564
v -33.92020761966705 60.87616062350552 71.718164301147
v -11.06594130396843 -96.59257149981865 23.396927954067838
v -39.50095772743225 -38.26830516555792 83.517688787037
v -37.02736794948578 50.0000187151563 78.28773637605876
v -37.02736794948578 -49.99997234414176 78.2877765099831
v -28.696829080581665 -79.33531124900601 53.6879370720157
v -23.569798469543457 -86.60251971901384 44.09593562576035
v -47.13966250419617 0.00003383901953474078 88.19200396537346
v -46.73642814159393 -13.052583396554484 87.43758414252811
v -28.696808218955994 79.3353406636801 53.687905260820884
v -33.33277702331543 70.71069302888152 62.361163301620344
v -18.039552867412567 -92.3879330009449 33.749595435206004
v -45.53346335887909 -25.88186664303841 85.18707577850576
v -37.39839494228363 60.87616033826739 69.96738514923051
v -12.200646102428436 -96.59257159287291 22.825764955391545
v -43.55140030384064 -38.26830549772363 81.47887018924345
v -40.82416594028473 50.00001840379119 76.3765909273741
v -40.82416892051697 -49.99997265550688 76.37663106129844
v -43.55138838291168 38.268367809693196 81.47885175937219
v -12.200627475976944 96.59258499090541 22.825702189096162
v -37.3984158039093 -60.87611369813555 69.9674228665871
v -45.533448457717896 25.881933143525675 85.18704946371892
v -18.039540946483612 92.38795591887859 33.749538509302575
v -33.33280384540558 -70.7106488671747 62.361180381616904
v -46.73643708229065 13.052650630353071 87.43757392898118
v -23.569783568382263 86.60254600821483 44.09588952568001
v -40.786486864089966 60.876160025568005 68.0480500223537
v -44.522616267204285 50.000018062448746 74.2814459402678
v -13.305957615375519 -96.5925716948859 22.19961369167772
v -47.4969208240509 -38.268305861869045 79.2437615752756
v -44.52262222766876 -49.99997299684932 74.28148607419214
v -47.49690890312195 38.26836744554778 79.24374314540434
v -13.305938243865967 96.59258488889242 22.199550925382336
v -40.78650772571564 -60.87611401083493 68.0480877397103
v -49.6585339307785 25.88193276280776 82.85021956297737
v -19.673825800418854 92.38795576804465 32.82372638409659
v -36.352574825286865 -70.71064914588035 60.65049727424083
v -50.97050070762634 13.05265023957668 85.03900553718128
v -25.70507824420929 86.60254581114083 42.88625796344705
v -31.296604871749878 -79.33531148894895 52.21517782518955
v -51.4102578163147 0.00003344487057286664 85.77273488044307
v -31.296584010124207 79.33534042373716 52.21514601399473
v -25.705096125602722 -86.60251991608784 42.88630406352739
v -50.97048878669739 -13.052583787330875 85.03901575072821
v -36.352548003196716 70.71069275017587 60.65048019424427
v -19.673839211463928 -92.38793315177884 32.82378331000002
v -49.6585488319397 -25.881867023756325 82.85024587776421
v -53.663986921310425 25.881932349572164 80.31379754874096
v -55.081766843795776 13.052649815422228 82.43556406035943
v -21.260713040828705 92.38795560432783 31.818839756899337
v -27.778449654579163 86.60254559723457 41.57331069019268
v -39.28476870059967 -70.71064944839016 58.793705301126835
v -33.8209867477417 -79.33531174938561 50.616628936029414
v -55.55700063705444 0.000033017057079421335 83.14683437346984
v -33.82096588611603 79.33534016330147 50.616603085299076
v -27.778467535972595 -86.6025201299941 41.57335679027302
v -55.08175492286682 -13.052584211485328 82.43557427390635
v -39.28474187850952 70.71069244766606 58.793688221130274
v -21.2607279419899 -92.38793331549613 31.818893702570524
v -53.66399884223938 -25.88186743699289 80.31381790306332
v -44.07632052898407 60.87615968616093 65.96478424095115
v -14.379213750362396 -96.59257180561218 21.51998067032305
v -51.32801532745361 -38.268306257117274 76.81774524455663
v -48.113808035850525 50.000017691950504 72.00734396768787
v -48.113813996315 -49.99997336734756 72.00738410161222
v -51.32800340652466 38.26836705029956 76.81772681468537
v -14.379192888736725 96.5925847781664 21.519919394143788
v -44.07634139060974 -60.876114350242005 65.96482195830774
v -29.78491485118866 -86.60252036021747 40.16025583240255
v -22.796398401260376 -92.38793349170204 30.737349541727642
v -59.06032919883728 -13.05258466799335 79.63354800208631
v -57.54017233848572 -25.881867881751784 77.58390729095703
v -42.12229549884796 70.7106921220804 56.79525773063653
v -47.259971499443054 60.87615932086284 63.72260055564844
v -15.417829155921936 -96.59257192478493 20.78850352894275
v -55.0354540348053 -38.268306682515686 74.20666841273903
v -51.589083671569824 50.000017293190844 69.55977459741814
v -51.5890896320343 -49.999973766107225 69.55981473134248
v -55.03544211387634 38.26836662490115 74.20664998286777
v -15.417806804180145 96.59258465899389 20.788443742879608
v -47.259992361068726 -60.8761147155401 63.722638273005025
v -57.540154457092285 25.881931904813275 77.58388693663467
v -22.796382009983063 92.38795542812241 30.737298576288694
v -42.12232232093811 -70.71064977397678 56.79526885016861
v -59.060341119766235 13.052649358913234 79.63353182807491
v -29.784899950027466 86.6025453670112 40.16020973232221
v -36.26388907432556 -79.3353120296887 48.896140864587785
v -59.56990122795105 0.00003255660937338248 80.32062649726443
v -36.26386821269989 79.33533988299887 48.896117994089686
v -54.94007468223572 50.00001686713015 66.94463272882686
v -58.61029624938965 38.268366170378016 71.41680690043984
v -16.41927808523178 96.5925845316621 20.006886778959025
v -54.94008660316467 -49.99997419216791 66.9446728627512
v -50.32978653907776 -60.87611510584842 61.32694282508331
v -61.2777054309845 25.881931429604137 74.6670740399062
v -24.277132749557495 92.38795523985323 29.581710545473587
v -44.85839903354645 -70.71065012185461 54.66000993712848
v -62.89662718772888 13.052648871148966 76.63965608611633
v -31.719595193862915 86.60254512102522 38.65035851505233
v -38.619428873062134 -79.33531232918281 47.0578591139088
v -63.439297676086426 0.00003206463643144419 77.3009181022602
v -38.61940801143646 79.33533958350475 47.0578362434107
v -31.71961009502411 -86.60252060620346 38.65040461513267
v -62.896621227264404 -13.052585155757619 76.63967226012774
v -44.8583722114563 70.71069177420257 54.659998817596396
v -24.27714914083481 -92.38793367997171 29.581758530680297
v -61.27772331237793 -25.881868356961892 74.66708843376408
v -50.32976269721985 60.87615893055452 61.32690510772672
v -16.41930192708969 -96.59257205211696 20.00694507490605
v -58.6103081703186 -38.26830713703881 71.4168253303111
v -66.58139228820801 13.052648353304432 73.4611489965015
v -67.15586185455322 0.00003154232394585119 74.09498691558422
v -33.577874302864075 86.60254485986947 37.04739590194658
v -40.88191092014313 79.33533926554064 45.10618645836891
v -40.8819317817688 -79.33531264714692 45.10620932886701
v -33.57789218425751 -86.6025208673597 37.04743902179468
v -66.58138632774353 -13.052585673602152 73.46116517051291
v -47.486379742622375 70.71069140487158 52.39306132331848
v -25.699415802955627 -92.38793387985166 28.35490420633949
v -64.86765146255493 -25.88186886147734 71.57039467956795
v -53.27830910682678 60.876158516175956 58.78346762680024
v -17.38121807575226 -96.59257218730141 19.177188814987847
v -62.043964862823486 -38.26830761959322 68.45492748027452
v -58.158713579177856 50.000016414793905 64.16821261240234
v -58.15872550010681 -49.999974644504164 64.16825274632669
v -62.04395294189453 38.26836568782361 68.45490905040326
v -17.38119274377823 96.59258439647787 19.177132009156942
v -53.27833294868469 -60.87611552022698 58.78350534415682
v -64.8676335811615 25.881930925088685 71.57038028571007
v -25.699397921562195 92.38795503997328 28.35485622113278
v -47.486406564712524 -70.71065049118562 52.39307244285056
v -27.059772610664368 -92.3879340908607 27.05973997885385
v -18.301261961460114 -96.59257233001273 18.30123299490424
v -68.30130815505981 -25.881869394084276 68.30127660896558
v -65.3281569480896 -38.26830812901555 65.32811549907339
v -56.09850287437439 60.87615807872543 56.09841547035192
v -61.23724579811096 50.00001593727165 61.237201889288364
v -61.23725771903992 -49.99997512202642 61.23724202321271
v -65.32814502716064 38.268365178401275 65.32809706920213
v -18.301236629486084 96.5925842537668 18.301177679189454
v -56.0985267162323 -60.876115957677506 56.0984531877085
v -68.30129027366638 25.881930392481753 68.3012622151077
v -27.059751749038696 92.38795482896424 27.059691993647142
v -50.000011920928955 -70.71065088108026 49.99991615279627
v -70.10576128959656 13.052647806626505 70.10566379561959
v -35.35526096820831 86.6025445841727 35.355181293754164
v -43.04594695568085 -79.33531298281484 43.045894315935215
v -70.7106351852417 0.00003099092946898427 70.7105517387349
v -43.045926094055176 79.3353389298732 43.04587442566935
v -35.355278849601746 -86.60252114305645 35.355224413602265
v -70.10575532913208 -13.052586220280078 70.105679969631
v -49.999988079071045 70.71069101497693 49.999905033264184
v -68.45495104789734 38.26836464333847 62.04390498393605
v -71.57040238380432 25.88192983306807 64.86760552260286
v -19.177190959453583 96.59258410387264 17.381133793481613
v -28.354915976524353 92.38795460733448 25.69933816617066
v -58.78357291221619 -60.876116417146356 53.27825345969645
v -52.3931622505188 -70.71065129059953 47.486304836115394
v -73.46123456954956 13.052647232432944 66.5812888337666
v -37.04747259616852 86.60254429459967 33.57779462840995
v -45.10626196861267 -79.33531333537766 40.881879142023195
v -74.09506440162659 0.00003041178241336026 67.155772447582
v -45.106241106987 79.33533857731038 40.881859251757334
v -37.04749345779419 -86.60252143262997 33.57783476802581
v -73.46122860908508 -13.05258679447364 66.58130500777801
v -52.39313840866089 70.71069060545767 47.48629371658331
v -28.354939818382263 -92.38793431249046 25.699386151377368
v -71.57042026519775 -25.881869953497954 64.86761991646074
v -58.783549070358276 60.87615761925658 53.27821574233987
v -19.177216291427612 -96.59257247990715 17.38118761908028
v -68.4549629688263 -38.268308664078354 62.04392341380731
v -64.1682505607605 50.000015435715085 58.1586696703553
v -64.16826844215393 -49.999975623582976 58.158709804279646
v -77.30098962783813 0.00002980627628296867 63.43920230865077
v -76.63972973823547 -13.052587394799044 62.896533946834474
v -47.05789089202881 79.33533820870188 38.6193563430507
v -54.660069942474365 70.71069017730042 44.85828320518503
v -38.65045607089996 -86.60252173538207 31.719555659024675
v -29.581797122955322 -92.38793454420711 24.27711948925657
v -74.66711401939392 -25.881870538371487 61.277691766283795
v -61.326974630355835 60.876157138877396 50.32966933273297
v -20.006971061229706 -96.59257263662343 16.419269980301603
v -71.41685485839844 -38.26830922349203 58.61026672130248
v -66.94466471672058 50.00001491133225 54.940030773413206
v -66.94468259811401 -49.99997614796581 54.94007090733755
v -71.41684293746948 38.268364083924794 58.61024829143122
v -20.006945729255676 96.5925839471566 16.419217644819057
v -61.32700443267822 -60.876116897526515 50.329701089625075
v -74.66709613800049 25.88192924819454 61.27767737242591
v -29.581773281097412 92.38795437561807 24.27707299416598
v -54.660093784332275 -70.71065171875678 44.858294324717114
v -76.63973569869995 13.05264663210754 62.89651777282307
v -38.65043520927429 86.60254399184757 31.719515519408816
v -47.05791175365448 -79.33531370398666 38.61937325308432
v -20.7885280251503 -96.59257279978429 15.417795719017741
v -74.20669794082642 -38.26830980591067 55.03540662532475
v -69.55982446670532 -49.999976693912515 51.58907393620722
v -69.55980658531189 50.00001436538555 51.58903380228288
v -74.20668601989746 38.26836350150616 55.035388195453486
v -20.78850120306015 96.59258378399598 15.417744873651316
v -63.7226939201355 -60.876117397659954 47.259903931383846
v -77.58391499519348 25.881928639269226 57.54012043806927
v -30.737364292144775 92.3879541343729 22.796320764475446
v -56.79534673690796 -70.71065216452074 42.122214631876574
v -79.63360548019409 13.052646007095268 59.060219783931515
v -40.16028344631195 86.60254367664619 29.78482325580563
v -48.896193504333496 -79.3353140877528 36.26383345434778
v -80.32069206237793 0.00002917587255760339 59.56981182097992
v -48.896172642707825 79.33533782493573 36.26381654431416
v -40.16030728816986 -86.60252205058393 29.78486041518925
v -79.63359951972961 -13.052588019811317 59.06023595794292
v -56.79532289505005 70.71068973153695 42.12220649257673
v -30.737388134002686 -92.38793478545252 22.796365769449917
v -77.58393287658691 -25.8818711472968 57.540134831927155
v -63.72265815734863 60.87615663874396 47.25987217449174
v -80.31381964683533 25.88192800776138 53.66395290228746
v -82.43563175201416 13.052645358903245 55.081645507961106
v -31.81890845298767 92.38795388418043 21.26065030520499
v -41.573384404182434 86.60254334975444 27.778375940589594
v -58.793771266937256 -70.71065262681691 39.28466101153817
v -50.61667561531067 -79.33531448575259 33.82092814753171
v -83.1468939781189 0.000028522088068784723 55.55691123008337
v -50.616657733917236 79.33533742693643 33.820914217730326
v -41.573408246040344 -86.60252237747618 27.778410119740975
v -82.43562579154968 -13.052588668003338 55.08166168197251
v -58.793747425079346 70.71068926924077 39.284652872238325
v -31.81893229484558 -92.38793503564523 21.26069382006334
v -80.31383752822876 -25.881871778805618 53.66396133568087
v -65.96482992172241 60.876156120061864 44.07622418426504
v -21.52000218629837 -96.59257296899622 14.379180313458216
v -76.81777477264404 -38.26831040993007 51.327961957508634
v -72.00737595558167 50.00001379919031 48.11375220609915
v -72.0073938369751 -49.99997726010775 48.113792340023494
v -76.81776285171509 38.26836289748676 51.32794352763737
v -21.51997536420822 96.59258361478405 14.37912946809179
v -65.96486568450928 -60.87611791634301 44.076249980692666
v -85.0390613079071 -13.052589337814581 50.97038958533866
v -82.85025954246521 -25.881872431377225 49.65850536491676
v -60.65053343772888 70.71068879152575 36.35245899692556
v -68.04808974266052 60.87615558407993 40.786390519370975
v -32.82381892204285 -92.38793529418245 19.673803599421273
v -22.199633717536926 -96.59257314385208 13.305922688355233
v -79.24378514289856 -38.26831103409508 47.496864473873735
v -74.28147196769714 50.000013214110915 44.52256043745295
v -74.28148984909058 -49.99997784518715 44.522600571377296
v -79.2437732219696 38.268362273321756 47.496846044002474
v -22.199605405330658 96.59258343992843 13.305873333104927
v -68.04812550544739 -60.876118452325436 40.786413335566365
v -82.85024166107178 25.88192735519026 49.6584999117556
v -32.82379508018494 92.38795362564345 19.67376157467904
v -60.65055727958679 -70.71065310453191 36.35246713622541
v -85.03906726837158 13.052644689092004 50.97037341132725
v -42.88633167743683 86.60254301195984 25.705007510451985
v -52.21521854400635 -79.3353148970266 31.296546271539928
v -85.77278852462769 0.000027846497913008127 51.410168409343676
v -52.215200662612915 79.33533701566242 31.296532341738544
v -42.88635551929474 -86.60252271527077 25.705041689603366
v -22.825755178928375 96.59258325985046 12.200562565215918
v -76.37662887573242 -49.99997844774119 40.82415024445779
v -69.96744871139526 -60.87611900431567 37.39832141376008
v -81.4788818359375 38.268361630514875 43.55132552379226
v -85.18707156181335 25.881926683128533 45.53341443869504
v -33.74960720539093 92.38795335938465 18.03947672074382
v -62.361228466033936 -70.71065359651506 33.332696156344156
v -87.43762969970703 13.052643999274512 46.73630382552714
v -44.09596025943756 86.60254266407618 23.569712834624987
v -53.68797183036804 -79.33531532058383 28.69677048037175
v -88.19204568862915 0.00002715072962524673 47.1395730972252
v -53.68795394897461 79.33533659210518 28.696756550570367
v -44.09598410129547 -86.60252306315442 23.569747013776368
v -87.43762373924255 -13.052590027631586 46.73632297977078
v -62.361204624176025 70.71068829954311 33.33269099727655
v -33.74963104724884 -92.38793556044175 18.039515765253814
v -85.18708944320679 -25.881873103438952 45.533419891856205
v -69.9674129486084 60.8761550320897 37.39829859756469
v -22.825784981250763 -96.5925733239303 12.200610430350105
v -81.47889375686646 -38.26831167690196 43.55134395366352
v -76.37661099433899 50.00001261155736 40.824113090765685
v -89.62554931640625 13.052643291114235 42.38964702621079
v -90.39884209632874 0.000026436459294619633 42.755413055416184
v -45.19935846328735 86.6025423069415 21.377635793952717
v -55.031365156173706 79.33533615728436 26.027845331927214
v -55.03138303756714 -79.33531575540466 26.027859261728597
v -45.199382305145264 -86.60252342028934 21.37766848298798
v -89.62554335594177 -13.052590735791863 42.389666180454434
v -63.9216423034668 70.71068779447754 30.2326206399539
v -34.594136476516724 -92.3879358337812 16.361770184580617
v -87.3187005519867 -25.88187379337249 41.298638030551025
v -71.71818017959595 60.87615446542105 33.920111274948155
v -23.396946489810944 -96.59257350879717 11.065905631890114
v -83.51771235466003 -38.268312336802325 39.50090435748743
v -78.28775644302368 50.000011992980454 37.027315099966785
v -78.28777432441711 -49.9999790663181 37.02735225365889
v -83.51770043373108 38.2683609706145 39.50088592761617
v -23.396916687488556 96.59258307498382 11.065859256872047
v -71.71821594238281 -60.8761195709848 33.920131110911306
v -87.31868267059326 25.881925993195484 41.2986355576221
v -34.59411263465881 92.38795308604544 16.361732630186744
v -63.92166614532471 -70.71065410158063 30.23262579902151
v -89.23994898796082 -25.881874499514854 36.96436707641901
v -85.3553295135498 -38.268313012206036 35.35530594592743
v -73.29617142677307 60.87615388543935 30.36020896457681
v -80.01030087471008 50.000011359870804 33.14131577802928
v -23.911742866039276 -96.59257369800723 9.90454265605433
v -80.01031875610352 -49.99997969942823 33.14134995148915
v -85.35531759262085 38.2683602952108 35.355287516056165
v -23.91171306371689 96.59258288577402 9.904497771152382
v -73.29620718955994 -60.87612015096698 30.36022582030772
v -89.23993110656738 25.881925287053118 36.96436460349008
v -35.355278849601746 92.38795280628446 14.644571988039706
v -65.32811522483826 -70.71065461851234 27.05972154601557
v -91.5975570678711 13.052642566316395 37.94086958900077
v -46.193867921829224 86.60254194141619 19.134057359962267
v -56.24222159385681 -79.33531620044104 23.296245446897853
v -92.38786101341248 0.00002570540768006023 38.26825022697081
v -56.24220371246338 79.33533571224798 23.29623151709647
v -46.193891763687134 -86.60252378581491 19.13408855888141
v -91.59755110740662 -13.052591460589703 37.940888743244415
v -65.32809138298035 70.71068727754631 27.0597193671802
v -35.355302691459656 -92.38793611354241 14.644608052317459
v -24.368903040885925 96.59258269267673 8.719275056013007
v -36.031270027160645 92.3879525207754 12.892129866533992
v -74.69762563705444 -60.876120742865325 26.72717967010025
v -66.57718420028687 -70.7106551460648 23.821627693018787
v -90.94619750976562 25.88192456640277 32.541044310063626
v -93.34889054298401 13.052641826626997 33.40068842902768
v -47.0770925283432 86.602541568381 16.84438367393477
v -57.317566871643066 -79.33531665462114 20.508507898546604
v -94.15431022644043 0.000024959336325984545 33.68889689445134
v -57.317548990249634 79.33533525806813 20.50849545886134
v -47.07711637020111 -86.60252415885034 16.844413382737795
v -93.34889054298401 -13.0525922002791 33.40070758327133
v -66.57716035842896 70.71068674999411 23.821627004299536
v -36.031293869018555 -92.38793639905147 12.892165930811744
v -90.94620943069458 -25.8818752201652 32.54104678299255
v -74.69758987426758 60.87615329354149 26.72716579460158
v -24.368934333324432 -96.59257389110475 8.719318450798836
v -86.98732256889343 -38.268313701487 31.124529516751146
v -81.54009580612183 50.000010713753504 29.17547603441513
v -81.54011368751526 -49.99998034554553 29.175510207875
v -86.9873046875 38.268359605930314 31.12451406711213
v -95.69392800331116 0.00002420004270687661 29.028385877605693
v -94.87534165382385 -13.052592953078117 28.78006015285147
v -58.25481414794922 79.33533479583897 17.67135311057189
v -67.66583323478699 70.71068621309232 20.52614728942913
v -47.84692823886871 -86.60252453849692 14.514159364431094
v -36.62048280239105 -92.3879366896206 11.108665319029694
v -92.43337512016296 -25.881875953587713 28.039331480525266
v -75.91904997825623 60.876152691153266 23.02973321699161
v -24.767418205738068 -96.59257408762463 7.513088078608377
v -88.40975165367126 -38.268314402983705 26.81877342467967
v -82.87345170974731 50.00001005618519 25.139350493681846
v -82.87346959114075 -49.999981003113845 25.139384667141716
v -88.40973377227783 38.268358904433605 26.818757975040654
v -24.76738542318344 96.59258249615722 7.513046918996729
v -75.91908574104309 -60.87612134525379 23.02974560237416
v -92.43336319923401 25.881923832980256 28.039329007596336
v -36.62045896053314 92.38795223020652 11.10863074486806
v -67.6658570766449 -70.71065568296683 20.52614648803226
v -94.87534165382385 13.052641073827981 28.780040998607824
v -47.8469043970108 86.60254118873466 14.514131145744189
v -58.25483202934265 -79.33531711685029 17.671365550257153
v -89.61918950080872 -38.268315115006956 22.448405897671673
v -84.00717377662659 -49.99998167054933 21.04269484685216
v -84.00715589523315 50.0000093887497 21.04266067339229
v -89.61917161941528 38.2683581924106 22.448391938148777
v -25.10620355606079 96.59258229668878 6.2887183414782815
v -76.95765495300293 -60.87612195668086 19.276833021407263
v -93.69784593582153 25.881923088552462 23.4700637612051
v -37.121427059173584 92.38795193527747 9.29836913769798
v -68.59151721000671 -70.71065622792545 17.181214289507828
v -96.17323279380798 13.05264030973357 24.090062935501347
v -48.50144684314728 86.60254080339149 12.148911552696125
v -59.0517520904541 -79.3353175860154 14.791650584436876
v -97.0030128955841 0.000023429355371873895 24.297940731045088
v -59.05173420906067 79.33533432667384 14.791638144751612
v -48.50147068500519 -86.60252492384033 12.148938281266911
v -96.17323279380798 -13.052593717172527 24.090082089744993
v -68.5914933681488 70.71068566813393 17.181216581020816
v -37.121450901031494 -92.3879369845499 9.298402221743494
v -93.69785785675049 -25.881876698015507 23.47006623413403
v -76.95761919021606 60.876152079726445 19.276822126140832
v -25.106236338615417 -96.59257428709331 6.288758010973811
v -37.53296434879303 92.38795163669884 7.465706614905188
v -49.03914928436279 86.60254041328004 9.754424588947225
v -69.35193538665771 -70.71065677962727 13.794892625651366
v -59.70641374588013 -79.33531806098615 11.876300981737636
v -97.23942875862122 13.05263953618397 19.342049319893196
v -98.07841181755066 0.000022649131517059988 19.50896084308281
v -59.706395864486694 79.33533385170324 11.876289287110431
v -49.039170145988464 -86.60252531395203 9.754449827401892
v -97.23942875862122 -13.052594490722129 19.34206847413684
v -69.3519115447998 70.7106851164321 13.794894917164356
v -37.53298819065094 -92.38793728312876 7.465738208834583
v -94.73661780357361 -25.881877451654997 18.84426002170886
v -77.81079411506653 60.87615146073343 15.477470076313304
v -25.38457214832306 -96.59257448903018 5.04927830528249
v -90.61272740364075 -38.26831583584059 18.02396056657508
v -84.93847846984863 50.00000871305515 16.895277102721263
v -84.93849635124207 -49.99998234624388 16.895311276181133
v -90.61270952224731 38.26835747157721 18.023948097168304
v -25.384539365768433 96.5925820947522 5.04924049843211
v -77.81082391738892 -60.876122575674124 15.477479481463618
v -94.73660588264465 25.88192233491297 18.84425754877993
v -98.07137250900269 -13.052595271863416 14.547457437359409
v -95.54715156555176 -25.88187821269074 14.173055931590513
v -69.94525790214539 70.71068455931614 10.375341428671437
v -78.47651243209839 60.876150835665804 11.640832340946533
v -37.85410821437836 -92.38793758463781 5.615088866893728
v -25.60175359249115 -96.59257469294886 3.7976344091796017
v -91.38797521591187 -38.26831656374857 13.556093251759622
v -85.6651782989502 50.00000803072957 12.707192500365363
v -85.66519618034363 -49.99998302856947 12.707226673825234
v -91.38795733451843 38.26835674366948 13.556082272468961
v -25.601720809936523 96.59258189083377 3.7975980924453405
v -78.4765362739563 -60.876123200741986 11.640840255980727
v -95.5471396446228 25.881921573877232 14.173053458661585
v -37.85408139228821 92.38795133518998 5.615058390551423
v -69.9452817440033 -70.71065733674337 10.375338392100387
v -98.07136654853821 13.052638755042684 14.547438283115763
v -49.458709359169006 86.60254001933998 7.336437748937568
v -60.21723747253418 -79.3353185406182 8.932340404488148
v -98.91752600669861 0.00002186125067342563 14.672982692715138
v -60.21721959114075 79.3353333720713 8.932329454919003
v -49.45873022079468 -86.6025257078922 7.336462242334175
v -25.75722336769104 96.59258168542479 2.536806746014579
v -86.18552088737488 -49.99998371588278 8.488527635796574
v -78.95320057868958 -60.8761238303788 7.776157045131018
v -91.94303750991821 38.26835601044118 9.055559062897183
v -96.12748622894287 25.88192080727864 9.467704847783658
v -38.08400630950928 92.38795103147724 3.750882892065882
v -70.37012577056885 -70.71065789793182 6.930788205704788
v -98.6670434474945 13.052637968191553 9.717780460268461
v -49.759119749069214 86.60253962252042 4.900776641635888
v -60.58299541473389 -79.33531902375611 5.966861060358625
v -99.51834678649902 0.000021067610701151667 9.80165526270536
v -60.582977533340454 79.33533288893352 5.96685085584754
v -49.759140610694885 -86.60252610471188 4.900800389974435
v -98.66704940795898 -13.052596058714668 9.717798869454047
v -70.37010192871094 70.71068399812792 6.930792732391957
v -38.084033131599426 -92.38793788835073 3.750912250821098
v -96.12749814987183 -25.88187897928933 9.467707320712586
v -78.95317673683167 60.87615020602924 7.776150620212943
v -25.757256150245667 -96.59257489835808 2.5368415726327207
v -91.94305539131165 -38.26831729697711 9.055568552071724
v -86.18550300598145 50.0000073434165 8.488494952452822
v -49.939653277397156 86.60253922377736 2.453309158055808
v -60.80278158187866 79.3353324034538 2.986997665365917
v -60.802799463272095 -79.33531950923594 2.9870071248189425
v -49.93967413902283 -86.6025265034551 2.4533319750717806
v -99.87941384315491 0.00002027012360181396 4.906714335080723
v -99.0250289440155 -13.05259684937985 4.864730577313152
v -70.62541842460632 70.71068343421939 3.469546912465742
v -38.22220861911774 -92.38793819353587 1.8776991980714897
v -96.47626876831055 -25.88187974960395 4.739549874924266
v -79.23963069915771 60.87614957334049 3.8927347870974174
v -25.850707292556763 -96.59257510476301 1.2699371179544405
v -92.2766387462616 -38.26831803375975 4.533228924925064
v -86.4982008934021 50.0000066527717 4.249347423446874
v -86.49821877479553 -49.999984406527695 4.249379361732566
v -92.27662086486816 38.268355273658656 4.533220180808582
v -25.850674510002136 96.59258147902011 1.2699038745846756
v -79.23965454101562 -60.876124463067725 3.8927400944284027
v -96.47625684738159 25.88192003696408 4.739547774524366
v -38.22218179702759 92.38795072629232 1.8776711431678779
v -70.62543630599976 -70.71065846184052 3.4695412681914832
v -99.02502298355103 13.052637177526371 4.864712168127566
v -96.59261703491211 -25.88188052177881 -0.00002563253602988704
v -92.38792061805725 -38.26831877232166 -0.00003181016775698061
v -79.33518886566162 60.87614893912392 -0.00005876619361598173
v -86.60252094268799 50.00000596045913 -0.00003687767740587032
v -25.88188350200653 -96.5925753116664 -0.000026778288640622498
v -86.60253882408142 -49.99998509884039 -0.000005684449773873026
v -92.38790273666382 38.26835453509686 -0.00003980922617847258
v -25.881850719451904 96.59258127211699 -0.0000584384100288019
v -79.33521270751953 -60.87612509728448 -0.00005457644972007849
v -96.59260511398315 25.881919264789342 -0.000026987877868952097
v -38.268277049064636 92.38795042037039 -0.00006427264673801913
v -70.71060538291931 -70.710659027111 -0.00006415007167048242
v -99.14444088935852 13.052636384951851 -0.000075561670450839
v -49.99987781047821 86.60253882407137 -0.0000687317544855278
v -60.87612509727478 -79.33531999588817 -0.00004300089746790673
v -99.99986290931702 0.00001947071071601932 -0.00004698556812204608
v -60.87610721588135 79.33533191680169 -0.00005171529243367835
v -49.99989867210388 -86.60252690316125 -0.000046846061087443716
v -99.144446849823 -13.05259764195443 -0.000057525013894776404
v -70.71058750152588 70.71068286894905 -0.0000577607393520401
v -38.268303871154785 -92.38793849945802 -0.00003752159473064347
v -38.268277049064636 92.38795042037039 -0.00006427264673801913
v -25.881850719451904 96.59258127211699 -0.0000584384100288019
v -25.850674510002136 96.59258106521388 -1.2700207507226122
v -38.22218179702759 92.38795011444847 -1.8777995946469752
v -70.71060538291931 -70.710659027111 -0.00006415007167048242
v -79.33521270751953 -60.87612509728448 -0.00005457644972007849
v -79.23964262008667 -60.87612573150121 -3.892849153513464
v -70.6254243850708 -70.71065959238139 -3.4696691019914154
v -99.14444088935852 13.052636384951851 -0.000075561670450839
v -96.59260511398315 25.881919264789342 -0.000026987877868952097
v -96.47625684738159 25.88191849261462 -4.739601656465727
v -99.02501106262207 13.052635592377408 -4.8648628251250585
v -49.99987781047821 86.60253882407137 -0.0000687317544855278
v -49.93965029716492 86.60253842436539 -2.4534465277504007
v -60.87612509727478 -79.33531999588817 -0.00004300089746790673
v -60.802799463272095 -79.3353204825404 -2.9870930327995002
v -99.99986290931702 0.00001947071071601932 -0.00004698556812204608
v -99.87940788269043 0.000018671297906201662 -4.90680783987356
v -60.87610721588135 79.33533191680169 -0.00005171529243367835
v -60.80278158187866 79.33533143014962 -2.9871008158718912
v -49.99989867210388 -86.60252690316125 -0.000046846061087443716
v -49.93967115879059 -86.60252730286737 -2.4534255733795773
v -99.144446849823 -13.05259764195443 -0.000057525013894776404
v -99.02502298355103 -13.052598434528933 -4.8648451609975325
v -70.71058750152588 70.71068286894905 -0.0000577607393520401
v -70.62541246414185 70.71068230367878 -3.4696619676010374
v -38.268303871154785 -92.38793849945802 -0.00003752159473064347
v -38.22220861911774 -92.38793880538014 -1.8777741474465723
v -96.59261703491211 -25.88188052177881 -0.00002563253602988704
v -96.47626876831055 -25.881881293953594 -4.739600673652917
v -79.33518886566162 60.87614893912392 -0.00005876619361598173
v -79.23962473869324 60.87614830490737 -3.8928522256702704
v -25.88188350200653 -96.5925753116664 -0.000026778288640622498
v -25.850707292556763 -96.59257551856977 -1.269990673849601
v -92.38792061805725 -38.26831877232166 -0.00003181016775698061
v -92.27663278579712 -38.268319510883565 -4.533292451446199
v -86.60252094268799 50.00000596045913 -0.00003687767740587032
v -86.4982008934021 50.00000526814651 -4.249421457516338
v -86.60253882408142 -49.99998509884039 -0.000005684449773873026
v -86.49821877479553 -49.99998579115314 -4.249391009346765
v -92.38790273666382 38.26835453509686 -0.00003980922617847258
v -92.27661490440369 38.268353796535145 -4.533299332917531
v -60.58297157287598 79.33533094466989 -5.9669541926180285
v -70.37009000778198 70.71068173977032 -6.930907414998224
v -49.75913465023041 -86.60252770161058 -4.900893988282231
v -38.08403015136719 -92.38793911056528 -3.7509872001961813
v -98.66703748703003 -13.052599225194054 -9.7179130806094
v -96.12749814987183 -25.881882064268275 -9.467758491970267
v -78.95315885543823 60.87614767221874 -7.776267313727737
v -25.757256150245667 -96.5925757249747 -2.5368950353956237
v -91.94304347038269 -38.26832024766621 -9.05563207859286
v -86.18550300598145 50.00000457750178 -8.488568613993255
v -86.18552088737488 -49.99998648179799 -8.488538910881742
v -91.94302558898926 38.268353059752684 -9.055637842477102
v -25.75722336769104 96.59258085880921 -2.536923529020258
v -78.95317673683167 -60.87612636419002 -7.77626535915802
v -96.12748622894287 25.88191772230018 -9.467757984666957
v -38.08400332927704 92.38794980926355 -3.7510113435449797
v -70.37010192871094 -70.71066015628992 -6.930914921917632
v -98.66702556610107 13.052634801712408 -9.717929999678866
v -49.759113788604736 86.6025380256224 -4.90091363880145
v -60.58298945426941 -79.33532096802021 -5.966946968339182
v -99.51832890510559 0.000017873810988942003 -9.801747649911107
v -91.38795137405396 -38.26832098089451 -13.556155288164637
v -85.66519618034363 -49.99998716911118 -12.707237203852342
v -85.6651782989502 50.00000389018883 -12.707265416847736
v -91.38793349266052 38.26835232652451 -13.55616030699082
v -25.601717829704285 96.59258065340023 -3.7977148754510197
v -78.47650647163391 -60.87612699382659 -11.64094707989161
v -95.5471396446228 25.881916955701588 -14.173106595544883
v -37.85407841205597 92.38794950555086 -5.615186469501491
v -69.94525194168091 -70.71066071747825 -10.37546436325517
v -98.07133674621582 13.05263401486164 -14.547585587351989
v -49.45870339870453 86.60253762880295 -7.33657400104507
v -60.2172315120697 -79.33532145115801 -8.932425567410647
v -98.9175021648407 0.00001708017125943877 -14.673073589804766
v -60.21721363067627 79.33533046153222 -8.932432046631433
v -49.4587242603302 -86.60252809843021 -7.336555468112941
v -98.07134866714478 -13.052600012044943 -14.547569413340582
v -69.94524598121643 70.7106811785821 -10.375456111277703
v -37.85410523414612 -92.38793941427814 -5.615163443739782
v -95.54715156555176 -25.881882830866868 -14.173107102848194
v -78.47648859024048 60.876147042582296 -11.640948289403267
v -25.60175061225891 -96.59257593038393 -3.7976878719425047
v -37.53296136856079 92.38794920404206 -7.465834321326226
v -49.039143323898315 86.60253723486302 -9.754560095996668
v -69.35189962387085 -70.71066127459434 -13.79501859680615
v -59.70640182495117 -79.33532193078995 -11.876385399602075
v -97.23939299583435 13.052633233720599 -19.3421951340133
v -98.0783760547638 0.00001629229041580441 -19.50905174017244
v -59.70638990402222 79.33532998190041 -11.876391133764802
v -49.03916418552399 -86.6025284923704 -9.754543053180658
v -97.2394049167633 -13.052600793185986 -19.342178960001892
v -69.35189366340637 70.71068062146625 -13.795008854712563
v -37.53298819065094 -92.38793971578713 -7.465812413151607
v -94.73661780357361 -25.881883591902607 -18.84431119296654
v -77.81077027320862 60.876146417514796 -15.47758527971198
v -25.38456916809082 -96.59257613430253 -5.049331395516363
v -90.61269760131836 -38.26832170880224 -18.02402111286398
v -84.93847250938416 50.00000320786324 -16.895350019203637
v -84.93849635124207 -49.999987851437005 -16.895323296324364
v -90.61267971992493 38.268351598617016 -18.02402464157404
v -25.384536385536194 96.59258044948186 -5.049356908908758
v -77.81078219413757 -60.876127618894216 -15.477584815258382
v -94.73660588264465 25.88191619466585 -18.84431068566323
v -68.5914695262909 70.71068006976466 -17.181329028452904
v -76.95759534835815 60.876145798522025 -19.276935839423384
v -37.121450901031494 -92.387940014366 -9.298476426060517
v -25.106236338615417 -96.59257633623935 -6.288810728678654
v -93.69785785675049 -25.881884345542097 -23.47011740539171
v -89.61915373802185 -38.26832242963563 -22.448464953844454
v -84.0071439743042 50.00000253216918 -21.042730609642426
v -84.00716781616211 -49.999988527131315 -21.042705376879272
v -89.61913585662842 38.26835087778387 -22.448466992438394
v -25.10620355606079 96.59258024754529 -6.28883475195493
v -76.95760726928711 -60.87612823788723 -19.276936865085908
v -93.69784593582153 25.881915441026358 -23.470116898088403
v -37.121424078941345 92.38794890546343 -9.298496844119017
v -68.59147548675537 -70.71066182629593 -17.18133877054649
v -96.17318511009216 13.052632460170996 -24.09020874962145
v -48.5014408826828 86.60253684475157 -12.149047059745568
v -59.05173420906067 -79.33532240576044 -14.791733512185196
v -97.00297117233276 0.000015512066803761233 -24.298030138018596
v -59.051722288131714 79.33532950693004 -14.791738501289863
v -48.50146174430847 -86.60252888248208 -12.149031507045677
v -96.17319703102112 -13.052601566735587 -24.090192575610043
v -47.84691631793976 -86.60252926782513 -14.514250355035681
v -36.62048280239105 -92.38794030929529 -11.108739523346717
v -94.87529993057251 -13.052602330829755 -28.7801691486004
v -92.43336915969849 -25.88188508996989 -28.039382651782947
v -67.66579747200012 70.71067952480678 -20.526256756628978
v -75.91902613639832 60.87614518709544 -23.02984544015804
v -24.767419695854187 -96.59257653570803 -7.513140796313221
v -88.40970993041992 -38.26832314165839 -26.81882950062021
v -82.87343382835388 50.00000186473418 -25.139417449699742
v -82.87345767021179 -49.9999891945668 -25.139395197168827
v -88.40969204902649 38.26835016576135 -26.818830049098032
v -24.76738691329956 96.59258004807697 -7.513162584415317
v -75.91903805732727 -60.87612884931405 -23.029847955936685
v -92.43336319923401 25.881914696598564 -28.03938214447964
v -36.6204559803009 92.38794861053438 -11.108758451289097
v -67.6658034324646 -70.71066237125382 -20.526266498722563
v -94.87528800964355 13.052631696076828 -28.780185322611807
v -47.846898436546326 86.60253645940864 -14.514265162677512
v -58.25480818748474 -79.33532287492531 -17.67144698788935
v -95.69388031959534 0.000014741379954299977 -29.028472304346963
v -58.254796266555786 79.33532903776516 -17.671451976994017
v -81.5400779247284 50.000001207165866 -29.175542990433026
v -86.98725700378418 38.26834946426513 -31.12458316093727
v -24.368901550769806 96.59257985155746 -8.719390721431598
v -81.5401017665863 -49.999989852135116 -29.17552073790211
v -74.69757199287415 -60.876129451702035 -26.727279043430535
v -90.94619750976562 25.88191396317605 -32.54109744694692
v -36.031267046928406 92.38794831996537 -12.892258318013088
v -66.57711863517761 -70.71066290815537 -23.82174472347685
v -93.34883093833923 13.052630943278297 -33.400829772799426
v -47.07708656787872 86.60253607976232 -16.844517690868095
v -57.31753706932068 -79.33532333715446 -20.5085893361788
v -94.15425062179565 0.000013982086820733504 -33.68898034096036
v -57.317525148391724 79.33532857553625 -20.50859283516735
v -47.077104449272156 -86.6025296474717 -16.844504373342385
v -93.34884285926819 -13.052603083628286 -33.40081359878802
v -66.57711267471313 70.71067898790523 -23.821734981383266
v -36.031293869018555 -92.38794059986442 -12.892240135128768
v -90.94619750976562 -25.881885823392405 -32.54109795425023
v -74.69756007194519 60.8761445847077 -26.727275037535772
v -24.368934333324432 -96.59257673222778 -8.71937042344562
v -86.98727488517761 -38.26832384315461 -31.12458261245945
v -91.59748554229736 13.052630203589386 -37.941007952540275
v -92.38779544830322 0.000013236015952199275 -38.26833069324759
v -46.193861961364746 86.60253570672712 -19.13419137689559
v -56.24217391014099 79.33532812135664 -23.29632740328636
v -56.242185831069946 -79.33532379133408 -23.29632390429781
v -46.19387686252594 -86.60253002050713 -19.134179549486
v -91.59749746322632 -13.052603823317199 -37.94099177852887
v -65.32803773880005 70.71067846035375 -27.05982287391557
v -35.355302691459656 -92.38794088537348 -14.644682256634482
v -89.23993110656738 -25.881886544043237 -36.96442122790893
v -73.2961356639862 60.87614399281033 -30.360315227278765
v -23.911741375923157 -96.59257692532532 -9.904594628701114
v -85.35528182983398 -38.26832453243461 -35.355353081171245
v -80.01028299331665 50.00000056104856 -33.14138273404717
v -80.01030683517456 -49.999990498252416 -33.14136048151626
v -85.35526990890503 38.26834877498513 -35.35535362964907
v -23.91171008348465 96.5925796584603 -9.904612691512913
v -73.29614758491516 -60.87613004359941 -30.360319233173527
v -89.23993706703186 25.88191324252522 -36.96442072060562
v -35.35527586936951 92.38794803445656 -14.644698949402683
v -65.32804369926453 -70.71066343570733 -27.059835596241395
v -34.594136476516724 -92.38794116513469 -16.36184438889764
v -23.396943509578705 -96.59257711453536 -11.065957604536898
v -87.31868267059326 -25.881887250185603 -41.298692182040945
v -83.51766467094421 -38.268325207838316 -39.50095149273125
v -71.7181384563446 60.87614341282911 -33.92021455741788
v -78.28773856163025 49.999999927938916 -37.027382055984674
v -78.28776240348816 -49.999991131362066 -37.02735980345376
v -83.51765275001526 38.268348099581424 -39.500952041209075
v -23.396913707256317 96.5925794692505 -11.065974177232578
v -71.71815037727356 -60.87613062358111 -33.920221543544876
v -87.31868863105774 25.881912536382853 -41.29869167473763
v -34.594109654426575 92.38794775469557 -16.361859591549724
v -63.9215886592865 -70.71066395263857 -30.232736869015095
v -89.62547183036804 13.052629478792031 -42.389782409518055
v -45.199352502822876 86.6025353412018 -21.37776981088604
v -55.031341314315796 -79.33532423636997 -26.027934738896317
v -90.398770570755 0.000012504964823181334 -42.75549054146073
v -55.03132939338684 79.335327676321 -26.027936747768745
v -45.19936442375183 -86.60253038603246 -21.37775798347645
v -89.62548971176147 -13.052604548114553 -42.38976623550665
v -63.92158269882202 70.71067794342251 -30.23272414668927
v -81.47883415222168 38.26834743968154 -43.55138865715293
v -85.18707752227783 25.8819118464498 -45.533470555810574
v -22.825752198696136 96.59257928438397 -12.20067674051839
v -33.74960422515869 92.38794748135638 -18.0396036821068
v -69.96737122535706 -60.87613119024927 -37.39840588592917
v -62.36113905906677 -70.71066445770364 -33.33280424610551
v -87.43754625320435 13.05262877063224 -46.736436228602166
v -44.09595429897308 86.60253498406712 -23.56984685155831
v -53.68792414665222 -79.3353246711903 -28.69684297730723
v -88.19196820259094 0.000011790694978095696 -47.13964760303751
v -53.68791222572327 79.33532724150065 -28.69684498617966
v -44.0959632396698 -86.60253074316714 -23.56983502414872
v -87.43756413459778 -13.052605256274344 -46.73642005459076
v -62.36113905906677 70.71067743835744 -33.33279152377968
v -33.74963104724884 -92.38794143847414 -18.039589969570837
v -85.18707156181335 -25.881887940118656 -45.533471063113886
v -69.9673593044281 60.87614284616095 -37.398398899802174
v -22.825780510902405 -96.59257729940212 -12.200661657938829
v -81.47884607315063 -38.26832586773869 -43.55139108890734
v -76.37659311294556 49.999999309362494 -40.824177066551336
v -76.37661695480347 -49.99999174993849 -40.824154814020424
v -85.77269911766052 0.00001109492717587576 -51.410239934923744
v -85.03899574279785 -13.05260594609038 -50.97048069969416
v -52.215152978897095 79.33532681794391 -31.296617797115598
v -60.650455951690674 70.71067694637526 -36.35255654319646
v -42.88633167743683 -86.60253109105079 -25.705129699975718
v -32.82381892204285 -92.38794170473344 -19.673877803738296
v -82.85024166107178 -25.881888612179896 -49.658553555942206
v -68.04802417755127 60.87614229417169 -40.78648486114398
v -22.199629247188568 -96.59257747948023 -13.305973170885897
v -79.24373745918274 -38.26832651054509 -47.496908628885315
v -74.28144812583923 49.99999870680894 -44.5226244132386
v -74.28147196769714 -49.99999235249253 -44.52260514093993
v -79.24372553825378 38.268346796875626 -47.496903216898666
v -22.1996009349823 96.59257910430611 -13.305986763349338
v -68.04803609848022 -60.87613174223853 -40.78649184727098
v -82.85024762153625 25.88191117438856 -49.65855304863889
v -32.8237920999527 92.38794721509733 -19.67389002615814
v -60.650455951690674 -70.71066494968582 -36.352569265522284
v -85.03897786140442 13.052628080816204 -50.970496873705564
v -42.88632273674011 86.60253463618322 -25.705143017501427
v -52.21516489982605 -79.33532509474706 -31.29661578824317
v -21.519996225833893 -96.59257765433584 -14.37922930587276
v -76.81772112846375 -38.2683271347096 -51.328003132287975
v -72.00736999511719 -49.99999293757144 -48.11379392935389
v -72.00734615325928 49.99999812173002 -48.11381320165256
v -76.81771516799927 38.26834617271111 -51.327997720301326
v -21.519969403743744 96.59257892945074 -14.379241408220082
v -65.96477031707764 -60.87613227821998 -44.0763225319328
v -80.31381964683533 25.881910521816955 -53.664009019403
v -31.818905472755432 92.38794695656034 -21.26077875668409
v -58.79366397857666 -70.71066542739986 -39.28475718037057
v -82.43553638458252 13.052627411005934 -55.08176300987494
v -41.57337546348572 86.60253429838814 -27.778514427871276
v -50.616616010665894 -79.33532550602058 -33.82099468400272
v -83.14679861068726 0.000010419337020099165 -55.55698275566344
v -50.61660408973694 79.33532640667038 -33.82099669287515
v -41.573384404182434 -86.6025314288454 -27.778498130113327
v -82.43555426597595 -13.05260661590065 -55.081746835863534
v -58.79366397857666 70.71067646866122 -39.28474445804474
v -31.81893229484558 -92.38794196327066 -21.260768024380365
v -80.31381368637085 -25.881889264751017 -53.66400654647407
v -65.96475839614868 60.87614175819024 -44.076315545805805
v -77.583909034729 25.881909890308137 -57.540182515649285
v -79.63350415229797 13.052626762813912 -59.06033728584535
v -30.737364292144775 92.38794670636787 -22.796449215954546
v -40.160274505615234 86.60253397149638 -29.78496174308731
v -56.79522752761841 -70.71066588969505 -42.122304840244496
v -48.89613091945648 -79.3353259040194 -36.263894030354315
v -80.32059073448181 0.000009765553502363413 -59.56987738609551
v -48.89611899852753 79.33532600867156 -36.26389603922674
v -40.16028344631195 -86.60253175573715 -29.784945445329363
v -79.63352799415588 -13.052607264092671 -59.06032111183394
v -56.795233488082886 70.71067600636603 -42.12229211791867
v -30.737388134002686 -92.38794221346338 -22.79643997376694
v -77.58390307426453 -25.881889896259835 -57.54018004272036
v -63.72257471084595 60.876141239508634 -47.25996055580027
v -20.788519084453583 -96.59257782354777 -15.417844711432286
v -74.20664429664612 -38.26832773872803 -55.03544183963961
v -69.5597767829895 49.99999755553527 -51.58909181760405
v -69.55980062484741 -49.99999350376571 -51.58906956507314
v -74.20663833618164 38.26834556869268 -55.03543642765296
v -20.788493752479553 96.59257876023906 -15.417855323663488
v -63.7225866317749 -60.87613279690159 -47.25996754192727
v -76.63965225219727 -13.052607889103003 -62.89660717979654
v -74.66708421707153 -25.881890505184177 -61.27773101661252
v -54.659974575042725 70.71067556060352 -44.85836287006249
v -61.326879262924194 60.87614073937665 -50.32974877334478
v -29.58180010318756 -92.38794245470854 -24.277192203457474
v -20.00696063041687 -96.59257798670839 -16.419317482600025
v -71.41680121421814 -38.268328321145695 -58.610295975152866
v -66.9446349143982 49.99999700958954 -54.9400828282699
v -66.9446587562561 -49.99999404971143 -54.94006057573899
v -71.41679525375366 38.26834498627502 -58.61029056316622
v -20.00693678855896 96.59257859707867 -16.41932660471511
v -61.32689118385315 -60.87613329703405 -50.32975873970402
v -74.66709017753601 25.88190928138282 -61.277739450005924
v -29.58177626132965 92.38794646512295 -24.27719995552896
v -54.65996861457825 -70.71066633545756 -44.85837559238832
v -76.63962841033936 13.052626137803582 -62.896623353807946
v -38.65042328834534 86.60253365629451 -31.719656986922736
v -47.057849168777466 -79.33532628778555 -38.61943382909085
v -77.30088233947754 0.000009135149776998136 -63.43926787376636
v -47.05784022808075 79.3353256249059 -38.61943285773104
v -38.65043222904205 -86.602532070939 -31.719640689164788
v -19.177180528640747 96.59257844036264 -17.381242753377666
v -64.16823863983154 -49.99999457409427 -58.158699472681086
v -58.783453702926636 -60.87613377741324 -53.27830514931092
v -68.45489740371704 38.26834442686134 -62.04394725567105
v -71.57039642333984 25.881908696509292 -64.86766760018288
v -28.35492193698883 92.38794623340631 -25.699466617649758
v -52.39303112030029 -70.71066676361336 -47.486377163089884
v -73.46112132072449 13.05262553747915 -66.58138845428702
v -37.04746067523956 86.60253335354243 -33.577936095923874
v -45.106202363967896 -79.33532665639358 -40.88193375756525
v -74.09495115280151 0.000008529644617689467 -67.15583205223311
v -45.10619342327118 79.33532525629788 -40.88193278620544
v -37.04746961593628 -86.6025323736911 -33.57791979816592
v -73.4611451625824 -13.052608489427435 -66.58137228027562
v -52.39304304122925 70.71067513244724 -47.486367420996295
v -28.35494577884674 -92.38794268642495 -25.699457375462153
v -71.57039046287537 -25.881891090057707 -64.86765916678948
v -58.78344178199768 60.876140258997474 -53.27829518295168
v -19.177204370498657 -96.59257814342442 -17.38123363126258
v -68.45490336418152 -38.26832888055937 -62.0439526676577
v -64.16821479797363 49.99999648520671 -58.158721725212
v -70.10563611984253 13.05262496328656 -70.10575745567553
v -70.71051597595215 0.000007950498533148374 -70.71060538292154
v -35.35524606704712 86.60253306396987 -35.35531978103585
v -43.04588437080383 79.33532490373554 -43.04594497988522
v -43.04589033126831 -79.3353270089559 -43.04594595124503
v -35.355255007743835 -86.60253266326414 -35.35530646351014
v -70.10565996170044 -13.052609063620025 -70.10574128166412
v -49.999892711639404 70.71067472292894 -49.99997277721269
v -27.059778571128845 -92.3879429080552 -27.059814183170875
v -68.30127239227295 -25.881891649471388 -68.30131585929432
v -56.098389625549316 60.87613979953056 -56.098482990034775
v -18.30124855041504 -96.59257829331884 -18.301279007086542
v -65.32809138298035 -38.26832941562218 -65.32814475292378
v -61.23720407485962 49.999995983650145 -61.23725394414506
v -61.23722791671753 -49.99999507565083 -61.23723169161415
v -65.32808542251587 38.26834389179853 -65.32813934093713
v -18.30122619867325 96.59257829046847 -18.301286639085507
v -56.09840154647827 -60.876134236881114 -56.09849891685849
v -68.30127835273743 25.88190813709561 -68.30132429268772
v -27.059757709503174 92.38794601177653 -27.059820445126242
v -49.99987781047821 -70.71066717313165 -49.99998251930628
v -64.86761569976807 -25.88189218207735 -71.57042796943222
v -62.04389929771423 -38.26832992504354 -68.45495077366043
v -53.27819585800171 60.87613936208101 -58.78352918601862
v -58.158671855926514 49.99999550612886 -64.16825870679456
v -17.381203174591064 -96.59257843602991 -19.17723333705403
v -58.158695697784424 -49.999995553173086 -64.16824241472813
v -62.043893337249756 38.268343382377175 -68.45494536167378
v -17.381182312965393 96.5925781477574 -19.177240969052995
v -53.27820181846619 -60.876134674330665 -58.78354511284233
v -64.86762166023254 25.881907604489648 -71.57043640282562
v -25.699403882026672 92.3879458007675 -28.35498467261188
v -47.48626947402954 -70.71066756302532 -52.393132848896094
v -66.5812611579895 13.052624416610573 -73.46123073562849
v -33.57785940170288 86.60253278827359 -37.04753140899603
v -40.8818781375885 -79.33532734462334 -45.10625798394459
v -67.1557366847992 0.0000073991059984472935 -74.0950286388419
v -40.88187217712402 79.3353245680681 -45.10625701258478
v -33.5778683423996 -86.60253293896041 -37.047518091470316
v -66.58128499984741 -13.05260961029601 -73.46121456161708
v -47.486287355422974 70.71067433303479 -52.393126087034744
v -25.699424743652344 -92.38794311906423 -28.354978410656514
v -16.419266164302826 96.59257801257318 -20.00699573885508
v -24.277137219905853 92.38794560088756 -29.581838996952687
v -50.32965540885925 -60.87613508870729 -61.32697067283986
v -44.858261942863464 -70.71066793235535 -54.660064382709535
v -61.27769351005554 25.8819070999742 -74.66713015702175
v -62.8964900970459 13.052623898767012 -76.63973186477884
v -31.71958327293396 86.60253252711784 -38.65049402210178
v -38.619375228881836 -79.33532766258696 -47.057904788754136
v -63.4391725063324 0.000006876794483937213 -77.3009538650534
v -38.6193722486496 79.33532425010448 -47.057903817394326
v -31.7195862531662 -86.60253320011617 -38.65048070457607
v -62.89651393890381 -13.052610128139571 -76.63971569076743
v -44.858282804489136 70.71067396370476 -54.660057620848185
v -24.277156591415405 -92.38794331894417 -29.58183273499732
v -61.277687549591064 -25.8818926865928 -74.66712172362834
v -50.329649448394775 60.87613894770439 -61.32695474601615
v -16.419285535812378 -96.59257857121412 -20.006988106856113
v -58.61024260520935 -38.26833040759698 -71.41684266323253
v -54.940032958984375 49.99999505379358 -66.9446728627546
v -54.940056800842285 -49.999996005508365 -66.94465657068817
v -58.61023664474487 38.268342899823736 -71.41683725124588
v -59.5697820186615 0.000006384823484164759 -80.32065033912868
v -59.06021595001221 -13.05261061590287 -79.63358547226153
v -36.263835430145264 79.33532395061086 -48.896182587841075
v -42.12220907211304 70.7106736158279 -56.79531057342384
v -29.78489398956299 -86.60253344610167 -40.160328941613706
v -22.796401381492615 -92.38794350721385 -30.737423746044666
v -57.540130615234375 -25.88189316180291 -77.58394058082129
v -47.25985825061798 60.87613855739801 -63.72263827300891
v -15.417811274528503 -96.59257869854592 -20.788545070776696
v -55.03538250923157 -38.26833086212011 -74.20668574566047
v -51.589035987854004 49.999994627732896 -69.55981473134588
v -51.589059829711914 -49.99999643156905 -69.55979843927945
v -55.03537654876709 38.268342445300604 -74.20668033367382
v -15.41779339313507 96.59257788524164 -20.78855121265954
v -47.25986123085022 -60.87613547901367 -63.722654199832625
v -57.54013657569885 25.88190662476409 -77.5839490142147
v -22.796383500099182 92.3879454126179 -30.737430008000032
v -42.122188210487366 -70.71066828023221 -56.79531733528519
v -59.0601921081543 13.052623411003715 -79.63360164627294
v -29.78489100933075 86.60253228113234 -40.16034225913942
v -36.2638384103775 -79.33532796208058 -48.896183559200885
v -51.327937841415405 -38.26833128751852 -76.81776257747806
v -48.113781213760376 -49.99999683032872 -72.00736780954918
v -48.113757371902466 49.99999422897323 -72.00738410161561
v -51.327937841415405 38.26834201990219 -76.81775716549141
v -14.379177987575531 96.59257776606937 -21.520025373807602
v -44.07621622085571 -60.87613584430982 -65.96482596420637
v -53.663963079452515 25.88190618000617 -80.31385366585651
v -21.260711550712585 92.38794523641246 -31.818971188610675
v -39.284637570381165 -70.71066860581689 -58.79374186531446
v -55.08161783218384 13.05262295449569 -82.43562791809298
v -27.778443694114685 86.60253205090898 -41.57344321700989
v -33.82093608379364 -79.33532824238318 -50.616668650410276
v -55.55688142776489 0.000005924376749208832 -83.14685225486961
v -33.82093608379364 79.33532367030874 -50.61666469881823
v -27.778446674346924 -86.60253367632504 -41.573429899484175
v -55.08164167404175 -13.052611072410892 -82.43561174408157
v -39.284661412239075 70.71067329024322 -58.79373510345311
v -21.2607279419899 -92.38794368341975 -31.818967906887547
v -53.66395711898804 -25.88189360656083 -80.31384523246311
v -44.076213240623474 60.876138192101855 -65.96481003738266
v -14.379195868968964 -96.59257881771818 -21.520019231924756
v -19.673821330070496 92.38794507269614 -32.82385483557569
v -25.70507526397705 86.60253183700272 -42.88639049026426
v -36.3524466753006 -70.71066890832573 -60.650527877963974
v -31.296557188034058 -79.33532850281888 -52.21521157910593
v -50.97034573554993 13.05262253034318 -85.03905747398588
v -51.41013860702515 0.000005496564226846446 -85.77274680137836
v -31.296557188034058 79.33532340987304 -52.215207627513884
v -25.70507824420929 -86.6025338902313 -42.88637717273855
v -50.97036957740784 -13.052611496564374 -85.03904726043895
v -36.35247349739075 70.71067298773438 -60.650521116102624
v -19.67383623123169 -92.38794384713657 -32.823854534084795
v -49.658504128456116 -25.881894019796427 -82.85026724669952
v -40.78638255596161 60.876137852695756 -68.04806985832074
v -13.305938243865967 -96.59257892844421 -22.199650763163305
v -47.496843338012695 -38.268331682765776 -79.24377294773255
v -44.522568583488464 49.99999385847596 -74.28148011373106
v -44.522592425346375 -49.99999720082599 -74.28146382166463
v -47.496843338012695 38.26834162465494 -79.2437675357459
v -13.305921852588654 96.59257765534358 -22.19965541493003
v -40.78638553619385 -60.87613618371592 -68.04808578514445
v -49.65851008892059 25.881905766770572 -82.85027568009292
v -46.736305952072144 -13.052611887339793 -87.43760969177437
v -45.53342163562775 -25.88189440051434 -85.18709714744107
v -33.33270847797394 70.71067270903067 -62.361192302549746
v -37.39829659461975 60.87613753999831 -69.96739306426859
v -18.03954839706421 -92.38794399797051 -33.74966665929078
v -12.200626730918884 -96.5925790304572 -22.82580202687713
v -43.55132579803467 -38.26833204691119 -81.4788815617004
v -40.824124217033386 49.99999351713449 -76.37661914037288
v -40.824148058891296 -49.999997542167456 -76.37660284830645
v -43.55132877826691 38.26834126050952 -81.47887614971376
v -12.20061182975769 96.59257755333084 -22.825805188527738
v -37.39829659461975 -60.876136496413366 -69.9674089910923
v -45.533427596092224 25.881905386052658 -85.18710558083447
v -18.039534986019135 92.38794492186268 -33.749663980549435
v -33.33267867565155 -70.71066918702944 -62.361199064411096
v -46.73628211021423 13.052622139567761 -87.4376199053213
v -23.569780588150024 86.6025316399292 -44.09601907226498
v -28.696784377098083 -79.33532874276085 -53.687964865467606
v -47.139549255371094 0.000005102417207138138 -88.1920039653798
v -28.696784377098083 79.33532316993107 -53.68796091387556
v -23.569782078266144 -86.6025340873048 -44.09600575473927
v -11.065909266471863 96.59257746027681 -23.39696669708791
v -37.027356028556824 -49.99999785353257 -78.28774829699111
v -33.92011225223541 -60.87613678164955 -71.71817622207983
v -39.500892162323 38.26834092834382 -83.5176947475073
v -41.298648715019226 25.88190503876913 -87.31871668961435
v -16.361790895462036 92.38794478427529 -34.594169409817304
v -30.232611298561096 -70.71066944125701 -63.921636743701846
v -42.389628291130066 13.052621783110412 -89.62553952202049
v -21.377702057361603 86.60253146016282 -45.19941727611476
v -26.027876138687134 -79.33532896163032 -55.03137607266669
v -42.75539219379425 0.0000047428844380962835 -90.39880037307935
v -26.027876138687134 79.33532295106161 -55.03137212107464
v -21.377703547477722 -86.60253426707119 -45.199403958589045
v -42.389652132987976 -13.052612243797144 -89.62552930847356
v -30.232644081115723 70.7106724548031 -63.921629981840496
v -16.36180281639099 -92.3879441355579 -34.59417208855865
v -41.29864275455475 -25.88189474779787 -87.31870825622094
v -33.92011225223541 60.87613725476213 -71.71816029525613
v -11.065922677516937 -96.59257912351147 -23.396965025553424
v -39.50088918209076 -38.268332379076895 -83.51770015949396
v -37.027332186698914 49.99999320576938 -78.28776458905755
v -19.134123623371124 86.60253129813667 -46.193926734656614
v -23.296265304088593 79.33532275379098 -56.24221067736429
v -23.296263813972473 -79.33532915890096 -56.24221462895634
v -19.134123623371124 -86.60253442909735 -46.1939134171309
v -38.26823532581329 0.000004418832125685098 -92.38781929016307
v -37.94087767601013 -13.052612565077986 -91.59753705993838
v -27.05974578857422 70.71067222566346 -65.32807906135403
v -14.644639194011688 -92.38794425956762 -35.355338303501576
v -36.96437180042267 -25.88189506080897 -89.23995669219504
v -30.360212922096252 60.87613699767472 -73.29615154243322
v -9.904560446739197 -96.59257920738244 -23.91176140178175
v -35.35529375076294 -38.268332678462734 -85.35531731838371
v -33.14133584499359 49.99999292513127 -80.01030902074393
v -33.1413596868515 -49.99999813417068 -80.0102927286775
v -35.35529673099518 38.26834062895798 -85.35531190639706
v -9.904548525810242 96.59257737640584 -23.911763073316237
v -30.360212922096252 -60.87613703873696 -73.29616746925693
v -36.964377760887146 25.88190472575803 -89.23996512558844
v -14.644628763198853 92.38794466026557 -35.35533562476023
v -27.059713006019592 -70.71066967039664 -65.32808582321537
v -37.94085383415222 13.05262146183054 -91.59754131302083
v -32.541051506996155 -25.881895338794077 -90.94621713492879
v -31.124523282051086 -38.26833294434815 -86.98731037372731
v -26.72717273235321 60.87613676935468 -74.69756998992771
v -29.175499081611633 49.99999267589604 -81.54010395215565
v -8.719336986541748 -96.59257928186838 -24.3689528690669
v -29.175522923469543 -49.99999838340591 -81.54008766008921
v -31.124526262283325 38.26834036307256 -86.98730496174066
v -8.719326555728912 96.5925773019199 -24.368954540601386
v -26.72717273235321 -60.876137267057 -74.69758591675142
v -32.54105746746063 25.88190444777292 -90.94622556832219
v -12.892186641693115 92.38794455013263 -36.031326802319114
v -23.821622133255005 -70.71066987389581 -66.57715479866395
v -33.400675654411316 13.052621176502102 -93.34887478813371
v -16.844449937343597 86.60253115424159 -47.07714836093834
v -20.508527755737305 -79.33532933409694 -57.31755990674258
v -33.68888795375824 0.0000041310419916547974 -94.15426254272651
v -20.508530735969543 79.33532257859498 -57.31755595515053
v -16.844448447227478 -86.60253457299241 -47.077135043412625
v -33.400699496269226 -13.052612850406424 -93.34887053505126
v -23.82165640592575 70.7106720221643 -66.57714803680261
v -12.892195582389832 -92.38794436970056 -36.03132948106046
v -7.513098418712616 96.59257723699864 -24.767438413015018
v -11.108686029911041 92.38794445414156 -36.620515735691605
v -23.029741644859314 -60.87613746605811 -75.91904602074005
v -20.526142418384552 -70.71067005126314 -67.66582767502197
v -28.039345145225525 25.881904205482876 -92.43339125779055
v -28.78003418445587 13.05262092781165 -94.87532589897354
v -14.514195919036865 86.6025310288238 -47.846957249373695
v -17.671385407447815 -79.33532948679682 -58.25482506444215
v -29.028382897377014 0.0000038802064181270066 -95.69388031959723
v -17.671389877796173 79.33532242589511 -58.2548211128501
v -14.514194428920746 -86.60253469841021 -47.84694393184798
v -28.78005802631378 -13.052613099096876 -94.87532164589109
v -20.526178181171417 70.71067184479698 -67.66582091316063
v -11.108693480491638 -92.38794446569162 -36.62051841443295
v -28.039339184761047 -25.881895581084123 -92.43338282439714
v -23.029743134975433 60.876136570353566 -75.91903009391635
v -7.513107359409332 -96.59257934678965 -24.76743674148053
v -26.818770170211792 -38.26833317609126 -88.40973945850513
v -25.139376521110535 49.99999245866479 -82.87345985578112
v -25.139400362968445 -49.999998600637156 -82.87344356371469
v -26.81877315044403 38.26834013132945 -88.40973404651848
v -14.79167640209198 79.33532229606035 -59.051741173961545
v -17.1812504529953 70.71067169398779 -68.59148104652245
v -12.14897409081459 -86.6025348050487 -48.50148637798445
v -9.298429638147354 -92.38794454730969 -37.121486513073386
v -24.090081453323364 -13.052613310550182 -96.17321278587521
v -23.47007393836975 -25.881895787094507 -93.69786556098465
v -19.276835024356842 60.87613640114917 -76.95759930587617
v -6.2887780368328094 -96.59257940198988 -25.106253384241757
v -22.448405623435974 -38.2683333731337 -89.61917730564257
v -21.042688190937042 49.999992273960935 -84.00716404126695
v -21.042712032794952 -49.99999878534101 -84.00714774920051
v -22.448408603668213 38.26833993428702 -89.61917189365592
v -6.2887705862522125 96.59257718179839 -25.106255055776245
v -19.276832044124603 -60.87613763526251 -76.95761523269988
v -23.47007989883423 25.88190399947249 -93.69787399437806
v -9.298424422740936 92.3879443725235 -37.12148383433204
v -17.181213200092316 -70.71067020207231 -68.59148780838379
v -24.090057611465454 13.052620716358344 -96.17321703895766
v -12.14897632598877 86.60253092218531 -48.50149969551016
v -14.791670441627502 -79.33532961663158 -59.051745125553595
v -24.297940731048584 0.0000036669294186776655 -97.00296521187016
v -18.023963272571564 -38.26833353500254 -90.61272116893906
v -16.89533144235611 -49.99999893707369 -84.93847628428045
v -16.8953076004982 49.99999212222923 -84.93848661588241
v -18.023966252803802 38.26833977241817 -90.61271575695241
v -5.049292743206024 96.59257713645174 -25.384590865483883
v -15.477481484413147 -60.87613777426235 -77.81079015755033
v -18.844273686408997 25.881903830237015 -94.73663394120116
v -7.46576189994812 92.38794430547557 -37.53302112395148
v -13.794893026351929 -70.71067032596015 -69.35190598503478
v -19.342045485973358 13.052620542652974 -97.23941300377088
v -9.754490107297897 86.60253083458295 -49.03919915649343
v -11.876323074102402 -79.33532972328949 -59.70640678097961
v -19.5089653134346 0.0000034917246961712038 -98.0783641338367
v -11.876330524682999 79.33532218940243 -59.706402829387564
v -9.754487127065659 -86.60253489265106 -49.03918583896772
v -19.34206932783127 -13.052613484255552 -97.23940875068843
v -13.794931769371033 70.71067157009995 -69.35189922317343
v -7.465765625238419 -92.38794461435762 -37.533023802692824
v -18.84426772594452 -25.881895956329984 -94.73662550780776
v -15.477485954761505 60.87613626214933 -77.81077423072662
v -5.049298703670502 -96.59257944733655 -25.384589193949395
v -5.6151133030653 92.38794425315896 -37.854138167446656
v -7.336504012346268 86.60253076622793 -49.45875923129964
v -10.375341027975082 -70.71067042262855 -69.94525234238034
v -8.932363986968994 -79.33532980651324 -60.21723050763366
v -14.5474374294281 13.052620407113105 -98.07135079368786
v -14.672990143299103 0.0000033550146716776175 -98.91748428344911
v -8.93237292766571 79.3353221061787 -60.21722655604161
v -7.336500287055969 -86.60253496100607 -49.458745913773924
v -14.54746127128601 -13.052613619796393 -98.07135250106988
v -10.375381261110306 70.7106714734306 -69.94525154098348
v -5.615115538239479 -92.38794466667423 -37.854140846188
v -14.17306363582611 -25.881896088382693 -95.5471592697859
v -11.640851944684982 60.87613615369005 -78.47649254775847
v -3.7976548075675964 -96.5925794827199 -25.601770638117483
v -13.556097447872162 -38.268333661306436 -91.38796898121016
v -12.707224488258362 49.9999920038348 -85.66518644498396
v -12.707246840000153 -49.99999905546909 -85.66518207384648
v -13.55610191822052 38.26833964611428 -91.38796356922352
v -3.7976503372192383 96.59257710106887 -25.60176932941973
v -11.640845984220505 -60.87613788272163 -78.47650847458218
v -14.173069596290588 25.881903698184306 -95.5471677031793
v -6.930835545063019 70.71067140421471 -70.37009556754903
v -7.7761732041835785 60.87613607603158 -78.95315685249174
v -3.7509385496377945 -92.38794470413326 -38.084062783176826
v -2.5368623435497284 -96.59257950805447 -25.757273195871996
v -9.46771651506424 -25.881896182933154 -96.12750585410596
v -9.055574983358383 -38.26833375174048 -91.94304915660994
v -8.488529175519943 49.99999191906314 -86.18551115201521
v -8.488550782203674 -49.999999140240746 -86.18550678087773
v -9.05558094382286 38.268339555680235 -91.9430437446233
v -2.5368593633174896 96.5925770757343 -25.757271887174245
v -7.776165753602982 -60.8761379603801 -78.95317277931545
v -9.467722475528717 25.881903603633845 -96.12751428749937
v -3.750937804579735 92.38794421569993 -38.08406010443548
v -6.930794566869736 -70.71067049184443 -70.3700963689459
v -9.717782586812973 13.05262031006502 -98.66702769264414
v -4.9008432775735855 86.60253071728486 -49.75916962119984
v -5.966886505484581 -79.33532986610278 -60.58298844983336
v -9.801667183637619 0.00000325712854230662 -99.51830506324951
v -5.966896936297417 79.33532204658916 -60.58298449824131
v -4.900838807225227 -86.60253500994914 -49.759156303674125
v -9.717806428670883 -13.052613716844478 -98.66702940002617
v -4.2494043707847595 -49.9999991911857 -86.49820466829838
v -3.8927514106035233 -60.87613800704938 -79.2396267416415
v -4.533243924379349 38.26833950133261 -92.27662709957323
v -4.739566147327423 25.8819035468119 -96.47628490593807
v -1.2699567712843418 96.59257706050917 -25.85072302948534
v -1.8777260556817055 92.38794419318828 -38.22223559195379
v -3.469550237059593 -70.71067053344076 -70.62541286484128
v -4.864717274904251 13.05262025174275 -99.02500722870066
v -2.453375607728958 86.60253068787223 -49.93970314952778
v -2.987033687531948 -79.33532990191438 -60.802798458836044
v -4.906729981303215 0.0000031983032522905805 -99.8793721199054
v -2.987045608460903 79.33532201077756 -60.802794507243995
v -2.4533703923225403 -86.60253503936178 -49.93968983200207
v -4.864740744233131 -13.052613775166746 -99.02500893608268
v -3.4695927053689957 70.71067136261837 -70.62541206344441
v -1.8777251243591309 -92.3879447266449 -38.22223827069514
v -4.739560186862946 -25.8818962397551 -96.47627647254467
v -3.8927607238292694 60.8761360293623 -79.2396108148178
v -1.2699581682682037 -96.5925795232796 -25.850724338183092
v -4.5332372188568115 -38.2683338060881 -92.27663251155988
v -4.249383509159088 49.999991868118194 -86.49820903943586
vt 0.74609375 1
vt 0.75 0.9583331942558289
vt 0.7421875 0.9583331942558289
vt 0.7499999403953552 0.041666626930236816
vt 0.7460939884185791 0
vt 0.7421875 0.041666626930236816
vt 0.7382814884185791 0
vt 0.734375 0.041666626930236816
vt 0.7382813096046448 1
vt 0.734375 0.9583331942558289
vt 0.7304690480232239 0
vt 0.7265625596046448 0.041666626930236816
vt 0.7304688096046448 1
vt 0.7265625596046448 0.9583331942558289
vt 0.7226566076278687 0
vt 0.7187501192092896 0.041666626930236816
vt 0.7226563692092896 1
vt 0.7187501192092896 0.9583331942558289
vt 0.7148441076278687 0
vt 0.7109376192092896 0.041666626930236816
vt 0.7148438692092896 1
vt 0.7109376192092896 0.9583331942558289
vt 0.7070316076278687 0
vt 0.7031251192092896 0.041666626930236816
vt 0.7070314288139343 1
vt 0.7031251192092896 0.9583331942558289
vt 0.6992191672325134 0
vt 0.6953126192092896 0.041666626930236816
vt 0.6992189288139343 1
vt 0.6953126192092896 0.9583331942558289
vt 0.6914064884185791 1
vt 0.6875001788139343 0.9583331942558289
vt 0.6914067268371582 0
vt 0.6875001788139343 0.041666626930236816
vt 0.6835942268371582 0
vt 0.6796876788139343 0.041666626930236816
vt 0.6835939884185791 1
vt 0.6796876788139343 0.9583331942558289
vt 0.6757817268371582 0
vt 0.6718752384185791 0.041666626930236816
vt 0.6757815480232239 1
vt 0.6718751788139343 0.9583331942558289
vt 0.6679692268371582 0
vt 0.6640627384185791 0.041666626930236816
vt 0.6679691076278687 1
vt 0.6640627384185791 0.9583331942558289
vt 0.660156786441803 0
vt 0.6562502384185791 0.041666626930236816
vt 0.6601566076278687 1
vt 0.6562502384185791 0.9583331942558289
vt 0.6523443460464478 0
vt 0.6484377980232239 0.041666626930236816
vt 0.6523441672325134 1
vt 0.6484377384185791 0.9583331942558289
vt 0.6445318460464478 0
vt 0.6406252980232239 0.041666626930236816
vt 0.6445316672325134 1
vt 0.6406252980232239 0.9583331942558289
vt 0.6367193460464478 0
vt 0.6328128576278687 0.041666626930236816
vt 0.6367192268371582 1
vt 0.6328127980232239 0.9583331942558289
vt 0.6289069056510925 0
vt 0.6250003576278687 0.041666626930236816
vt 0.6289067268371582 1
vt 0.6250003576278687 0.9583331942558289
vt 0.6210944056510925 0
vt 0.6171878576278687 0.041666626930236816
vt 0.621094286441803 1
vt 0.6171878576278687 0.9583331942558289
vt 0.6132819056510925 0
vt 0.6093753576278687 0.041666626930236816
vt 0.613281786441803 1
vt 0.6093753576278687 0.9583331942558289
vt 0.6054694056510925 0
vt 0.6015628576278687 0.041666626930236816
vt 0.605469286441803 1
vt 0.6015628576278687 0.9583331942558289
vt 0.5976569652557373 0
vt 0.5937504172325134 0.041666626930236816
vt 0.5976568460464478 1
vt 0.5937504172325134 0.9583333134651184
vt 0.5898443460464478 1
vt 0.5859379172325134 0.9583333134651184
vt 0.5898444652557373 0
vt 0.5859379172325134 0.041666626930236816
vt 0.5820319652557373 0
vt 0.5781254172325134 0.041666626930236816
vt 0.5820318460464478 1
vt 0.5781254172325134 0.9583333134651184
vt 0.5742194652557373 0
vt 0.5703129172325134 0.041666626930236816
vt 0.5742194056510925 1
vt 0.5703129172325134 0.9583333134651184
vt 0.5664069652557373 0
vt 0.5625004768371582 0.041666626930236816
vt 0.5664069056510925 1
vt 0.5625004172325134 0.9583333134651184
vt 0.5585944652557373 0
vt 0.5546879768371582 0.04166644811630249
vt 0.5585944056510925 1
vt 0.5546879768371582 0.9583333134651184
vt 0.5507819652557373 0
vt 0.5468754768371582 0.04166644811630249
vt 0.5507819056510925 1
vt 0.5468754768371582 0.9583333134651184
vt 0.5429694652557373 0
vt 0.5390629768371582 0.04166644811630249
vt 0.5429694652557373 1
vt 0.5390629768371582 0.9583333134651184
vt 0.5351569652557373 0
vt 0.5312504768371582 0.04166644811630249
vt 0.5351569652557373 1
vt 0.5312504768371582 0.9583333134651184
vt 0.5273444652557373 1
vt 0.5234379768371582 0.9583333134651184
vt 0.5273444652557373 0
vt 0.5234379768371582 0.04166644811630249
vt 0.5195319652557373 0
vt 0.5156254768371582 0.04166644811630249
vt 0.5195319652557373 1
vt 0.5156254768371582 0.9583333134651184
vt 0.5117194056510925 0
vt 0.5078129768371582 0.04166644811630249
vt 0.5117194652557373 1
vt 0.5078129768371582 0.9583333134651184
vt 0.5039069056510925 0
vt 0.5000004768371582 0.04166644811630249
vt 0.5039069652557373 1
vt 0.5000004768371582 0.9583333134651184
vt 0.49609440565109253 0
vt 0.4921879768371582 0.04166644811630249
vt 0.4960944652557373 1
vt 0.4921879768371582 0.9583333134651184
vt 0.48828190565109253 0
vt 0.4843754768371582 0.04166644811630249
vt 0.4882819652557373 1
vt 0.4843754768371582 0.9583333134651184
vt 0.48046937584877014 0
vt 0.4765629768371582 0.04166644811630249
vt 0.4804694354534149 1
vt 0.4765629470348358 0.9583333134651184
vt 0.47265687584877014 0
vt 0.4687504768371582 0.04166644811630249
vt 0.4726569354534149 1
vt 0.4687504470348358 0.9583333134651184
vt 0.4648444354534149 1
vt 0.4609379470348358 0.9583333134651184
vt 0.46484434604644775 0
vt 0.4609379768371582 0.04166644811630249
vt 0.45703184604644775 0
vt 0.4531254768371582 0.04166644811630249
vt 0.4570319354534149 1
vt 0.4531254470348358 0.9583333134651184
vt 0.44921931624412537 0
vt 0.4453129470348358 0.04166644811630249
vt 0.44921940565109253 1
vt 0.4453129470348358 0.9583333134651184
vt 0.441406786441803 0
vt 0.4375004470348358 0.04166644811630249
vt 0.44140690565109253 1
vt 0.4375004172325134 0.9583333134651184
vt 0.4335942566394806 0
vt 0.4296879172325134 0.04166644811630249
vt 0.43359437584877014 1
vt 0.4296879172325134 0.9583333134651184
vt 0.4257817268371582 0
vt 0.4218754172325134 0.04166644811630249
vt 0.42578187584877014 1
vt 0.4218754172325134 0.9583333134651184
vt 0.4179691970348358 0
vt 0.4140629172325134 0.04166644811630249
vt 0.41796934604644775 1
vt 0.41406288743019104 0.9583333134651184
vt 0.4101566970348358 0
vt 0.4062504172325134 0.04166644811630249
vt 0.41015684604644775 1
vt 0.40625038743019104 0.9583333134651184
vt 0.40234431624412537 1
vt 0.39843785762786865 0.9583333134651184
vt 0.4023441672325134 0
vt 0.39843788743019104 0.04166644811630249
vt 0.39453163743019104 0
vt 0.39062535762786865 0.04166644811630249
vt 0.394531786441803 1
vt 0.39062535762786865 0.9583333134651184
vt 0.38671907782554626 0
vt 0.38281285762786865 0.04166644811630249
vt 0.3867192566394806 1
vt 0.38281282782554626 0.9583334922790527
vt 0.3789065480232239 0
vt 0.37500032782554626 0.04166644811630249
vt 0.3789067268371582 1
vt 0.3750002980232239 0.9583334922790527
vt 0.3710940182209015 0
vt 0.3671877980232239 0.04166644811630249
vt 0.3710941970348358 1
vt 0.3671877980232239 0.9583334922790527
vt 0.3632814884185791 0
vt 0.3593752980232239 0.04166644811630249
vt 0.3632816672325134 1
vt 0.3593752384185791 0.9583334922790527
vt 0.3554689586162567 0
vt 0.3515627384185791 0.04166644811630249
vt 0.35546913743019104 1
vt 0.3515627384185791 0.9583334922790527
vt 0.3476564288139343 0
vt 0.3437502384185791 0.04166644811630249
vt 0.34765660762786865 1
vt 0.3437502086162567 0.9583334922790527
vt 0.33984407782554626 1
vt 0.3359376788139343 0.9583334922790527
vt 0.33984386920928955 0
vt 0.3359377086162567 0.04166632890701294
vt 0.3320313096046448 0
vt 0.3281251788139343 0.04166632890701294
vt 0.3320315480232239 1
vt 0.3281251788139343 0.9583334922790527
vt 0.3242188096046448 0
vt 0.3203126788139343 0.04166632890701294
vt 0.3242190182209015 1
vt 0.3203126788139343 0.9583334922790527
vt 0.3164062798023224 0
vt 0.31250011920928955 0.04166632890701294
vt 0.3164064884185791 1
vt 0.31250011920928955 0.9583334922790527
vt 0.3085937201976776 0
vt 0.30468761920928955 0.04166632890701294
vt 0.3085939586162567 1
vt 0.30468761920928955 0.9583334922790527
vt 0.3007811903953552 0
vt 0.29687508940696716 0.04166632890701294
vt 0.3007814288139343 1
vt 0.29687508940696716 0.9583334922790527
vt 0.29296866059303284 0
vt 0.28906258940696716 0.04166632890701294
vt 0.2929689288139343 1
vt 0.2890625596046448 0.9583334922790527
vt 0.28515613079071045 0
vt 0.2812500596046448 0.04166632890701294
vt 0.28515636920928955 1
vt 0.2812500596046448 0.9583334922790527
vt 0.2773438096046448 1
vt 0.2734375298023224 0.9583334922790527
vt 0.27734360098838806 0
vt 0.2734375298023224 0.04166632890701294
vt 0.2695310711860657 0
vt 0.265625 0.04166632890701294
vt 0.2695312798023224 1
vt 0.265625 0.9583334922790527
vt 0.2617185413837433 0
vt 0.2578125 0.04166632890701294
vt 0.26171875 1
vt 0.2578125 0.9583334922790527
vt 0.2539060115814209 0
vt 0.2499999701976776 0.04166632890701294
vt 0.2539062201976776 1
vt 0.2499999701976776 0.9583334922790527
vt 0.2460934817790985 0
vt 0.24218744039535522 0.04166632890701294
vt 0.24609369039535522 1
vt 0.24218744039535522 0.9583334922790527
vt 0.23828092217445374 0
vt 0.23437491059303284 0.04166632890701294
vt 0.23828116059303284 1
vt 0.23437491059303284 0.9583334922790527
vt 0.23046842217445374 0
vt 0.22656241059303284 0.04166632890701294
vt 0.23046863079071045 1
vt 0.22656241059303284 0.9583334922790527
vt 0.22265586256980896 0
vt 0.21874988079071045 0.04166632890701294
vt 0.22265607118606567 1
vt 0.21874985098838806 0.9583334922790527
vt 0.21484336256980896 0
vt 0.21093735098838806 0.04166632890701294
vt 0.21484357118606567 1
vt 0.21093735098838806 0.9583334922790527
vt 0.2070310115814209 1
vt 0.20312482118606567 0.9583334922790527
vt 0.20703083276748657 0
vt 0.20312482118606567 0.04166632890701294
vt 0.1992182731628418 0
vt 0.19531232118606567 0.04166632890701294
vt 0.1992184817790985 1
vt 0.1953122913837433 0.9583334922790527
vt 0.1914057731628418 0
vt 0.1874997913837433 0.04166632890701294
vt 0.19140595197677612 1
vt 0.1874997615814209 0.9583334922790527
vt 0.1835932433605194 0
vt 0.1796872317790985 0.04166632890701294
vt 0.18359342217445374 1
vt 0.1796872317790985 0.9583334922790527
vt 0.17578071355819702 0
vt 0.1718747615814209 0.04166632890701294
vt 0.17578086256980896 1
vt 0.1718747317790985 0.9583334922790527
vt 0.16796818375587463 0
vt 0.16406220197677612 0.04166632890701294
vt 0.16796836256980896 1
vt 0.16406220197677612 0.9583334922790527
vt 0.16015568375587463 0
vt 0.15624967217445374 0.04166644811630249
vt 0.16015583276748657 1
vt 0.15624967217445374 0.9583334922790527
vt 0.15234315395355225 0
vt 0.14843717217445374 0.04166644811630249
vt 0.1523432731628418 1
vt 0.14843717217445374 0.9583334922790527
vt 0.1445307433605194 1
vt 0.14062464237213135 0.9583334922790527
vt 0.14453062415122986 0
vt 0.14062464237213135 0.04166644811630249
vt 0.13671812415122986 0
vt 0.13281211256980896 0.04166644811630249
vt 0.13671821355819702 1
vt 0.13281211256980896 0.9583334922790527
vt 0.1289055347442627 0
vt 0.12499964237213135 0.04166644811630249
vt 0.12890571355819702 1
vt 0.12499958276748657 0.9583334922790527
vt 0.12109306454658508 0
vt 0.11718711256980896 0.04166644811630249
vt 0.12109318375587463 1
vt 0.11718708276748657 0.9583334922790527
vt 0.1132805347442627 0
vt 0.10937458276748657 0.04166644811630249
vt 0.11328065395355225 1
vt 0.10937455296516418 0.9583334922790527
vt 0.1054680347442627 0
vt 0.10156205296516418 0.04166644811630249
vt 0.10546812415122986 1
vt 0.10156205296516418 0.9583333134651184
vt 0.09765550494194031 0
vt 0.09374955296516418 0.04166644811630249
vt 0.09765556454658508 1
vt 0.09374955296516418 0.9583333134651184
vt 0.08984300494194031 0
vt 0.0859370231628418 0.04166644811630249
vt 0.08984306454658508 1
vt 0.0859370231628418 0.9583333134651184
vt 0.0820305347442627 1
vt 0.07812449336051941 0.9583333134651184
vt 0.08203050494194031 0
vt 0.07812449336051941 0.04166644811630249
vt 0.07421800494194031 0
vt 0.0703120231628418 0.04166644811630249
vt 0.0742180347442627 1
vt 0.07031196355819702 0.9583333134651184
vt 0.06640547513961792 0
vt 0.06249949336051941 0.04166644811630249
vt 0.06640547513961792 1
vt 0.06249946355819702 0.9583333134651184
vt 0.05859300494194031 0
vt 0.05468696355819702 0.04166644811630249
vt 0.05859300494194031 1
vt 0.05468696355819702 0.9583333134651184
vt 0.05078047513961792 0
vt 0.04687449336051941 0.04166644811630249
vt 0.05078047513961792 1
vt 0.046874433755874634 0.9583333134651184
vt 0.04296800494194031 0
vt 0.03906196355819702 0.04166644811630249
vt 0.04296794533729553 1
vt 0.03906196355819702 0.9583333134651184
vt 0.03515547513961792 0
vt 0.03124949336051941 0.04166644811630249
vt 0.03515547513961792 1
vt 0.031249433755874634 0.9583333134651184
vt 0.027343004941940308 0
vt 0.02343696355819702 0.04166644811630249
vt 0.027342945337295532 1
vt 0.02343696355819702 0.9583333134651184
vt 0.019530504941940308 0
vt 0.015624463558197021 0.04166644811630249
vt 0.01953047513961792 1
vt 0.015624433755874634 0.9583333134651184
vt 0.011718034744262695 0
vt 0.0078119635581970215 0.04166644811630249
vt 0.011717945337295532 1
vt 0.0078119635581970215 0.9583333134651184
vt 0.0039055347442626953 0
vt 0 0.04166644811630249
vt 0.00390547513961792 1
vt 0 0.9583333134651184
vt 1 0.04166644811630249
vt 0.9960930347442627 0
vt 0.9921869039535522 0.04166644811630249
vt 0.9960929155349731 1
vt 1 0.9583333134651184
vt 0.9921869039535522 0.9583333134651184
vt 0.9882805347442627 0
vt 0.9843744039535522 0.04166644811630249
vt 0.9882804155349731 1
vt 0.9843744039535522 0.9583333134651184
vt 0.9804679155349731 1
vt 0.9765619039535522 0.9583333134651184
vt 0.9804680347442627 0
vt 0.9765619039535522 0.04166644811630249
vt 0.9726555347442627 0
vt 0.9687494039535522 0.04166644811630249
vt 0.9726554155349731 1
vt 0.9687494039535522 0.9583333134651184
vt 0.9648430943489075 0
vt 0.9609369039535522 0.04166644811630249
vt 0.9648429155349731 1
vt 0.9609369039535522 0.9583333134651184
vt 0.9570305943489075 0
vt 0.953124463558197 0.04166644811630249
vt 0.9570304155349731 1
vt 0.9531244039535522 0.9583333134651184
vt 0.9492179751396179 1
vt 0.9453119039535522 0.9583333134651184
vt 0.9492181539535522 0
vt 0.945311963558197 0.041666626930236816
vt 0.9414056539535522 0
vt 0.9374995231628418 0.041666626930236816
vt 0.9414054751396179 1
vt 0.9374994039535522 0.9583333134651184
vt 0.9335931539535522 0
vt 0.9296870231628418 0.041666626930236816
vt 0.9335930347442627 1
vt 0.929686963558197 0.9583333134651184
vt 0.925780713558197 0
vt 0.921874463558197 0.041666626930236816
vt 0.9257805347442627 1
vt 0.921874463558197 0.9583333134651184
vt 0.917968213558197 0
vt 0.9140620231628418 0.041666626930236816
vt 0.9179680347442627 1
vt 0.9140620231628418 0.9583333134651184
vt 0.9101557731628418 0
vt 0.9062495231628418 0.041666626930236816
vt 0.9101555347442627 1
vt 0.9062495231628418 0.9583333134651184
vt 0.9023432731628418 0
vt 0.8984370231628418 0.041666626930236816
vt 0.9023430347442627 1
vt 0.8984370231628418 0.9583331942558289
vt 0.8945307731628418 0
vt 0.8906245231628418 0.041666626930236816
vt 0.8945305347442627 1
vt 0.8906245231628418 0.9583331942558289
vt 0.8867181539535522 1
vt 0.8828120231628418 0.9583331942558289
vt 0.8867183327674866 0
vt 0.8828120231628418 0.041666626930236816
vt 0.8789058923721313 0
vt 0.8749995827674866 0.041666626930236816
vt 0.8789056539535522 1
vt 0.8749995827674866 0.9583331942558289
vt 0.8710933923721313 0
vt 0.8671871423721313 0.041666626930236816
vt 0.8710931539535522 1
vt 0.8671870827674866 0.9583331942558289
vt 0.8632809519767761 0
vt 0.8593746423721313 0.041666626930236816
vt 0.863280713558197 1
vt 0.8593746423721313 0.9583331942558289
vt 0.8554684519767761 0
vt 0.8515621423721313 0.041666626930236816
vt 0.8554682731628418 1
vt 0.8515621423721313 0.9583331942558289
vt 0.8476560115814209 0
vt 0.8437496423721313 0.041666626930236816
vt 0.8476557731628418 1
vt 0.8437496423721313 0.9583331942558289
vt 0.8398435115814209 0
vt 0.8359372019767761 0.041666626930236816
vt 0.8398432731628418 1
vt 0.8359372019767761 0.9583331942558289
vt 0.8320310711860657 0
vt 0.8281247019767761 0.041666626930236816
vt 0.8320307731628418 1
vt 0.8281247019767761 0.9583331942558289
vt 0.8242186307907104 0
vt 0.8203122615814209 0.041666626930236816
vt 0.8242183327674866 1
vt 0.8203122615814209 0.9583331942558289
vt 0.8164061307907104 0
vt 0.8124997615814209 0.041666626930236816
vt 0.8164058923721313 1
vt 0.8124997615814209 0.9583331942558289
vt 0.8085936307907104 0
vt 0.8046872615814209 0.041666626930236816
vt 0.8085933923721313 1
vt 0.8046872615814209 0.9583331942558289
vt 0.8007811903953552 0
vt 0.7968748211860657 0.041666626930236816
vt 0.8007809519767761 1
vt 0.7968747615814209 0.9583331942558289
vt 0.79296875 0
vt 0.7890623211860657 0.041666626930236816
vt 0.7929685115814209 1
vt 0.7890622615814209 0.9583331942558289
vt 0.7851560115814209 1
vt 0.7812498807907104 0.9583331942558289
vt 0.78515625 0
vt 0.7812498807907104 0.041666626930236816
vt 0.7773438096046448 0
vt 0.7734373807907104 0.041666626930236816
vt 0.7773435711860657 1
vt 0.7734373807907104 0.9583331942558289
vt 0.7695313692092896 0
vt 0.7656248807907104 0.041666626930236816
vt 0.7695311307907104 1
vt 0.7656248807907104 0.9583331942558289
vt 0.7617188692092896 0
vt 0.7578124403953552 0.041666626930236816
vt 0.7617186307907104 1
vt 0.7578123807907104 0.9583331942558289
vt 0.7539063692092896 0
vt 0.7539061903953552 1
vt 0.75 0.3749999403953552
vt 0.75 0.33333325386047363
vt 0.7421875 0.33333325386047363
vt 0.7421875 0.3749999403953552
vt 0.7499999403953552 0.08333325386047363
vt 0.7421875 0.08333325386047363
vt 0.75 0.7083332538604736
vt 0.75 0.666666567325592
vt 0.7421875 0.666666567325592
vt 0.7421875 0.7083332538604736
vt 0.75 0.4166666269302368
vt 0.7421875 0.4166666269302368
vt 0.7499999403953552 0.12499994039535522
vt 0.7421875 0.125
vt 0.75 0.7499998807907104
vt 0.7421875 0.7499998807907104
vt 0.75 0.45833325386047363
vt 0.7421875 0.45833325386047363
vt 0.75 0.1666666865348816
vt 0.7421875 0.1666666865348816
vt 0.7499999403953552 0.7916666269302368
vt 0.7421875 0.791666567325592
vt 0.7499999403953552 0.49999988079071045
vt 0.7421875 0.49999988079071045
vt 0.75 0.20833337306976318
vt 0.7421875 0.20833337306976318
vt 0.7499999403953552 0.8333335518836975
vt 0.7421875 0.8333331942558289
vt 0.75 0.541666567325592
vt 0.7421875 0.541666567325592
vt 0.75 0.2499997615814209
vt 0.7421875 0.24999994039535522
vt 0.7499999403953552 0.8749999403953552
vt 0.7421875 0.8749998807907104
vt 0.75 0.5833332538604736
vt 0.7421875 0.5833332538604736
vt 0.7499999403953552 0.29166626930236816
vt 0.7421875 0.2916666269302368
vt 0.7499999403953552 0.9166666269302368
vt 0.7421875 0.9166665077209473
vt 0.7499999403953552 0.6249999403953552
vt 0.7421875 0.6249998807907104
vt 0.734375 0.8749998807907104
vt 0.734375 0.9166665077209473
vt 0.734375 0.5833332538604736
vt 0.734375 0.6249998807907104
vt 0.734375 0.2916666269302368
vt 0.734375 0.33333325386047363
vt 0.734375 0.666666567325592
vt 0.734375 0.3749999403953552
vt 0.734375 0.08333325386047363
vt 0.734375 0.7083332538604736
vt 0.734375 0.4166666269302368
vt 0.734375 0.125
vt 0.734375 0.7499998807907104
vt 0.734375 0.45833325386047363
vt 0.734375 0.1666666865348816
vt 0.734375 0.791666567325592
vt 0.734375 0.49999988079071045
vt 0.734375 0.20833337306976318
vt 0.734375 0.8333331942558289
vt 0.734375 0.541666567325592
vt 0.734375 0.24999994039535522
vt 0.7265625 0.3749999403953552
vt 0.7265625 0.4166666269302368
vt 0.7265625 0.08333325386047363
vt 0.7265625 0.125
vt 0.7265625 0.7083332538604736
vt 0.7265625 0.7499998807907104
vt 0.7265625 0.45833325386047363
vt 0.7265625 0.16666662693023682
vt 0.7265625 0.791666567325592
vt 0.7265625 0.49999988079071045
vt 0.7265625 0.2083333134651184
vt 0.7265625 0.8333331942558289
vt 0.7265625 0.541666567325592
vt 0.7265625 0.24999994039535522
vt 0.7265625 0.8749998807907104
vt 0.7265625 0.5833332538604736
vt 0.7265625 0.2916666269302368
vt 0.7265625 0.9166665077209473
vt 0.7265625 0.6249998807907104
vt 0.7265625 0.33333325386047363
vt 0.7265625 0.666666567325592
vt 0.71875 0.49999988079071045
vt 0.71875 0.541666567325592
vt 0.71875 0.20833337306976318
vt 0.71875 0.24999994039535522
vt 0.71875 0.8333331942558289
vt 0.71875 0.8749998807907104
vt 0.71875 0.5833332538604736
vt 0.71875 0.2916666269302368
vt 0.7187500596046448 0.9166665077209473
vt 0.71875 0.6249999403953552
vt 0.71875 0.33333325386047363
vt 0.71875 0.666666567325592
vt 0.71875 0.3749999403953552
vt 0.7187500596046448 0.08333325386047363
vt 0.71875 0.7083332538604736
vt 0.71875 0.4166666269302368
vt 0.71875 0.125
vt 0.71875 0.7499998807907104
vt 0.71875 0.45833325386047363
vt 0.71875 0.1666666865348816
vt 0.71875 0.791666567325592
vt 0.7109375596046448 0.9166665077209473
vt 0.7109375 0.6249999403953552
vt 0.7109375 0.666666567325592
vt 0.7109375 0.33333325386047363
vt 0.7109375 0.37499988079071045
vt 0.7109375596046448 0.08333325386047363
vt 0.7109375 0.7083332538604736
vt 0.7109375 0.4166666269302368
vt 0.7109375596046448 0.125
vt 0.7109375 0.7499998807907104
vt 0.7109375 0.45833325386047363
vt 0.7109375 0.16666662693023682
vt 0.7109375 0.791666567325592
vt 0.7109375 0.49999988079071045
vt 0.7109375 0.20833337306976318
vt 0.7109375 0.8333331942558289
vt 0.7109375 0.541666567325592
vt 0.7109375 0.24999994039535522
vt 0.7109375 0.8749998807907104
vt 0.7109375 0.5833332538604736
vt 0.7109375 0.2916666269302368
vt 0.703125 0.4166666269302368
vt 0.703125 0.45833325386047363
vt 0.7031250596046448 0.125
vt 0.7031250596046448 0.16666662693023682
vt 0.703125 0.7499998807907104
vt 0.703125 0.791666567325592
vt 0.703125 0.49999988079071045
vt 0.703125 0.2083333134651184
vt 0.703125 0.8333331942558289
vt 0.703125 0.541666567325592
vt 0.703125 0.24999994039535522
vt 0.7031250596046448 0.8749998807907104
vt 0.703125 0.5833332538604736
vt 0.703125 0.2916666269302368
vt 0.7031250596046448 0.9166665077209473
vt 0.703125 0.6249999403953552
vt 0.703125 0.33333325386047363
vt 0.703125 0.666666567325592
vt 0.703125 0.37499988079071045
vt 0.7031250596046448 0.08333325386047363
vt 0.703125 0.7083332538604736
vt 0.6953125 0.541666567325592
vt 0.6953125 0.5833332538604736
vt 0.6953125 0.24999994039535522
vt 0.6953125 0.2916666269302368
vt 0.6953125596046448 0.8749998807907104
vt 0.6953125596046448 0.9166665077209473
vt 0.6953125 0.6249999403953552
vt 0.6953125 0.33333325386047363
vt 0.6953125 0.666666567325592
vt 0.6953125 0.37499988079071045
vt 0.6953125596046448 0.08333325386047363
vt 0.6953125 0.7083332538604736
vt 0.6953125 0.4166666269302368
vt 0.6953125596046448 0.125
vt 0.6953125 0.7499998807907104
vt 0.6953125 0.45833325386047363
vt 0.6953125 0.16666662693023682
vt 0.6953125 0.791666567325592
vt 0.6953125 0.49999988079071045
vt 0.6953125 0.2083333134651184
vt 0.6953125 0.8333333134651184
vt 0.6875001192092896 0.08333325386047363
vt 0.6875 0.666666567325592
vt 0.6875 0.7083332538604736
vt 0.6875 0.37499988079071045
vt 0.6875 0.4166666269302368
vt 0.6875000596046448 0.125
vt 0.6875 0.7499998807907104
vt 0.6875 0.45833325386047363
vt 0.6875 0.16666662693023682
vt 0.6875 0.791666567325592
vt 0.6875 0.49999988079071045
vt 0.6875 0.20833337306976318
vt 0.6875 0.8333333134651184
vt 0.6875 0.541666567325592
vt 0.6875 0.24999994039535522
vt 0.6875000596046448 0.8749998807907104
vt 0.6875 0.5833332538604736
vt 0.6875 0.2916666269302368
vt 0.6875001192092896 0.9166665077209473
vt 0.6875 0.6249999403953552
vt 0.6875 0.33333325386047363
vt 0.6796875 0.45833325386047363
vt 0.6796875 0.49999988079071045
vt 0.6796875 0.16666662693023682
vt 0.6796875596046448 0.20833337306976318
vt 0.6796875596046448 0.791666567325592
vt 0.6796875 0.8333333134651184
vt 0.6796875 0.541666567325592
vt 0.6796875 0.24999994039535522
vt 0.6796875596046448 0.8749998807907104
vt 0.6796875 0.5833332538604736
vt 0.6796875 0.2916666269302368
vt 0.6796876192092896 0.9166665077209473
vt 0.6796875 0.6249999403953552
vt 0.6796875596046448 0.33333325386047363
vt 0.6796875 0.666666567325592
vt 0.6796875 0.37499988079071045
vt 0.6796876192092896 0.08333325386047363
vt 0.6796875 0.7083332538604736
vt 0.6796875 0.4166666269302368
vt 0.6796875596046448 0.125
vt 0.6796875 0.7499998807907104
vt 0.6718750596046448 0.5833332538604736
vt 0.671875 0.6249999403953552
vt 0.671875 0.2916666269302368
vt 0.6718750596046448 0.33333325386047363
vt 0.6718751192092896 0.9166665077209473
vt 0.6718750596046448 0.666666567325592
vt 0.671875 0.37499988079071045
vt 0.6718751192092896 0.08333325386047363
vt 0.671875 0.7083333134651184
vt 0.671875 0.4166666269302368
vt 0.6718750596046448 0.125
vt 0.671875 0.7499998807907104
vt 0.671875 0.45833325386047363
vt 0.6718750596046448 0.16666662693023682
vt 0.6718750596046448 0.791666567325592
vt 0.671875 0.49999988079071045
vt 0.6718750596046448 0.2083333134651184
vt 0.671875 0.8333333134651184
vt 0.671875 0.541666567325592
vt 0.6718750596046448 0.24999994039535522
vt 0.6718750596046448 0.8749998807907104
vt 0.6640626192092896 0.08333325386047363
vt 0.6640625596046448 0.125
vt 0.6640625 0.7083333134651184
vt 0.6640625 0.7499998807907104
vt 0.6640625596046448 0.4166666269302368
vt 0.6640625 0.45833325386047363
vt 0.6640625596046448 0.16666662693023682
vt 0.6640625596046448 0.791666567325592
vt 0.6640625 0.49999988079071045
vt 0.6640625596046448 0.2083333134651184
vt 0.6640625596046448 0.8333333134651184
vt 0.6640625 0.541666567325592
vt 0.6640625596046448 0.24999994039535522
vt 0.6640625596046448 0.8749998807907104
vt 0.6640625596046448 0.5833332538604736
vt 0.6640625596046448 0.29166656732559204
vt 0.6640626192092896 0.9166665077209473
vt 0.6640625596046448 0.6249999403953552
vt 0.6640625596046448 0.33333325386047363
vt 0.6640625596046448 0.666666567325592
vt 0.6640625596046448 0.37499988079071045
vt 0.65625 0.49999988079071045
vt 0.65625 0.541666567325592
vt 0.6562500596046448 0.2083333134651184
vt 0.6562500596046448 0.24999994039535522
vt 0.6562500596046448 0.8333333134651184
vt 0.6562500596046448 0.8749998807907104
vt 0.6562500596046448 0.5833332538604736
vt 0.6562500596046448 0.29166656732559204
vt 0.6562501192092896 0.9166665077209473
vt 0.6562500596046448 0.6249999403953552
vt 0.6562500596046448 0.33333325386047363
vt 0.6562500596046448 0.666666567325592
vt 0.6562500596046448 0.37499988079071045
vt 0.6562501192092896 0.08333325386047363
vt 0.65625 0.7083333134651184
vt 0.6562500596046448 0.4166666269302368
vt 0.6562500596046448 0.125
vt 0.65625 0.7499998807907104
vt 0.65625 0.45833325386047363
vt 0.6562500596046448 0.16666662693023682
vt 0.6562500596046448 0.791666567325592
vt 0.6484375596046448 0.6249999403953552
vt 0.6484375596046448 0.666666567325592
vt 0.6484375596046448 0.33333325386047363
vt 0.6484375 0.37499988079071045
vt 0.6484376192092896 0.08333325386047363
vt 0.6484375596046448 0.7083333134651184
vt 0.6484375596046448 0.4166666269302368
vt 0.6484375596046448 0.125
vt 0.6484375596046448 0.7499998807907104
vt 0.6484375 0.45833325386047363
vt 0.6484375596046448 0.16666662693023682
vt 0.6484375596046448 0.791666567325592
vt 0.6484375 0.49999988079071045
vt 0.6484375596046448 0.2083333134651184
vt 0.6484375596046448 0.8333333134651184
vt 0.6484375 0.541666567325592
vt 0.6484375596046448 0.24999994039535522
vt 0.6484375596046448 0.8749998807907104
vt 0.6484375596046448 0.5833332538604736
vt 0.6484375596046448 0.29166656732559204
vt 0.6484376192092896 0.9166666269302368
vt 0.6406250596046448 0.125
vt 0.6406250596046448 0.16666662693023682
vt 0.6406250596046448 0.7499998807907104
vt 0.6406250596046448 0.791666567325592
vt 0.640625 0.45833325386047363
vt 0.640625 0.49999988079071045
vt 0.6406250596046448 0.2083333134651184
vt 0.6406250596046448 0.8333333134651184
vt 0.640625 0.541666567325592
vt 0.6406250596046448 0.24999988079071045
vt 0.6406251192092896 0.8749998807907104
vt 0.6406250596046448 0.5833332538604736
vt 0.6406250596046448 0.29166656732559204
vt 0.6406251788139343 0.9166666269302368
vt 0.640625 0.6249999403953552
vt 0.6406250596046448 0.33333325386047363
vt 0.6406250596046448 0.666666567325592
vt 0.640625 0.37499988079071045
vt 0.6406251788139343 0.08333325386047363
vt 0.640625 0.7083333134651184
vt 0.640625 0.4166666269302368
vt 0.6328125 0.541666567325592
vt 0.6328125596046448 0.5833332538604736
vt 0.6328125596046448 0.24999988079071045
vt 0.6328125 0.29166656732559204
vt 0.6328126192092896 0.8749998807907104
vt 0.6328126788139343 0.9166666269302368
vt 0.6328125596046448 0.6249999403953552
vt 0.6328125596046448 0.33333325386047363
vt 0.6328125596046448 0.666666567325592
vt 0.6328125 0.37499988079071045
vt 0.6328126788139343 0.08333325386047363
vt 0.6328125 0.7083333134651184
vt 0.6328125596046448 0.4166666269302368
vt 0.6328126192092896 0.125
vt 0.6328125596046448 0.75
vt 0.6328125 0.45833325386047363
vt 0.6328125596046448 0.16666662693023682
vt 0.6328125596046448 0.791666567325592
vt 0.6328125 0.49999988079071045
vt 0.6328126192092896 0.20833325386047363
vt 0.6328125596046448 0.8333333134651184
vt 0.6250001788139343 0.08333325386047363
vt 0.6250000596046448 0.666666567325592
vt 0.625 0.7083333134651184
vt 0.625 0.37499988079071045
vt 0.6250000596046448 0.4166666269302368
vt 0.6250001192092896 0.12499994039535522
vt 0.6250000596046448 0.75
vt 0.625 0.45833325386047363
vt 0.6250001192092896 0.16666662693023682
vt 0.6250001192092896 0.7916666269302368
vt 0.625 0.49999988079071045
vt 0.6250001192092896 0.20833325386047363
vt 0.6250000596046448 0.8333333134651184
vt 0.625 0.541666567325592
vt 0.6250000596046448 0.24999988079071045
vt 0.6250001192092896 0.8749998807907104
vt 0.6250000596046448 0.5833332538604736
vt 0.625 0.29166656732559204
vt 0.6250001788139343 0.9166666269302368
vt 0.6250000596046448 0.6249999403953552
vt 0.6250000596046448 0.33333325386047363
vt 0.6171876192092896 0.16666662693023682
vt 0.6171876192092896 0.20833325386047363
vt 0.6171876192092896 0.7916666269302368
vt 0.6171875596046448 0.8333333134651184
vt 0.6171875 0.49999988079071045
vt 0.6171875 0.541666567325592
vt 0.6171875596046448 0.24999988079071045
vt 0.6171876192092896 0.8749999403953552
vt 0.6171875596046448 0.5833332538604736
vt 0.6171875 0.29166656732559204
vt 0.6171876788139343 0.9166666269302368
vt 0.6171875596046448 0.6249999403953552
vt 0.6171875596046448 0.33333325386047363
vt 0.6171875596046448 0.666666567325592
vt 0.6171875596046448 0.3749999403953552
vt 0.6171876788139343 0.08333325386047363
vt 0.6171875 0.7083333134651184
vt 0.6171875596046448 0.4166666269302368
vt 0.6171876192092896 0.12499994039535522
vt 0.6171875596046448 0.75
vt 0.6171875 0.45833325386047363
vt 0.6093750596046448 0.5833332538604736
vt 0.6093750596046448 0.6249999403953552
vt 0.609375 0.29166656732559204
vt 0.6093750596046448 0.33333325386047363
vt 0.6093751788139343 0.9166666269302368
vt 0.6093750596046448 0.666666567325592
vt 0.609375 0.3749999403953552
vt 0.6093751788139343 0.08333325386047363
vt 0.609375 0.7083333134651184
vt 0.6093750596046448 0.4166666269302368
vt 0.6093751192092896 0.12499994039535522
vt 0.6093750596046448 0.75
vt 0.609375 0.45833325386047363
vt 0.6093751192092896 0.16666656732559204
vt 0.6093751192092896 0.7916666269302368
vt 0.609375 0.49999988079071045
vt 0.6093751192092896 0.20833325386047363
vt 0.6093751192092896 0.8333333134651184
vt 0.609375 0.541666567325592
vt 0.6093750596046448 0.24999988079071045
vt 0.6093751192092896 0.8749999403953552
vt 0.6015626788139343 0.08333325386047363
vt 0.6015626192092896 0.12499994039535522
vt 0.6015625 0.7083333134651184
vt 0.6015625596046448 0.75
vt 0.6015625596046448 0.4166666269302368
vt 0.6015625 0.45833325386047363
vt 0.6015626192092896 0.16666656732559204
vt 0.6015626192092896 0.7916666269302368
vt 0.6015625 0.49999988079071045
vt 0.6015626192092896 0.20833325386047363
vt 0.6015626192092896 0.8333333134651184
vt 0.6015625 0.541666567325592
vt 0.6015625596046448 0.24999988079071045
vt 0.6015626192092896 0.8749999403953552
vt 0.6015625596046448 0.5833332538604736
vt 0.6015625596046448 0.29166656732559204
vt 0.6015626788139343 0.9166666269302368
vt 0.6015625596046448 0.6249999403953552
vt 0.6015625596046448 0.33333325386047363
vt 0.6015625596046448 0.666666567325592
vt 0.6015625596046448 0.37499988079071045
vt 0.5937501192092896 0.20833325386047363
vt 0.5937500596046448 0.24999988079071045
vt 0.5937501192092896 0.8333333134651184
vt 0.5937501192092896 0.8749999403953552
vt 0.59375 0.541666567325592
vt 0.5937500596046448 0.5833332538604736
vt 0.5937500596046448 0.29166650772094727
vt 0.5937501788139343 0.9166666269302368
vt 0.5937500596046448 0.6249999403953552
vt 0.5937500596046448 0.33333325386047363
vt 0.5937500596046448 0.666666567325592
vt 0.5937500596046448 0.3749999403953552
vt 0.5937501788139343 0.08333325386047363
vt 0.5937500596046448 0.7083333134651184
vt 0.5937500596046448 0.4166666269302368
vt 0.5937501192092896 0.12499994039535522
vt 0.5937500596046448 0.75
vt 0.59375 0.45833325386047363
vt 0.5937501192092896 0.16666656732559204
vt 0.5937501192092896 0.7916666269302368
vt 0.59375 0.49999988079071045
vt 0.5859375596046448 0.6249999403953552
vt 0.5859375596046448 0.666666567325592
vt 0.5859375596046448 0.33333325386047363
vt 0.5859375 0.37499988079071045
vt 0.5859376788139343 0.08333325386047363
vt 0.5859375 0.7083333134651184
vt 0.5859375596046448 0.4166666269302368
vt 0.5859376192092896 0.12499994039535522
vt 0.5859375596046448 0.75
vt 0.5859375 0.45833325386047363
vt 0.5859376192092896 0.16666656732559204
vt 0.5859376192092896 0.7916666269302368
vt 0.5859375 0.49999988079071045
vt 0.5859376192092896 0.20833325386047363
vt 0.5859376192092896 0.8333333134651184
vt 0.5859375 0.541666567325592
vt 0.5859375596046448 0.24999988079071045
vt 0.5859376192092896 0.8749999403953552
vt 0.5859375596046448 0.5833332538604736
vt 0.5859375596046448 0.29166650772094727
vt 0.5859376788139343 0.9166666269302368
vt 0.5781251192092896 0.12499994039535522
vt 0.5781251192092896 0.16666656732559204
vt 0.5781250596046448 0.75
vt 0.5781251192092896 0.7916666269302368
vt 0.578125 0.45833325386047363
vt 0.578125 0.49999988079071045
vt 0.5781251192092896 0.20833325386047363
vt 0.5781251192092896 0.8333333134651184
vt 0.578125 0.541666567325592
vt 0.5781250596046448 0.24999988079071045
vt 0.5781251192092896 0.875
vt 0.5781250596046448 0.5833332538604736
vt 0.5781250596046448 0.29166650772094727
vt 0.5781252384185791 0.9166666269302368
vt 0.5781250596046448 0.6249999403953552
vt 0.5781250596046448 0.33333325386047363
vt 0.5781250596046448 0.666666567325592
vt 0.578125 0.3749999403953552
vt 0.5781251788139343 0.08333325386047363
vt 0.5781250596046448 0.7083333134651184
vt 0.5781250596046448 0.4166666269302368
vt 0.5703125596046448 0.24999988079071045
vt 0.5703125596046448 0.29166650772094727
vt 0.5703126192092896 0.875
vt 0.5703127384185791 0.9166666269302368
vt 0.5703125596046448 0.5833332538604736
vt 0.5703125596046448 0.6249999403953552
vt 0.5703125596046448 0.33333325386047363
vt 0.5703125596046448 0.666666567325592
vt 0.5703125 0.37499988079071045
vt 0.5703126788139343 0.08333319425582886
vt 0.5703125 0.7083333134651184
vt 0.5703125596046448 0.4166666269302368
vt 0.5703126192092896 0.12499988079071045
vt 0.5703125596046448 0.75
vt 0.5703125 0.45833325386047363
vt 0.5703126192092896 0.16666656732559204
vt 0.5703126192092896 0.7916666269302368
vt 0.5703125 0.49999988079071045
vt 0.5703126192092896 0.20833325386047363
vt 0.5703126192092896 0.8333333134651184
vt 0.5703125 0.541666567325592
vt 0.5625000596046448 0.666666567325592
vt 0.5625 0.7083333134651184
vt 0.5625 0.37499988079071045
vt 0.5625000596046448 0.4166666269302368
vt 0.5625001788139343 0.08333319425582886
vt 0.5625001192092896 0.12499988079071045
vt 0.5625000596046448 0.75
vt 0.5625 0.45833325386047363
vt 0.5625001192092896 0.16666650772094727
vt 0.5625001192092896 0.7916666269302368
vt 0.5625 0.49999988079071045
vt 0.5625001192092896 0.20833325386047363
vt 0.5625001192092896 0.8333333730697632
vt 0.5625 0.541666567325592
vt 0.5625000596046448 0.24999988079071045
vt 0.5625001192092896 0.875
vt 0.5625000596046448 0.5833332538604736
vt 0.5625000596046448 0.29166650772094727
vt 0.5625001788139343 0.9166666269302368
vt 0.5625000596046448 0.6249999403953552
vt 0.5625000596046448 0.33333325386047363
vt 0.5546876192092896 0.16666650772094727
vt 0.5546876192092896 0.20833325386047363
vt 0.5546876192092896 0.7916666269302368
vt 0.5546876192092896 0.8333333730697632
vt 0.5546875 0.49999988079071045
vt 0.5546875 0.541666567325592
vt 0.5546875596046448 0.24999988079071045
vt 0.5546876788139343 0.875
vt 0.5546875596046448 0.5833332538604736
vt 0.5546875596046448 0.29166650772094727
vt 0.5546876788139343 0.9166666269302368
vt 0.5546875596046448 0.6249999403953552
vt 0.5546875596046448 0.33333325386047363
vt 0.5546875596046448 0.666666567325592
vt 0.5546875596046448 0.3749999403953552
vt 0.5546876788139343 0.08333319425582886
vt 0.5546875 0.7083333134651184
vt 0.5546875596046448 0.4166666269302368
vt 0.5546876192092896 0.12499988079071045
vt 0.5546875596046448 0.75
vt 0.5546875 0.45833325386047363
vt 0.5468750596046448 0.29166650772094727
vt 0.5468750596046448 0.33333325386047363
vt 0.5468752384185791 0.9166666269302368
vt 0.5468750596046448 0.6249999403953552
vt 0.5468750596046448 0.666666567325592
vt 0.5468750596046448 0.37499988079071045
vt 0.5468752384185791 0.08333319425582886
vt 0.546875 0.7083333134651184
vt 0.5468750596046448 0.4166666269302368
vt 0.5468751192092896 0.12499988079071045
vt 0.5468750596046448 0.75
vt 0.546875 0.45833325386047363
vt 0.5468751192092896 0.16666650772094727
vt 0.5468751192092896 0.7916666269302368
vt 0.546875 0.49999988079071045
vt 0.5468751192092896 0.20833325386047363
vt 0.5468751192092896 0.8333333730697632
vt 0.546875 0.541666567325592
vt 0.5468750596046448 0.24999988079071045
vt 0.5468751788139343 0.875
vt 0.5468750596046448 0.5833332538604736
vt 0.5390625 0.7083333134651184
vt 0.5390625596046448 0.75
vt 0.5390625596046448 0.4166666269302368
vt 0.5390625 0.45833325386047363
vt 0.5390626788139343 0.12499988079071045
vt 0.5390626192092896 0.16666650772094727
vt 0.5390626192092896 0.7916666269302368
vt 0.5390625 0.49999988079071045
vt 0.5390626192092896 0.20833325386047363
vt 0.5390626192092896 0.833333432674408
vt 0.5390625 0.541666567325592
vt 0.5390625596046448 0.24999988079071045
vt 0.5390626788139343 0.875
vt 0.5390625596046448 0.5833332538604736
vt 0.5390625596046448 0.29166650772094727
vt 0.5390627384185791 0.9166666269302368
vt 0.5390625596046448 0.6249999403953552
vt 0.5390625596046448 0.33333325386047363
vt 0.5390625596046448 0.666666567325592
vt 0.5390625596046448 0.3749999403953552
vt 0.5390627384185791 0.08333319425582886
vt 0.5312501192092896 0.20833325386047363
vt 0.5312500596046448 0.24999988079071045
vt 0.5312501192092896 0.833333432674408
vt 0.5312501788139343 0.875
vt 0.53125 0.541666567325592
vt 0.5312500596046448 0.5833332538604736
vt 0.5312500596046448 0.29166650772094727
vt 0.5312502384185791 0.9166666269302368
vt 0.5312500596046448 0.6249999403953552
vt 0.5312500596046448 0.33333325386047363
vt 0.5312500596046448 0.666666567325592
vt 0.5312500596046448 0.37499988079071045
vt 0.5312502384185791 0.08333319425582886
vt 0.53125 0.7083333134651184
vt 0.5312500596046448 0.4166666269302368
vt 0.5312501788139343 0.12499988079071045
vt 0.5312500596046448 0.75
vt 0.53125 0.45833325386047363
vt 0.5312501192092896 0.16666650772094727
vt 0.5312501192092896 0.7916666269302368
vt 0.53125 0.49999988079071045
vt 0.5234375596046448 0.33333325386047363
vt 0.5234375596046448 0.37499988079071045
vt 0.5234377384185791 0.08333319425582886
vt 0.5234375596046448 0.666666567325592
vt 0.5234375 0.7083333134651184
vt 0.5234375596046448 0.4166666269302368
vt 0.5234376788139343 0.12499982118606567
vt 0.5234375596046448 0.75
vt 0.5234375 0.45833325386047363
vt 0.5234376192092896 0.16666650772094727
vt 0.5234376192092896 0.7916666269302368
vt 0.5234375 0.49999988079071045
vt 0.5234376192092896 0.20833325386047363
vt 0.5234376192092896 0.833333432674408
vt 0.5234375 0.541666567325592
vt 0.5234375596046448 0.24999988079071045
vt 0.5234376788139343 0.875
vt 0.5234375596046448 0.5833332538604736
vt 0.5234375596046448 0.29166650772094727
vt 0.5234377384185791 0.9166666865348816
vt 0.5234375596046448 0.6249999403953552
vt 0.5156250596046448 0.75
vt 0.5156251192092896 0.7916666269302368
vt 0.515625 0.45833325386047363
vt 0.515625 0.49999988079071045
vt 0.5156251788139343 0.16666650772094727
vt 0.5156251192092896 0.20833325386047363
vt 0.5156251192092896 0.833333432674408
vt 0.515625 0.541666567325592
vt 0.5156250596046448 0.24999988079071045
vt 0.5156251788139343 0.875
vt 0.5156250596046448 0.5833332538604736
vt 0.5156250596046448 0.29166650772094727
vt 0.5156252384185791 0.9166666865348816
vt 0.5156250596046448 0.6249999403953552
vt 0.5156250596046448 0.33333325386047363
vt 0.5156250596046448 0.666666567325592
vt 0.5156250596046448 0.37499988079071045
vt 0.5156252384185791 0.08333319425582886
vt 0.515625 0.7083333134651184
vt 0.5156250596046448 0.4166666269302368
vt 0.5156251788139343 0.12499982118606567
vt 0.5078125596046448 0.24999988079071045
vt 0.5078125596046448 0.29166650772094727
vt 0.5078126788139343 0.875
vt 0.5078127384185791 0.9166666865348816
vt 0.5078125596046448 0.5833332538604736
vt 0.5078125596046448 0.6249999403953552
vt 0.5078125596046448 0.33333325386047363
vt 0.5078125596046448 0.666666567325592
vt 0.5078125596046448 0.37499988079071045
vt 0.5078127384185791 0.08333319425582886
vt 0.5078125 0.7083333134651184
vt 0.5078125596046448 0.4166666269302368
vt 0.5078126788139343 0.12499982118606567
vt 0.5078125596046448 0.75
vt 0.5078125 0.45833325386047363
vt 0.5078126788139343 0.1666664481163025
vt 0.5078126192092896 0.7916666269302368
vt 0.5078125 0.49999988079071045
vt 0.5078126192092896 0.20833325386047363
vt 0.5078126192092896 0.833333432674408
vt 0.5078125 0.541666567325592
vt 0.5000000596046448 0.37499988079071045
vt 0.5000000596046448 0.4166666269302368
vt 0.5000002384185791 0.08333319425582886
vt 0.5000001788139343 0.12499982118606567
vt 0.5 0.7083333134651184
vt 0.5000000596046448 0.75
vt 0.5 0.45833325386047363
vt 0.5000001788139343 0.1666664481163025
vt 0.5000001192092896 0.7916666269302368
vt 0.5 0.49999988079071045
vt 0.5000001192092896 0.20833325386047363
vt 0.5000001192092896 0.833333432674408
vt 0.5 0.541666567325592
vt 0.5000000596046448 0.24999988079071045
vt 0.5000001788139343 0.875
vt 0.5000000596046448 0.5833332538604736
vt 0.5000000596046448 0.29166650772094727
vt 0.5000002384185791 0.9166666865348816
vt 0.5000000596046448 0.6249999403953552
vt 0.5000000596046448 0.33333325386047363
vt 0.5000000596046448 0.666666567325592
vt 0.49218758940696716 0.7916666269302368
vt 0.49218764901161194 0.833333432674408
vt 0.4921875298023224 0.49999988079071045
vt 0.4921875 0.541666567325592
vt 0.49218758940696716 0.20833325386047363
vt 0.4921875596046448 0.24999988079071045
vt 0.49218764901161194 0.8750001192092896
vt 0.4921875596046448 0.5833332538604736
vt 0.4921875298023224 0.29166650772094727
vt 0.4921877086162567 0.9166666865348816
vt 0.4921875298023224 0.6249999403953552
vt 0.4921875596046448 0.33333325386047363
vt 0.4921875596046448 0.666666567325592
vt 0.4921875298023224 0.37499988079071045
vt 0.4921877086162567 0.08333313465118408
vt 0.4921875298023224 0.7083333134651184
vt 0.4921875596046448 0.4166666269302368
vt 0.49218764901161194 0.12499982118606567
vt 0.4921875298023224 0.75
vt 0.4921875 0.45833325386047363
vt 0.49218764901161194 0.1666664481163025
vt 0.4843750298023224 0.29166650772094727
vt 0.4843750596046448 0.33333325386047363
vt 0.4843752086162567 0.9166666865348816
vt 0.4843750298023224 0.6249999403953552
vt 0.4843750596046448 0.666666567325592
vt 0.4843750298023224 0.37499988079071045
vt 0.4843752086162567 0.08333313465118408
vt 0.4843750298023224 0.7083333134651184
vt 0.4843750596046448 0.4166666269302368
vt 0.48437514901161194 0.1249997615814209
vt 0.4843750298023224 0.75
vt 0.484375 0.45833325386047363
vt 0.48437514901161194 0.16666638851165771
vt 0.48437508940696716 0.7916666269302368
vt 0.4843750298023224 0.49999988079071045
vt 0.48437508940696716 0.20833325386047363
vt 0.48437514901161194 0.8333335518836975
vt 0.484375 0.541666567325592
vt 0.4843750596046448 0.24999988079071045
vt 0.48437514901161194 0.8750001192092896
vt 0.4843750596046448 0.5833332538604736
vt 0.4765627086162567 0.08333313465118408
vt 0.47656264901161194 0.1249997615814209
vt 0.4765625298023224 0.7083333134651184
vt 0.4765625298023224 0.75
vt 0.4765625596046448 0.4166666269302368
vt 0.4765625 0.45833325386047363
vt 0.47656264901161194 0.16666638851165771
vt 0.47656258940696716 0.7916666269302368
vt 0.4765625298023224 0.49999988079071045
vt 0.47656258940696716 0.20833325386047363
vt 0.47656264901161194 0.8333335518836975
vt 0.4765625 0.541666567325592
vt 0.4765625596046448 0.24999988079071045
vt 0.47656264901161194 0.8750001192092896
vt 0.4765625596046448 0.5833332538604736
vt 0.4765625298023224 0.29166650772094727
vt 0.4765627086162567 0.9166666865348816
vt 0.4765625298023224 0.6249999403953552
vt 0.4765625596046448 0.33333325386047363
vt 0.4765625596046448 0.666666567325592
vt 0.4765625298023224 0.37499988079071045
vt 0.46875008940696716 0.20833325386047363
vt 0.4687500596046448 0.24999988079071045
vt 0.46875014901161194 0.8333335518836975
vt 0.46875014901161194 0.8750001192092896
vt 0.46875 0.541666567325592
vt 0.4687500596046448 0.5833332538604736
vt 0.4687500596046448 0.29166650772094727
vt 0.4687502086162567 0.9166667461395264
vt 0.4687500298023224 0.6249999403953552
vt 0.4687500596046448 0.33333325386047363
vt 0.4687500596046448 0.666666567325592
vt 0.4687500298023224 0.37499988079071045
vt 0.4687502086162567 0.08333313465118408
vt 0.4687500298023224 0.7083333134651184
vt 0.4687500596046448 0.4166666269302368
vt 0.46875014901161194 0.1249997615814209
vt 0.4687500298023224 0.75
vt 0.46875 0.45833325386047363
vt 0.46875014901161194 0.16666638851165771
vt 0.46875008940696716 0.7916666269302368
vt 0.4687500298023224 0.49999988079071045
vt 0.4609375298023224 0.6249999403953552
vt 0.4609375596046448 0.666666567325592
vt 0.4609375596046448 0.33333325386047363
vt 0.4609375298023224 0.37499988079071045
vt 0.4609377086162567 0.08333313465118408
vt 0.4609375298023224 0.7083333134651184
vt 0.4609375596046448 0.4166666269302368
vt 0.46093764901161194 0.1249997615814209
vt 0.4609375298023224 0.75
vt 0.4609375 0.45833325386047363
vt 0.46093764901161194 0.16666638851165771
vt 0.46093758940696716 0.7916666269302368
vt 0.4609375298023224 0.49999988079071045
vt 0.46093758940696716 0.20833325386047363
vt 0.46093761920928955 0.8333335518836975
vt 0.4609375 0.541666567325592
vt 0.4609375596046448 0.24999988079071045
vt 0.46093764901161194 0.8750001192092896
vt 0.4609375596046448 0.5833332538604736
vt 0.4609375298023224 0.29166650772094727
vt 0.4609377086162567 0.9166667461395264
vt 0.45312514901161194 0.1249997615814209
vt 0.45312511920928955 0.16666638851165771
vt 0.4531250596046448 0.75
vt 0.45312508940696716 0.7916666269302368
vt 0.453125 0.45833325386047363
vt 0.4531250298023224 0.49999988079071045
vt 0.45312508940696716 0.20833325386047363
vt 0.45312511920928955 0.8333335518836975
vt 0.453125 0.541666567325592
vt 0.4531250596046448 0.24999988079071045
vt 0.45312514901161194 0.8750001788139343
vt 0.4531250596046448 0.5833332538604736
vt 0.4531250596046448 0.29166650772094727
vt 0.4531252086162567 0.9166667461395264
vt 0.4531250298023224 0.6249999403953552
vt 0.4531250596046448 0.33333325386047363
vt 0.4531250596046448 0.666666567325592
vt 0.4531250298023224 0.37499988079071045
vt 0.4531252086162567 0.08333313465118408
vt 0.4531250298023224 0.7083333134651184
vt 0.4531250596046448 0.4166666269302368
vt 0.4453125596046448 0.24999988079071045
vt 0.4453125596046448 0.29166650772094727
vt 0.44531264901161194 0.8750001788139343
vt 0.4453127086162567 0.9166667461395264
vt 0.4453125596046448 0.5833332538604736
vt 0.4453125298023224 0.6249999403953552
vt 0.4453125596046448 0.33333325386047363
vt 0.4453125596046448 0.666666567325592
vt 0.4453125298023224 0.37499988079071045
vt 0.4453127086162567 0.08333313465118408
vt 0.4453125298023224 0.7083333134651184
vt 0.4453125596046448 0.4166666269302368
vt 0.44531264901161194 0.12499970197677612
vt 0.4453125298023224 0.75
vt 0.4453125 0.45833325386047363
vt 0.44531261920928955 0.16666638851165771
vt 0.44531258940696716 0.7916666269302368
vt 0.4453125298023224 0.49999988079071045
vt 0.44531258940696716 0.20833325386047363
vt 0.44531261920928955 0.8333335518836975
vt 0.4453125 0.541666567325592
vt 0.4375000596046448 0.666666567325592
vt 0.4375000298023224 0.7083333134651184
vt 0.4375000298023224 0.37499988079071045
vt 0.4375000596046448 0.4166666269302368
vt 0.4375001788139343 0.08333313465118408
vt 0.43750014901161194 0.12499970197677612
vt 0.4375000298023224 0.75
vt 0.4375 0.45833325386047363
vt 0.43750011920928955 0.16666632890701294
vt 0.43750008940696716 0.7916666269302368
vt 0.4375 0.49999988079071045
vt 0.43750008940696716 0.20833325386047363
vt 0.43750011920928955 0.8333336114883423
vt 0.4375 0.541666567325592
vt 0.4375000596046448 0.24999988079071045
vt 0.43750014901161194 0.8750001788139343
vt 0.4375000596046448 0.5833332538604736
vt 0.4375000298023224 0.29166650772094727
vt 0.4375001788139343 0.9166667461395264
vt 0.4375000298023224 0.6249999403953552
vt 0.4375000596046448 0.33333325386047363
vt 0.42968761920928955 0.16666632890701294
vt 0.42968761920928955 0.20833325386047363
vt 0.42968758940696716 0.7916666269302368
vt 0.42968761920928955 0.8333336114883423
vt 0.4296875 0.49999988079071045
vt 0.4296875 0.541666567325592
vt 0.4296875596046448 0.24999988079071045
vt 0.42968764901161194 0.8750001788139343
vt 0.4296875596046448 0.5833332538604736
vt 0.4296875298023224 0.29166650772094727
vt 0.4296876788139343 0.9166667461395264
vt 0.4296875596046448 0.6249999403953552
vt 0.4296875596046448 0.33333325386047363
vt 0.4296875596046448 0.666666567325592
vt 0.4296875298023224 0.37499988079071045
vt 0.4296876788139343 0.08333313465118408
vt 0.4296875298023224 0.7083333730697632
vt 0.4296875596046448 0.4166666269302368
vt 0.42968764901161194 0.12499970197677612
vt 0.4296875298023224 0.75
vt 0.4296875 0.45833325386047363
vt 0.4218750596046448 0.29166650772094727
vt 0.4218750596046448 0.33333325386047363
vt 0.4218751788139343 0.9166667461395264
vt 0.4218750298023224 0.6249999403953552
vt 0.4218750596046448 0.666666567325592
vt 0.4218750298023224 0.37499988079071045
vt 0.4218751788139343 0.08333313465118408
vt 0.4218750298023224 0.7083333730697632
vt 0.4218750596046448 0.4166666269302368
vt 0.42187511920928955 0.12499970197677612
vt 0.4218750298023224 0.75
vt 0.421875 0.45833325386047363
vt 0.42187511920928955 0.16666632890701294
vt 0.42187508940696716 0.7916666269302368
vt 0.421875 0.49999988079071045
vt 0.42187511920928955 0.20833325386047363
vt 0.42187511920928955 0.8333336114883423
vt 0.421875 0.541666567325592
vt 0.4218750596046448 0.24999988079071045
vt 0.42187511920928955 0.8750001788139343
vt 0.4218750596046448 0.5833332538604736
vt 0.4140625298023224 0.7083333730697632
vt 0.4140625298023224 0.75
vt 0.4140625596046448 0.4166666269302368
vt 0.4140625 0.45833325386047363
vt 0.41406261920928955 0.12499970197677612
vt 0.41406261920928955 0.16666626930236816
vt 0.41406258940696716 0.7916666269302368
vt 0.4140625298023224 0.49999988079071045
vt 0.41406261920928955 0.20833325386047363
vt 0.41406258940696716 0.8333336114883423
vt 0.4140625 0.541666567325592
vt 0.4140625596046448 0.24999988079071045
vt 0.41406261920928955 0.8750001788139343
vt 0.4140625596046448 0.5833332538604736
vt 0.4140625596046448 0.29166650772094727
vt 0.4140626788139343 0.9166667461395264
vt 0.4140625298023224 0.6249999403953552
vt 0.4140625596046448 0.33333325386047363
vt 0.4140625596046448 0.666666567325592
vt 0.4140625596046448 0.37499988079071045
vt 0.4140626788139343 0.08333313465118408
vt 0.40625011920928955 0.20833325386047363
vt 0.4062500596046448 0.24999988079071045
vt 0.40625008940696716 0.8333336114883423
vt 0.40625011920928955 0.8750001788139343
vt 0.40625 0.541666567325592
vt 0.4062500596046448 0.5833332538604736
vt 0.4062500298023224 0.29166650772094727
vt 0.4062501788139343 0.9166667461395264
vt 0.4062500298023224 0.6249999403953552
vt 0.4062500596046448 0.33333325386047363
vt 0.4062500596046448 0.666666567325592
vt 0.4062500596046448 0.37499988079071045
vt 0.4062501788139343 0.0833330750465393
vt 0.4062500298023224 0.7083333730697632
vt 0.4062500596046448 0.4166666269302368
vt 0.40625011920928955 0.12499970197677612
vt 0.4062500298023224 0.75
vt 0.40625 0.45833325386047363
vt 0.40625008940696716 0.16666626930236816
vt 0.40625011920928955 0.7916666269302368
vt 0.40625 0.49999988079071045
vt 0.3984375596046448 0.33333325386047363
vt 0.3984375596046448 0.37499988079071045
vt 0.3984376788139343 0.0833330750465393
vt 0.3984375596046448 0.666666567325592
vt 0.3984375 0.7083333730697632
vt 0.3984375596046448 0.4166666269302368
vt 0.39843761920928955 0.12499970197677612
vt 0.3984375 0.75
vt 0.3984375 0.45833325386047363
vt 0.39843758940696716 0.16666626930236816
vt 0.39843761920928955 0.7916666269302368
vt 0.3984375 0.49999988079071045
vt 0.39843761920928955 0.20833325386047363
vt 0.39843758940696716 0.8333336114883423
vt 0.3984375 0.541666567325592
vt 0.3984375596046448 0.24999988079071045
vt 0.39843761920928955 0.8750001788139343
vt 0.3984375596046448 0.5833332538604736
vt 0.3984375298023224 0.29166650772094727
vt 0.3984376788139343 0.9166667461395264
vt 0.3984375298023224 0.6249999403953552
vt 0.390625 0.75
vt 0.39062511920928955 0.7916666269302368
vt 0.390625 0.45833325386047363
vt 0.390625 0.49999988079071045
vt 0.39062508940696716 0.16666626930236816
vt 0.39062511920928955 0.20833325386047363
vt 0.3906250596046448 0.8333336114883423
vt 0.390625 0.541666567325592
vt 0.3906250596046448 0.24999988079071045
vt 0.39062511920928955 0.8750001788139343
vt 0.3906250596046448 0.5833332538604736
vt 0.3906250596046448 0.29166650772094727
vt 0.3906251788139343 0.9166667461395264
vt 0.3906250298023224 0.6249999403953552
vt 0.3906250596046448 0.33333325386047363
vt 0.3906250596046448 0.666666567325592
vt 0.3906250596046448 0.37499988079071045
vt 0.3906251788139343 0.0833330750465393
vt 0.3906250298023224 0.7083333730697632
vt 0.3906250596046448 0.4166666269302368
vt 0.39062511920928955 0.12499970197677612
vt 0.3828125596046448 0.24999988079071045
vt 0.3828125298023224 0.29166650772094727
vt 0.38281261920928955 0.8750001788139343
vt 0.3828126788139343 0.9166667461395264
vt 0.3828125596046448 0.5833332538604736
vt 0.3828125298023224 0.6249999403953552
vt 0.3828125596046448 0.33333325386047363
vt 0.3828125596046448 0.666666567325592
vt 0.3828125596046448 0.37499988079071045
vt 0.3828126788139343 0.0833330750465393
vt 0.3828125298023224 0.7083333730697632
vt 0.3828125596046448 0.4166666269302368
vt 0.38281261920928955 0.12499970197677612
vt 0.3828125298023224 0.75
vt 0.3828125 0.45833325386047363
vt 0.38281258940696716 0.16666626930236816
vt 0.38281258940696716 0.7916666269302368
vt 0.3828125 0.49999988079071045
vt 0.38281258940696716 0.20833325386047363
vt 0.3828125596046448 0.8333336114883423
vt 0.3828125 0.541666567325592
vt 0.3750000596046448 0.37499988079071045
vt 0.3750000596046448 0.4166666269302368
vt 0.3750001788139343 0.0833330750465393
vt 0.37500011920928955 0.12499970197677612
vt 0.3750000298023224 0.7083333730697632
vt 0.375 0.75
vt 0.375 0.45833325386047363
vt 0.3750000596046448 0.16666626930236816
vt 0.37500008940696716 0.7916666269302368
vt 0.375 0.49999988079071045
vt 0.37500008940696716 0.20833325386047363
vt 0.3750000596046448 0.8333336114883423
vt 0.375 0.541666567325592
vt 0.3750000596046448 0.24999988079071045
vt 0.37500011920928955 0.8750001788139343
vt 0.3750000596046448 0.5833332538604736
vt 0.3750000298023224 0.29166650772094727
vt 0.37500014901161194 0.9166667461395264
vt 0.3750000298023224 0.6249999403953552
vt 0.3750000596046448 0.33333325386047363
vt 0.3750000596046448 0.666666567325592
vt 0.36718758940696716 0.7916666269302368
vt 0.3671875596046448 0.8333336114883423
vt 0.3671875 0.49999988079071045
vt 0.3671875 0.541666567325592
vt 0.36718758940696716 0.20833325386047363
vt 0.3671875596046448 0.24999988079071045
vt 0.36718761920928955 0.8750001788139343
vt 0.3671875596046448 0.5833332538604736
vt 0.3671875596046448 0.29166650772094727
vt 0.36718761920928955 0.9166667461395264
vt 0.3671875298023224 0.6249999403953552
vt 0.3671875596046448 0.33333325386047363
vt 0.3671875596046448 0.666666567325592
vt 0.3671875596046448 0.37499988079071045
vt 0.36718764901161194 0.0833330750465393
vt 0.3671875 0.7083333730697632
vt 0.3671875596046448 0.4166666269302368
vt 0.36718758940696716 0.12499970197677612
vt 0.3671875 0.7500000596046448
vt 0.3671874701976776 0.45833325386047363
vt 0.3671875596046448 0.16666626930236816
vt 0.3593750596046448 0.2916664481163025
vt 0.3593750596046448 0.33333325386047363
vt 0.35937511920928955 0.9166667461395264
vt 0.3593750596046448 0.6249999403953552
vt 0.3593750596046448 0.666666567325592
vt 0.3593750596046448 0.37499988079071045
vt 0.35937514901161194 0.0833330750465393
vt 0.3593750298023224 0.7083333730697632
vt 0.3593750596046448 0.4166666269302368
vt 0.35937508940696716 0.12499970197677612
vt 0.359375 0.7500000596046448
vt 0.3593749701976776 0.45833325386047363
vt 0.3593750596046448 0.16666626930236816
vt 0.3593750596046448 0.7916666269302368
vt 0.359375 0.49999988079071045
vt 0.3593750596046448 0.20833325386047363
vt 0.3593750298023224 0.8333336114883423
vt 0.359375 0.541666567325592
vt 0.3593750596046448 0.24999988079071045
vt 0.35937508940696716 0.8750001788139343
vt 0.3593750596046448 0.5833332538604736
vt 0.3515625596046448 0.4166666269302368
vt 0.3515624701976776 0.45833325386047363
vt 0.3515625596046448 0.12499970197677612
vt 0.3515625596046448 0.16666626930236816
vt 0.3515625 0.7500000596046448
vt 0.3515625596046448 0.7916666269302368
vt 0.3515625 0.49999988079071045
vt 0.3515625596046448 0.20833319425582886
vt 0.3515625298023224 0.8333336114883423
vt 0.3515625 0.541666567325592
vt 0.3515625596046448 0.24999988079071045
vt 0.35156258940696716 0.8750001788139343
vt 0.3515625596046448 0.5833332538604736
vt 0.3515625596046448 0.2916664481163025
vt 0.35156261920928955 0.9166667461395264
vt 0.3515625596046448 0.6249999403953552
vt 0.3515625596046448 0.33333325386047363
vt 0.3515625596046448 0.666666567325592
vt 0.3515625596046448 0.37499988079071045
vt 0.35156261920928955 0.0833330750465393
vt 0.3515625298023224 0.7083333730697632
vt 0.3437500298023224 0.8333336114883423
vt 0.3437500596046448 0.8750001788139343
vt 0.34375 0.541666567325592
vt 0.3437500596046448 0.5833332538604736
vt 0.3437500298023224 0.24999988079071045
vt 0.3437500596046448 0.2916663885116577
vt 0.34375011920928955 0.9166667461395264
vt 0.3437500298023224 0.6249999403953552
vt 0.3437500596046448 0.33333325386047363
vt 0.3437500596046448 0.666666567325592
vt 0.3437500596046448 0.37499988079071045
vt 0.34375011920928955 0.0833330750465393
vt 0.3437500298023224 0.7083334922790527
vt 0.3437500596046448 0.4166666269302368
vt 0.3437500596046448 0.12499970197677612
vt 0.34375 0.7500000596046448
vt 0.3437499701976776 0.45833325386047363
vt 0.3437500298023224 0.16666626930236816
vt 0.3437500596046448 0.7916666269302368
vt 0.34375 0.49999988079071045
vt 0.3437500596046448 0.20833325386047363
vt 0.3359375596046448 0.33333325386047363
vt 0.3359375596046448 0.37499988079071045
vt 0.33593761920928955 0.0833330750465393
vt 0.3359375596046448 0.666666567325592
vt 0.3359375 0.7083334922790527
vt 0.3359375596046448 0.4166666269302368
vt 0.3359375596046448 0.12499970197677612
vt 0.3359374701976776 0.7500000596046448
vt 0.3359374701976776 0.45833325386047363
vt 0.3359375298023224 0.16666626930236816
vt 0.3359375298023224 0.7916666269302368
vt 0.3359375 0.49999988079071045
vt 0.3359375596046448 0.20833325386047363
vt 0.3359375298023224 0.8333336114883423
vt 0.3359375 0.541666567325592
vt 0.3359375298023224 0.24999988079071045
vt 0.3359375596046448 0.8750001788139343
vt 0.3359375596046448 0.5833332538604736
vt 0.3359375298023224 0.2916663885116577
vt 0.33593761920928955 0.9166667461395264
vt 0.3359375298023224 0.6249999403953552
vt 0.3281249701976776 0.45833325386047363
vt 0.328125 0.49999988079071045
vt 0.3281250298023224 0.16666626930236816
vt 0.3281250596046448 0.20833319425582886
vt 0.3281250298023224 0.7916666865348816
vt 0.3281250298023224 0.8333336114883423
vt 0.328125 0.541666567325592
vt 0.3281250298023224 0.24999988079071045
vt 0.3281250596046448 0.8750001788139343
vt 0.3281250596046448 0.5833332538604736
vt 0.3281250298023224 0.2916663885116577
vt 0.32812511920928955 0.9166668653488159
vt 0.328125 0.6249999403953552
vt 0.3281250596046448 0.33333325386047363
vt 0.3281250596046448 0.666666567325592
vt 0.3281250298023224 0.37499988079071045
vt 0.32812511920928955 0.0833330750465393
vt 0.328125 0.7083334922790527
vt 0.3281250596046448 0.4166666269302368
vt 0.3281250596046448 0.12499970197677612
vt 0.3281249701976776 0.7500000596046448
vt 0.3203125596046448 0.8750001788139343
vt 0.32031258940696716 0.9166668653488159
vt 0.3203125596046448 0.5833332538604736
vt 0.3203125 0.6249999403953552
vt 0.3203125298023224 0.2916663885116577
vt 0.3203125596046448 0.33333325386047363
vt 0.3203125596046448 0.666666567325592
vt 0.3203125298023224 0.37499988079071045
vt 0.32031261920928955 0.0833330750465393
vt 0.3203125 0.7083334922790527
vt 0.3203125596046448 0.4166666269302368
vt 0.3203125596046448 0.12499970197677612
vt 0.3203124701976776 0.7500000596046448
vt 0.3203124701976776 0.45833325386047363
vt 0.3203125298023224 0.16666626930236816
vt 0.3203125298023224 0.7916666865348816
vt 0.3203125 0.49999988079071045
vt 0.3203125596046448 0.20833319425582886
vt 0.3203125298023224 0.8333336114883423
vt 0.3203124701976776 0.541666567325592
vt 0.3203125298023224 0.24999988079071045
vt 0.3125000298023224 0.37499988079071045
vt 0.3125000596046448 0.4166666269302368
vt 0.3125000596046448 0.0833330750465393
vt 0.3125000596046448 0.12499970197677612
vt 0.3125 0.7083334922790527
vt 0.3124999701976776 0.7500000596046448
vt 0.3124999701976776 0.45833325386047363
vt 0.3125000298023224 0.16666626930236816
vt 0.3125 0.7916666865348816
vt 0.3125 0.49999988079071045
vt 0.3125000596046448 0.20833319425582886
vt 0.3125 0.8333336114883423
vt 0.3124999701976776 0.541666567325592
vt 0.3125000298023224 0.24999988079071045
vt 0.3125000596046448 0.8750001788139343
vt 0.3125000298023224 0.5833332538604736
vt 0.3125000298023224 0.2916663885116577
vt 0.3125000596046448 0.9166668653488159
vt 0.3125 0.6249999403953552
vt 0.3125000596046448 0.33333325386047363
vt 0.3125000596046448 0.666666567325592
vt 0.3046875 0.49999988079071045
vt 0.3046874701976776 0.541666567325592
vt 0.3046875596046448 0.20833319425582886
vt 0.3046875 0.24999982118606567
vt 0.3046875 0.8333336710929871
vt 0.3046875596046448 0.8750001788139343
vt 0.3046875 0.5833332538604736
vt 0.3046875 0.2916663885116577
vt 0.3046875596046448 0.9166668653488159
vt 0.3046875 0.6249999403953552
vt 0.3046875 0.33333325386047363
vt 0.3046875596046448 0.666666567325592
vt 0.3046875 0.37499988079071045
vt 0.3046875596046448 0.0833330750465393
vt 0.3046875 0.7083334922790527
vt 0.3046875596046448 0.4166666269302368
vt 0.3046875596046448 0.12499970197677612
vt 0.3046874701976776 0.7500000596046448
vt 0.3046874403953552 0.45833325386047363
vt 0.3046875 0.16666626930236816
vt 0.3046875 0.7916666865348816
vt 0.2968750298023224 0.9166668653488159
vt 0.296875 0.6249999403953552
vt 0.2968750298023224 0.666666567325592
vt 0.296875 0.33333325386047363
vt 0.296875 0.37499988079071045
vt 0.2968750596046448 0.0833330750465393
vt 0.296875 0.7083334922790527
vt 0.2968750298023224 0.4166666269302368
vt 0.2968750298023224 0.12499970197677612
vt 0.2968749403953552 0.7500000596046448
vt 0.2968749403953552 0.45833325386047363
vt 0.296875 0.16666626930236816
vt 0.296875 0.7916666865348816
vt 0.296875 0.49999988079071045
vt 0.2968750298023224 0.20833319425582886
vt 0.296875 0.8333336710929871
vt 0.2968749403953552 0.541666567325592
vt 0.296875 0.24999982118606567
vt 0.2968750298023224 0.8750001788139343
vt 0.296875 0.5833332538604736
vt 0.296875 0.2916663885116577
vt 0.2890625298023224 0.4166666269302368
vt 0.2890624403953552 0.45833325386047363
vt 0.2890625 0.12499970197677612
vt 0.2890625 0.16666626930236816
vt 0.2890624403953552 0.7500000596046448
vt 0.2890625 0.7916666865348816
vt 0.2890625 0.49999988079071045
vt 0.2890625298023224 0.20833319425582886
vt 0.2890625 0.8333336710929871
vt 0.2890624403953552 0.541666567325592
vt 0.2890625 0.24999982118606567
vt 0.2890625 0.8750001788139343
vt 0.2890625 0.5833332538604736
vt 0.2890625 0.2916663885116577
vt 0.2890625298023224 0.9166668653488159
vt 0.2890625 0.6249999403953552
vt 0.2890625 0.33333325386047363
vt 0.2890625298023224 0.666666567325592
vt 0.2890625 0.37499988079071045
vt 0.2890625298023224 0.0833330750465393
vt 0.2890624701976776 0.7083334922790527
vt 0.2812499403953552 0.541666567325592
vt 0.2812500298023224 0.5833332538604736
vt 0.28125 0.24999982118606567
vt 0.28125 0.2916663885116577
vt 0.28125 0.8750001788139343
vt 0.28125 0.9166668653488159
vt 0.28125 0.6249999403953552
vt 0.28125 0.33333325386047363
vt 0.2812500298023224 0.666666567325592
vt 0.28125 0.37499988079071045
vt 0.2812500298023224 0.0833330750465393
vt 0.2812499701976776 0.7083334922790527
vt 0.2812500298023224 0.4166666269302368
vt 0.28125 0.12499970197677612
vt 0.2812499403953552 0.7500000596046448
vt 0.2812499403953552 0.45833325386047363
vt 0.28125 0.16666626930236816
vt 0.28125 0.7916666865348816
vt 0.2812499701976776 0.49999988079071045
vt 0.2812500298023224 0.20833319425582886
vt 0.28125 0.8333336710929871
vt 0.2734375 0.0833330750465393
vt 0.2734375298023224 0.666666567325592
vt 0.2734374701976776 0.7083334922790527
vt 0.2734375 0.37499988079071045
vt 0.2734375298023224 0.4166666269302368
vt 0.2734375 0.12499970197677612
vt 0.2734374403953552 0.7500000596046448
vt 0.2734374403953552 0.45833325386047363
vt 0.2734375 0.16666626930236816
vt 0.2734375 0.7916666865348816
vt 0.2734375 0.49999988079071045
vt 0.2734375298023224 0.20833319425582886
vt 0.2734375 0.8333336710929871
vt 0.2734374403953552 0.541666567325592
vt 0.2734375 0.24999982118606567
vt 0.2734375 0.8750001788139343
vt 0.2734375298023224 0.5833332538604736
vt 0.2734375 0.2916663885116577
vt 0.2734375 0.9166668653488159
vt 0.2734375 0.6249999403953552
vt 0.2734375 0.33333325386047363
vt 0.2656249403953552 0.45833325386047363
vt 0.2656249701976776 0.49999988079071045
vt 0.265625 0.16666626930236816
vt 0.2656250298023224 0.20833319425582886
vt 0.265625 0.7916666865348816
vt 0.265625 0.8333336710929871
vt 0.2656249403953552 0.541666567325592
vt 0.265625 0.24999982118606567
vt 0.265625 0.8750001788139343
vt 0.2656250298023224 0.5833332538604736
vt 0.265625 0.2916663885116577
vt 0.265625 0.9166668653488159
vt 0.265625 0.6249999403953552
vt 0.265625 0.33333325386047363
vt 0.2656250298023224 0.666666567325592
vt 0.265625 0.37499988079071045
vt 0.265625 0.0833330750465393
vt 0.2656249701976776 0.7083334922790527
vt 0.2656250298023224 0.4166666269302368
vt 0.265625 0.12499970197677612
vt 0.2656249403953552 0.7500000596046448
vt 0.2578125 0.5833332538604736
vt 0.2578125 0.6249999403953552
vt 0.2578125 0.2916663885116577
vt 0.2578125 0.33333325386047363
vt 0.2578125 0.9166668653488159
vt 0.2578125 0.666666567325592
vt 0.2578125 0.37499988079071045
vt 0.2578125 0.0833330750465393
vt 0.2578124701976776 0.7083334922790527
vt 0.2578125 0.4166666269302368
vt 0.2578125 0.12499970197677612
vt 0.2578124403953552 0.7500000596046448
vt 0.2578124403953552 0.45833325386047363
vt 0.2578125 0.1666662096977234
vt 0.2578125 0.7916666865348816
vt 0.2578124701976776 0.49999988079071045
vt 0.2578125 0.20833319425582886
vt 0.2578125 0.8333336710929871
vt 0.2578124403953552 0.541666567325592
vt 0.2578125 0.24999982118606567
vt 0.2578125 0.8750001788139343
vt 0.2499999701976776 0.0833330750465393
vt 0.2499999701976776 0.12499970197677612
vt 0.2499999701976776 0.7083334922790527
vt 0.24999994039535522 0.7500000596046448
vt 0.25 0.4166666269302368
vt 0.24999991059303284 0.45833325386047363
vt 0.2499999701976776 0.1666662096977234
vt 0.2499999701976776 0.7916666865348816
vt 0.2499999701976776 0.49999988079071045
vt 0.25 0.20833319425582886
vt 0.2499999701976776 0.8333336710929871
vt 0.24999994039535522 0.541666567325592
vt 0.25 0.24999982118606567
vt 0.2499999701976776 0.8750001788139343
vt 0.25 0.5833332538604736
vt 0.2499999701976776 0.2916663885116577
vt 0.2499999701976776 0.9166668653488159
vt 0.2499999701976776 0.6249999403953552
vt 0.25 0.33333325386047363
vt 0.25 0.666666567325592
vt 0.25 0.37499988079071045
vt 0.2421874701976776 0.49999988079071045
vt 0.24218744039535522 0.541666567325592
vt 0.2421875298023224 0.20833319425582886
vt 0.2421874701976776 0.24999982118606567
vt 0.2421874701976776 0.8333336710929871
vt 0.2421874701976776 0.8750001788139343
vt 0.2421875 0.5833332538604736
vt 0.2421874701976776 0.2916663885116577
vt 0.2421874701976776 0.9166668653488159
vt 0.2421874701976776 0.6249999403953552
vt 0.2421875 0.33333325386047363
vt 0.2421875298023224 0.666666567325592
vt 0.2421875 0.37499988079071045
vt 0.2421874701976776 0.0833330750465393
vt 0.2421874701976776 0.7083334922790527
vt 0.2421875298023224 0.4166666269302368
vt 0.2421874701976776 0.12499970197677612
vt 0.24218741059303284 0.7500000596046448
vt 0.24218741059303284 0.45833325386047363
vt 0.2421874701976776 0.1666662096977234
vt 0.2421874701976776 0.7916666865348816
vt 0.2343749701976776 0.6249999403953552
vt 0.234375 0.666666567325592
vt 0.234375 0.33333325386047363
vt 0.234375 0.37499988079071045
vt 0.2343749701976776 0.0833330750465393
vt 0.2343749701976776 0.7083334922790527
vt 0.234375 0.4166666269302368
vt 0.2343749701976776 0.12499970197677612
vt 0.23437491059303284 0.7500000596046448
vt 0.23437491059303284 0.45833325386047363
vt 0.2343749701976776 0.1666662096977234
vt 0.2343749701976776 0.7916666865348816
vt 0.2343749701976776 0.49999988079071045
vt 0.234375 0.20833319425582886
vt 0.2343749701976776 0.8333336710929871
vt 0.23437494039535522 0.541666567325592
vt 0.2343749701976776 0.24999982118606567
vt 0.2343749701976776 0.8750001788139343
vt 0.234375 0.5833332538604736
vt 0.2343749701976776 0.2916663885116577
vt 0.23437494039535522 0.9166668653488159
vt 0.22656244039535522 0.12499970197677612
vt 0.2265624701976776 0.1666662096977234
vt 0.22656241059303284 0.7500000596046448
vt 0.22656244039535522 0.7916666865348816
vt 0.22656241059303284 0.45833325386047363
vt 0.22656244039535522 0.49999988079071045
vt 0.2265625 0.20833319425582886
vt 0.22656244039535522 0.8333336710929871
vt 0.22656244039535522 0.541666567325592
vt 0.2265624701976776 0.24999982118606567
vt 0.22656244039535522 0.8750001788139343
vt 0.2265625 0.5833332538604736
vt 0.2265624701976776 0.2916663885116577
vt 0.22656244039535522 0.9166668653488159
vt 0.2265624701976776 0.6249999403953552
vt 0.2265625 0.33333325386047363
vt 0.2265625 0.666666567325592
vt 0.2265625 0.37499988079071045
vt 0.22656244039535522 0.0833330750465393
vt 0.22656244039535522 0.7083334922790527
vt 0.2265625 0.4166666269302368
vt 0.21874994039535522 0.541666567325592
vt 0.21875 0.5833332538604736
vt 0.2187499701976776 0.24999982118606567
vt 0.2187499701976776 0.2916663885116577
vt 0.21874991059303284 0.7500000596046448
vt 0.21874994039535522 0.7916666865348816
vt 0.2187499701976776 0.6249999403953552
vt 0.21875 0.33333325386047363
vt 0.21874994039535522 0.8333336710929871
vt 0.21875 0.666666567325592
vt 0.21875 0.37499988079071045
vt 0.21874994039535522 0.0833330750465393
vt 0.21874994039535522 0.8750001788139343
vt 0.21874994039535522 0.7083334922790527
vt 0.21875 0.4166666269302368
vt 0.21874994039535522 0.12499970197677612
vt 0.21874994039535522 0.9166668653488159
vt 0.21874991059303284 0.45833325386047363
vt 0.2187499701976776 0.1666662096977234
vt 0.21874994039535522 0.49999988079071045
vt 0.21875 0.20833319425582886
vt 0.2109375 0.20833319425582886
vt 0.2109374701976776 0.24999982118606567
vt 0.21093744039535522 0.8333336710929871
vt 0.21093744039535522 0.8750001788139343
vt 0.21093744039535522 0.541666567325592
vt 0.2109375 0.5833332538604736
vt 0.2109374701976776 0.2916663885116577
vt 0.21093741059303284 0.9166668653488159
vt 0.2109374701976776 0.6249999403953552
vt 0.2109375 0.33333325386047363
vt 0.2109375 0.666666567325592
vt 0.2109375 0.37499988079071045
vt 0.21093744039535522 0.0833330750465393
vt 0.21093744039535522 0.7083334922790527
vt 0.2109375 0.4166666269302368
vt 0.21093744039535522 0.12499970197677612
vt 0.21093741059303284 0.7500000596046448
vt 0.21093744039535522 0.45833325386047363
vt 0.21093744039535522 0.1666662096977234
vt 0.21093744039535522 0.7916666865348816
vt 0.21093744039535522 0.49999988079071045
vt 0.2031249701976776 0.33333325386047363
vt 0.2031249701976776 0.37499988079071045
vt 0.20312491059303284 0.0833330750465393
vt 0.203125 0.666666567325592
vt 0.20312494039535522 0.7083334922790527
vt 0.203125 0.4166666269302368
vt 0.20312491059303284 0.12499970197677612
vt 0.20312491059303284 0.7500000596046448
vt 0.20312491059303284 0.45833325386047363
vt 0.20312494039535522 0.1666662096977234
vt 0.20312494039535522 0.7916666865348816
vt 0.20312494039535522 0.49999988079071045
vt 0.2031249701976776 0.20833319425582886
vt 0.20312491059303284 0.8333336710929871
vt 0.20312491059303284 0.541666567325592
vt 0.2031249701976776 0.24999982118606567
vt 0.20312491059303284 0.8750001788139343
vt 0.2031249701976776 0.5833332538604736
vt 0.2031249701976776 0.2916663885116577
vt 0.20312491059303284 0.9166668653488159
vt 0.2031249701976776 0.6249999403953552
vt 0.19531241059303284 0.7500000596046448
vt 0.19531244039535522 0.7916666865348816
vt 0.19531241059303284 0.45833325386047363
vt 0.19531244039535522 0.49999988079071045
vt 0.19531244039535522 0.1666662096977234
vt 0.1953124701976776 0.20833319425582886
vt 0.19531241059303284 0.8333336710929871
vt 0.19531241059303284 0.541666567325592
vt 0.1953124701976776 0.24999982118606567
vt 0.19531241059303284 0.8750001788139343
vt 0.1953124701976776 0.5833332538604736
vt 0.1953124701976776 0.2916663885116577
vt 0.19531238079071045 0.9166668653488159
vt 0.1953124701976776 0.6249999403953552
vt 0.1953124701976776 0.33333325386047363
vt 0.1953125 0.666666567325592
vt 0.1953124701976776 0.37499988079071045
vt 0.19531241059303284 0.0833330750465393
vt 0.19531244039535522 0.7083334922790527
vt 0.1953125 0.4166666269302368
vt 0.19531241059303284 0.12499970197677612
vt 0.1874999701976776 0.24999982118606567
vt 0.18749994039535522 0.2916663885116577
vt 0.18749991059303284 0.8750001788139343
vt 0.18749988079071045 0.9166668653488159
vt 0.1874999701976776 0.5833331942558289
vt 0.1874999701976776 0.6249999403953552
vt 0.1874999701976776 0.33333325386047363
vt 0.1875 0.666666567325592
vt 0.1874999701976776 0.37499988079071045
vt 0.18749988079071045 0.0833330750465393
vt 0.18749991059303284 0.7083334922790527
vt 0.1875 0.4166666269302368
vt 0.18749991059303284 0.12499970197677612
vt 0.18749991059303284 0.7500000596046448
vt 0.18749991059303284 0.45833325386047363
vt 0.18749994039535522 0.1666662096977234
vt 0.18749994039535522 0.7916666865348816
vt 0.18749994039535522 0.49999988079071045
vt 0.1874999701976776 0.20833319425582886
vt 0.18749991059303284 0.8333336710929871
vt 0.18749991059303284 0.541666567325592
vt 0.1796874701976776 0.37499988079071045
vt 0.1796874701976776 0.4166666269302368
vt 0.17968735098838806 0.0833330750465393
vt 0.17968741059303284 0.12499970197677612
vt 0.17968744039535522 0.7083334922790527
vt 0.17968741059303284 0.7500000596046448
vt 0.17968741059303284 0.45833325386047363
vt 0.17968744039535522 0.1666662096977234
vt 0.17968744039535522 0.7916666865348816
vt 0.17968744039535522 0.49999988079071045
vt 0.1796874701976776 0.20833319425582886
vt 0.17968741059303284 0.8333336710929871
vt 0.17968744039535522 0.541666567325592
vt 0.17968744039535522 0.24999982118606567
vt 0.17968741059303284 0.8750001788139343
vt 0.1796874701976776 0.5833331942558289
vt 0.17968744039535522 0.2916663885116577
vt 0.17968735098838806 0.9166668653488159
vt 0.17968744039535522 0.6249999403953552
vt 0.1796874701976776 0.33333325386047363
vt 0.1796874701976776 0.666666567325592
vt 0.17187491059303284 0.7916666865348816
vt 0.17187491059303284 0.8333336710929871
vt 0.17187494039535522 0.49999988079071045
vt 0.17187491059303284 0.541666567325592
vt 0.17187494039535522 0.20833319425582886
vt 0.17187494039535522 0.24999982118606567
vt 0.17187491059303284 0.8750001788139343
vt 0.171875 0.5833331942558289
vt 0.17187494039535522 0.2916663885116577
vt 0.17187485098838806 0.9166668653488159
vt 0.17187494039535522 0.6249999403953552
vt 0.171875 0.33333325386047363
vt 0.171875 0.666666567325592
vt 0.17187494039535522 0.37499988079071045
vt 0.17187488079071045 0.0833330750465393
vt 0.17187491059303284 0.7083334922790527
vt 0.171875 0.4166666269302368
vt 0.17187491059303284 0.12499970197677612
vt 0.17187488079071045 0.7500000596046448
vt 0.17187491059303284 0.45833325386047363
vt 0.17187491059303284 0.1666662096977234
vt 0.16406244039535522 0.2916663885116577
vt 0.1640624701976776 0.33333325386047363
vt 0.16406235098838806 0.9166667461395264
vt 0.16406244039535522 0.6249999403953552
vt 0.1640624701976776 0.666666567325592
vt 0.1640624701976776 0.37499988079071045
vt 0.16406235098838806 0.0833330750465393
vt 0.16406238079071045 0.7083334922790527
vt 0.1640624701976776 0.4166666269302368
vt 0.16406238079071045 0.12499970197677612
vt 0.16406235098838806 0.7500000596046448
vt 0.16406238079071045 0.45833325386047363
vt 0.16406244039535522 0.1666662096977234
vt 0.16406244039535522 0.7916666865348816
vt 0.16406244039535522 0.49999988079071045
vt 0.1640624701976776 0.20833319425582886
vt 0.16406238079071045 0.8333336710929871
vt 0.16406244039535522 0.541666567325592
vt 0.16406244039535522 0.24999982118606567
vt 0.16406238079071045 0.8750001788139343
vt 0.1640624701976776 0.5833331942558289
vt 0.1562499701976776 0.4166666269302368
vt 0.15624991059303284 0.45833325386047363
vt 0.15624991059303284 0.12499970197677612
vt 0.15624991059303284 0.1666662096977234
vt 0.15624988079071045 0.7500000596046448
vt 0.15624991059303284 0.7916666865348816
vt 0.15624994039535522 0.49999988079071045
vt 0.15624994039535522 0.20833319425582886
vt 0.15624988079071045 0.8333336710929871
vt 0.15624991059303284 0.541666567325592
vt 0.15624991059303284 0.24999982118606567
vt 0.15624991059303284 0.8750001788139343
vt 0.1562499701976776 0.5833331942558289
vt 0.15624991059303284 0.2916663885116577
vt 0.15624982118606567 0.9166667461395264
vt 0.15624994039535522 0.6249999403953552
vt 0.15624994039535522 0.33333325386047363
vt 0.1562499701976776 0.666666567325592
vt 0.15624994039535522 0.37499988079071045
vt 0.15624982118606567 0.0833330750465393
vt 0.15624991059303284 0.7083334922790527
vt 0.14843738079071045 0.8333336710929871
vt 0.14843738079071045 0.8750001788139343
vt 0.14843741059303284 0.541666567325592
vt 0.1484374701976776 0.5833331942558289
vt 0.14843741059303284 0.24999982118606567
vt 0.14843741059303284 0.2916663885116577
vt 0.14843735098838806 0.9166667461395264
vt 0.1484374701976776 0.6249999403953552
vt 0.1484374701976776 0.33333325386047363
vt 0.1484374701976776 0.666666567325592
vt 0.1484374701976776 0.37499988079071045
vt 0.14843735098838806 0.0833330750465393
vt 0.14843738079071045 0.7083334922790527
vt 0.1484375 0.4166666269302368
vt 0.14843738079071045 0.12499970197677612
vt 0.14843735098838806 0.7500000596046448
vt 0.14843738079071045 0.45833325386047363
vt 0.14843738079071045 0.1666662096977234
vt 0.14843741059303284 0.7916666865348816
vt 0.14843741059303284 0.49999988079071045
vt 0.1484374701976776 0.20833319425582886
vt 0.1406249701976776 0.33333325386047363
vt 0.1406249701976776 0.37499988079071045
vt 0.14062482118606567 0.0833330750465393
vt 0.1406249701976776 0.666666567325592
vt 0.14062491059303284 0.7083334922790527
vt 0.1406249701976776 0.4166666269302368
vt 0.14062491059303284 0.12499970197677612
vt 0.14062482118606567 0.7500000596046448
vt 0.14062491059303284 0.45833325386047363
vt 0.14062485098838806 0.1666662096977234
vt 0.14062491059303284 0.7916666865348816
vt 0.14062491059303284 0.49999988079071045
vt 0.14062494039535522 0.20833319425582886
vt 0.14062485098838806 0.8333336710929871
vt 0.14062494039535522 0.541666567325592
vt 0.14062491059303284 0.24999982118606567
vt 0.14062485098838806 0.8750001788139343
vt 0.1406249701976776 0.5833331942558289
vt 0.14062491059303284 0.2916663885116577
vt 0.14062482118606567 0.9166667461395264
vt 0.14062494039535522 0.6249999403953552
vt 0.13281241059303284 0.45833325386047363
vt 0.13281241059303284 0.49999988079071045
vt 0.13281238079071045 0.16666626930236816
vt 0.1328124701976776 0.20833319425582886
vt 0.13281238079071045 0.7916666865348816
vt 0.13281235098838806 0.8333336710929871
vt 0.13281241059303284 0.541666567325592
vt 0.13281241059303284 0.24999982118606567
vt 0.13281238079071045 0.8750001788139343
vt 0.1328124701976776 0.5833331942558289
vt 0.13281241059303284 0.2916663885116577
vt 0.1328122913837433 0.9166667461395264
vt 0.1328124701976776 0.6249999403953552
vt 0.1328124701976776 0.33333325386047363
vt 0.1328125 0.666666567325592
vt 0.1328124701976776 0.37499988079071045
vt 0.13281235098838806 0.0833330750465393
vt 0.13281238079071045 0.7083334922790527
vt 0.1328125 0.4166666269302368
vt 0.13281238079071045 0.12499970197677612
vt 0.13281235098838806 0.7500000596046448
vt 0.12499985098838806 0.8750001788139343
vt 0.12499982118606567 0.9166667461395264
vt 0.12499997019767761 0.5833331942558289
vt 0.12499994039535522 0.6249999403953552
vt 0.12499988079071045 0.2916663885116577
vt 0.12499997019767761 0.33333325386047363
vt 0.12499997019767761 0.666666567325592
vt 0.12499997019767761 0.37499988079071045
vt 0.12499982118606567 0.0833330750465393
vt 0.12499988079071045 0.7083334922790527
vt 0.12499997019767761 0.4166666269302368
vt 0.12499988079071045 0.12499970197677612
vt 0.12499985098838806 0.7500000596046448
vt 0.12499988079071045 0.45833325386047363
vt 0.12499985098838806 0.16666626930236816
vt 0.12499988079071045 0.7916666865348816
vt 0.12499994039535522 0.49999988079071045
vt 0.12499994039535522 0.20833325386047363
vt 0.12499985098838806 0.8333336710929871
vt 0.12499994039535522 0.541666567325592
vt 0.12499988079071045 0.24999982118606567
vt 0.11718744039535522 0.37499988079071045
vt 0.1171875 0.4166666269302368
vt 0.11718729138374329 0.0833330750465393
vt 0.11718738079071045 0.12499970197677612
vt 0.11718738079071045 0.7083334922790527
vt 0.11718732118606567 0.7500000596046448
vt 0.11718741059303284 0.45833325386047363
vt 0.11718738079071045 0.16666626930236816
vt 0.11718738079071045 0.7916666269302368
vt 0.11718741059303284 0.49999988079071045
vt 0.11718741059303284 0.20833325386047363
vt 0.11718732118606567 0.8333336710929871
vt 0.11718741059303284 0.5416666269302368
vt 0.11718741059303284 0.24999982118606567
vt 0.11718738079071045 0.8750001788139343
vt 0.1171875 0.5833332538604736
vt 0.11718741059303284 0.2916663885116577
vt 0.11718729138374329 0.9166667461395264
vt 0.11718744039535522 0.6249999403953552
vt 0.11718744039535522 0.33333325386047363
vt 0.1171875 0.666666567325592
vt 0.10937494039535522 0.49999988079071045
vt 0.10937494039535522 0.5416666269302368
vt 0.10937494039535522 0.20833325386047363
vt 0.10937488079071045 0.24999982118606567
vt 0.10937485098838806 0.8333336710929871
vt 0.10937485098838806 0.8750001788139343
vt 0.10937497019767761 0.5833331942558289
vt 0.10937488079071045 0.2916663885116577
vt 0.10937482118606567 0.9166667461395264
vt 0.10937497019767761 0.6249999403953552
vt 0.10937497019767761 0.33333325386047363
vt 0.109375 0.666666567325592
vt 0.10937497019767761 0.37499988079071045
vt 0.10937482118606567 0.0833330750465393
vt 0.10937488079071045 0.7083334922790527
vt 0.109375 0.4166666269302368
vt 0.10937485098838806 0.12499970197677612
vt 0.10937485098838806 0.7500000596046448
vt 0.10937488079071045 0.45833325386047363
vt 0.10937485098838806 0.16666626930236816
vt 0.10937485098838806 0.7916666269302368
vt 0.10156229138374329 0.9166667461395264
vt 0.10156244039535522 0.6249999403953552
vt 0.10156247019767761 0.666666567325592
vt 0.10156247019767761 0.33333325386047363
vt 0.10156247019767761 0.37499988079071045
vt 0.10156229138374329 0.0833330750465393
vt 0.10156241059303284 0.7083334922790527
vt 0.10156247019767761 0.4166666269302368
vt 0.10156238079071045 0.12499970197677612
vt 0.10156232118606567 0.7500000596046448
vt 0.10156241059303284 0.45833325386047363
vt 0.10156238079071045 0.16666626930236816
vt 0.10156238079071045 0.7916666269302368
vt 0.10156241059303284 0.49999988079071045
vt 0.10156241059303284 0.20833325386047363
vt 0.10156232118606567 0.8333336710929871
vt 0.10156241059303284 0.5416666269302368
vt 0.10156241059303284 0.24999982118606567
vt 0.10156232118606567 0.8750001788139343
vt 0.10156247019767761 0.5833331942558289
vt 0.10156241059303284 0.2916663885116577
vt 0.09375 0.4166666269302368
vt 0.09374991059303284 0.45833325386047363
vt 0.09374985098838806 0.12499970197677612
vt 0.09374985098838806 0.16666626930236816
vt 0.09374985098838806 0.7500000596046448
vt 0.09374988079071045 0.7916666269302368
vt 0.09374991059303284 0.49999988079071045
vt 0.09374991059303284 0.20833325386047363
vt 0.09374985098838806 0.8333336710929871
vt 0.09374991059303284 0.5416666269302368
vt 0.09374988079071045 0.24999982118606567
vt 0.09374985098838806 0.8750001788139343
vt 0.09374997019767761 0.5833331942558289
vt 0.09374991059303284 0.2916663885116577
vt 0.09374982118606567 0.9166667461395264
vt 0.09374997019767761 0.6249999403953552
vt 0.09374997019767761 0.33333325386047363
vt 0.09375 0.666666567325592
vt 0.09374997019767761 0.37499988079071045
vt 0.09374982118606567 0.0833330750465393
vt 0.09374988079071045 0.7083334922790527
vt 0.08593744039535522 0.541666567325592
vt 0.08593747019767761 0.5833331942558289
vt 0.08593741059303284 0.24999982118606567
vt 0.08593741059303284 0.2916663885116577
vt 0.08593732118606567 0.8750001788139343
vt 0.08593729138374329 0.9166667461395264
vt 0.08593744039535522 0.6249999403953552
vt 0.08593747019767761 0.33333325386047363
vt 0.08593747019767761 0.666666567325592
vt 0.08593744039535522 0.37499988079071045
vt 0.08593729138374329 0.0833330750465393
vt 0.08593741059303284 0.7083334922790527
vt 0.08593747019767761 0.4166666269302368
vt 0.08593732118606567 0.12499970197677612
vt 0.08593732118606567 0.7500000596046448
vt 0.08593741059303284 0.45833325386047363
vt 0.08593735098838806 0.16666626930236816
vt 0.08593735098838806 0.7916666269302368
vt 0.08593744039535522 0.49999988079071045
vt 0.08593741059303284 0.20833325386047363
vt 0.08593732118606567 0.8333336114883423
vt 0.07812479138374329 0.0833330750465393
vt 0.078125 0.666666567325592
vt 0.07812488079071045 0.7083334922790527
vt 0.07812494039535522 0.37499988079071045
vt 0.078125 0.4166666269302368
vt 0.07812485098838806 0.12499970197677612
vt 0.07812485098838806 0.7500000596046448
vt 0.07812491059303284 0.45833325386047363
vt 0.07812485098838806 0.16666626930236816
vt 0.07812488079071045 0.7916666269302368
vt 0.07812491059303284 0.49999988079071045
vt 0.07812491059303284 0.20833325386047363
vt 0.07812485098838806 0.8333336114883423
vt 0.07812491059303284 0.5416666269302368
vt 0.07812491059303284 0.24999982118606567
vt 0.07812479138374329 0.8750001788139343
vt 0.07812494039535522 0.5833331942558289
vt 0.07812491059303284 0.2916663885116577
vt 0.07812479138374329 0.9166667461395264
vt 0.07812494039535522 0.6249999403953552
vt 0.07812494039535522 0.33333325386047363
vt 0.07031238079071045 0.45833325386047363
vt 0.07031244039535522 0.49999988079071045
vt 0.07031235098838806 0.16666626930236816
vt 0.07031244039535522 0.20833325386047363
vt 0.07031235098838806 0.7916666269302368
vt 0.07031232118606567 0.8333336114883423
vt 0.07031244039535522 0.5416666269302368
vt 0.07031238079071045 0.24999982118606567
vt 0.07031232118606567 0.8750001788139343
vt 0.07031247019767761 0.5833331942558289
vt 0.07031244039535522 0.2916663885116577
vt 0.07031229138374329 0.9166667461395264
vt 0.07031247019767761 0.6249999403953552
vt 0.07031247019767761 0.33333325386047363
vt 0.07031247019767761 0.666666567325592
vt 0.07031247019767761 0.37499988079071045
vt 0.07031229138374329 0.0833330750465393
vt 0.07031238079071045 0.7083334922790527
vt 0.07031247019767761 0.4166666269302368
vt 0.07031232118606567 0.12499970197677612
vt 0.07031235098838806 0.7500000596046448
vt 0.062499940395355225 0.5833332538604736
vt 0.062499940395355225 0.6249999403953552
vt 0.06249991059303284 0.2916663885116577
vt 0.062499940395355225 0.33333325386047363
vt 0.062499791383743286 0.9166667461395264
vt 0.0625 0.666666567325592
vt 0.062499940395355225 0.37499988079071045
vt 0.0624997615814209 0.0833330750465393
vt 0.06249988079071045 0.7083334922790527
vt 0.0625 0.4166666269302368
vt 0.062499821186065674 0.12499970197677612
vt 0.062499821186065674 0.7500000596046448
vt 0.06249991059303284 0.45833325386047363
vt 0.062499821186065674 0.16666626930236816
vt 0.06249988079071045 0.7916666269302368
vt 0.062499940395355225 0.49999988079071045
vt 0.06249991059303284 0.20833325386047363
vt 0.062499821186065674 0.8333336114883423
vt 0.06249991059303284 0.541666567325592
vt 0.06249991059303284 0.24999982118606567
vt 0.062499791383743286 0.8750001788139343
vt 0.0546872615814209 0.08333313465118408
vt 0.054687321186065674 0.12499970197677612
vt 0.05468738079071045 0.7083334922790527
vt 0.05468735098838806 0.7500000596046448
vt 0.05468747019767761 0.4166666269302368
vt 0.05468738079071045 0.45833325386047363
vt 0.05468735098838806 0.16666626930236816
vt 0.05468735098838806 0.7916666269302368
vt 0.054687440395355225 0.49999988079071045
vt 0.054687440395355225 0.20833325386047363
vt 0.054687321186065674 0.8333336114883423
vt 0.054687440395355225 0.541666567325592
vt 0.05468738079071045 0.24999982118606567
vt 0.054687321186065674 0.8750001788139343
vt 0.05468747019767761 0.5833331942558289
vt 0.054687440395355225 0.2916663885116577
vt 0.0546872615814209 0.9166667461395264
vt 0.05468747019767761 0.6249999403953552
vt 0.05468747019767761 0.33333325386047363
vt 0.05468747019767761 0.666666567325592
vt 0.05468747019767761 0.37499988079071045
vt 0.046874940395355225 0.49999988079071045
vt 0.04687491059303284 0.541666567325592
vt 0.04687491059303284 0.20833325386047363
vt 0.04687491059303284 0.2499997615814209
vt 0.046874821186065674 0.8333336114883423
vt 0.046874791383743286 0.8750001788139343
vt 0.04687497019767761 0.5833331942558289
vt 0.04687491059303284 0.2916663885116577
vt 0.0468747615814209 0.9166667461395264
vt 0.046874940395355225 0.6249999403953552
vt 0.04687497019767761 0.33333325386047363
vt 0.04687497019767761 0.666666567325592
vt 0.046874940395355225 0.37499988079071045
vt 0.0468747615814209 0.08333313465118408
vt 0.04687488079071045 0.7083334922790527
vt 0.04687497019767761 0.4166666269302368
vt 0.046874821186065674 0.12499970197677612
vt 0.046874821186065674 0.7500000596046448
vt 0.04687491059303284 0.45833325386047363
vt 0.046874821186065674 0.16666626930236816
vt 0.04687488079071045 0.7916666269302368
vt 0.03906247019767761 0.6249999403953552
vt 0.0390625 0.666666567325592
vt 0.03906247019767761 0.33333325386047363
vt 0.03906247019767761 0.37499988079071045
vt 0.0390622615814209 0.08333313465118408
vt 0.03906238079071045 0.7083334922790527
vt 0.0390625 0.4166666269302368
vt 0.039062291383743286 0.1249997615814209
vt 0.03906235098838806 0.7500001192092896
vt 0.03906238079071045 0.45833325386047363
vt 0.03906235098838806 0.16666626930236816
vt 0.03906238079071045 0.7916666269302368
vt 0.03906241059303284 0.49999988079071045
vt 0.03906241059303284 0.20833325386047363
vt 0.039062291383743286 0.8333336114883423
vt 0.03906241059303284 0.541666567325592
vt 0.03906241059303284 0.2499997615814209
vt 0.039062291383743286 0.8750001788139343
vt 0.03906247019767761 0.5833331942558289
vt 0.03906241059303284 0.2916663885116577
vt 0.0390622615814209 0.9166667461395264
vt 0.031249821186065674 0.1249997615814209
vt 0.03124985098838806 0.16666626930236816
vt 0.03124985098838806 0.7500001192092896
vt 0.03124985098838806 0.7916666269302368
vt 0.031249910593032837 0.45833325386047363
vt 0.031249940395355225 0.49999988079071045
vt 0.031249910593032837 0.20833325386047363
vt 0.031249821186065674 0.8333336114883423
vt 0.031249940395355225 0.541666567325592
vt 0.031249910593032837 0.2499997615814209
vt 0.031249791383743286 0.8750001788139343
vt 0.031249970197677612 0.5833331942558289
vt 0.031249910593032837 0.2916663885116577
vt 0.03124973177909851 0.9166667461395264
vt 0.031249940395355225 0.6249999403953552
vt 0.031249970197677612 0.33333325386047363
vt 0.031249970197677612 0.666666567325592
vt 0.031249970197677612 0.37499988079071045
vt 0.03124973177909851 0.08333313465118408
vt 0.031249910593032837 0.7083334922790527
vt 0.031249970197677612 0.4166666269302368
vt 0.023437410593032837 0.541666567325592
vt 0.023437440395355225 0.5833331942558289
vt 0.023437410593032837 0.2499997615814209
vt 0.023437410593032837 0.2916663885116577
vt 0.023437291383743286 0.8750001192092896
vt 0.0234372615814209 0.9166667461395264
vt 0.023437440395355225 0.6249999403953552
vt 0.023437440395355225 0.33333325386047363
vt 0.0234375 0.666666567325592
vt 0.023437440395355225 0.37499988079071045
vt 0.0234372615814209 0.08333313465118408
vt 0.02343738079071045 0.7083335518836975
vt 0.0234375 0.4166666269302368
vt 0.023437291383743286 0.1249997615814209
vt 0.02343735098838806 0.7500001192092896
vt 0.023437410593032837 0.45833325386047363
vt 0.02343735098838806 0.16666626930236816
vt 0.02343738079071045 0.7916666269302368
vt 0.023437440395355225 0.49999988079071045
vt 0.023437410593032837 0.20833325386047363
vt 0.02343735098838806 0.8333336114883423
vt 0.01562473177909851 0.08333313465118408
vt 0.015625 0.666666567325592
vt 0.01562488079071045 0.7083334922790527
vt 0.015624970197677612 0.37499988079071045
vt 0.015624970197677612 0.4166666269302368
vt 0.015624821186065674 0.1249997615814209
vt 0.015624850988388062 0.7500001192092896
vt 0.01562488079071045 0.45833325386047363
vt 0.015624850988388062 0.16666626930236816
vt 0.015624850988388062 0.7916666269302368
vt 0.015624940395355225 0.49999988079071045
vt 0.015624940395355225 0.20833325386047363
vt 0.015624821186065674 0.8333336114883423
vt 0.015624940395355225 0.541666567325592
vt 0.01562488079071045 0.2499997615814209
vt 0.015624791383743286 0.8750001192092896
vt 0.015624970197677612 0.5833331942558289
vt 0.015624940395355225 0.2916663885116577
vt 0.01562473177909851 0.9166667461395264
vt 0.015624940395355225 0.6249999403953552
vt 0.015624970197677612 0.33333325386047363
vt 0.007812321186065674 0.16666626930236816
vt 0.007812410593032837 0.20833325386047363
vt 0.007812380790710449 0.7916666269302368
vt 0.007812321186065674 0.8333336114883423
vt 0.007812440395355225 0.49999988079071045
vt 0.007812410593032837 0.5416666269302368
vt 0.007812410593032837 0.2499997615814209
vt 0.007812291383743286 0.8750001192092896
vt 0.007812470197677612 0.5833331942558289
vt 0.007812410593032837 0.2916663885116577
vt 0.0078122615814208984 0.9166667461395264
vt 0.007812440395355225 0.6249999403953552
vt 0.007812440395355225 0.33333325386047363
vt 0.007812470197677612 0.666666567325592
vt 0.007812440395355225 0.37499988079071045
vt 0.0078122615814208984 0.08333313465118408
vt 0.007812380790710449 0.7083334922790527
vt 0.007812470197677612 0.4166666269302368
vt 0.007812291383743286 0.1249997615814209
vt 0.007812321186065674 0.7500001192092896
vt 0.007812410593032837 0.45833325386047363
vt 0 0.5833331942558289
vt 0 0.6249999403953552
vt 0 0.2916663885116577
vt 0 0.33333325386047363
vt 0 0.9166666865348816
vt 0 0.666666567325592
vt 0 0.37499988079071045
vt 0 0.08333313465118408
vt 0 0.7083334922790527
vt 0 0.4166666269302368
vt 0 0.1249997615814209
vt 0 0.7500001192092896
vt 0 0.45833325386047363
vt 0 0.16666632890701294
vt 0 0.7916666269302368
vt 0 0.49999988079071045
vt 0 0.20833325386047363
vt 0 0.8333336114883423
vt 0 0.5416666269302368
vt 0 0.2499997615814209
vt 0 0.8750001192092896
vt 1 0.1249997615814209
vt 1 0.08333313465118408
vt 0.9921872019767761 0.08333313465118408
vt 0.9921872615814209 0.1249997615814209
vt 1 0.7500001192092896
vt 1 0.7083334922790527
vt 0.9921873807907104 0.7083335518836975
vt 0.9921873211860657 0.7500001192092896
vt 1 0.45833325386047363
vt 1 0.4166666269302368
vt 0.9921874403953552 0.4166666269302368
vt 0.9921873807907104 0.45833325386047363
vt 1 0.16666632890701294
vt 0.9921873211860657 0.16666632890701294
vt 1 0.7916666269302368
vt 0.9921873211860657 0.7916666269302368
vt 1 0.49999988079071045
vt 0.9921873807907104 0.49999988079071045
vt 1 0.20833325386047363
vt 0.9921873807907104 0.20833325386047363
vt 1 0.8333336114883423
vt 0.9921872615814209 0.8333336114883423
vt 1 0.5416666269302368
vt 0.9921873807907104 0.5416666269302368
vt 1 0.2499997615814209
vt 0.9921873807907104 0.2499997615814209
vt 1 0.8750001192092896
vt 0.9921872615814209 0.8750001192092896
vt 1 0.5833331942558289
vt 0.9921874403953552 0.5833331942558289
vt 1 0.2916663885116577
vt 0.9921873807907104 0.2916663885116577
vt 1 0.9166666865348816
vt 0.9921872019767761 0.9166666865348816
vt 1 0.6249999403953552
vt 0.9921873807907104 0.6249999403953552
vt 1 0.33333325386047363
vt 0.9921874403953552 0.33333325386047363
vt 1 0.666666567325592
vt 0.9921875 0.666666567325592
vt 1 0.37499988079071045
vt 0.9921874403953552 0.37499988079071045
vt 0.9843748807907104 0.20833325386047363
vt 0.9843748807907104 0.2499997615814209
vt 0.9843747615814209 0.8333336114883423
vt 0.9843747615814209 0.8750001192092896
vt 0.9843748807907104 0.5416666269302368
vt 0.9843748807907104 0.5833331942558289
vt 0.9843748807907104 0.2916663885116577
vt 0.9843747615814209 0.9166666865348816
vt 0.9843748807907104 0.6249999403953552
vt 0.9843748807907104 0.33333325386047363
vt 0.984375 0.666666567325592
vt 0.9843748807907104 0.37499988079071045
vt 0.9843747615814209 0.08333313465118408
vt 0.9843748807907104 0.7083335518836975
vt 0.984375 0.4166666269302368
vt 0.9843747615814209 0.1249997615814209
vt 0.9843747615814209 0.7500001192092896
vt 0.9843748807907104 0.45833325386047363
vt 0.9843747615814209 0.16666632890701294
vt 0.9843748807907104 0.7916666269302368
vt 0.9843748807907104 0.49999988079071045
vt 0.9765624403953552 0.625
vt 0.9765625 0.666666567325592
vt 0.9765624403953552 0.33333325386047363
vt 0.9765624403953552 0.37499988079071045
vt 0.9765622019767761 0.08333313465118408
vt 0.9765623807907104 0.7083335518836975
vt 0.9765624403953552 0.4166666269302368
vt 0.9765622615814209 0.12499982118606567
vt 0.9765623211860657 0.7500001192092896
vt 0.9765623807907104 0.45833325386047363
vt 0.9765623211860657 0.16666632890701294
vt 0.9765623807907104 0.7916666269302368
vt 0.9765623807907104 0.49999988079071045
vt 0.9765623807907104 0.20833325386047363
vt 0.9765622615814209 0.8333336114883423
vt 0.9765623807907104 0.5416666269302368
vt 0.9765623807907104 0.2499997615814209
vt 0.9765622615814209 0.8750001192092896
vt 0.9765624403953552 0.5833331942558289
vt 0.9765623807907104 0.2916663885116577
vt 0.9765622615814209 0.9166666865348816
vt 0.9687497615814209 0.12499982118606567
vt 0.9687498807907104 0.16666632890701294
vt 0.9687497615814209 0.7500001192092896
vt 0.9687498807907104 0.7916666269302368
vt 0.9687498807907104 0.45833325386047363
vt 0.9687498807907104 0.49999988079071045
vt 0.9687498807907104 0.20833325386047363
vt 0.9687497615814209 0.8333336114883423
vt 0.9687498807907104 0.5416666269302368
vt 0.9687498807907104 0.2499997615814209
vt 0.9687497615814209 0.875
vt 0.9687499403953552 0.5833331942558289
vt 0.9687498807907104 0.2916663885116577
vt 0.9687497615814209 0.9166666865348816
vt 0.9687498807907104 0.625
vt 0.9687499403953552 0.33333325386047363
vt 0.9687499403953552 0.666666567325592
vt 0.9687498807907104 0.37499988079071045
vt 0.9687497615814209 0.08333313465118408
vt 0.9687498807907104 0.7083335518836975
vt 0.9687499403953552 0.4166666269302368
vt 0.9609373807907104 0.2499997615814209
vt 0.9609373807907104 0.2916663885116577
vt 0.9609372615814209 0.875
vt 0.9609372615814209 0.9166666865348816
vt 0.9609374403953552 0.5833331942558289
vt 0.9609374403953552 0.625
vt 0.9609374403953552 0.33333325386047363
vt 0.9609375 0.666666567325592
vt 0.9609374403953552 0.37499988079071045
vt 0.9609372615814209 0.08333319425582886
vt 0.9609373807907104 0.7083335518836975
vt 0.9609375 0.4166666269302368
vt 0.9609372615814209 0.12499982118606567
vt 0.9609373211860657 0.7500001192092896
vt 0.9609373807907104 0.45833325386047363
vt 0.9609373211860657 0.16666632890701294
vt 0.9609373807907104 0.7916666269302368
vt 0.9609373807907104 0.49999988079071045
vt 0.9609373807907104 0.20833325386047363
vt 0.9609373211860657 0.8333336114883423
vt 0.9609373807907104 0.5416666269302368
vt 0.9531247615814209 0.8333336114883423
vt 0.9531247615814209 0.875
vt 0.9531248807907104 0.5416666269302368
vt 0.9531249403953552 0.5833331942558289
vt 0.9531248807907104 0.2499997615814209
vt 0.9531248807907104 0.2916663885116577
vt 0.9531247615814209 0.9166666865348816
vt 0.9531248807907104 0.625
vt 0.9531249403953552 0.33333325386047363
vt 0.9531249403953552 0.666666567325592
vt 0.9531249403953552 0.37499988079071045
vt 0.9531247615814209 0.08333319425582886
vt 0.9531248807907104 0.7083335518836975
vt 0.9531249403953552 0.4166666269302368
vt 0.9531247615814209 0.12499982118606567
vt 0.9531248211860657 0.7500001192092896
vt 0.9531248807907104 0.45833325386047363
vt 0.9531248211860657 0.16666638851165771
vt 0.9531248211860657 0.7916666269302368
vt 0.9531248807907104 0.49999988079071045
vt 0.9531248807907104 0.20833325386047363
vt 0.9453123807907104 0.33333325386047363
vt 0.9453123807907104 0.37499988079071045
vt 0.9453122615814209 0.08333319425582886
vt 0.9453125 0.666666567325592
vt 0.9453123807907104 0.7083335518836975
vt 0.9453125 0.4166666269302368
vt 0.9453123211860657 0.12499982118606567
vt 0.9453123211860657 0.7500001192092896
vt 0.9453123807907104 0.45833325386047363
vt 0.9453123807907104 0.16666638851165771
vt 0.9453123807907104 0.7916666269302368
vt 0.9453123807907104 0.49999988079071045
vt 0.9453123807907104 0.20833325386047363
vt 0.9453123211860657 0.8333335518836975
vt 0.9453123807907104 0.5416666269302368
vt 0.9453123807907104 0.2499997615814209
vt 0.9453122615814209 0.875
vt 0.9453123807907104 0.5833331942558289
vt 0.9453123807907104 0.2916663885116577
vt 0.9453122615814209 0.9166666865348816
vt 0.9453123807907104 0.625
vt 0.9374998807907104 0.45833325386047363
vt 0.9374998807907104 0.49999988079071045
vt 0.9374998211860657 0.16666638851165771
vt 0.9374998807907104 0.20833325386047363
vt 0.9374998211860657 0.7916666269302368
vt 0.9374997615814209 0.8333335518836975
vt 0.9374998807907104 0.5416666269302368
vt 0.9374998807907104 0.2499997615814209
vt 0.9374997615814209 0.875
vt 0.9374999403953552 0.5833331942558289
vt 0.9374998807907104 0.2916663885116577
vt 0.9374997615814209 0.9166666865348816
vt 0.9374998807907104 0.625
vt 0.9374999403953552 0.33333325386047363
vt 0.9375 0.666666567325592
vt 0.9374999403953552 0.37499988079071045
vt 0.9374997615814209 0.08333319425582886
vt 0.9374998807907104 0.7083335518836975
vt 0.9374999403953552 0.4166666269302368
vt 0.9374997615814209 0.12499982118606567
vt 0.9374998211860657 0.7500001192092896
vt 0.9296872615814209 0.875
vt 0.9296872615814209 0.9166666865348816
vt 0.9296874403953552 0.5833331942558289
vt 0.9296873807907104 0.625
vt 0.9296873807907104 0.2916663885116577
vt 0.9296874403953552 0.33333325386047363
vt 0.9296874403953552 0.666666567325592
vt 0.9296873807907104 0.37499988079071045
vt 0.9296872615814209 0.08333319425582886
vt 0.9296873807907104 0.7083335518836975
vt 0.9296874403953552 0.4166666269302368
vt 0.9296872615814209 0.12499982118606567
vt 0.9296872615814209 0.7500001192092896
vt 0.9296873807907104 0.45833325386047363
vt 0.9296873807907104 0.16666638851165771
vt 0.9296873807907104 0.7916666269302368
vt 0.9296873807907104 0.49999988079071045
vt 0.9296873807907104 0.20833325386047363
vt 0.9296872615814209 0.8333335518836975
vt 0.9296873807907104 0.5416666269302368
vt 0.9296873807907104 0.2499997615814209
vt 0.9218749403953552 0.37499988079071045
vt 0.921875 0.4166666269302368
vt 0.9218747615814209 0.08333319425582886
vt 0.9218748211860657 0.12499988079071045
vt 0.9218748807907104 0.7083335518836975
vt 0.9218748211860657 0.7500001192092896
vt 0.9218748807907104 0.45833325386047363
vt 0.9218748211860657 0.16666638851165771
vt 0.9218748807907104 0.7916666269302368
vt 0.9218748807907104 0.49999988079071045
vt 0.9218748807907104 0.20833325386047363
vt 0.9218748211860657 0.8333335518836975
vt 0.9218748807907104 0.5416666269302368
vt 0.9218748807907104 0.2499997615814209
vt 0.9218748211860657 0.875
vt 0.9218749403953552 0.5833331942558289
vt 0.9218748807907104 0.2916663885116577
vt 0.9218747615814209 0.9166666865348816
vt 0.9218749403953552 0.625
vt 0.9218749403953552 0.33333325386047363
vt 0.921875 0.666666567325592
vt 0.9140623807907104 0.49999988079071045
vt 0.9140623807907104 0.5416666269302368
vt 0.9140623807907104 0.20833319425582886
vt 0.9140623807907104 0.2499997615814209
vt 0.9140622615814209 0.8333335518836975
vt 0.9140622615814209 0.875
vt 0.9140624403953552 0.5833331942558289
vt 0.9140623807907104 0.29166632890701294
vt 0.9140622615814209 0.9166666865348816
vt 0.9140623807907104 0.625
vt 0.9140624403953552 0.33333325386047363
vt 0.9140625 0.666666567325592
vt 0.9140624403953552 0.37499988079071045
vt 0.9140622615814209 0.08333319425582886
vt 0.9140623211860657 0.7083335518836975
vt 0.9140624403953552 0.4166666269302368
vt 0.9140622615814209 0.12499988079071045
vt 0.9140622615814209 0.7500001192092896
vt 0.9140623807907104 0.45833325386047363
vt 0.9140623211860657 0.16666638851165771
vt 0.9140623211860657 0.7916666269302368
vt 0.9062497615814209 0.9166666865348816
vt 0.9062499403953552 0.625
vt 0.90625 0.666666567325592
vt 0.9062499403953552 0.33333325386047363
vt 0.9062499403953552 0.37499988079071045
vt 0.9062497615814209 0.08333319425582886
vt 0.9062498807907104 0.7083335518836975
vt 0.90625 0.4166666269302368
vt 0.9062498211860657 0.12499988079071045
vt 0.9062498211860657 0.7500001192092896
vt 0.9062498807907104 0.45833325386047363
vt 0.9062498807907104 0.16666638851165771
vt 0.9062498807907104 0.7916666269302368
vt 0.9062498807907104 0.49999988079071045
vt 0.9062498807907104 0.20833319425582886
vt 0.9062498211860657 0.8333335518836975
vt 0.9062498807907104 0.5416666269302368
vt 0.9062498807907104 0.2499997615814209
vt 0.9062498211860657 0.875
vt 0.9062499403953552 0.5833331942558289
vt 0.9062498807907104 0.2916663885116577
vt 0.8984374403953552 0.4166666269302368
vt 0.8984373807907104 0.45833325386047363
vt 0.8984373211860657 0.12499988079071045
vt 0.8984373211860657 0.16666638851165771
vt 0.8984372615814209 0.7500001192092896
vt 0.8984373807907104 0.7916666269302368
vt 0.8984373807907104 0.49999988079071045
vt 0.8984373807907104 0.20833319425582886
vt 0.8984373211860657 0.8333335518836975
vt 0.8984373807907104 0.5416666269302368
vt 0.8984373807907104 0.2499997615814209
vt 0.8984372615814209 0.875
vt 0.8984374403953552 0.5833331942558289
vt 0.8984373807907104 0.29166632890701294
vt 0.8984372615814209 0.9166666865348816
vt 0.8984373807907104 0.625
vt 0.8984374403953552 0.33333325386047363
vt 0.8984375 0.666666567325592
vt 0.8984374403953552 0.37499988079071045
vt 0.8984372615814209 0.08333319425582886
vt 0.8984373807907104 0.7083335518836975
vt 0.8906248807907104 0.5416666269302368
vt 0.8906248807907104 0.5833331942558289
vt 0.8906248807907104 0.2499997615814209
vt 0.8906248807907104 0.29166632890701294
vt 0.8906248211860657 0.875
vt 0.8906247615814209 0.9166666865348816
vt 0.8906248807907104 0.625
vt 0.890625 0.33333325386047363
vt 0.890625 0.666666567325592
vt 0.890625 0.37499988079071045
vt 0.8906248211860657 0.08333319425582886
vt 0.8906248807907104 0.7083335518836975
vt 0.890625 0.4166666269302368
vt 0.8906248807907104 0.12499988079071045
vt 0.8906248211860657 0.7500001192092896
vt 0.8906248807907104 0.45833325386047363
vt 0.8906248807907104 0.16666638851165771
vt 0.8906248807907104 0.7916666269302368
vt 0.8906248807907104 0.49999988079071045
vt 0.8906248807907104 0.20833319425582886
vt 0.8906248807907104 0.8333335518836975
vt 0.8828122615814209 0.08333319425582886
vt 0.8828125 0.666666567325592
vt 0.8828123807907104 0.7083335518836975
vt 0.8828124403953552 0.37499988079071045
vt 0.8828124403953552 0.4166666269302368
vt 0.8828123211860657 0.12499988079071045
vt 0.8828122615814209 0.7500001192092896
vt 0.8828123807907104 0.45833325386047363
vt 0.8828123807907104 0.16666638851165771
vt 0.8828123807907104 0.7916666269302368
vt 0.8828123807907104 0.49999988079071045
vt 0.8828123807907104 0.20833325386047363
vt 0.8828123211860657 0.8333335518836975
vt 0.8828123807907104 0.5416666269302368
vt 0.8828123807907104 0.2499997615814209
vt 0.8828123807907104 0.875
vt 0.8828124403953552 0.5833331942558289
vt 0.8828123807907104 0.29166632890701294
vt 0.8828122615814209 0.9166666865348816
vt 0.8828124403953552 0.625
vt 0.8828124403953552 0.33333325386047363
vt 0.8749998807907104 0.45833325386047363
vt 0.8749998807907104 0.49999988079071045
vt 0.8749998807907104 0.16666638851165771
vt 0.8749998807907104 0.20833325386047363
vt 0.8749998807907104 0.7916666269302368
vt 0.8749998807907104 0.8333335518836975
vt 0.8749998807907104 0.5416666269302368
vt 0.8749998807907104 0.2499997615814209
vt 0.8749998807907104 0.875
vt 0.8749999403953552 0.5833331942558289
vt 0.8749998807907104 0.29166632890701294
vt 0.8749997615814209 0.9166666269302368
vt 0.8749998807907104 0.625
vt 0.8749999403953552 0.33333325386047363
vt 0.875 0.666666567325592
vt 0.8749998807907104 0.37499988079071045
vt 0.8749997615814209 0.08333319425582886
vt 0.8749998807907104 0.7083335518836975
vt 0.8749999403953552 0.4166666269302368
vt 0.8749998807907104 0.12499988079071045
vt 0.8749997615814209 0.7500001192092896
vt 0.8671874403953552 0.5833331942558289
vt 0.8671874403953552 0.625
vt 0.8671873807907104 0.29166632890701294
vt 0.8671874403953552 0.33333325386047363
vt 0.8671872615814209 0.9166666269302368
vt 0.8671875 0.666666567325592
vt 0.8671874403953552 0.37499988079071045
vt 0.8671873211860657 0.08333319425582886
vt 0.8671873211860657 0.7083335518836975
vt 0.8671874403953552 0.4166666269302368
vt 0.8671873807907104 0.12499988079071045
vt 0.8671873211860657 0.7500001192092896
vt 0.8671873807907104 0.45833325386047363
vt 0.8671873807907104 0.16666638851165771
vt 0.8671873807907104 0.7916666269302368
vt 0.8671873807907104 0.49999988079071045
vt 0.8671873807907104 0.20833325386047363
vt 0.8671873807907104 0.8333335518836975
vt 0.8671873807907104 0.5416666269302368
vt 0.8671873807907104 0.2499997615814209
vt 0.8671873807907104 0.8749999403953552
vt 0.8593747615814209 0.08333319425582886
vt 0.8593748807907104 0.12499994039535522
vt 0.8593748211860657 0.7083335518836975
vt 0.8593747615814209 0.7500001192092896
vt 0.8593749403953552 0.4166666269302368
vt 0.8593748807907104 0.45833325386047363
vt 0.8593748807907104 0.1666664481163025
vt 0.8593748807907104 0.7916666269302368
vt 0.8593748807907104 0.49999988079071045
vt 0.8593748807907104 0.20833325386047363
vt 0.8593748807907104 0.8333335518836975
vt 0.8593748807907104 0.5416666269302368
vt 0.8593748807907104 0.2499997615814209
vt 0.8593748807907104 0.8749999403953552
vt 0.8593749403953552 0.5833331942558289
vt 0.8593748807907104 0.29166632890701294
vt 0.8593747615814209 0.9166666269302368
vt 0.8593748807907104 0.625
vt 0.8593749403953552 0.33333325386047363
vt 0.859375 0.666666567325592
vt 0.8593749403953552 0.37499988079071045
vt 0.8515623807907104 0.49999988079071045
vt 0.8515623807907104 0.5416666269302368
vt 0.8515623807907104 0.20833325386047363
vt 0.8515623807907104 0.2499997615814209
vt 0.8515623807907104 0.8333335518836975
vt 0.8515623807907104 0.8749999403953552
vt 0.8515623807907104 0.5833331942558289
vt 0.8515623807907104 0.29166626930236816
vt 0.8515623211860657 0.9166666269302368
vt 0.8515623807907104 0.625
vt 0.8515623807907104 0.33333325386047363
vt 0.8515625 0.666666567325592
vt 0.8515623807907104 0.37499988079071045
vt 0.8515623211860657 0.08333319425582886
vt 0.8515623807907104 0.7083335518836975
vt 0.8515623807907104 0.4166666269302368
vt 0.8515623807907104 0.12499994039535522
vt 0.8515623211860657 0.7500001192092896
vt 0.8515623807907104 0.45833325386047363
vt 0.8515623807907104 0.1666664481163025
vt 0.8515623807907104 0.7916666269302368
vt 0.8437498807907104 0.625
vt 0.84375 0.666666567325592
vt 0.8437499403953552 0.33333325386047363
vt 0.8437499403953552 0.37499988079071045
vt 0.8437498211860657 0.08333319425582886
vt 0.8437498807907104 0.7083335518836975
vt 0.8437499403953552 0.4166666269302368
vt 0.8437498807907104 0.12499994039535522
vt 0.8437498211860657 0.7500001192092896
vt 0.8437498807907104 0.45833325386047363
vt 0.8437498807907104 0.1666664481163025
vt 0.8437498807907104 0.7916666269302368
vt 0.8437498807907104 0.49999988079071045
vt 0.8437499403953552 0.20833325386047363
vt 0.8437498807907104 0.8333335518836975
vt 0.8437498807907104 0.5416666269302368
vt 0.8437498807907104 0.2499997615814209
vt 0.8437498807907104 0.8749999403953552
vt 0.8437499403953552 0.5833331942558289
vt 0.8437498807907104 0.29166626930236816
vt 0.8437498211860657 0.9166666269302368
vt 0.8359373807907104 0.12499994039535522
vt 0.8359373807907104 0.1666664481163025
vt 0.8359372615814209 0.7500001192092896
vt 0.8359373807907104 0.7916666269302368
vt 0.8359373807907104 0.45833325386047363
vt 0.8359373807907104 0.49999988079071045
vt 0.8359373807907104 0.20833325386047363
vt 0.8359373807907104 0.8333335518836975
vt 0.8359373807907104 0.5416666269302368
vt 0.8359373807907104 0.2499997615814209
vt 0.8359373807907104 0.8749999403953552
vt 0.8359373807907104 0.5833331942558289
vt 0.8359373807907104 0.29166626930236816
vt 0.8359373807907104 0.9166666269302368
vt 0.8359373807907104 0.625
vt 0.8359375 0.33333325386047363
vt 0.8359375 0.666666567325592
vt 0.8359373807907104 0.37499988079071045
vt 0.8359373807907104 0.08333319425582886
vt 0.8359373807907104 0.7083335518836975
vt 0.8359375 0.4166666269302368
vt 0.8281248807907104 0.5416666269302368
vt 0.8281249403953552 0.5833331942558289
vt 0.8281249403953552 0.2499997615814209
vt 0.8281248807907104 0.29166626930236816
vt 0.8281248807907104 0.8749999403953552
vt 0.8281248807907104 0.9166666269302368
vt 0.8281249403953552 0.6249999403953552
vt 0.8281249403953552 0.33333325386047363
vt 0.828125 0.666666567325592
vt 0.8281249403953552 0.37499988079071045
vt 0.8281248807907104 0.08333319425582886
vt 0.8281248807907104 0.7083335518836975
vt 0.8281249403953552 0.4166666269302368
vt 0.8281248807907104 0.12499988079071045
vt 0.8281248211860657 0.7500001192092896
vt 0.8281248807907104 0.45833325386047363
vt 0.8281249403953552 0.1666664481163025
vt 0.8281248807907104 0.7916666269302368
vt 0.8281248807907104 0.49999988079071045
vt 0.8281249403953552 0.20833325386047363
vt 0.8281248807907104 0.8333335518836975
vt 0.8203123807907104 0.08333319425582886
vt 0.8203125 0.666666567325592
vt 0.8203123807907104 0.7083335518836975
vt 0.8203124403953552 0.37499988079071045
vt 0.8203124403953552 0.4166666269302368
vt 0.8203123807907104 0.12499994039535522
vt 0.8203123807907104 0.7500001192092896
vt 0.8203123807907104 0.45833325386047363
vt 0.8203123807907104 0.1666664481163025
vt 0.8203123807907104 0.7916666269302368
vt 0.8203123807907104 0.49999988079071045
vt 0.8203124403953552 0.20833325386047363
vt 0.8203123807907104 0.8333335518836975
vt 0.8203123807907104 0.5416666269302368
vt 0.8203123807907104 0.2499997615814209
vt 0.8203123807907104 0.8749999403953552
vt 0.8203124403953552 0.5833331942558289
vt 0.8203123807907104 0.29166626930236816
vt 0.8203123807907104 0.9166666269302368
vt 0.8203123807907104 0.6249999403953552
vt 0.8203124403953552 0.33333325386047363
vt 0.8124999403953552 0.1666664481163025
vt 0.8124999403953552 0.20833325386047363
vt 0.8124999403953552 0.7916666269302368
vt 0.8124998807907104 0.8333335518836975
vt 0.8124998807907104 0.49999988079071045
vt 0.8124998807907104 0.5416666269302368
vt 0.8124999403953552 0.2499997615814209
vt 0.8124998807907104 0.8749999403953552
vt 0.8124999403953552 0.5833331942558289
vt 0.8124998807907104 0.29166626930236816
vt 0.8124998807907104 0.9166666269302368
vt 0.8124999403953552 0.6249999403953552
vt 0.8125 0.33333325386047363
vt 0.8125 0.666666567325592
vt 0.8124999403953552 0.37499988079071045
vt 0.8124998807907104 0.08333319425582886
vt 0.8124998807907104 0.7083335518836975
vt 0.8124999403953552 0.4166666269302368
vt 0.8124998807907104 0.12499994039535522
vt 0.8124998807907104 0.7500001192092896
vt 0.8124998807907104 0.45833325386047363
vt 0.8046874403953552 0.5833331942558289
vt 0.8046874403953552 0.6249999403953552
vt 0.8046873807907104 0.29166626930236816
vt 0.8046875 0.33333325386047363
vt 0.8046873807907104 0.9166666269302368
vt 0.8046875 0.666666567325592
vt 0.8046874403953552 0.37499988079071045
vt 0.8046873807907104 0.08333325386047363
vt 0.8046873807907104 0.7083335518836975
vt 0.8046875 0.4166666269302368
vt 0.8046873807907104 0.12499994039535522
vt 0.8046873807907104 0.7500001192092896
vt 0.8046873807907104 0.45833325386047363
vt 0.8046874403953552 0.1666664481163025
vt 0.8046874403953552 0.7916666269302368
vt 0.8046874403953552 0.49999988079071045
vt 0.8046875 0.20833325386047363
vt 0.8046874403953552 0.8333335518836975
vt 0.8046873807907104 0.5416666269302368
vt 0.8046874403953552 0.2499997615814209
vt 0.8046873807907104 0.8749999403953552
vt 0.7968748807907104 0.08333325386047363
vt 0.7968748807907104 0.12499994039535522
vt 0.7968748807907104 0.7083335518836975
vt 0.7968748807907104 0.7500001192092896
vt 0.796875 0.4166666269302368
vt 0.7968748807907104 0.45833325386047363
vt 0.7968749403953552 0.1666664481163025
vt 0.7968748807907104 0.7916666269302368
vt 0.7968749403953552 0.49999988079071045
vt 0.796875 0.20833325386047363
vt 0.7968748807907104 0.8333335518836975
vt 0.7968748807907104 0.5416666269302368
vt 0.7968749403953552 0.2499997615814209
vt 0.7968748807907104 0.8749999403953552
vt 0.796875 0.5833331942558289
vt 0.7968748807907104 0.29166626930236816
vt 0.7968748807907104 0.9166666269302368
vt 0.7968749403953552 0.6249999403953552
vt 0.796875 0.33333325386047363
vt 0.796875 0.666666567325592
vt 0.7968749403953552 0.37499988079071045
vt 0.7890625 0.20833325386047363
vt 0.7890625 0.2499997615814209
vt 0.7890624403953552 0.8333335518836975
vt 0.7890623807907104 0.8749999403953552
vt 0.7890623807907104 0.5416666269302368
vt 0.7890625 0.5833331942558289
vt 0.7890623807907104 0.29166626930236816
vt 0.7890623807907104 0.9166666269302368
vt 0.7890624403953552 0.6249999403953552
vt 0.7890625 0.33333325386047363
vt 0.7890625 0.666666567325592
vt 0.7890625 0.37499988079071045
vt 0.7890623807907104 0.08333325386047363
vt 0.7890623807907104 0.7083335518836975
vt 0.7890625 0.4166666269302368
vt 0.7890623807907104 0.12499994039535522
vt 0.7890623807907104 0.7500001192092896
vt 0.7890623807907104 0.45833325386047363
vt 0.7890625 0.1666664481163025
vt 0.7890623807907104 0.7916666269302368
vt 0.7890624403953552 0.49999988079071045
vt 0.7812499403953552 0.6249999403953552
vt 0.78125 0.666666567325592
vt 0.78125 0.33333325386047363
vt 0.7812499403953552 0.37499988079071045
vt 0.7812498807907104 0.08333325386047363
vt 0.7812498807907104 0.7083335518836975
vt 0.78125 0.4166666269302368
vt 0.7812498807907104 0.12499994039535522
vt 0.7812498807907104 0.7500001192092896
vt 0.7812498807907104 0.45833325386047363
vt 0.7812499403953552 0.1666664481163025
vt 0.7812499403953552 0.7916666269302368
vt 0.7812499403953552 0.49999988079071045
vt 0.78125 0.20833325386047363
vt 0.7812499403953552 0.8333335518836975
vt 0.7812498807907104 0.5416666269302368
vt 0.7812499403953552 0.2499997615814209
vt 0.7812498807907104 0.8749999403953552
vt 0.7812499403953552 0.5833331942558289
vt 0.7812498807907104 0.29166632890701294
vt 0.7812498807907104 0.9166666269302368
vt 0.7734374403953552 0.12499994039535522
vt 0.7734375 0.1666664481163025
vt 0.7734373807907104 0.7500001192092896
vt 0.7734374403953552 0.7916666269302368
vt 0.7734373807907104 0.45833325386047363
vt 0.7734374403953552 0.49999988079071045
vt 0.7734375 0.20833325386047363
vt 0.7734374403953552 0.8333335518836975
vt 0.7734373807907104 0.5416666269302368
vt 0.7734374403953552 0.2499997615814209
vt 0.7734373807907104 0.8749999403953552
vt 0.7734374403953552 0.5833331942558289
vt 0.7734374403953552 0.29166626930236816
vt 0.7734373807907104 0.9166666269302368
vt 0.7734374403953552 0.6249999403953552
vt 0.7734375 0.33333325386047363
vt 0.7734375 0.666666567325592
vt 0.7734374403953552 0.37499988079071045
vt 0.7734374403953552 0.08333325386047363
vt 0.7734373807907104 0.7083335518836975
vt 0.7734375 0.4166666269302368
vt 0.765625 0.2499997615814209
vt 0.7656249403953552 0.29166632890701294
vt 0.7656249403953552 0.8749999403953552
vt 0.7656249403953552 0.9166666269302368
vt 0.765625 0.5833331942558289
vt 0.7656249403953552 0.6249999403953552
vt 0.765625 0.33333325386047363
vt 0.765625 0.666666567325592
vt 0.765625 0.37499988079071045
vt 0.7656249403953552 0.08333325386047363
vt 0.7656248807907104 0.7083335518836975
vt 0.765625 0.4166666269302368
vt 0.7656249403953552 0.12499994039535522
vt 0.7656248807907104 0.7500001192092896
vt 0.7656248807907104 0.45833325386047363
vt 0.765625 0.1666664481163025
vt 0.7656249403953552 0.7916666269302368
vt 0.7656249403953552 0.49999988079071045
vt 0.765625 0.20833325386047363
vt 0.7656249403953552 0.8333335518836975
vt 0.7656248807907104 0.5416666269302368
vt 0.7578125 0.666666567325592
vt 0.7578123807907104 0.7083335518836975
vt 0.7578125 0.37499988079071045
vt 0.7578125 0.4166666269302368
vt 0.7578124403953552 0.08333325386047363
vt 0.7578124403953552 0.12499994039535522
vt 0.7578123807907104 0.7500001192092896
vt 0.7578123807907104 0.45833325386047363
vt 0.7578125 0.1666664481163025
vt 0.7578124403953552 0.7916666269302368
vt 0.7578124403953552 0.49999988079071045
vt 0.7578125 0.20833325386047363
vt 0.7578125 0.8333335518836975
vt 0.7578124403953552 0.5416666269302368
vt 0.7578125 0.2499997615814209
vt 0.7578124403953552 0.8749999403953552
vt 0.7578125 0.5833331942558289
vt 0.7578124403953552 0.29166626930236816
vt 0.7578124403953552 0.9166666269302368
vt 0.7578124403953552 0.6249999403953552
vt 0.7578125 0.33333325386047363
vn 0 -0.9999999999999868 1.6292067894774218e-7
vn 0 -0.9913153964017472 -0.1315058358280994
vn 0.006439486558682919 -0.9913147246915411 -0.13135314850659024
vn 0 0.9913153535516543 -0.13150615883964728
vn 0 0.9999999999999868 -1.6292067894774218e-7
vn 0.00643948655868292 0.9913146818912003 -0.1313534715179193
vn 0 0.9999999999999868 -1.6292067894774218e-7
vn 0.012878945049067008 0.9913125262984108 -0.1308954085454698
vn 0 -0.9999999999999868 1.6292067894774218e-7
vn 0.01287894504906701 -0.9913125689494959 -0.13089508553484322
vn 0 0.9999999999999868 -1.6292067894774218e-7
vn 0.0192879086580005 0.9913129936353255 -0.13010198011317656
vn 0 -0.9999999999999868 1.6292067894774218e-7
vn 0.019287908658000504 -0.991313036027879 -0.13010165710239774
vn 0 0.9999999999999868 -1.6292067894774218e-7
vn 0.02563582052392074 0.9913127460324795 -0.12900327228256692
vn 0 -0.9999999999999868 1.6292067894774218e-7
vn 0.02563582052392074 -0.9913127880670283 -0.1290029492718688
vn 0 0.9999999999999868 -1.6292067894774218e-7
vn 0.03195328531090625 0.9913148340625769 -0.12756914723131704
vn 0 -0.9999999999999868 1.6292067894774218e-7
vn 0.03195328531090625 -0.9913148756298283 -0.12756882421993865
vn 0 0.9999999999999868 -1.6292067894774218e-7
vn 0.03817907399139538 0.9913130925628225 -0.1258598856772583
vn 0 -0.9999999999999868 1.6292067894774218e-7
vn 0.03817907399139538 -0.9913131335731259 -0.12585956266644743
vn 0 0.9999999999999868 -1.6292067894774218e-7
vn 0.04428300126752774 0.9913166616190133 -0.12381555716175013
vn 0 -0.9999999999999868 1.6292067894774218e-7
vn 0.044283001267527745 -0.99131670196319 -0.12381523414977644
vn 0 -0.9999999999999868 1.6292067894774218e-7
vn 0.050325686554980924 -0.9913153566663552 -0.12149563329695033
vn 0 0.9999999999999868 -1.6292067894774218e-7
vn 0.050325686554980924 0.9913153170780005 -0.12149595630848581
vn 0 0.9999999999999868 -1.6292067894774218e-7
vn 0.056215725720298704 0.991313370329752 -0.11890161473759839
vn 0 -0.9999999999999868 1.6292067894774218e-7
vn 0.056215725720298704 -0.991313409072763 -0.11890129172669739
vn 0 0.9999999999999868 -1.6292067894774218e-7
vn 0.06198398649870696 0.9913165189995145 -0.11597217156030785
vn 0 -0.9999999999999868 1.6292067894774218e-7
vn 0.06198398649870696 -0.9913165567879917 -0.11597184854838107
vn 0 0.9999999999999868 -1.6292067894774218e-7
vn 0.0675994178250964 0.9913157440416182 -0.11279811312659839
vn 0 -0.9999999999999868 1.6292067894774218e-7
vn 0.06759941782509643 -0.991315780795856 -0.1127977901149243
vn 0 0.9999999999999868 -1.6292067894774218e-7
vn 0.0730622236562296 0.9913145975746344 -0.1093493489228336
vn 0 -0.9999999999999868 1.6292067894774218e-7
vn 0.0730622236562296 -0.991314633205122 -0.10934902591153321
vn 0 0.9999999999999868 -1.6292067894774218e-7
vn 0.07834203570644856 0.991315112926287 -0.1056260968005181
vn 0 -0.9999999999999868 1.6292067894774218e-7
vn 0.07834203570644854 -0.9913151473435853 -0.10562577378904998
vn 0 0.9999999999999868 -1.6292067894774218e-7
vn 0.08343860602728384 0.9913140483451016 -0.1016585292922783
vn 0 -0.9999999999999868 1.6292067894774218e-7
vn 0.08343860602728384 -0.9913140814696023 -0.10165820628115729
vn 0 0.9999999999999868 -1.6292067894774218e-7
vn 0.08832161288438448 0.9913139719836948 -0.09744691707494627
vn 0 -0.9999999999999868 1.6292067894774218e-7
vn 0.08832161288438448 -0.991314003735878 -0.09744659406385035
vn 0 0.9999999999999868 -1.6292067894774218e-7
vn 0.092991092604754 0.9913149264260771 -0.0929912541104561
vn 0 -0.9999999999999868 1.6292067894774218e-7
vn 0.092991092604754 -0.991314956726421 -0.09299093109904943
vn 0 0.9999999999999868 -1.6292067894774218e-7
vn 0.09744675556939959 0.9913139734703692 -0.08832177438993126
vn 0 -0.9999999999999868 1.6292067894774218e-7
vn 0.09744675556939959 -0.9913140022492035 -0.08832145137883535
vn 0 0.9999999999999868 -1.6292067894774218e-7
vn 0.10165836778671912 0.9913140513134777 -0.08343876753284324
vn 0 -0.9999999999999868 1.6292067894774218e-7
vn 0.10165836778671915 -0.9913140785012264 -0.08343844452172225
vn 0 0.9999999999999868 -1.6292067894774218e-7
vn 0.10562593529478542 0.9913151173713984 -0.07834219721218155
vn 0 -0.9999999999999868 1.6292067894774218e-7
vn 0.10562593529478542 -0.9913151428984738 -0.07834187420071345
vn 0 0.9999999999999868 -1.6292067894774218e-7
vn 0.10934918741718487 0.9913146034865313 -0.07306238516187884
vn 0 -0.9999999999999868 1.6292067894774218e-7
vn 0.10934918741718484 -0.9913146272932254 -0.07306206215057844
vn 0 -0.9999999999999868 1.6292067894774218e-7
vn 0.11279795162076285 -0.9913157734320802 -0.06759925631925846
vn 0 0.9999999999999868 -1.6292067894774218e-7
vn 0.11279795162076282 0.991315751405394 -0.06759957933093258
vn 0 0.9999999999999868 -1.6292067894774218e-7
vn 0.11597201005434596 0.9913165277952798 -0.06198414800466955
vn 0 -0.9999999999999868 1.6292067894774218e-7
vn 0.11600211920550926 -0.991313038836882 -0.06198360566970464
vn 0 0.9999999999999868 -1.6292067894774218e-7
vn 0.11890145323214946 0.9913133805425532 -0.05621588722574846
vn 0 -0.9999999999999868 1.6292067894774218e-7
vn 0.11890145323214941 -0.9913133988599615 -0.05621556421484744
vn 0 0.9999999999999868 -1.6292067894774218e-7
vn 0.12149579480271967 0.9913153286730828 -0.050325848060747996
vn 0 -0.9999999999999868 1.6292067894774218e-7
vn 0.12149579480271967 -0.9913153450712728 -0.05032552504921253
vn 0 0.9999999999999868 -1.6292067894774218e-7
vn 0.12381539565576495 0.9913166745764851 -0.04428316277351401
vn 0 -0.9999999999999868 1.6292067894774218e-7
vn 0.12381539565576495 -0.9913166890057183 -0.04428283976154031
vn 0 0.9999999999999868 -1.6292067894774218e-7
vn 0.1258597241718545 0.9913131068478135 -0.0381792354968003
vn 0 -0.9999999999999868 1.6292067894774218e-7
vn 0.12585972417185454 -0.9913131192881349 -0.03817891248598945
vn 0 0.9999999999999868 -1.6292067894774218e-7
vn 0.12756898572562952 0.9913148496403517 -0.03195344681659503
vn 0 -0.9999999999999868 1.6292067894774218e-7
vn 0.12756898572562955 -0.9913148600520536 -0.03195312380521663
vn 0 0.9999999999999868 -1.6292067894774218e-7
vn 0.12900311077721957 0.9913127628731486 -0.025635982029269453
vn 0 -0.9999999999999868 1.6292067894774218e-7
vn 0.12900311077721954 -0.9913127712263592 -0.025635659018571337
vn 0 -0.9999999999999868 1.6292067894774218e-7
vn 0.13010181860778888 -0.9913130179740015 -0.019287747152610824
vn 0 0.9999999999999868 -1.6292067894774218e-7
vn 0.13010181860778883 0.991313011689203 -0.01928807016338967
vn 0 0.9999999999999868 -1.6292067894774218e-7
vn 0.13089524704015823 0.9913125455257069 -0.012879106554380145
vn 0 -0.9999999999999868 1.6292067894774218e-7
vn 0.13089524704015823 -0.9913125497221997 -0.012878783543753528
vn 0 0.9999999999999868 -1.6292067894774218e-7
vn 0.1313533100122565 0.9913147022422452 -0.006439648064347346
vn 0 -0.9999999999999868 1.6292067894774218e-7
vn 0.1313533100122565 -0.9913147043404963 -0.006439325053018324
vn 0 0.9999999999999868 -1.6292067894774218e-7
vn 0.13150599733387505 0.9913153749767007 -1.6150577394254183e-7
vn 0 -0.9999999999999868 1.6292067894774218e-7
vn 0.13150599733387505 -0.9913153749767007 1.6150577394254183e-7
vn 0 0.9999999999999868 -1.6292067894774218e-7
vn 0.1313533100122565 0.9913147043404963 0.006439325053018324
vn 0 -0.9999999999999868 1.6292067894774218e-7
vn 0.1313533100122565 -0.9913147022422452 0.006439648064347346
vn 0 0.9999999999999868 -1.6292067894774218e-7
vn 0.13089524704015823 0.9913125497221997 0.012878783543753528
vn 0 -0.9999999999999868 1.6292067894774218e-7
vn 0.13089524704015823 -0.9913125455257069 0.012879106554380145
vn 0 0.9999999999999868 -1.6292067894774218e-7
vn 0.13010181860778888 0.9913130179740015 0.019287747152610824
vn 0 -0.9999999999999868 1.6292067894774218e-7
vn 0.13010181860778883 -0.991313011689203 0.01928807016338967
vn 0 0.9999999999999868 -1.6292067894774218e-7
vn 0.12900311077721954 0.9913127712263592 0.025635659018571337
vn 0 -0.9999999999999868 1.6292067894774218e-7
vn 0.12900311077721957 -0.9913127628731486 0.025635982029269453
vn 0 -0.9999999999999868 1.6292067894774218e-7
vn 0.12756898572562952 -0.9913148496403517 0.03195344681659503
vn 0 0.9999999999999868 -1.6292067894774218e-7
vn 0.12756898572562955 0.9913148600520536 0.03195312380521663
vn 0 0.9999999999999868 -1.6292067894774218e-7
vn 0.12585972417185454 0.9913131192881349 0.03817891248598945
vn 0 -0.9999999999999868 1.6292067894774218e-7
vn 0.1258597241718545 -0.9913131068478135 0.0381792354968003
vn 0 0.9999999999999868 -1.6292067894774218e-7
vn 0.12381539565576495 0.9913166890057183 0.04428283976154031
vn 0 -0.9999999999999868 1.6292067894774218e-7
vn 0.12381539565576495 -0.9913166745764851 0.04428316277351401
vn 0 0.9999999999999868 -1.6292067894774218e-7
vn 0.12149579480271967 0.9913153450712728 0.05032552504921253
vn 0 -0.9999999999999868 1.6292067894774218e-7
vn 0.12149579480271967 -0.9913153286730828 0.050325848060747996
vn 0 0.9999999999999868 -1.6292067894774218e-7
vn 0.11890145323214941 0.9913133988599615 0.05621556421484744
vn 0 -0.9999999999999868 1.6292067894774218e-7
vn 0.11890145323214946 -0.9913133805425532 0.05621588722574846
vn 0 0.9999999999999868 -1.6292067894774218e-7
vn 0.11600211920550926 0.991313038836882 0.06198360566970464
vn 0 -0.9999999999999868 1.6292067894774218e-7
vn 0.11597201005434596 -0.9913165277952798 0.06198414800466955
vn 0 0.9999999999999868 -1.6292067894774218e-7
vn 0.11279795162076285 0.9913157734320802 0.06759925631925846
vn 0 -0.9999999999999868 1.6292067894774218e-7
vn 0.11279795162076282 -0.991315751405394 0.06759957933093258
vn 0 0.9999999999999868 -1.6292067894774218e-7
vn 0.10934918741718484 0.9913146272932254 0.07306206215057844
vn 0 -0.9999999999999868 1.6292067894774218e-7
vn 0.10934918741718487 -0.9913146034865313 0.07306238516187884
vn 0 -0.9999999999999868 1.6292067894774218e-7
vn 0.10562593529478542 -0.9913151173713984 0.07834219721218155
vn 0 0.9999999999999868 -1.6292067894774218e-7
vn 0.10562593529478542 0.9913151428984738 0.07834187420071345
vn 0 0.9999999999999868 -1.6292067894774218e-7
vn 0.10165836778671915 0.9913140785012264 0.08343844452172225
vn 0 -0.9999999999999868 1.6292067894774218e-7
vn 0.10165836778671912 -0.9913140513134777 0.08343876753284324
vn 0 0.9999999999999868 -1.6292067894774218e-7
vn 0.09744675556939959 0.9913140022492035 0.08832145137883535
vn 0 -0.9999999999999868 1.6292067894774218e-7
vn 0.09744675556939959 -0.9913139734703692 0.08832177438993126
vn 0 0.9999999999999868 -1.6292067894774218e-7
vn 0.092991092604754 0.991314956726421 0.09299093109904943
vn 0 -0.9999999999999868 1.6292067894774218e-7
vn 0.092991092604754 -0.9913149264260771 0.0929912541104561
vn 0 0.9999999999999868 -1.6292067894774218e-7
vn 0.08832161288438448 0.991314003735878 0.09744659406385035
vn 0 -0.9999999999999868 1.6292067894774218e-7
vn 0.08832161288438448 -0.9913139719836948 0.09744691707494627
vn 0 0.9999999999999868 -1.6292067894774218e-7
vn 0.08343860602728384 0.9913140814696023 0.10165820628115729
vn 0 -0.9999999999999868 1.6292067894774218e-7
vn 0.08343860602728384 -0.9913140483451016 0.1016585292922783
vn 0 0.9999999999999868 -1.6292067894774218e-7
vn 0.07834203570644854 0.9913151473435853 0.10562577378904998
vn 0 -0.9999999999999868 1.6292067894774218e-7
vn 0.07834203570644856 -0.991315112926287 0.1056260968005181
vn 0 0.9999999999999868 -1.6292067894774218e-7
vn 0.0730622236562296 0.991314633205122 0.10934902591153321
vn 0 -0.9999999999999868 1.6292067894774218e-7
vn 0.0730622236562296 -0.9913145975746344 0.1093493489228336
vn 0 -0.9999999999999868 1.6292067894774218e-7
vn 0.0675994178250964 -0.9913157440416182 0.11279811312659839
vn 0 0.9999999999999868 -1.6292067894774218e-7
vn 0.06759941782509643 0.991315780795856 0.1127977901149243
vn 0 0.9999999999999868 -1.6292067894774218e-7
vn 0.06198398649870696 0.9913165567879917 0.11597184854838107
vn 0 -0.9999999999999868 1.6292067894774218e-7
vn 0.06198398649870696 -0.9913165189995145 0.11597217156030785
vn 0 0.9999999999999868 -1.6292067894774218e-7
vn 0.056215725720298704 0.991313409072763 0.11890129172669739
vn 0 -0.9999999999999868 1.6292067894774218e-7
vn 0.056215725720298704 -0.991313370329752 0.11890161473759839
vn 0 0.9999999999999868 -1.6292067894774218e-7
vn 0.050325686554980924 0.9913153566663552 0.12149563329695033
vn 0 -0.9999999999999868 1.6292067894774218e-7
vn 0.050325686554980924 -0.9913153170780005 0.12149595630848581
vn 0 0.9999999999999868 -1.6292067894774218e-7
vn 0.044283001267527745 0.99131670196319 0.12381523414977644
vn 0 -0.9999999999999868 1.6292067894774218e-7
vn 0.04428300126752774 -0.9913166616190133 0.12381555716175013
vn 0 0.9999999999999868 -1.6292067894774218e-7
vn 0.03817907399139538 0.9913131335731259 0.12585956266644743
vn 0 -0.9999999999999868 1.6292067894774218e-7
vn 0.03817907399139538 -0.9913130925628225 0.1258598856772583
vn 0 0.9999999999999868 -1.6292067894774218e-7
vn 0.03195328531090625 0.9913148756298283 0.12756882421993865
vn 0 -0.9999999999999868 1.6292067894774218e-7
vn 0.03195328531090625 -0.9913148340625769 0.12756914723131704
vn 0 0.9999999999999868 -1.6292067894774218e-7
vn 0.02563582052392074 0.9913127880670283 0.1290029492718688
vn 0 -0.9999999999999868 1.6292067894774218e-7
vn 0.02563582052392074 -0.9913127460324795 0.12900327228256692
vn 0 -0.9999999999999868 1.6292067894774218e-7
vn 0.0192879086580005 -0.9913129936353255 0.13010198011317656
vn 0 0.9999999999999868 -1.6292067894774218e-7
vn 0.019287908658000504 0.991313036027879 0.13010165710239774
vn 0 0.9999999999999868 -1.6292067894774218e-7
vn 0.01287894504906701 0.9913125689494959 0.13089508553484322
vn 0 -0.9999999999999868 1.6292067894774218e-7
vn 0.012878945049067008 -0.9913125262984108 0.1308954085454698
vn 0 0.9999999999999868 -1.6292067894774218e-7
vn 0.006439486558682919 0.9913147246915411 0.13135314850659024
vn 0 -0.9999999999999868 1.6292067894774218e-7
vn 0.00643948655868292 -0.9913146818912003 0.1313534715179193
vn 0 0.9999999999999868 -1.6292067894774218e-7
vn 0 0.9913153964017472 0.1315058358280994
vn 0 -0.9999999999999868 1.6292067894774218e-7
vn 0 -0.9913153535516543 0.13150615883964728
vn 0 0.9999999999999868 -1.6292067894774218e-7
vn -0.006439486558682919 0.9913147246915411 0.13135314850659024
vn 0 -0.9999999999999868 1.6292067894774218e-7
vn -0.00643948655868292 -0.9913146818912003 0.1313534715179193
vn 0 0.9999999999999868 -1.6292067894774218e-7
vn -0.01287894504906701 0.9913125689494959 0.13089508553484322
vn 0 -0.9999999999999868 1.6292067894774218e-7
vn -0.012878945049067008 -0.9913125262984108 0.1308954085454698
vn 0 0.9999999999999868 -1.6292067894774218e-7
vn -0.019287908658000504 0.991313036027879 0.13010165710239774
vn 0 -0.9999999999999868 1.6292067894774218e-7
vn -0.0192879086580005 -0.9913129936353255 0.13010198011317656
vn 0 0.9999999999999868 -1.6292067894774218e-7
vn -0.02563582052392074 0.9913127880670283 0.1290029492718688
vn 0 -0.9999999999999868 1.6292067894774218e-7
vn -0.02563582052392074 -0.9913127460324795 0.12900327228256692
vn 0 0.9999999999999868 -1.6292067894774218e-7
vn -0.03195328531090625 0.9913148756298283 0.12756882421993865
vn 0 -0.9999999999999868 1.6292067894774218e-7
vn -0.03195328531090625 -0.9913148340625769 0.12756914723131704
vn 0 -0.9999999999999868 1.6292067894774218e-7
vn -0.03817907399139538 -0.9913130925628225 0.1258598856772583
vn 0 0.9999999999999868 -1.6292067894774218e-7
vn -0.03817907399139538 0.9913131335731259 0.12585956266644743
vn 0 0.9999999999999868 -1.6292067894774218e-7
vn -0.044283001267527745 0.99131670196319 0.12381523414977644
vn 0 -0.9999999999999868 1.6292067894774218e-7
vn -0.04428300126752774 -0.9913166616190133 0.12381555716175013
vn 0 0.9999999999999868 -1.6292067894774218e-7
vn -0.050325686554980924 0.9913153566663552 0.12149563329695033
vn 0 -0.9999999999999868 1.6292067894774218e-7
vn -0.050325686554980924 -0.9913153170780005 0.12149595630848581
vn 0 0.9999999999999868 -1.6292067894774218e-7
vn -0.056215725720298704 0.991313409072763 0.11890129172669739
vn 0 -0.9999999999999868 1.6292067894774218e-7
vn -0.056215725720298704 -0.991313370329752 0.11890161473759839
vn 0 0.9999999999999868 -1.6292067894774218e-7
vn -0.06198398649870696 0.9913165567879917 0.11597184854838107
vn 0 -0.9999999999999868 1.6292067894774218e-7
vn -0.06198398649870696 -0.9913165189995145 0.11597217156030785
vn 0 0.9999999999999868 -1.6292067894774218e-7
vn -0.06759941782509643 0.991315780795856 0.1127977901149243
vn 0 -0.9999999999999868 1.6292067894774218e-7
vn -0.0675994178250964 -0.9913157440416182 0.11279811312659839
vn 0 0.9999999999999868 -1.6292067894774218e-7
vn -0.0730622236562296 0.991314633205122 0.10934902591153321
vn 0 -0.9999999999999868 1.6292067894774218e-7
vn -0.0730622236562296 -0.9913145975746344 0.1093493489228336
vn 0 0.9999999999999868 -1.6292067894774218e-7
vn -0.07834203570644854 0.9913151473435853 0.10562577378904998
vn 0 -0.9999999999999868 1.6292067894774218e-7
vn -0.07834203570644856 -0.991315112926287 0.1056260968005181
vn 0 -0.9999999999999868 1.6292067894774218e-7
vn -0.08343860602728384 -0.9913140483451016 0.1016585292922783
vn 0 0.9999999999999868 -1.6292067894774218e-7
vn -0.08343860602728384 0.9913140814696023 0.10165820628115729
vn 0 0.9999999999999868 -1.6292067894774218e-7
vn -0.08832161288438448 0.991314003735878 0.09744659406385035
vn 0 -0.9999999999999868 1.6292067894774218e-7
vn -0.08832161288438448 -0.9913139719836948 0.09744691707494627
vn 0 0.9999999999999868 -1.6292067894774218e-7
vn -0.092991092604754 0.991314956726421 0.09299093109904943
vn 0 -0.9999999999999868 1.6292067894774218e-7
vn -0.092991092604754 -0.9913149264260771 0.0929912541104561
vn 0 0.9999999999999868 -1.6292067894774218e-7
vn -0.09744675556939959 0.9913140022492035 0.08832145137883535
vn 0 -0.9999999999999868 1.6292067894774218e-7
vn -0.09744675556939959 -0.9913139734703692 0.08832177438993126
vn 0 0.9999999999999868 -1.6292067894774218e-7
vn -0.10165836778671915 0.9913140785012264 0.08343844452172225
vn 0 -0.9999999999999868 1.6292067894774218e-7
vn -0.10165836778671912 -0.9913140513134777 0.08343876753284324
vn 0 0.9999999999999868 -1.6292067894774218e-7
vn -0.10562593529478542 0.9913151428984738 0.07834187420071345
vn 0 -0.9999999999999868 1.6292067894774218e-7
vn -0.10562593529478542 -0.9913151173713984 0.07834219721218155
vn 0 0.9999999999999868 -1.6292067894774218e-7
vn -0.10934918741718484 0.9913146272932254 0.07306206215057844
vn 0 -0.9999999999999868 1.6292067894774218e-7
vn -0.10934918741718487 -0.9913146034865313 0.07306238516187884
vn 0 0.9999999999999868 -1.6292067894774218e-7
vn -0.11279795162076285 0.9913157734320802 0.06759925631925846
vn 0 -0.9999999999999868 1.6292067894774218e-7
vn -0.11279795162076282 -0.991315751405394 0.06759957933093258
vn 0 -0.9999999999999868 1.6292067894774218e-7
vn -0.11597201005434596 -0.9913165277952798 0.06198414800466955
vn 0 0.9999999999999868 -1.6292067894774218e-7
vn -0.11600211920550926 0.991313038836882 0.06198360566970464
vn 0 0.9999999999999868 -1.6292067894774218e-7
vn -0.11890145323214941 0.9913133988599615 0.05621556421484744
vn 0 -0.9999999999999868 1.6292067894774218e-7
vn -0.11890145323214946 -0.9913133805425532 0.05621588722574846
vn 0 0.9999999999999868 -1.6292067894774218e-7
vn -0.12149579480271967 0.9913153450712728 0.05032552504921253
vn 0 -0.9999999999999868 1.6292067894774218e-7
vn -0.12149579480271967 -0.9913153286730828 0.050325848060747996
vn 0 0.9999999999999868 -1.6292067894774218e-7
vn -0.12381539565576495 0.9913166890057183 0.04428283976154031
vn 0 -0.9999999999999868 1.6292067894774218e-7
vn -0.12381539565576495 -0.9913166745764851 0.04428316277351401
vn 0 0.9999999999999868 -1.6292067894774218e-7
vn -0.12585972417185454 0.9913131192881349 0.03817891248598945
vn 0 -0.9999999999999868 1.6292067894774218e-7
vn -0.1258597241718545 -0.9913131068478135 0.0381792354968003
vn 0 0.9999999999999868 -1.6292067894774218e-7
vn -0.12756898572562955 0.9913148600520536 0.03195312380521663
vn 0 -0.9999999999999868 1.6292067894774218e-7
vn -0.12756898572562952 -0.9913148496403517 0.03195344681659503
vn 0 0.9999999999999868 -1.6292067894774218e-7
vn -0.12900311077721954 0.9913127712263592 0.025635659018571337
vn 0 -0.9999999999999868 1.6292067894774218e-7
vn -0.12900311077721957 -0.9913127628731486 0.025635982029269453
vn 0 0.9999999999999868 -1.6292067894774218e-7
vn -0.13010181860778888 0.9913130179740015 0.019287747152610824
vn 0 -0.9999999999999868 1.6292067894774218e-7
vn -0.13010181860778883 -0.991313011689203 0.01928807016338967
vn 0 0.9999999999999868 -1.6292067894774218e-7
vn -0.13089524704015823 0.9913125497221997 0.012878783543753528
vn 0 -0.9999999999999868 1.6292067894774218e-7
vn -0.13089524704015823 -0.9913125455257069 0.012879106554380145
vn 0 0.9999999999999868 -1.6292067894774218e-7
vn -0.1313533100122565 0.9913147043404963 0.006439325053018324
vn 0 -0.9999999999999868 1.6292067894774218e-7
vn -0.1313533100122565 -0.9913147022422452 0.006439648064347346
vn 0 0.9999999999999868 -1.6292067894774218e-7
vn -0.13150599733387505 0.9913153749767007 -1.6150577394254183e-7
vn 0 -0.9999999999999868 1.6292067894774218e-7
vn -0.13150599733387505 -0.9913153749767007 1.6150577394254183e-7
vn -0.13150599733387505 0.9913153749767007 -1.6150577394254183e-7
vn 0 0.9999999999999868 -1.6292067894774218e-7
vn -0.1313533100122565 0.9913147022422452 -0.006439648064347346
vn 0 -0.9999999999999868 1.6292067894774218e-7
vn -0.13150599733387505 -0.9913153749767007 1.6150577394254183e-7
vn -0.1313533100122565 -0.9913147043404963 -0.006439325053018324
vn 0 0.9999999999999868 -1.6292067894774218e-7
vn -0.13089524704015823 0.9913125455257069 -0.012879106554380145
vn 0 -0.9999999999999868 1.6292067894774218e-7
vn -0.13089524704015823 -0.9913125497221997 -0.012878783543753528
vn 0 -0.9999999999999868 1.6292067894774218e-7
vn -0.13010181860778888 -0.9913130179740015 -0.019287747152610824
vn 0 0.9999999999999868 -1.6292067894774218e-7
vn -0.13010181860778883 0.991313011689203 -0.01928807016338967
vn 0 0.9999999999999868 -1.6292067894774218e-7
vn -0.12900311077721957 0.9913127628731486 -0.025635982029269453
vn 0 -0.9999999999999868 1.6292067894774218e-7
vn -0.12900311077721954 -0.9913127712263592 -0.025635659018571337
vn 0 0.9999999999999868 -1.6292067894774218e-7
vn -0.12756898572562952 0.9913148496403517 -0.03195344681659503
vn 0 -0.9999999999999868 1.6292067894774218e-7
vn -0.12756898572562955 -0.9913148600520536 -0.03195312380521663
vn 0 0.9999999999999868 -1.6292067894774218e-7
vn -0.1258597241718545 0.9913131068478135 -0.0381792354968003
vn 0 -0.9999999999999868 1.6292067894774218e-7
vn -0.12585972417185454 -0.9913131192881349 -0.03817891248598945
vn 0 -0.9999999999999868 1.6292067894774218e-7
vn -0.12381539565576495 -0.9913166890057183 -0.04428283976154031
vn 0 0.9999999999999868 -1.6292067894774218e-7
vn -0.12381539565576495 0.9913166745764851 -0.04428316277351401
vn 0 0.9999999999999868 -1.6292067894774218e-7
vn -0.12149579480271967 0.9913153286730828 -0.050325848060747996
vn 0 -0.9999999999999868 1.6292067894774218e-7
vn -0.12149579480271967 -0.9913153450712728 -0.05032552504921253
vn 0 0.9999999999999868 -1.6292067894774218e-7
vn -0.11890145323214946 0.9913133805425532 -0.05621588722574846
vn 0 -0.9999999999999868 1.6292067894774218e-7
vn -0.11890145323214941 -0.9913133988599615 -0.05621556421484744
vn 0 0.9999999999999868 -1.6292067894774218e-7
vn -0.11597201005434596 0.9913165277952798 -0.06198414800466955
vn 0 -0.9999999999999868 1.6292067894774218e-7
vn -0.11600211920550926 -0.991313038836882 -0.06198360566970464
vn 0 0.9999999999999868 -1.6292067894774218e-7
vn -0.11279795162076282 0.991315751405394 -0.06759957933093258
vn 0 -0.9999999999999868 1.6292067894774218e-7
vn -0.11279795162076285 -0.9913157734320802 -0.06759925631925846
vn 0 0.9999999999999868 -1.6292067894774218e-7
vn -0.10934918741718487 0.9913146034865313 -0.07306238516187884
vn 0 -0.9999999999999868 1.6292067894774218e-7
vn -0.10934918741718484 -0.9913146272932254 -0.07306206215057844
vn 0 0.9999999999999868 -1.6292067894774218e-7
vn -0.10562593529478542 0.9913151173713984 -0.07834219721218155
vn 0 -0.9999999999999868 1.6292067894774218e-7
vn -0.10562593529478542 -0.9913151428984738 -0.07834187420071345
vn 0 0.9999999999999868 -1.6292067894774218e-7
vn -0.10165836778671912 0.9913140513134777 -0.08343876753284324
vn 0 -0.9999999999999868 1.6292067894774218e-7
vn -0.10165836778671915 -0.9913140785012264 -0.08343844452172225
vn 0 -0.9999999999999868 1.6292067894774218e-7
vn -0.09744675556939959 -0.9913140022492035 -0.08832145137883535
vn 0 0.9999999999999868 -1.6292067894774218e-7
vn -0.09744675556939959 0.9913139734703692 -0.08832177438993126
vn 0 0.9999999999999868 -1.6292067894774218e-7
vn -0.092991092604754 0.9913149264260771 -0.0929912541104561
vn 0 -0.9999999999999868 1.6292067894774218e-7
vn -0.092991092604754 -0.991314956726421 -0.09299093109904943
vn 0 0.9999999999999868 -1.6292067894774218e-7
vn -0.08832161288438448 0.9913139719836948 -0.09744691707494627
vn 0 -0.9999999999999868 1.6292067894774218e-7
vn -0.08832161288438448 -0.991314003735878 -0.09744659406385035
vn 0 0.9999999999999868 -1.6292067894774218e-7
vn -0.08343860602728384 0.9913140483451016 -0.1016585292922783
vn 0 -0.9999999999999868 1.6292067894774218e-7
vn -0.08343860602728384 -0.9913140814696023 -0.10165820628115729
vn 0 0.9999999999999868 -1.6292067894774218e-7
vn -0.07834203570644856 0.991315112926287 -0.1056260968005181
vn 0 -0.9999999999999868 1.6292067894774218e-7
vn -0.07834203570644854 -0.9913151473435853 -0.10562577378904998
vn 0 0.9999999999999868 -1.6292067894774218e-7
vn -0.0730622236562296 0.9913145975746344 -0.1093493489228336
vn 0 -0.9999999999999868 1.6292067894774218e-7
vn -0.0730622236562296 -0.991314633205122 -0.10934902591153321
vn 0 0.9999999999999868 -1.6292067894774218e-7
vn -0.0675994178250964 0.9913157440416182 -0.11279811312659839
vn 0 -0.9999999999999868 1.6292067894774218e-7
vn -0.06759941782509643 -0.991315780795856 -0.1127977901149243
vn 0 0.9999999999999868 -1.6292067894774218e-7
vn -0.06198398649870696 0.9913165189995145 -0.11597217156030785
vn 0 -0.9999999999999868 1.6292067894774218e-7
vn -0.06198398649870696 -0.9913165567879917 -0.11597184854838107
vn 0 0.9999999999999868 -1.6292067894774218e-7
vn -0.056215725720298704 0.991313370329752 -0.11890161473759839
vn 0 -0.9999999999999868 1.6292067894774218e-7
vn -0.056215725720298704 -0.991313409072763 -0.11890129172669739
vn 0 0.9999999999999868 -1.6292067894774218e-7
vn -0.050325686554980924 0.9913153170780005 -0.12149595630848581
vn 0 -0.9999999999999868 1.6292067894774218e-7
vn -0.050325686554980924 -0.9913153566663552 -0.12149563329695033
vn 0 0.9999999999999868 -1.6292067894774218e-7
vn -0.04428300126752774 0.9913166616190133 -0.12381555716175013
vn 0 -0.9999999999999868 1.6292067894774218e-7
vn -0.044283001267527745 -0.99131670196319 -0.12381523414977644
vn 0 0.9999999999999868 -1.6292067894774218e-7
vn -0.03817907399139538 0.9913130925628225 -0.1258598856772583
vn 0 -0.9999999999999868 1.6292067894774218e-7
vn -0.03817907399139538 -0.9913131335731259 -0.12585956266644743
vn 0 0.9999999999999868 -1.6292067894774218e-7
vn -0.03195328531090625 0.9913148340625769 -0.12756914723131704
vn 0 -0.9999999999999868 1.6292067894774218e-7
vn -0.03195328531090625 -0.9913148756298283 -0.12756882421993865
vn 0 -0.9999999999999868 1.6292067894774218e-7
vn -0.02563582052392074 -0.9913127880670283 -0.1290029492718688
vn 0 0.9999999999999868 -1.6292067894774218e-7
vn -0.02563582052392074 0.9913127460324795 -0.12900327228256692
vn 0 0.9999999999999868 -1.6292067894774218e-7
vn -0.0192879086580005 0.9913129936353255 -0.13010198011317656
vn 0 -0.9999999999999868 1.6292067894774218e-7
vn -0.019287908658000504 -0.991313036027879 -0.13010165710239774
vn 0 0.9999999999999868 -1.6292067894774218e-7
vn -0.012878945049067008 0.9913125262984108 -0.1308954085454698
vn 0 -0.9999999999999868 1.6292067894774218e-7
vn -0.01287894504906701 -0.9913125689494959 -0.13089508553484322
vn 0 0.9999999999999868 -1.6292067894774218e-7
vn -0.00643948655868292 0.9913146818912003 -0.1313534715179193
vn 0 -0.9999999999999868 1.6292067894774218e-7
vn -0.006439486558682919 -0.9913147246915411 -0.13135314850659024
vn 0 0.9999999999999868 -1.6292067894774218e-7
vn 0 -0.9999999999999868 1.6292067894774218e-7
vn 0 0.38231479864688 -0.9240321394494866
vn 0 0.4995628993926694 -0.8662776169048753
vn 0.04248206798873348 0.49956089943223136 -0.8652364888617795
vn 0.04532055779962392 0.38231004707439986 -0.9229220308057995
vn 0 0.9656769747852555 -0.2597459920183502
vn 0.012726332724983243 0.965675280386341 -0.2594403463344412
vn 0 -0.6082689044659298 -0.7937310248817401
vn 0 -0.4995631816617178 -0.8662774541265758
vn 0.042482067988733496 -0.4995611813620374 -0.8652363260841318
vn 0.038942538603033115 -0.6082788882145622 -0.792767477158093
vn 0 0.258558965284264 -0.9659954769413419
vn 0.047396228334530145 0.2585580395638741 -0.9648322847606973
vn 0 0.9235240948655306 -0.38354041013014883
vn 0.018800072482149065 0.9235229518242815 -0.38308212530530833
vn 0 -0.7066031771347498 -0.7076100268248587
vn 0.034700016677471815 -0.7066047595327855 -0.706757117154258
vn 0 0.13037619430685013 -0.9914645974305196
vn 0.048616345108453626 0.13037588219533902 -0.9902719729095046
vn 0 0.865586361606979 -0.5007596734961715
vn 0.024568071702599403 0.8655895351840974 -0.5001511435882098
vn 0 -0.7928577446225509 -0.6094067580787418
vn 0.02987826519693922 -0.7928575418513684 -0.6086741390910471
vn 0 -1.6292067894774218e-7 -0.9999999999999868
vn 0.049044097347955506 -1.6272462251437095e-7 -0.9987966141889438
vn 0 0.7928575460525832 -0.6094070164245535
vn 0.02987826519693921 0.7928573435201182 -0.6086743974367925
vn 0 -0.8655865247751452 -0.5007593914523093
vn 0.024537570951502687 -0.865590355958715 -0.500151220415451
vn 0 -0.13037651736701392 -0.9914645549485107
vn 0.048616345108453626 -0.13037620486689647 -0.9902719304275976
vn 0 0.7065876469494835 -0.7076255345720588
vn 0.034700016677471815 0.7066045292420492 -0.7067573473952748
vn 0 -0.9235242198388094 -0.38354010920778336
vn 0.018800072482149065 -0.9235230766482323 -0.38308182438331534
vn 0 -0.2585592800455282 -0.9659953926920863
vn 0.04739622833453015 -0.25855835394612214 -0.9648322005117435
vn 0 0.6082686458355027 -0.7937312230808639
vn 0.038912067379378884 0.6082793709214517 -0.7927686030133041
vn 0 -0.9656770594211911 -0.25974567736083964
vn 0.012726332724983242 -0.9656753649226845 -0.2594400316774827
vn 0 -0.3823150997347469 -0.9240320148754645
vn 0.04532055779962391 -0.38231034780054723 -0.9229219062333256
vn 0.03756948045906813 -0.9235195194214535 -0.3817069967731837
vn 0.02545271653685721 -0.9656773619021409 -0.2584944717602607
vn 0.09466970537435121 -0.258556488021474 -0.9613460299945773
vn 0.0905513782040126 -0.382318026877974 -0.9195832611729546
vn 0.07779372084238172 0.6082802007893022 -0.7899008382861887
vn 0.08490420484030739 0.49956740467072597 -0.8621042188685717
vn 0.08490420484030738 -0.49956768557990877 -0.8621040560888044
vn 0.0905513782040126 0.3823177272396951 -0.9195833857479309
vn 0.02545271653685721 0.9656772776738999 -0.2584947864178698
vn 0.0777937208423817 -0.6082804581716316 -0.7899006400833003
vn 0.09466970537435124 0.2585561747751645 -0.9613461142429236
vn 0.03756948045906813 0.9235193950454782 -0.3817072976940177
vn 0.06933945846299266 -0.7066094508338983 -0.7041982132129245
vn 0.09717362676522293 0.13037852665143296 -0.9866907955633795
vn 0.0490749381360446 0.8655865772243616 -0.4983488013188733
vn 0.05972588290439044 -0.7928558192350759 -0.6064754478265113
vn 0.09799579174136065 -1.62136513875748e-7 -0.9951868290933907
vn 0.05972588290439046 0.7928556216202506 -0.6064757061716961
vn 0.0490749381360446 -0.8655867396069656 -0.4983485192749411
vn 0.09717362676522293 -0.13037884815609466 -0.9866907530806109
vn 0.06933945846299266 0.7066092213769588 -0.7041984434554701
vn 0.13556805813052014 0.38231885800148235 -0.9140315051633409
vn 0.14172918798549974 0.2585548935867942 -0.9555428845820015
vn 0.038087509412830026 0.9656770017826273 -0.2569382607842655
vn 0.05627819150412651 0.9235238410377652 -0.3793896152978853
vn 0.11646094459910498 -0.6082765903723063 -0.7851346623275053
vn 0.10382527602744607 -0.7066041005694914 -0.6999506819170939
vn 0.14545482758970996 0.13037815091806387 -0.9807366776530967
vn 0.07346033694684165 0.8655927743727887 -0.4953309276123137
vn 0.08939068558896635 -0.7928579057355183 -0.6028147697615102
vn 0.1467046082946205 -1.6115793365381149e-7 -0.9891803465016357
vn 0.08939068558896635 0.7928577093134931 -0.6028150281073748
vn 0.07346033694684165 -0.8655929357720448 -0.4953306455663625
vn 0.14545482758970996 -0.13037847048262774 -0.980736635170451
vn 0.10382527602744605 0.7066038724965732 -0.6999509121578963
vn 0.0562781915041265 -0.9235239646585437 -0.37938931437560264
vn 0.14172918798549974 -0.2585552049421715 -0.9555428003340731
vn 0.11646094459910498 0.6082763345429295 -0.7851348605291338
vn 0.038087509412830026 -0.9656770855036877 -0.25693794612674625
vn 0.13556805813052014 -0.3823191558307289 -0.9140313805879966
vn 0.12708019336491938 0.49956179150904473 -0.8569064365020304
vn 0.1271102269799439 -0.4995601353777541 -0.8569029474441475
vn 0.1950772164749866 -1.5979062848087477e-7 -0.9807878871664074
vn 0.19339741336080352 -0.1303763205264898 -0.972419382546093
vn 0.11887312561842449 0.7928638001402856 -0.5976923744141392
vn 0.13803841218819263 0.7066113270573791 -0.6940070815451181
vn 0.09769166731499025 -0.8655830582616343 -0.49114387646356056
vn 0.0748033413535392 -0.9235207016794054 -0.37618343091093814
vn 0.1884553899605324 -0.25855789398881895 -0.947434631756139
vn 0.1548231543850581 0.6082750489477794 -0.7784800933189219
vn 0.050661090608059976 -0.9656736526484576 -0.25477019150400676
vn 0.1802487573040662 -0.3823191599401801 -0.9062794521740934
vn 0.16898600630588526 0.4995722100631531 -0.8496301175249168
vn 0.16898162627173582 -0.4995595398308683 -0.8496384384822349
vn 0.1802487573040662 0.3823188646368325 -0.9062795767494395
vn 0.050661090608059976 0.9656735696337411 -0.2547705061604075
vn 0.1548231543850581 -0.6082753026087578 -0.7784798951177125
vn 0.18845538996053235 0.25855758527541817 -0.9474347160049437
vn 0.07480334135353921 0.9235205791032364 -0.3761837318321577
vn 0.13803841218819263 -0.7066115531935514 -0.694006851301887
vn 0.19339741336080352 0.13037600367203084 -0.9724194250280387
vn 0.09769166731499025 0.8655828982266008 -0.49114415850629356
vn 0.11887312561842449 -0.7928639948931385 -0.5976921160662901
vn 0.06311292229765594 -0.9656765915052642 -0.2519632506097375
vn 0.22449865264907243 -0.38231314766070296 -0.8963464799309008
vn 0.21049031800771706 -0.49956749542983725 -0.8403131223151102
vn 0.2104903180077171 0.49956722162104206 -0.8403132850948167
vn 0.22449865264907246 0.3823128555939286 -0.8963466045042883
vn 0.06311292229765594 0.9656765094051651 -0.25196356526709596
vn 0.1928509441137616 -0.6082786280912834 -0.7699387144194122
vn 0.2346906032311993 0.25855625581536223 -0.9370533513806548
vn 0.09317593684087107 0.9235190262137848 -0.3720629691530301
vn 0.17191389113812522 -0.7066080459734828 -0.6864041691301744
vn 0.24088907023952041 0.13037842309991507 -0.9617556460084438
vn 0.12165051424783985 0.8655925002876328 -0.4857476462413795
vn 0.14805063309411662 -0.7928690522862134 -0.591134228384039
vn 0.2429592717166582 -1.5803900358472922e-7 -0.9700364901831716
vn 0.14805063309411662 0.7928688596701916 -0.5911344867335362
vn 0.12165051424783985 -0.8655926585642596 -0.4857473641955181
vn 0.2408890702395204 -0.13037873647967377 -0.9617556035257102
vn 0.17191389113812525 0.7066078223145787 -0.6864043993722633
vn 0.09317593684087107 -0.9235191474472388 -0.3720626682323169
vn 0.23469060323119922 -0.2585565611460849 -0.9370532671322834
vn 0.1928509441137616 0.608278377213375 -0.7699389126217054
vn 0.2804117321758333 0.25855974300951795 -0.9244004109437647
vn 0.2877945836454971 0.13037719618543253 -0.9487760875671036
vn 0.11133547164398361 0.9235227710970074 -0.3670287509434601
vn 0.14536198775330256 0.8655796940337717 -0.4792094383386149
vn 0.20539097204514223 -0.706599991757233 -0.6771491713433827
vn 0.17689009936407724 -0.7928620677884148 -0.5831634712576277
vn 0.2902640358588723 -1.5590638929801684e-7 -0.9569465969879902
vn 0.17689009936407724 0.7928618777695953 -0.5831637296048494
vn 0.14536198775330256 -0.8655798501799797 -0.4792091562969267
vn 0.28779458364549715 -0.13037750533591436 -0.9487760450847706
vn 0.20539097204514223 0.70659977111399 -0.6771494015828476
vn 0.1113354716439836 -0.9235228906901048 -0.3670284500215268
vn 0.28041173217583326 -0.2585600442173893 -0.9244003266942578
vn 0.23038763048463137 0.6082732302184136 -0.7595559341610949
vn 0.07538136242778033 -0.9656749007792605 -0.24857521236739755
vn 0.26823585590962945 -0.382317827058368 -0.8842412593392124
vn 0.2514446292833031 0.4995625883955727 -0.8289830026484848
vn 0.2514446292833031 -0.49956285851249344 -0.8289828398702886
vn 0.26823585590962945 0.3823175389359751 -0.8842413839141254
vn 0.07538136242778033 0.9656748197831245 -0.24857552702420532
vn 0.2303876304846314 -0.6082734777131185 -0.7595557359604794
vn 0.33399914741946796 -0.1303770088669506 -0.9335129378224897
vn 0.32542531523349094 -0.2585581142644879 -0.9095306843384533
vn 0.23838125194618673 0.7065984279190327 -0.6662529852713008
vn 0.2673805434458992 0.6082821641353394 -0.7473288792636101
vn 0.12921910245172058 -0.9235168402693865 -0.36113580451184835
vn 0.0874972286945923 -0.9656740201926786 -0.24457702609950238
vn 0.3112977306986384 -0.38231647571510274 -0.870015997128019
vn 0.291820875212078 0.49956229479967273 -0.8156458118601123
vn 0.291820875212078 -0.4995625605707852 -0.8156456490820125
vn 0.3112977306986385 0.38231619222788865 -0.8700161217024924
vn 0.08749722869459231 0.965673940499317 -0.24457734075602344
vn 0.2673805434458992 -0.608282407645964 -0.7473286810600841
vn 0.32542531523349094 0.25855781790176097 -0.9095307685873321
vn 0.12921910245172058 0.9235167225963566 -0.36113610543181046
vn 0.2383812519461867 -0.7065986450117726 -0.6662527550322742
vn 0.33399914741946796 0.13037670468982043 -0.9335129803046618
vn 0.1686800377530111 0.8655876125789188 -0.47149244937068757
vn 0.20530160545622456 -0.7928543769731595 -0.573788452054936
vn 0.3368718727887036 -1.5339804648770393e-7 -0.941550498552153
vn 0.20530160545622458 0.7928541900091092 -0.5737887103996523
vn 0.16868003775301108 -0.8655877662106127 -0.4714921673264194
vn 0.0993992290548571 0.965670941230872 -0.23999880525865414
vn 0.3314998854082989 -0.49956945822121673 -0.8003362933085344
vn 0.30372649091664067 -0.6082771355100804 -0.7333138108143846
vn 0.3536010041640316 0.38231987268347334 -0.853696576545485
vn 0.3696484035181207 0.25855843051742694 -0.8924727423203855
vn 0.14676809379581562 0.9235188085320138 -0.35436159065445066
vn 0.27079393022754455 -0.7066035364770188 -0.6537446669687564
vn 0.37941165837262847 0.13037683196842198 -0.9159960017253405
vn 0.19163037106705652 0.8655868877377769 -0.4626414817773385
vn 0.2331978237057113 -0.7928604823154483 -0.5630195650254392
vn 0.3826815394466199 -1.5051920844391582e-7 -0.9238803165815053
vn 0.23319782370571124 0.7928602988603465 -0.5630198233721453
vn 0.19163037106705655 -0.8655870384854596 -0.46264119973330714
vn 0.37941165837262847 -0.13037713043779608 -0.9159959592431278
vn 0.27079393022754455 0.7066033234599313 -0.6537448972093776
vn 0.14676809379581562 -0.9235189239976267 -0.35436128973380915
vn 0.36964840351812084 -0.2585587213219435 -0.8924726580713082
vn 0.30372649091664067 0.6082768965660804 -0.7333140090161934
vn 0.0993992290548571 -0.9656710194323576 -0.23999849060311065
vn 0.3536010041640316 -0.3823201508531048 -0.8536964519698133
vn 0.3314998854082989 0.4995691974385256 -0.8003364560888827
vn 0.4239050013828658 0.13037581622263544 -0.8962737842572849
vn 0.42753791747238695 -1.4727987287081725e-7 -0.9039974165468354
vn 0.21409184162204842 0.8655840777064265 -0.45269071977675296
vn 0.2605424521570169 0.7928583315064517 -0.5509022570155382
vn 0.26054245215701693 -0.7928585110131492 -0.5509019986694736
vn 0.21409184162204842 -0.8655842252117394 -0.45269043773363776
vn 0.4239050013828658 -0.13037610826569543 -0.8962737417754043
vn 0.30253359699643234 0.7066034134164987 -0.6396757294415296
vn 0.16398108452786522 -0.9235190726745128 -0.34673149023916644
vn 0.4130176871839138 -0.2585596467495286 -0.8732487040620271
vn 0.3393404003867934 0.6082734162618665 -0.7175315628837862
vn 0.11105789719010695 -0.9656757859955784 -0.2348114558822325
vn 0.39507328078753595 -0.3823162650059867 -0.8353151359335259
vn 0.3703750306686195 0.4995606369873516 -0.7831101497426852
vn 0.3703750306686195 -0.49956089215699967 -0.7831099869651271
vn 0.395073280787536 0.38231599282574824 -0.8353152605079326
vn 0.11105789719010696 0.9656757094842434 -0.23481177053932953
vn 0.3393404003867934 -0.6082736500632929 -0.7175313646831121
vn 0.41301768718391385 0.25855936220897136 -0.8732487883114072
vn 0.1639810845278652 0.9235189596950042 -0.3467317911598567
vn 0.30253359699643234 -0.7066036218492694 -0.63967549920088
vn 0.4553463138960733 -0.25855870888683413 -0.8519431486196904
vn 0.4355731317353386 -0.3823168457580444 -0.814929368939351
vn 0.37416006866726065 0.6082693783173233 -0.7000090045252045
vn 0.40834843548784394 0.4995705595234088 -0.7639900596814717
vn 0.12244162775262316 -0.9656774835943323 -0.22907432303120764
vn 0.40834843548784394 -0.49957080846294066 -0.7639898969006818
vn 0.4355731317353387 0.38231658022033205 -0.814929493513948
vn 0.12244162775262318 0.9656774089523925 -0.22907463768885802
vn 0.37416006866726065 -0.6082696064091755 -0.700008806325847
vn 0.4553463138960732 0.2585584312885079 -0.851943232868766
vn 0.18079854693647046 0.9235253288311691 -0.33824968947944617
vn 0.33357186058302385 -0.7066047809908381 -0.6240508771791523
vn 0.467366526208967 0.13037662300464037 -0.8743972017071354
vn 0.23603549883415048 0.8655855139391421 -0.4416434776477799
vn 0.287277579333169 -0.792859343898928 -0.5374436279319315
vn 0.4714022322355221 -1.436827326062063e-7 -0.8819183269687426
vn 0.28727757933316894 0.7928591687775243 -0.537443886278268
vn 0.23603549883415043 -0.8655856578448066 -0.4416431956041971
vn 0.467366526208967 -0.13037690791940498 -0.8743971592249931
vn 0.3335718605830238 0.7066045776492154 -0.6240511074201804
vn 0.18079854693647043 -0.9235254390468581 -0.3382493885566809
vn 0.13355030710627697 0.9656759679647418 -0.2227874331446414
vn 0.1971871838822172 0.9235233062735899 -0.32897099763063875
vn 0.4080462410524133 -0.6082849948261265 -0.6807992583958764
vn 0.36378666699855455 -0.7066069047840841 -0.6069315801847347
vn 0.49660996331185525 0.2585593329799582 -0.8285684133904436
vn 0.5097002170789168 0.13037765519046735 -0.8504159898171839
vn 0.2574292086443634 0.8655846487245656 -0.4295269705491227
vn 0.31328177653920575 -0.7928638764882125 -0.5227058463883139
vn 0.5140917454241748 -1.397428015181942e-7 -0.8577352023128735
vn 0.3132817765392057 0.7928637061689877 -0.5227061047361282
vn 0.25742920864436347 -0.8655847886821711 -0.42952668850582265
vn 0.5097002170789167 -0.13037793229116132 -0.8504159473347066
vn 0.36378666699855455 0.7066067070206362 -0.6069318104264558
vn 0.19718718388221723 -0.9235234134658975 -0.32897069670853313
vn 0.49660996331185514 -0.2585596029618014 -0.8285683291410755
vn 0.4080462410524133 0.6082847729935393 -0.680799456600249
vn 0.13352031162301092 -0.9656799784582386 -0.22278802837897305
vn 0.4750295363415965 -0.38231270176968835 -0.7925805559491409
vn 0.44536671495644853 0.49956873020518056 -0.7430205737461684
vn 0.44536671495644853 -0.49956897231198666 -0.7430204109659754
vn 0.47502953634159645 0.38231244351414345 -0.7925806805223887
vn 0.5555731903847625 -1.354632718203888e-7 -0.831467636246702
vn 0.5508103313884498 -0.13037811184430115 -0.8243843319639579
vn 0.3385502749046994 0.7928600700076934 -0.5067115755036076
vn 0.3931187280032423 0.7066125307288398 -0.5883505733065083
vn 0.27821196411744437 -0.8655823024407326 -0.4163716857848451
vn 0.21308803859110012 -0.9235240225109856 -0.3188994632396334
vn 0.5366760417379248 -0.2585568210392422 -0.8031981054002769
vn 0.4409655052898147 0.6082691877395764 -0.6599681949845269
vn 0.14429301031385267 -0.9656767010228057 -0.21598156466763
vn 0.5133696291668554 -0.3823187036374723 -0.7682994420784436
vn 0.48128407683758384 0.4995648230576344 -0.7202781580375661
vn 0.48128407683758384 -0.499565057754021 -0.7202779952586477
vn 0.5133696291668554 0.38231845329371855 -0.7682995666536484
vn 0.1442930103138526 0.9656766306470279 -0.215981879325026
vn 0.4409655052898147 -0.6082694027844769 -0.6599679967852337
vn 0.5366760417379248 0.2585565593240672 -0.8031981896487399
vn 0.21308803859110015 0.9235239186003025 -0.3188997641619381
vn 0.3931187280032423 -0.7066127224377521 -0.5883503430628905
vn 0.5508103313884498 0.13037784322578405 -0.8243843744464949
vn 0.27821196411744437 0.8655821667695711 -0.4163719678273359
vn 0.3385502749046993 -0.7928602351152391 -0.5067113171569787
vn 0.5504419905969782 -0.3823125036590425 -0.7421932124006463
vn 0.5160431051851221 -0.4995630713899394 -0.6957990020791548
vn 0.516043105185122 0.49956284466982115 -0.6957991648574273
vn 0.5504419905969782 0.3823122618217781 -0.7421933369738322
vn 0.1547306078593041 0.9656775813068752 -0.20862705469999215
vn 0.47283386990255094 -0.6082781587531076 -0.6375153433894016
vn 0.5754430153272255 0.2585601045140532 -0.7758943281560914
vn 0.22847003741954192 0.9235243102475215 -0.30806539952314155
vn 0.4215270260725972 -0.7066041527360455 -0.5683533563079991
vn 0.5906022968516906 0.13037673650395487 -0.7963609944818278
vn 0.2982956826738372 0.8655885303106718 -0.4022140995698197
vn 0.36302771793566996 -0.792862367751217 -0.4894692450137737
vn 0.5957040742187215 -1.308585400341586e-7 -0.803203993988575
vn 0.36302771793566996 0.7928622082618514 -0.4894695033610983
vn 0.29829568267383716 -0.8655886613686141 -0.40221381752525615
vn 0.5906022968516906 -0.1303769959912958 -0.7963609519996527
vn 0.4215270260725972 0.7066039675429786 -0.5683535865488256
vn 0.22847003741954194 -0.9235244106279206 -0.30806509860070996
vn 0.5754430153272254 -0.25856035733250093 -0.7758942439064745
vn 0.47283386990255094 0.6082779510242102 -0.6375155415915491
vn 0.1547306078593041 -0.9656776492861469 -0.2086267400422867
vn 0.243330724901985 0.9235153072803018 -0.2964955910930958
vn 0.3176733958583395 0.8655828874918162 -0.38710448001174136
vn 0.44890224031992565 -0.7066037935003632 -0.5469898149386766
vn 0.38659161121134566 -0.792868388651878 -0.4710696810638425
vn 0.6289802533950728 0.13037997878729035 -0.766410400484294
vn 0.6343937846080165 -1.2593932098332714e-7 -0.7730100426583744
vn 0.38659161121134566 0.7928682351578513 -0.47106993941312997
vn 0.3176733958583395 -0.8655830136264198 -0.3871041979690174
vn 0.6289802533950728 -0.130380228515489 -0.7664103580010639
vn 0.44890224031992565 0.7066036152684216 -0.5469900451793871
vn 0.24333072490198504 -0.9235154038907788 -0.2964952901735983
vn 0.612829101498005 -0.25856028237541734 -0.7467175320930213
vn 0.5035351450786206 0.6082766767240311 -0.6135567147576668
vn 0.1647715545588947 -0.965679160233775 -0.20078370028076561
vn 0.5861948196581266 -0.38232228294028286 -0.7142865709036583
vn 0.5495541243190075 0.4995640805644217 -0.6696461706407294
vn 0.5495541243190075 -0.4995642987628127 -0.6696460078620554
vn 0.5861948196581266 0.38232205019615634 -0.7142866954800321
vn 0.16477155455889467 0.9656790948100901 -0.20078401493896378
vn 0.5035351450786207 -0.608276876646152 -0.613556516555936
vn 0.612829101498005 0.25856003906394903 -0.7467176163426151
vn 0.6658321558860815 -0.1303771163466231 -0.7346219080052215
vn 0.6487137759084803 -0.25855783306979 -0.7157641258856275
vn 0.4752051362295549 0.7065971135727167 -0.5243096390414307
vn 0.5330456093942075 0.60827491427284 -0.5881020378913231
vn 0.2575836241403572 -0.9235166988547413 -0.28419638194593605
vn 0.1744455752649828 -0.9656765267918032 -0.19245151824235932
vn 0.6205430504615784 -0.38231174618385727 -0.684663458389367
vn 0.5817511934977851 0.4995637391452279 -0.6418735228961711
vn 0.5817511934977851 -0.49956394829414164 -0.6418733601176099
vn 0.6205430504615784 0.382311523092166 -0.6846635829623092
vn 0.17444557526498278 0.9656764640830878 -0.19245183289969986
vn 0.5330456093942075 -0.6082751059007744 -0.5881018396901678
vn 0.6487137759084803 0.25855759984422155 -0.7157642101344249
vn 0.2575836241403572 0.9235166062517574 -0.28419668286585614
vn 0.4752051362295549 -0.7065972844144439 -0.5243094088028399
vn 0.6658321558860815 0.13037687697641615 -0.7346219504874391
vn 0.33629319750957914 0.8655909891244585 -0.37102442622464177
vn 0.40923690256939205 -0.792867963928515 -0.45153687485216615
vn 0.6715539986632478 -1.2071699224846277e-7 -0.7409556173478867
vn 0.40923690256939216 0.7928678167990846 -0.45153713320131633
vn 0.33629319750957914 -0.8655911100195154 -0.3710241441792788
vn 0.18366274271606406 0.9656790026116442 -0.18366290004514527
vn 0.6125489979535477 -0.49956736274774766 -0.6125489165637019
vn 0.5612477708397325 -0.6082778893691 -0.5612476717386934
vn 0.6533890340514471 0.3823159151370931 -0.6533890963386243
vn 0.6830612217573222 0.2585627140841768 -0.6830612638825442
vn 0.27119843864998217 0.9235273315596257 -0.27119858911168565
vn 0.500356274532129 -0.7066026551569492 -0.5003561594119513
vn 0.7010709214634017 0.13038058280677198 -0.7010709427051041
vn 0.3540857379977949 0.8655902497284397 -0.35408587902035077
vn 0.43090597253870083 -0.7928683352141044 -0.430905843364059
vn 0.7071067811865475 -1.1520231687946487e-7 -0.7071067811865381
vn 0.43090597253870083 0.7928681948071172 -0.43090610171333116
vn 0.3540857379977949 -0.8655903651042174 -0.3540855969752296
vn 0.7010709214634017 -0.130380811244673 -0.7010709002216806
vn 0.500356274532129 0.7066024921201812 -0.5003563896522936
vn 0.27119843864998217 -0.9235274199272934 -0.27119828818827146
vn 0.6830612217573222 -0.25856293665377283 -0.6830611796320821
vn 0.5612477708397324 0.6082777064913641 -0.5612478699407569
vn 0.1836627427160641 -0.9656790624565617 -0.18366258538697802
vn 0.6533890340514471 -0.3823161280382632 -0.6533889717642526
vn 0.6125489979535477 0.49956716315395044 -0.6125490793433773
vn 0.3710242852019652 0.8655909947828709 -0.33629333853225624
vn 0.4515370040267471 0.7928678236906457 -0.4092370317439617
vn 0.4515370040267471 -0.7928679570369537 -0.4092367733948116
vn 0.37102428520196523 -0.8655911043611031 -0.3362930564868933
vn 0.7409556173478965 -1.0941003341228748e-7 -0.671553998663239
vn 0.73462192924634 -0.13037710513934653 -0.6658321346449639
vn 0.5243095239221423 0.7065971215728369 -0.47520525134884406
vn 0.2841965324058998 -0.9235166945189482 -0.25758347368039375
vn 0.7157641680100356 -0.2585578221458946 -0.6487137337840732
vn 0.5881019387907532 0.6082749232426546 -0.5330457084947782
vn 0.19245167557103213 -0.965676523858237 -0.17444541793631022
vn 0.6846635206758472 -0.38231173573730676 -0.6205429881750992
vn 0.641873441506899 0.49956374894038535 -0.581751274887058
vn 0.6418734415068988 -0.49956393849898423 -0.5817511121084968
vn 0.6846635206758472 0.38231153353871655 -0.6205431127480413
vn 0.1924516755710321 0.9656764670166539 -0.17444573259365076
vn 0.5881019387907532 -0.6082750969309597 -0.5330455102936229
vn 0.7157641680100356 0.25855761076811695 -0.6487138180328705
vn 0.28419653240589976 0.9235166105875503 -0.2575837746003138
vn 0.5243095239221423 -0.7065972764143238 -0.4752050211102533
vn 0.73462192924634 0.13037688818369272 -0.6658321771271815
vn 0.746717574217828 -0.2585602605622165 -0.6128290593732
vn 0.7142866331918547 -0.3823222620714776 -0.5861947573699319
vn 0.6135566156568094 0.6082766946488037 -0.5035352441794794
vn 0.6696460892514012 0.49956410012988617 -0.5495542057083374
vn 0.20078385760986736 -0.9656791543666261 -0.16477139722979345
vn 0.6696460892514013 -0.4995642791973483 -0.5495540429296635
vn 0.7142866331918547 0.38232207106496163 -0.5861948819463058
vn 0.2007838576098673 0.9656791006772389 -0.16477171188799158
vn 0.6135566156568094 -0.6082768587213793 -0.5035350459777485
vn 0.746717574217828 0.2585600608771499 -0.6128291436227938
vn 0.2964954406333509 0.9235153159419334 -0.24333087536173056
vn 0.5469899300590392 -0.7066037775198503 -0.44890212519956446
vn 0.7664103792426891 0.1303800011774998 -0.6289802746366795
vn 0.38710433899038443 0.8655828988035527 -0.31767353687969724
vn 0.4710698102384925 -0.7928683748886324 -0.3865914820366969
vn 0.7730100426583846 -1.0335586610856577e-7 -0.6343937846080082
vn 0.4710698102384924 0.7928682489210969 -0.3865917403859842
vn 0.38710433899038443 -0.8655830023146833 -0.3176732548369733
vn 0.7664103792426891 -0.13038020612527962 -0.6289802321534496
vn 0.5469899300590392 0.7066036312489348 -0.448902355440275
vn 0.296495440633351 -0.9235153952291472 -0.24333057444223308
vn 0.20862689737114215 0.9656775900876954 -0.1547307651881548
vn 0.30806524906192984 0.9235243232152274 -0.22847018788075468
vn 0.6375154424904839 -0.6082781319230741 -0.47283377080147104
vn 0.5683534714284197 -0.7066041288149814 -0.4215269109521783
vn 0.7758942860312933 0.25856013717171034 -0.5754430574520263
vn 0.7963609732407507 0.13037677002629813 -0.5906023180927704
vn 0.4022139585475432 0.8655885472411079 -0.298295823696115
vn 0.4894693741874425 -0.7928623471512566 -0.3630275887620029
vn 0.8032039939885856 -9.705251222365031e-8 -0.5957040742187137
vn 0.4894693741874425 0.7928622288618118 -0.36302784710932745
vn 0.4022139585475431 -0.8655886444381781 -0.2982955416515515
vn 0.7963609732407508 -0.13037696246895253 -0.5906022756105953
vn 0.5683534714284197 0.7066039914640427 -0.4215271411930049
vn 0.3080652490619299 -0.9235243976602147 -0.2284698869583231
vn 0.7758942860312932 -0.2585603246748438 -0.5754429732024094
vn 0.6375154424904838 0.6082779778542439 -0.4728339690036184
vn 0.20862689737114215 -0.9656776405053267 -0.15473045053044931
vn 0.742193274687249 -0.3823124724187931 -0.550441928310378
vn 0.6957990834683002 0.49956287395578713 -0.5160431865742515
vn 0.6957990834683003 -0.49956304210397334 -0.516043023795979
vn 0.742193274687249 0.38231229306202746 -0.5504420528835638
vn 0.5067114463302999 0.7928600974046256 -0.3385504040780093
vn 0.5883504581847072 0.7066125625361259 -0.3931188431250461
vn 0.41637182680609597 -0.8655822799316341 -0.2782118230961954
vn 0.31889961370078995 -0.923524005272092 -0.213087888129945
vn 0.8243843532052373 -0.13037806727343576 -0.5508103101471739
vn 0.8031981475245191 -0.25855677761727985 -0.5366759996136862
vn 0.6599680958848889 0.6082692234196271 -0.44096560438945553
vn 0.21598172199633084 -0.9656766893432319 -0.14429285298515265
vn 0.7682995043660561 -0.38231866210412396 -0.5133695668792463
vn 0.7202780766481165 0.4995648619946992 -0.4812841582270367
vn 0.7202780766481164 -0.49956501881695625 -0.4812839954481182
vn 0.7682995043660561 0.3823184948270669 -0.513369691454451
vn 0.2159817219963309 0.9656766423266017 -0.14429316764254882
vn 0.6599680958848889 -0.6082693671044261 -0.44096540619016233
vn 0.8031981475245191 0.25855660274602965 -0.5366760838621493
vn 0.31889961370078995 0.9235239358391962 -0.21308818905224963
vn 0.5883504581847072 -0.7066126906304661 -0.3931186128814283
vn 0.8243843532052373 0.13037788779664944 -0.5508103526297111
vn 0.416371826806096 0.8655821892786698 -0.2782121051386861
vn 0.5067114463302997 -0.7928602077183068 -0.3385501457313805
vn 0.831467636246713 -9.051436138264873e-8 -0.5555731903847553
vn 0.7925806182357753 -0.3823126500340505 -0.47502947405496637
vn 0.7430204923560817 -0.49956892381803114 -0.44536663356634615
vn 0.7430204923560817 0.4995687786991361 -0.4453667963465391
vn 0.7925806182357753 0.38231249524978134 -0.47502959862821414
vn 0.22278727581605404 0.9656759825032892 -0.13355046443486546
vn 0.6807993574980716 -0.6082849503890035 -0.40804614195022165
vn 0.8285683712657704 0.2585593870628474 -0.49661000543653266
vn 0.3289708471695903 0.9235233277438738 -0.19718733434326746
vn 0.6069316953056032 -0.7066068651707309 -0.36378655187768927
vn 0.8504159685759566 0.13037771070010892 -0.5097002383201488
vn 0.4295268295274783 0.8655846767628269 -0.2574293496660101
vn 0.522705975562228 -0.79286384236868 -0.3132816473652944
vn 0.8577352023128849 -8.375617620593638e-8 -0.514091745424168
vn 0.522705975562228 0.7928637402885204 -0.3132819057131088
vn 0.42952682952747834 -0.8655847606439099 -0.25742906762271
vn 0.8504159685759566 -0.13037787678151977 -0.5097001958376713
vn 0.6069316953056032 0.7066067466339894 -0.36378678211941035
vn 0.32897084716959024 -0.9235233919956136 -0.19718703342116176
vn 0.8285683712657705 -0.2585595488789122 -0.4966099211871645
vn 0.6807993574980716 0.6082848174306623 -0.40804634015459423
vn 0.22278727581605406 -0.9656760260195028 -0.13355014977768498
vn 0.33824953901806804 0.9235253544831917 -0.18079869739785065
vn 0.44164333662599436 0.8655855474369107 -0.23603563985593873
vn 0.6240509922996745 -0.7066047336657807 -0.33357174546250534
vn 0.5374437571051068 -0.7928593031416844 -0.2872774501599968
vn 0.874397180466076 0.13037668931835092 -0.46736654745003203
vn 0.8819183269687543 -7.680117173329249e-8 -0.47140223223551586
vn 0.5374484969539381 0.7928661412048302 -0.287249708882211
vn 0.44164333662599436 -0.8655856243470382 -0.23603535781235602
vn 0.874397180466076 -0.13037684160569443 -0.4673665049678897
vn 0.6240509922996745 0.7066046249742728 -0.3335719757035335
vn 0.33824953901806804 -0.9235254133948357 -0.18079839647508553
vn 0.8519313545697348 -0.258555057541461 -0.45537045284110017
vn 0.7000089054255351 0.6082694314048369 -0.3741601677669344
vn 0.22907448036003586 -0.9656774662216355 -0.12244147042379637
vn 0.8149294312266603 -0.38231678395305857 -0.43557306944803453
vn 0.7639899782910867 0.4995706174647702 -0.4083485168782334
vn 0.7639899782910867 -0.49957075052157895 -0.4083483540974434
vn 0.8149294312266603 0.3823166420253179 -0.4355731940226314
vn 0.2290744803600359 0.9656774263250893 -0.12244178508144676
vn 0.7000089054255351 -0.6082695533216618 -0.374159969567577
vn 0.8519431907442396 0.2585584959023404 -0.4553463560206051
vn 0.6396756143212132 0.7066034683439051 -0.3025337121167532
vn 0.7175314637834586 0.6082734778770114 -0.33934049948712597
vn 0.3467316406995162 -0.9235190429006682 -0.1639809340675179
vn 0.2348116132107841 -0.9656757658335389 -0.11105773986155701
vn 0.8732487461867287 -0.25855957176837197 -0.41301764505921834
vn 0.8353151982207403 -0.3823161932814746 -0.39507321850032745
vn 0.7831100683539166 0.4995607042304242 -0.37037511205739354
vn 0.7831100683539166 -0.4995608249139271 -0.3703749492798356
vn 0.8353151982207403 0.3823160645502603 -0.39507334307473413
vn 0.23481161321078411 0.9656757296462829 -0.11105805451865394
vn 0.7175314637834588 -0.6082735884481483 -0.339340301286452
vn 0.8732487461867287 0.25855943719012797 -0.4130177293085984
vn 0.3467316406995161 0.9235189894688489 -0.16398123498820816
vn 0.6396756143212132 -0.7066035669218631 -0.3025334818761035
vn 0.8962737630163564 0.1303758931812748 -0.4239050226238004
vn 0.45269057875520136 0.8655841165790948 -0.2140919826436032
vn 0.5509021278425131 -0.7928584637075538 -0.26054232298398117
vn 0.9039974165468474 -6.965476779050505e-8 -0.42753791747238135
vn 0.5509021278425132 0.7928583788120472 -0.26054258133004576
vn 0.4526905787552014 -0.8655841863390712 -0.21409170060048793
vn 0.8962737630163564 -0.13037603130705608 -0.4239049801419199
vn 0.8003363746987191 -0.4995693818380576 -0.33149980401812046
vn 0.7333139099152988 -0.6082770655214065 -0.3037263918157322
vn 0.8536965142576605 0.38231995415937337 -0.3536010664518629
vn 0.8924626084009852 0.2585556022071778 -0.3696748479047408
vn 0.23999864793088554 0.9656709641374249 -0.09939938638262752
vn 0.35436144019413457 0.9235188423532628 -0.14676824425613444
vn 0.6537447820890757 -0.706603474086406 -0.27079381510723044
vn 0.9159959804842462 0.13037691938910406 -0.3794116796137298
vn 0.4626413407553289 0.8655869318910682 -0.19163051208906975
vn 0.5630196941987997 -0.7928604285806453 -0.2331976945323551
vn 0.9238803165815176 -6.23467362274105e-8 -0.38268153944661487
vn 0.5630196941987997 0.7928603525951498 -0.23319795287906137
vn 0.4626413407553289 -0.8655869943321685 -0.19163023004503835
vn 0.9159959804842462 -0.130377043017114 -0.3794116371315172
vn 0.6537447820890757 0.706603385850544 -0.2707940453478515
vn 0.3543614401941345 -0.9235188901763778 -0.14676794333549295
vn 0.8924727001958588 -0.25855863614305413 -0.36964836139357726
vn 0.7333139099152988 0.6082769665547544 -0.3037265900175411
vn 0.2399698697240923 -0.9656780734795261 -0.09939979892068762
vn 0.8536965142576605 -0.38232006937720475 -0.35360094187619107
vn 0.8003363746987191 0.49956927382168476 -0.3314999667984686
vn 0.4714923083485597 0.8655876619132995 -0.16868017877514288
vn 0.5737885812273017 0.7928542500432575 -0.20530173462858006
vn 0.5737885812273017 -0.7928543169390113 -0.2053014762838637
vn 0.47149230834855976 -0.865587716876232 -0.16867989673087486
vn 0.9415504985521654 -5.4883394233133036e-8 -0.3368718727886993
vn 0.9335129590635881 -0.13037691119375336 -0.3339991261783775
vn 0.6662528701517964 0.7065984976281674 -0.2383813670656969
vn 0.36113595497183426 -0.9235168024853356 -0.12921895199173788
vn 0.9095307264629047 -0.2585580191016377 -0.32542527310904734
vn 0.747328780161857 0.608282242328832 -0.26738064254765864
vn 0.2445771834277661 -0.9656739946011056 -0.08749707136633061
vn 0.8700160594152672 -0.38231638468833334 -0.31129766841139767
vn 0.8156457304710731 0.49956238014157384 -0.2918209566011241
vn 0.8156457304710731 -0.4995624752288841 -0.29182079382302434
vn 0.8700160594152672 0.3823162832546581 -0.31129779298587107
vn 0.24457718342776613 0.9656739660908897 -0.08749738602285166
vn 0.747328780161857 -0.6082823294524713 -0.26738044434413266
vn 0.9095307264629047 0.2585579130646111 -0.3254253573579261
vn 0.3611359549718342 0.9235167603804078 -0.12921925291169994
vn 0.6662528701517964 -0.7065985753026381 -0.2383811368266703
vn 0.9335129590635881 0.13037680236301766 -0.3339991686605496
vn 0.7595558350607972 0.6082733164308569 -0.23038772958493617
vn 0.8289829212593979 0.4995626824885035 -0.2514447106723979
vn 0.2485753696958047 -0.9656748725623755 -0.07538120509937547
vn 0.8842413216266807 -0.3823177266983393 -0.2682357936221694
vn 0.8289829212593979 -0.499562764419563 -0.25144454789420173
vn 0.8842413216266807 0.38231763929600376 -0.26823591819708237
vn 0.2485753696958047 0.96567484800001 -0.07538151975618324
vn 0.7595558350607972 -0.6082733915006753 -0.23038753138432053
vn 0.9244003688190234 0.25855984792858383 -0.280411774300583
vn 0.36702860048249825 0.9235228127547055 -0.11133562210494877
vn 0.6771492864631241 -0.7065999148980481 -0.20539085692540712
vn 0.9487760663259497 0.1303773038729845 -0.2877946048866598
vn 0.479209297317777 0.865579748424402 -0.1453621287741448
vn 0.5831636004312462 -0.7928620015980601 -0.17688997019046399
vn 0.9569465969880029 -4.729001379623926e-8 -0.29026403585886845
vn 0.5831636004312462 0.7928619439599499 -0.17689022853768582
vn 0.479209297317777 -0.8655797957893494 -0.1453618467324565
vn 0.9487760663259497 -0.13037739764836243 -0.2877945624043268
vn 0.6771492864631241 0.7065998479731749 -0.20539108716487198
vn 0.36702860048249825 -0.9235228490324068 -0.11133532118301549
vn 0.9244003688190234 -0.25855993929832344 -0.28041169005107613
vn 0.7699388135205689 -0.6082785340717359 -0.19285084501261246
vn 0.6864042842512279 -0.7066079621523588 -0.17191377601707858
vn 0.9370533092564814 0.25855637024477107 -0.23469064535538176
vn 0.9617556247670898 0.13037854054398354 -0.24088909148088397
vn 0.3720628186926784 0.923519071650225 -0.09317608730122649
vn 0.4857475052184552 0.8655925596065618 -0.12165065527076899
vn 0.5911343575587954 -0.7928689800987121 -0.14805050391936603
vn 0.9700364901831844 -3.958308950472694e-8 -0.24295927171665507
vn 0.5911343575587954 0.7928689318576929 -0.1480507622688633
vn 0.4857475052184552 -0.8655925992453306 -0.12165037322490752
vn 0.9617556247670898 -0.1303786190356053 -0.24088904899815047
vn 0.6864042842512279 0.7066079061357029 -0.17191400625916736
vn 0.3720628186926784 -0.9235191020107987 -0.0931757863805132
vn 0.9370533092564814 -0.258556446716676 -0.23469056110701056
vn 0.7699388135205689 0.6082784712329224 -0.19285104321490573
vn 0.25196340793842 -0.9656765607376147 -0.06311276496897587
vn 0.8963465422176063 -0.38231303820278867 -0.22449859036237568
vn 0.8403132037049746 0.49956732423221417 -0.21049039939756753
vn 0.8403132037049746 -0.4995673928186652 -0.2104902366178611
vn 0.8963465422176063 0.38231296505184287 -0.22449871493576332
vn 0.25196340793842004 0.9656765401728145 -0.06311307962633438
vn 0.5976922452402225 0.7928638781498217 -0.11887325479234742
vn 0.6940069664235118 0.7066114176361535 -0.13803852730980642
vn 0.49114401748493347 -0.8655829941601103 -0.09769152629362245
vn 0.37618358137155283 -0.923520652578332 -0.07480319089292845
vn 0.9724194037870786 -0.1303761936076982 -0.19339739211982812
vn 0.9474346738805539 -0.2585577703353987 -0.18845534783612744
vn 0.7784799942183275 0.6082751505543752 -0.1548232534856607
vn 0.25477034883221045 -0.9656736193948386 -0.05066093327985894
vn 0.9062795144617786 -0.3823190416547563 -0.1802486950163908
vn 0.8496300361342618 0.4995723209541408 -0.16898608769654924
vn 0.8496300361342618 -0.4995723760167705 -0.16898592491521688
vn 0.9062795144617786 0.38231898292225647 -0.1802488195917369
vn 0.25477034883221045 0.9656736028873601 -0.05066124793625968
vn 0.7784799942183275 -0.608275201002162 -0.15482305528445142
vn 0.9474346738805539 0.2585577089288385 -0.1884554320849324
vn 0.3761835813715529 0.9235206282043097 -0.07480349181414798
vn 0.6940069664235117 -0.7066114626147771 -0.13803829706657522
vn 0.9724194037870786 0.13037613059082243 -0.1933974346017738
vn 0.49114401748493347 0.8655829623281248 -0.09769180833635546
vn 0.5976922452402225 -0.7928639168836024 -0.11887299644449843
vn 0.9807878871664205 -3.178211255534049e-8 -0.19507721647498405
vn 0.8569030288328123 0.49955997506164634 -0.12711030836859588
vn 0.9140314428756808 0.3823189848292655 -0.13556812041819055
vn 0.2569381034555093 0.9656770374379147 -0.03808766674158913
vn 0.8569030288328124 -0.4995600164794153 -0.12711014559128853
vn 0.7851347614283299 -0.6082764814315141 -0.11646084549828922
vn 0.95554284245805 0.25855502617386733 -0.1417292301094621
vn 0.3793894648367489 0.9235238936792732 -0.05627834196526705
vn 0.6999507970375044 -0.7066040034483169 -0.10382516090704345
vn 0.9807366564117869 0.13037828700274653 -0.14545484883103094
vn 0.49533078658934454 0.8655928431042087 -0.07346047796981632
vn 0.6028148989344504 -0.792857822088097 -0.08939055641603287
vn 0.9891803465016489 -2.3901214388122145e-8 -0.14670460829461862
vn 0.6028148989344504 0.7928577929609146 -0.08939081476189749
vn 0.49533078658934465 -0.8655928670406248 -0.07346019592386505
vn 0.9807366564117869 -0.13037833439794508 -0.14545480634838515
vn 0.6999507970375044 0.7066039696177479 -0.10382539114784595
vn 0.37938946483674896 -0.9235239120170357 -0.05627804104298449
vn 0.95554284245805 -0.2585550723550984 -0.14172914586153373
vn 0.7851347614283299 0.6082764434837218 -0.11646104369991772
vn 0.25693810345550927 -0.9656770498484005 -0.038087352084069936
vn 0.9140314428756808 -0.3823190290029457 -0.1355679958428462
vn 0.7041983283342066 -0.7066093474022601 -0.06933934334171896
vn 0.6064755769991117 -0.7928557301582446 -0.059725753731797365
vn 0.9866907743220084 0.13037867157217056 -0.09717364800660594
vn 0.995186829093404 -1.5965540924524026e-8 -0.09799579174135936
vn 0.49834866029691377 0.8655866504203413 -0.04907507915801003
vn 0.6064755769991117 0.7928557106970818 -0.05972601207698194
vn 0.49834866029691377 -0.8655866664109859 -0.04907479711407787
vn 0.9866907743220084 -0.13037870323535708 -0.0971736055238374
vn 0.7041983283342066 0.706609324808597 -0.06933957358426453
vn 0.3817071472336057 -0.9235194633543111 -0.037569329998650654
vn 0.9613460721187633 -0.25855634682197204 -0.09466966325017694
vn 0.789900739184755 0.608280316806261 -0.07779381994382495
vn 0.2584946290890687 -0.9656773239347942 -0.0254525592080523
vn 0.9195833234604549 -0.38231789181152664 -0.09055131591652331
vn 0.8621041374786995 0.49956753129266673 -0.0849042862301899
vn 0.8621041374786995 -0.4995675589579681 -0.08490412345042264
vn 0.9195833234604549 0.3823178623061426 -0.09055144049149952
vn 0.2584946290890687 0.9656773156412466 -0.025452873865661464
vn 0.789900739184755 -0.6082803421546727 -0.07779362174093642
vn 0.9613460721187633 0.2585563159746666 -0.09466974749852304
vn 0.3817071472336057 0.9235194511126206 -0.037569630919484634
vn 0.7067572322747757 0.7066046387340671 -0.03470013179797977
vn 0.792767576259292 0.6082787527117857 -0.038942637704221024
vn 0.38308197484431683 -0.9235230172991774 -0.018799922021152313
vn 0.2594401890059654 -0.9656753247278955 -0.012726175396503864
vn 0.9648322426362331 -0.25855820447682387 -0.04739618621005256
vn 0.9229219685195748 -0.3823102048211296 -0.045320495513386384
vn 0.8652364074729673 0.4995610334759271 -0.042482149377556816
vn 0.8652364074729673 -0.49956104731834183 -0.04248198659990906
vn 0.9229219685195748 0.3823101900538175 -0.04532062008586026
vn 0.2594401890059653 0.9656753205811299 -0.012726490053462283
vn 0.792767576259292 -0.6082787654008753 -0.038942439501844194
vn 0.9648322426362331 0.25855818903317246 -0.04739627045900648
vn 0.38308197484431683 0.9235230111733362 -0.01880022294314532
vn 0.7067572322747758 -0.7066046500407677 -0.034699901556962946
vn 0.9902704825045098 0.13037583759513188 -0.048646813376141136
vn 0.5001510025657683 0.8655896126663913 -0.02456821272504711
vn 0.6086742682639278 -0.7928574475535304 -0.029878136024065943
vn 0.9987966141889569 -7.990297638308074e-9 -0.04904409734795486
vn 0.6086742682639279 0.7928574378179561 -0.029878394369811694
vn 0.5001510025657684 -0.8655896206716852 -0.024567930680151038
vn 0.9902704825045098 -0.1303758534462687 -0.04864677089429859
vn 0.9240320771624878 0.38231494919081355 -6.228701109403971e-8
vn 0.9659954348167269 0.2585591226648961 -4.2124627812697976e-8
vn 0.25974583468959833 0.9656770171032233 -1.5732875527068966e-7
vn 0.38354025966897115 0.92352415735217 -1.5046118274045898e-7
vn 0.7937311239813125 -0.6082687751507164 9.909956183026755e-8
vn 0.7076101419451186 -0.7066030618504251 1.1512025058322625e-7
vn 0.9914645761895283 0.13037635583693202 -2.1241004411685676e-8
vn 0.500759532474247 0.8655864431910621 -1.4102193101265098e-7
vn 0.6094068872516557 -0.792857645337567 1.2917290588730628e-7
vn 1 0 0
vn 0.6094068872516557 0.792857645337567 -1.2917290588730628e-7
vn 0.500759532474247 -0.8655864431910621 1.4102193101265098e-7
vn 0.9914645761895283 -0.13037635583693202 2.1241004411685676e-8
vn 0.7076101419451186 0.7066030618504251 -1.1512025058322625e-7
vn 0.38354025966897115 -0.92352415735217 1.5046118274045898e-7
vn 0.9659954348167269 -0.2585591226648961 4.2124627812697976e-8
vn 0.7937311239813125 0.6082687751507164 -9.909956183026755e-8
vn 0.25974583468959833 -0.9656770171032233 1.5732875527068966e-7
vn 0.9240320771624878 -0.38231494919081355 6.228701109403971e-8
vn 0.866277535515737 0.49956304052719375 -8.138914973988991e-8
vn 0.866277535515737 -0.49956304052719375 8.138914973988991e-8
vn 0.6086742682639279 -0.7928574378179561 0.029878394369811694
vn 0.5001510025657683 -0.8655896126663913 0.02456821272504711
vn 0.9987966141889569 7.990297638308074e-9 0.04904409734795486
vn 0.9902704825045098 -0.13037583759513188 0.048646813376141136
vn 0.6086742682639278 0.7928574475535304 0.029878136024065943
vn 0.7067572322747758 0.7066046500407677 0.034699901556962946
vn 0.38308197484431683 -0.9235230111733362 0.01880022294314532
vn 0.9648322426362331 -0.25855818903317246 0.04739627045900648
vn 0.792767576259292 0.6082787654008753 0.038942439501844194
vn 0.2594401890059653 -0.9656753205811299 0.012726490053462283
vn 0.9229219685195748 -0.3823101900538175 0.04532062008586026
vn 0.8652364074729673 0.49956104731834183 0.04248198659990906
vn 0.8652364074729673 -0.4995610334759271 0.042482149377556816
vn 0.9229219685195748 0.3823102048211296 0.045320495513386384
vn 0.2594401890059654 0.9656753247278955 0.012726175396503864
vn 0.792767576259292 -0.6082787527117857 0.038942637704221024
vn 0.9648322426362331 0.25855820447682387 0.04739618621005256
vn 0.38308197484431683 0.9235230172991774 0.018799922021152313
vn 0.7067572322747757 -0.7066046387340671 0.03470013179797977
vn 0.9902704825045098 0.1303758534462687 0.04864677089429859
vn 0.5001510025657684 0.8655896206716852 0.024567930680151038
vn 0.789900739184755 0.6082803421546727 0.07779362174093642
vn 0.8621041374786995 0.4995675589579681 0.08490412345042264
vn 0.2584946290890687 -0.9656773156412466 0.025452873865661464
vn 0.9195833234604549 -0.3823178623061426 0.09055144049149952
vn 0.8621041374786995 -0.49956753129266673 0.0849042862301899
vn 0.9195833234604549 0.38231789181152664 0.09055131591652331
vn 0.2584946290890687 0.9656773239347942 0.0254525592080523
vn 0.789900739184755 -0.608280316806261 0.07779381994382495
vn 0.9613460721187633 0.25855634682197204 0.09466966325017694
vn 0.3817071472336057 0.9235194633543111 0.037569329998650654
vn 0.7041983283342066 -0.706609324808597 0.06933957358426453
vn 0.9866907743220084 0.13037870323535708 0.0971736055238374
vn 0.49834866029691377 0.8655866664109859 0.04907479711407787
vn 0.6064755769991117 -0.7928557106970818 0.05972601207698194
vn 0.995186829093404 1.5965540924524026e-8 0.09799579174135936
vn 0.6064755769991117 0.7928557301582446 0.059725753731797365
vn 0.49834866029691377 -0.8655866504203413 0.04907507915801003
vn 0.9866907743220084 -0.13037867157217056 0.09717364800660594
vn 0.7041983283342066 0.7066093474022601 0.06933934334171896
vn 0.3817071472336057 -0.9235194511126206 0.037569630919484634
vn 0.9613460721187633 -0.2585563159746666 0.09466974749852304
vn 0.25693810345550927 0.9656770498484005 0.038087352084069936
vn 0.37938946483674896 0.9235239120170357 0.05627804104298449
vn 0.7851347614283299 -0.6082764434837218 0.11646104369991772
vn 0.6999507970375044 -0.7066039696177479 0.10382539114784595
vn 0.95554284245805 0.2585550723550984 0.14172914586153373
vn 0.9807366564117869 0.13037833439794508 0.14545480634838515
vn 0.49533078658934465 0.8655928670406248 0.07346019592386505
vn 0.6028148989344504 -0.7928577929609146 0.08939081476189749
vn 0.9891803465016489 2.3901214388122145e-8 0.14670460829461862
vn 0.6028148989344504 0.792857822088097 0.08939055641603287
vn 0.49533078658934454 -0.8655928431042087 0.07346047796981632
vn 0.9807366564117869 -0.13037828700274653 0.14545484883103094
vn 0.6999507970375044 0.7066040034483169 0.10382516090704345
vn 0.3793894648367489 -0.9235238936792732 0.05627834196526705
vn 0.95554284245805 -0.25855502617386733 0.1417292301094621
vn 0.7851347614283299 0.6082764814315141 0.11646084549828922
vn 0.2569381034555093 -0.9656770374379147 0.03808766674158913
vn 0.9140314428756808 -0.3823189848292655 0.13556812041819055
vn 0.8569063551130728 0.4995619518208012 0.1270801119759487
vn 0.8569063551130728 -0.4995619104128185 0.1270802747538867
vn 0.9140314428756808 0.3823190290029457 0.1355679958428462
vn 0.5976922452402225 0.7928639168836024 0.11887299644449843
vn 0.6940069664235117 0.7066114626147771 0.13803829706657522
vn 0.49114401748493347 -0.8655829623281248 0.09769180833635546
vn 0.3761835813715529 -0.9235206282043097 0.07480349181414798
vn 0.9724194037870786 -0.13037613059082243 0.1933974346017738
vn 0.9474346738805539 -0.2585577089288385 0.1884554320849324
vn 0.7784799942183275 0.608275201002162 0.15482305528445142
vn 0.25477034883221045 -0.9656736028873601 0.05066124793625968
vn 0.9062795144617786 -0.38231898292225647 0.1802488195917369
vn 0.8496300361342618 0.4995723760167705 0.16898592491521688
vn 0.8496300361342618 -0.4995723209541408 0.16898608769654924
vn 0.9062795144617786 0.3823190416547563 0.1802486950163908
vn 0.25477034883221045 0.9656736193948386 0.05066093327985894
vn 0.7784799942183275 -0.6082751505543752 0.1548232534856607
vn 0.9474346738805539 0.2585577703353987 0.18845534783612744
vn 0.37618358137155283 0.923520652578332 0.07480319089292845
vn 0.6940227994647082 -0.7065964357647437 0.13803561420057392
vn 0.9724194037870786 0.1303761936076982 0.19339739211982812
vn 0.49114401748493347 0.8655829941601103 0.09769152629362245
vn 0.5976922452402225 -0.7928638781498217 0.11887325479234742
vn 0.9807878871664205 3.178211255534049e-8 0.19507721647498405
vn 0.8963465422176063 -0.38231296505184287 0.22449871493576332
vn 0.8403132037049746 -0.49956732423221417 0.21049039939756753
vn 0.8403132037049746 0.4995673928186652 0.2104902366178611
vn 0.8963465422176063 0.38231303820278867 0.22449859036237568
vn 0.25196340793842 0.9656765607376147 0.06311276496897587
vn 0.7699388135205689 -0.6082784712329224 0.19285104321490573
vn 0.9370533092564814 0.258556446716676 0.23469056110701056
vn 0.3720628186926784 0.9235191020107987 0.0931757863805132
vn 0.6864190959982683 -0.706592616660599 0.1719177091798515
vn 0.9617556247670898 0.1303786190356053 0.24088904899815047
vn 0.4857475052184552 0.8655925992453306 0.12165037322490752
vn 0.5911343575587954 -0.7928689318576929 0.1480507622688633
vn 0.9700364901831844 3.958308950472694e-8 0.24295927171665507
vn 0.5911343575587954 0.7928689800987121 0.14805050391936603
vn 0.4857475052184552 -0.8655925596065618 0.12165065527076899
vn 0.9617556247670898 -0.13037854054398354 0.24088909148088397
vn 0.6864042842512279 0.7066079621523588 0.17191377601707858
vn 0.3720628186926784 -0.923519071650225 0.09317608730122649
vn 0.9370533092564814 -0.25855637024477107 0.23469064535538176
vn 0.7699388135205689 0.6082785340717359 0.19285084501261246
vn 0.25196340793842004 -0.9656765401728145 0.06311307962633438
vn 0.36702860048249825 0.9235228490324068 0.11133532118301549
vn 0.4791857913030221 0.8655924522267735 0.14536397098778506
vn 0.6771492864631241 -0.7065998479731749 0.20539108716487198
vn 0.5831636004312462 -0.7928619439599499 0.17689022853768582
vn 0.9487760663259497 0.13037739764836243 0.2877945624043268
vn 0.9569465969880029 4.729001379623926e-8 0.29026403585886845
vn 0.5831636004312462 0.7928620015980601 0.17688997019046399
vn 0.479209297317777 -0.865579748424402 0.1453621287741448
vn 0.9487760663259497 -0.1303773038729845 0.2877946048866598
vn 0.6771492864631241 0.7065999148980481 0.20539085692540712
vn 0.36702860048249825 -0.9235228127547055 0.11133562210494877
vn 0.9244003688190234 -0.25855984792858383 0.280411774300583
vn 0.7595558350607972 0.6082733915006753 0.23038753138432053
vn 0.2485753696958047 -0.96567484800001 0.07538151975618324
vn 0.8842413216266807 -0.38231763929600376 0.26823591819708237
vn 0.8289829212593979 0.499562764419563 0.25144454789420173
vn 0.8289829212593979 -0.4995626824885035 0.2514447106723979
vn 0.8842413216266807 0.3823177266983393 0.2682357936221694
vn 0.2485753696958047 0.9656748725623755 0.07538120509937547
vn 0.7595558350607972 -0.6082733164308569 0.23038772958493617
vn 0.9244003688190234 0.25855993929832344 0.28041169005107613
vn 0.6662528701517964 0.7065985753026381 0.2383811368266703
vn 0.747328780161857 0.6082823294524713 0.26738044434413266
vn 0.3611359549718342 -0.9235167603804078 0.12921925291169994
vn 0.24457718342776613 -0.9656739660908897 0.08749738602285166
vn 0.9095307264629047 -0.2585579130646111 0.3254253573579261
vn 0.8700160594152672 -0.3823162832546581 0.31129779298587107
vn 0.8156457304710731 0.4995624752288841 0.29182079382302434
vn 0.8156457304710731 -0.49956238014157384 0.2918209566011241
vn 0.8700160594152672 0.38231638468833334 0.31129766841139767
vn 0.2445771834277661 0.9656739946011056 0.08749707136633061
vn 0.747328780161857 -0.608282242328832 0.26738064254765864
vn 0.9095307264629047 0.2585580191016377 0.32542527310904734
vn 0.36113595497183426 0.9235168024853356 0.12921895199173788
vn 0.6662528701517964 -0.7065984976281674 0.2383813670656969
vn 0.9335129590635881 0.13037691119375336 0.3339991261783775
vn 0.47149230834855976 0.865587716876232 0.16867989673087486
vn 0.5737885812273017 -0.7928542500432575 0.20530173462858006
vn 0.9415504985521654 5.4883394233133036e-8 0.3368718727886993
vn 0.5737885812273017 0.7928543169390113 0.2053014762838637
vn 0.4714923083485597 -0.8655876619132995 0.16868017877514288
vn 0.9335129590635881 -0.13037680236301766 0.3339991686605496
vn 0.8003363746987191 -0.49956927382168476 0.3314999667984686
vn 0.7333139099152988 -0.6082769665547544 0.3037265900175411
vn 0.8536965142576605 0.38232006937720475 0.35360094187619107
vn 0.8924727001958588 0.25855863614305413 0.36964836139357726
vn 0.23999864793088554 0.9656709965258047 0.09939907172708404
vn 0.3543614401941345 0.9235188901763778 0.14676794333549295
vn 0.6537447820890757 -0.706603385850544 0.2707940453478515
vn 0.9159959804842462 0.130377043017114 0.3794116371315172
vn 0.4626413407553289 0.8655869943321685 0.19163023004503835
vn 0.5630196941987997 -0.7928603525951498 0.23319795287906137
vn 0.9238803165815176 6.23467362274105e-8 0.38268153944661487
vn 0.5630196941987997 0.7928604285806453 0.2331976945323551
vn 0.4626413407553289 -0.8655869318910682 0.19163051208906975
vn 0.9159959804842462 -0.13037691938910406 0.3794116796137298
vn 0.6537447820890757 0.706603474086406 0.27079381510723044
vn 0.35436144019413457 -0.9235188423532628 0.14676824425613444
vn 0.8924727001958588 -0.25855851569631644 0.3696484456426547
vn 0.7333139099152988 0.6082770655214065 0.3037263918157322
vn 0.23999864793088554 -0.9656709641374249 0.09939938638262752
vn 0.8536965142576605 -0.38231995415937337 0.3536010664518629
vn 0.8003363746987191 0.4995693818380576 0.33149980401812046
vn 0.4526905787552014 0.8655841863390712 0.21409170060048793
vn 0.5509021278425131 0.7928584637075538 0.26054232298398117
vn 0.5509021278425132 -0.7928583788120472 0.26054258133004576
vn 0.45269057875520136 -0.8655841165790948 0.2140919826436032
vn 0.9039974165468474 6.965476779050505e-8 0.42753791747238135
vn 0.8962737630163564 -0.1303758931812748 0.4239050226238004
vn 0.6396756143212132 0.7066035669218631 0.3025334818761035
vn 0.3467316406995161 -0.9235189894688489 0.16398123498820816
vn 0.8732487461867287 -0.25855943719012797 0.4130177293085984
vn 0.7175314637834588 0.6082735884481483 0.339340301286452
vn 0.23481161321078411 -0.9656757296462829 0.11105805451865394
vn 0.8353151982207403 -0.3823160645502603 0.39507334307473413
vn 0.7831100683539166 0.4995608249139271 0.3703749492798356
vn 0.7831100683539166 -0.4995607042304242 0.37037511205739354
vn 0.8353151982207403 0.3823161932814746 0.39507321850032745
vn 0.2348116132107841 0.9656757658335389 0.11105773986155701
vn 0.7175314637834586 -0.6082734778770114 0.33934049948712597
vn 0.8732487461867287 0.25855957176837197 0.41301764505921834
vn 0.3467316406995162 0.9235190429006682 0.1639809340675179
vn 0.6396756143212132 -0.7066034683439051 0.3025337121167532
vn 0.8962737630163564 0.13037603130705608 0.4239049801419199
vn 0.7000089054255351 0.6082695533216618 0.374159969567577
vn 0.7639899782910867 0.49957075052157895 0.4083483540974434
vn 0.2290744803600359 -0.9656774263250893 0.12244178508144676
vn 0.8149294312266603 -0.3823166420253179 0.4355731940226314
vn 0.7639899782910867 -0.4995706174647702 0.4083485168782334
vn 0.8149294312266603 0.38231678395305857 0.43557306944803453
vn 0.22907448036003586 0.9656774662216355 0.12244147042379637
vn 0.7000089054255351 -0.6082694314048369 0.3741601677669344
vn 0.8519431907442396 0.2585586442730016 0.45534627177152953
vn 0.33824953901806804 0.9235254133948357 0.18079839647508553
vn 0.6240509922996745 -0.7066046249742728 0.3335719757035335
vn 0.874397180466076 0.13037684160569443 0.4673665049678897
vn 0.44164333662599436 0.8655856243470382 0.23603535781235602
vn 0.5374484969539381 -0.7928661412048302 0.287249708882211
vn 0.8819183269687543 7.680117173329249e-8 0.47140223223551586
vn 0.5374484969539383 0.7928662348026233 0.2872494505336157
vn 0.44164333662599436 -0.8655855474369107 0.23603563985593873
vn 0.874397180466076 -0.13037668931835092 0.46736654745003203
vn 0.6240509922996745 0.7066047336657807 0.33357174546250534
vn 0.33824953901806804 -0.9235253544831917 0.18079869739785065
vn 0.8519431907442396 -0.2585584959023404 0.4553463560206051
vn 0.6807993574980716 -0.6082848174306623 0.40804634015459423
vn 0.6069447911247499 -0.706591467819199 0.36379460981664297
vn 0.8285683712657705 0.2585595488789122 0.4966099211871645
vn 0.8504159685759566 0.13037787678151977 0.5097001958376713
vn 0.32897084716959024 0.9235233919956136 0.19718703342116176
vn 0.42952682952747834 0.8655847606439099 0.25742906762271
vn 0.522705975562228 -0.7928637402885204 0.3132819057131088
vn 0.8577352023128849 8.375617620593638e-8 0.514091745424168
vn 0.522705975562228 0.79286384236868 0.3132816473652944
vn 0.4295268295274783 -0.8655846767628269 0.2574293496660101
vn 0.8504159685759566 -0.13037771070010892 0.5097002383201488
vn 0.6069316953056032 0.7066068651707309 0.36378655187768927
vn 0.3289708471695903 -0.9235233277438738 0.19718733434326746
vn 0.8285683712657704 -0.2585593870628474 0.49661000543653266
vn 0.6807993574980716 0.6082849503890035 0.40804614195022165
vn 0.22278727581605404 -0.9656759825032892 0.13355046443486546
vn 0.7925806182357753 -0.38231249524978134 0.47502959862821414
vn 0.7430305896886179 0.4995757051768159 0.44534218033336104
vn 0.7430305896886179 -0.49957556006588866 0.4453423431157636
vn 0.7925806182357753 0.3823126500340505 0.47502947405496637
vn 0.22278727581605406 0.9656760260195028 0.13355014977768498
vn 0.5067114463302997 0.7928602077183068 0.3385501457313805
vn 0.5883504581847072 0.7066126906304661 0.3931186128814283
vn 0.416371826806096 -0.8655821892786698 0.2782121051386861
vn 0.31889961370078995 -0.9235239358391962 0.21308818905224963
vn 0.8243843532052373 -0.13037788779664944 0.5508103526297111
vn 0.8031981475245191 -0.25855660274602965 0.5366760838621493
vn 0.6599680958848889 0.6082693671044261 0.44096540619016233
vn 0.2159817219963309 -0.9656766423266017 0.14429316764254882
vn 0.7682995043660561 -0.3823184948270669 0.513369691454451
vn 0.7202780766481164 0.49956501881695625 0.4812839954481182
vn 0.7202780766481165 -0.4995648619946992 0.4812841582270367
vn 0.7682995043660561 0.38231866210412396 0.5133695668792463
vn 0.2159807637925261 0.9656724371665097 0.14432274168851744
vn 0.6599508830187791 -0.6082814542366909 0.4409744940860301
vn 0.8031981475245191 0.25855677761727985 0.5366759996136862
vn 0.31889961370078995 0.923524005272092 0.213087888129945
vn 0.5883504581847072 -0.7066125625361259 0.3931188431250461
vn 0.8243843532052373 0.13037806727343576 0.5508103101471739
vn 0.41637182680609597 0.8655822799316341 0.2782118230961954
vn 0.5067114463302999 -0.7928600974046256 0.3385504040780093
vn 0.831467636246713 9.051436138264873e-8 0.5555731903847553
vn 0.6957990834683003 0.49956304210397334 0.516043023795979
vn 0.742193274687249 0.3823124724187931 0.550441928310378
vn 0.20862689737114215 0.9656776405053267 0.15473045053044931
vn 0.6957990834683002 -0.49956287395578713 0.5160431865742515
vn 0.6375154424904838 -0.6082779778542439 0.4728339690036184
vn 0.7758942860312932 0.2585603246748438 0.5754429732024094
vn 0.3080652490619299 0.9235243976602147 0.2284698869583231
vn 0.5683656863369386 -0.7065887276465864 0.4215362577021328
vn 0.7963609732407508 0.13037696246895253 0.5906022756105953
vn 0.4022139585475431 0.8655886444381781 0.2982955416515515
vn 0.4894693741874425 -0.7928622288618118 0.36302784710932745
vn 0.8032039939885856 9.705251222365031e-8 0.5957040742187137
vn 0.4894693741874425 0.7928623471512566 0.3630275887620029
vn 0.4022139585475432 -0.8655885472411079 0.298295823696115
vn 0.7963609732407507 -0.13037677002629813 0.5906023180927704
vn 0.5683656863369386 0.7065888650004954 0.42153602746628
vn 0.30806524906192984 -0.9235243232152274 0.22847018788075468
vn 0.7758942860312933 -0.25856013717171034 0.5754430574520263
vn 0.6375154424904839 0.6082781319230741 0.47283377080147104
vn 0.20862689737114215 -0.9656775900876954 0.1547307651881548
vn 0.742193274687249 -0.38231229306202746 0.5504420528835638
vn 0.5470017429480235 -0.7065883272842362 0.44891205035896464
vn 0.4710698102384924 -0.7928682489210969 0.3865917403859842
vn 0.7664103792426891 0.13038020612527962 0.6289802321534496
vn 0.7730100426583846 1.0335586610856577e-7 0.6343937846080082
vn 0.3870784228415735 0.8655932212531302 0.3176769898672384
vn 0.4710698102384925 0.7928683748886324 0.3865914820366969
vn 0.3870784228415735 -0.8655931177407824 0.3176772719132921
vn 0.7664103792426891 -0.1303800011774998 0.6289802746366795
vn 0.5469899300590392 0.7066037775198503 0.44890212519956446
vn 0.2964954406333509 -0.9235153159419334 0.24333087536173056
vn 0.746717574217828 -0.2585600608771499 0.6128291436227938
vn 0.6135566156568094 0.6082768587213793 0.5035350459777485
vn 0.2007838576098673 -0.9656791006772389 0.16477171188799158
vn 0.7142866331918547 -0.38232207106496163 0.5861948819463058
vn 0.6696460892514013 0.4995642791973483 0.5495540429296635
vn 0.6696460892514012 -0.49956410012988617 0.5495542057083374
vn 0.7142866331918547 0.3823222620714776 0.5861947573699319
vn 0.20078385760986736 0.9656791543666261 0.16477139722979345
vn 0.6135566156568094 -0.6082766946488037 0.5035352441794794
vn 0.746717574217828 0.2585602605622165 0.6128290593732
vn 0.296495440633351 0.9235153952291472 0.24333057444223308
vn 0.5243095239221423 0.7065972764143238 0.4752050211102533
vn 0.5881019387907532 0.6082750969309597 0.5330455102936229
vn 0.28419653240589976 -0.9235166105875503 0.2575837746003138
vn 0.1924516755710321 -0.9656764670166539 0.17444573259365076
vn 0.7157641680100356 -0.25855761076811695 0.6487138180328705
vn 0.6846635206758472 -0.38231153353871655 0.6205431127480413
vn 0.6418734415068988 0.49956393849898423 0.5817511121084968
vn 0.641873441506899 -0.49956374894038535 0.581751274887058
vn 0.6846635206758472 0.38231173573730676 0.6205429881750992
vn 0.19245167557103213 0.965676523858237 0.17444541793631022
vn 0.5881019387907532 -0.6082749232426546 0.5330457084947782
vn 0.7157641680100356 0.2585578221458946 0.6487137337840732
vn 0.2841965324058998 0.9235166945189482 0.25758347368039375
vn 0.524320842513844 -0.7065818154222754 0.47521552186364274
vn 0.73462192924634 0.13037710513934653 0.6658321346449639
vn 0.37102428520196523 0.8655911043611031 0.3362930564868933
vn 0.4515370040267471 -0.7928678236906457 0.4092370317439617
vn 0.7409556173478965 1.0941003341228748e-7 0.671553998663239
vn 0.4515370040267471 0.7928679570369537 0.4092367733948116
vn 0.3710242852019652 -0.8655909947828709 0.33629333853225624
vn 0.73462192924634 -0.13037688818369272 0.6658321771271815
vn 0.6533890340514471 0.3823161280382632 0.6533889717642526
vn 0.6830612217573222 0.25856293665377283 0.6830611796320821
vn 0.1836627427160641 0.9656790624565617 0.18366258538697802
vn 0.27119843864998217 0.9235274199272934 0.27119828818827146
vn 0.5612477708397324 -0.6082777064913641 0.5612478699407569
vn 0.5003670470508806 -0.7065872354132675 0.5003671621685594
vn 0.7010709214634017 0.130380811244673 0.7010709002216806
vn 0.3540857379977949 0.8655903651042174 0.3540855969752296
vn 0.43090597253870083 -0.7928681948071172 0.43090610171333116
vn 0.7071067811865475 1.1520231687946487e-7 0.7071067811865381
vn 0.43090597253870083 0.7928683352141044 0.430905843364059
vn 0.3540857379977949 -0.8655902497284397 0.35408587902035077
vn 0.7010709214634017 -0.13038058280677198 0.7010709427051041
vn 0.500356274532129 0.7066026551569492 0.5003561594119513
vn 0.27119843864998217 -0.9235273315596257 0.27119858911168565
vn 0.6830612217573222 -0.2585627140841768 0.6830612638825442
vn 0.5612477708397325 0.6082778893691 0.5612476717386934
vn 0.18366274271606406 -0.9656790026116442 0.18366290004514527
vn 0.6533890340514471 -0.3823159151370931 0.6533890963386243
vn 0.6125489979535477 0.49956736274774766 0.6125489165637019
vn 0.6125489979535477 -0.49956716315395044 0.6125490793433773
vn 0.40923690256939216 -0.7928678167990846 0.45153713320131633
vn 0.33629319750957914 -0.8655909891244585 0.37102442622464177
vn 0.6715539986632478 1.2071699224846277e-7 0.7409556173478867
vn 0.6658321558860815 -0.13037687697641615 0.7346219504874391
vn 0.40923690256939205 0.792867963928515 0.45153687485216615
vn 0.4752051362295549 0.7065972844144439 0.5243094088028399
vn 0.2575836241403572 -0.9235166062517574 0.28419668286585614
vn 0.6487137759084803 -0.25855759984422155 0.7157642101344249
vn 0.5330456093942075 0.6082751059007744 0.5881018396901678
vn 0.17444557526498278 -0.9656764640830878 0.19245183289969986
vn 0.6205430504615784 -0.382311523092166 0.6846635829623092
vn 0.5817511934977851 0.49956394829414164 0.6418733601176099
vn 0.5817511934977851 -0.4995637391452279 0.6418735228961711
vn 0.6205430504615784 0.38231174618385727 0.684663458389367
vn 0.1744455752649828 0.9656765267918032 0.19245151824235932
vn 0.5330456093942075 -0.60827491427284 0.5881020378913231
vn 0.6487137759084803 0.25855783306979 0.7157641258856275
vn 0.2575836241403572 0.9235166988547413 0.28419638194593605
vn 0.4752154067468473 -0.7065818074219844 0.5243209576306387
vn 0.6658321558860815 0.1303771163466231 0.7346219080052215
vn 0.33629319750957914 0.8655911100195154 0.3710241441792788
vn 0.5035351450786207 0.608276876646152 0.613556516555936
vn 0.5495541243190075 0.4995642987628127 0.6696460078620554
vn 0.16477155455889467 -0.9656790948100901 0.20078401493896378
vn 0.5861948196581266 -0.38232205019615634 0.7142866954800321
vn 0.5495541243190075 -0.4995640805644217 0.6696461706407294
vn 0.5861948196581266 0.38232228294028286 0.7142865709036583
vn 0.1647715545588947 0.965679160233775 0.20078370028076561
vn 0.5035351450786206 -0.6082766767240311 0.6135567147576668
vn 0.612829101498005 0.25856028237541734 0.7467175320930213
vn 0.24333072490198504 0.9235154038907788 0.2964952901735983
vn 0.4489119352411086 -0.7065883113033781 0.5470018580658783
vn 0.6289802533950728 0.130380228515489 0.7664103580010639
vn 0.31767713089026944 0.8655932325600357 0.38707828181854154
vn 0.38659161121134566 -0.7928682351578513 0.47106993941312997
vn 0.6343937846080165 1.2593932098332714e-7 0.7730100426583744
vn 0.38659161121134566 0.792868388651878 0.4710696810638425
vn 0.3176771308902695 -0.865593106433877 0.3870785638645953
vn 0.6289802533950728 -0.13037997878729035 0.766410400484294
vn 0.44890224031992565 0.7066037935003632 0.5469898149386766
vn 0.243330724901985 -0.9235153072803018 0.2964955910930958
vn 0.612829101498005 -0.25856003906394903 0.7467176163426151
vn 0.5754430153272254 0.25856035733250093 0.7758942439064745
vn 0.5906022968516906 0.1303769959912958 0.7963609519996527
vn 0.22847003741954194 0.9235244106279206 0.30806509860070996
vn 0.29829568267383716 0.8655886613686141 0.40221381752525615
vn 0.42153614258421196 -0.7065887037250174 0.5683658014548575
vn 0.36302771793566996 -0.7928622082618514 0.4894695033610983
vn 0.5957040742187215 1.308585400341586e-7 0.803203993988575
vn 0.36302771793566996 0.792862367751217 0.4894692450137737
vn 0.2982956826738372 -0.8655885303106718 0.4022140995698197
vn 0.5906022968516906 -0.13037673650395487 0.7963609944818278
vn 0.42153614258421196 0.7065888889220644 0.5683655712190048
vn 0.22847003741954192 -0.9235243102475215 0.30806539952314155
vn 0.5754430153272255 -0.2585601045140532 0.7758943281560914
vn 0.47283386990255094 0.6082781587531076 0.6375153433894016
vn 0.1547306078593041 -0.9656775813068752 0.20862705469999215
vn 0.5504419905969782 -0.3823122618217781 0.7421933369738322
vn 0.5160431051851221 0.4995630713899394 0.6957990020791548
vn 0.516043105185122 -0.49956284466982115 0.6957991648574273
vn 0.5504419905969782 0.3823125036590425 0.7421932124006463
vn 0.1547306078593041 0.9656776492861469 0.2086267400422867
vn 0.47283386990255094 -0.6082779510242102 0.6375155415915491
vn 0.27821196411744437 -0.8655821667695711 0.4163719678273359
vn 0.21308803859110015 -0.9235239186003025 0.3188997641619381
vn 0.5508103313884498 -0.13037784322578405 0.8243843744464949
vn 0.5366760417379248 -0.2585565593240672 0.8031981896487399
vn 0.39312718594403756 0.7065974530133766 0.5883630299965585
vn 0.4409655052898147 0.6082694027844769 0.6599679967852337
vn 0.1442930103138526 -0.9656766306470279 0.215981879325026
vn 0.5133696291668554 -0.38231845329371855 0.7682995666536484
vn 0.48128407683758384 0.499565057754021 0.7202779952586477
vn 0.48128407683758384 -0.4995648230576344 0.7202781580375661
vn 0.5133696291668554 0.3823187036374723 0.7682994420784436
vn 0.14429301031385267 0.9656767010228057 0.21598156466763
vn 0.4409655052898147 -0.6082691877395764 0.6599681949845269
vn 0.5366760417379248 0.2585568210392422 0.8031981054002769
vn 0.21308803859110012 0.9235240225109856 0.3188994632396334
vn 0.39312718594403756 -0.7065972613003305 0.5883632602352008
vn 0.5508103313884498 0.13037811184430115 0.8243843319639579
vn 0.27821196411744437 0.8655823024407326 0.4163716857848451
vn 0.3385502749046994 -0.7928600700076934 0.5067115755036076
vn 0.5555731903847625 1.354632718203888e-7 0.831467636246702
vn 0.3385502749046993 0.7928602351152391 0.5067113171569787
vn 0.4453422617245682 0.4995757536764004 0.7430305082974068
vn 0.4750295363415965 0.38231270176968835 0.7925805559491409
vn 0.13352031162301092 0.9656799784582386 0.22278802837897305
vn 0.4453422617245682 -0.49957551156630414 0.7430306710798094
vn 0.4080462410524133 -0.6082847729935393 0.680799456600249
vn 0.49660996331185514 0.2585596029618014 0.8285683291410755
vn 0.19718718388221723 0.9235234134658975 0.32897069670853313
vn 0.36379449469827646 -0.7065914282049875 0.6069449062431133
vn 0.5097002170789167 0.13037793229116132 0.8504159473347066
vn 0.25742920864436347 0.8655847886821711 0.42952668850582265
vn 0.3132817765392057 -0.7928637061689877 0.5227061047361282
vn 0.5140917454241748 1.397428015181942e-7 0.8577352023128735
vn 0.31328177653920575 0.7928638764882125 0.5227058463883139
vn 0.2574292086443634 -0.8655846487245656 0.4295269705491227
vn 0.5097002170789168 -0.13037765519046735 0.8504159898171839
vn 0.36379449469827646 0.7065916259727025 0.6069446760063706
vn 0.1971871838822172 -0.9235233062735899 0.32897099763063875
vn 0.49660996331185525 -0.2585593329799582 0.8285684133904436
vn 0.4080462410524133 0.6082849948261265 0.6807992583958764
vn 0.13355030710627697 -0.9656759679647418 0.2227874331446414
vn 0.47502953634159645 -0.38231244351414345 0.7925806805223887
vn 0.467366526208967 0.13037690791940498 0.8743971592249931
vn 0.4714022322355221 1.436827326062063e-7 0.8819183269687426
vn 0.23603549883415043 0.8655856578448066 0.4416431956041971
vn 0.28724957970791715 0.7928662755652007 0.5374483677796333
vn 0.28724957970791715 -0.7928661004422527 0.5374486261282287
vn 0.23603549883415048 -0.8655855139391421 0.4416434776477799
vn 0.467366526208967 -0.13037662300464037 0.8743972017071354
vn 0.33357186058302385 0.7066047809908381 0.6240508771791523
vn 0.18079854693647046 -0.9235253288311691 0.33824968947944617
vn 0.4553704949650595 -0.2585548445549561 0.8519313966936769
vn 0.37416006866726065 0.6082696064091755 0.700008806325847
vn 0.12244162775262318 -0.9656774089523925 0.22907463768885802
vn 0.4355731317353387 -0.38231658022033205 0.814929493513948
vn 0.40834843548784394 0.49957080846294066 0.7639898969006818
vn 0.40834843548784394 -0.4995705595234088 0.7639900596814717
vn 0.4355731317353386 0.3823168457580444 0.814929368939351
vn 0.12244162775262316 0.9656774835943323 0.22907432303120764
vn 0.37416006866726065 -0.6082693783173233 0.7000090045252045
vn 0.4553463138960733 0.25855870888683413 0.8519431486196904
vn 0.18079854693647043 0.9235254390468581 0.3382493885566809
vn 0.33357906258841885 -0.7065892973432811 0.6240645590662556
vn 0.1639810845278652 -0.9235189596950042 0.3467317911598567
vn 0.11105789719010696 -0.9656757094842434 0.23481177053932953
vn 0.41301768718391385 -0.25855936220897136 0.8732487883114072
vn 0.395073280787536 -0.38231599282574824 0.8353152605079326
vn 0.3393404003867934 0.6082736500632929 0.7175313646831121
vn 0.3703750306686195 0.49956089215699967 0.7831099869651271
vn 0.3703750306686195 -0.4995606369873516 0.7831101497426852
vn 0.39507328078753595 0.3823162650059867 0.8353151359335259
vn 0.11105789719010695 0.9656757859955784 0.2348114558822325
vn 0.3393404003867934 -0.6082734162618665 0.7175315628837862
vn 0.4130176871839138 0.2585596467495286 0.8732487040620271
vn 0.16398108452786522 0.9235190726745128 0.34673149023916644
vn 0.30254013354248915 -0.7065881279983357 0.6396895223214933
vn 0.4239050013828658 0.13037610826569543 0.8962737417754043
vn 0.21409184162204842 0.8655842252117394 0.45269043773363776
vn 0.2605424521570169 -0.7928583315064517 0.5509022570155382
vn 0.42753791747238695 1.4727987287081725e-7 0.9039974165468354
vn 0.26054245215701693 0.7928585110131492 0.5509019986694736
vn 0.21409184162204842 -0.8655840777064265 0.45269071977675296
vn 0.4239050013828658 -0.13037581622263544 0.8962737842572849
vn 0.3025401335424892 0.7065883364356008 0.6396892920858243
vn 0.3536010041640316 0.3823201508531048 0.8536964519698133
vn 0.36964840351812084 0.2585587213219435 0.8924726580713082
vn 0.0993992290548571 0.9656710194323576 0.23999849060311065
vn 0.14676809379581562 0.9235189239976267 0.35436128973380915
vn 0.30372649091664067 -0.6082768965660804 0.7333140090161934
vn 0.2707997725316652 -0.7065880674071376 0.6537589664353711
vn 0.37941165837262847 0.13037713043779608 0.9159959592431278
vn 0.19163037106705655 0.8655870384854596 0.46264119973330714
vn 0.23319782370571124 -0.7928602988603465 0.5630198233721453
vn 0.3826815394466199 1.5051920844391582e-7 0.9238803165815053
vn 0.2331978237057113 0.7928604823154483 0.5630195650254392
vn 0.19163037106705652 -0.8655868877377769 0.4626414817773385
vn 0.37941165837262847 -0.13037683196842198 0.9159960017253405
vn 0.2707997725316652 0.7065882804288095 0.653758736199721
vn 0.14676809379581562 -0.9235188085320138 0.35436159065445066
vn 0.3696484035181207 -0.25855843051742694 0.8924727423203855
vn 0.30372649091664067 0.6082771355100804 0.7333138108143846
vn 0.0993992290548571 -0.965670941230872 0.23999880525865414
vn 0.3536010041640316 -0.38231987268347334 0.853696576545485
vn 0.3314998854082989 0.49956945822121673 0.8003362933085344
vn 0.3314998854082989 -0.4995691974385256 0.8003364560888827
vn 0.3368718727887036 1.5339804648770393e-7 0.941550498552153
vn 0.33399914741946796 -0.13037670468982043 0.9335129803046618
vn 0.20530160545622456 0.7928543769731595 0.573788452054936
vn 0.23838638940784757 0.7065833760337853 0.6662671101426128
vn 0.1686800377530111 -0.8655876125789188 0.47149244937068757
vn 0.12921910245172058 -0.9235167225963566 0.36113610543181046
vn 0.32542531523349094 -0.25855781790176097 0.9095307685873321
vn 0.2673805434458992 0.608282407645964 0.7473286810600841
vn 0.08749722869459231 -0.965673940499317 0.24457734075602344
vn 0.3112977306986385 -0.38231619222788865 0.8700161217024924
vn 0.291820875212078 0.4995625605707852 0.8156456490820125
vn 0.291820875212078 -0.49956229479967273 0.8156458118601123
vn 0.3112977306986384 0.38231647571510274 0.870015997128019
vn 0.0874972286945923 0.9656740201926786 0.24457702609950238
vn 0.2673805434458992 -0.6082821641353394 0.7473288792636101
vn 0.32542531523349094 0.2585581142644879 0.9095306843384533
vn 0.12921910245172058 0.9235168402693865 0.36113580451184835
vn 0.23838638940784757 -0.7065831589363678 0.6662673403766641
vn 0.33399914741946796 0.1303770088669506 0.9335129378224897
vn 0.16868003775301108 0.8655877662106127 0.4714921673264194
vn 0.20530160545622458 -0.7928541900091092 0.5737887103996523
vn 0.07538136242778033 -0.9656748197831245 0.24857552702420532
vn 0.26823585590962945 -0.3823175389359751 0.8842413839141254
vn 0.2514446292833031 -0.4995625883955727 0.8289830026484848
vn 0.2514446292833031 0.49956285851249344 0.8289828398702886
vn 0.26823585590962945 0.382317827058368 0.8842412593392124
vn 0.07538136242778033 0.9656749007792605 0.24857521236739755
vn 0.23038763048463137 -0.6082732302184136 0.7595559341610949
vn 0.28041173217583326 0.2585600442173893 0.9244003266942578
vn 0.1113354716439836 0.9235228906901048 0.3670284500215268
vn 0.20539540308147675 -0.7065844712655845 0.6771640224933188
vn 0.28779458364549715 0.13037750533591436 0.9487760450847706
vn 0.14536411201069313 0.8655925066132282 0.4791856502801095
vn 0.17689009936407724 -0.7928618777695953 0.5831637296048494
vn 0.2902640358588723 1.5590638929801684e-7 0.9569465969879902
vn 0.17689009936407724 0.7928620677884148 0.5831634712576277
vn 0.14536198775330256 -0.8655796940337717 0.4792094383386149
vn 0.2877945836454971 -0.13037719618543253 0.9487760875671036
vn 0.2053954030814767 0.7065846919135916 0.6771637922588392
vn 0.11133547164398361 -0.9235227710970074 0.3670287509434601
vn 0.2804117321758333 -0.25855974300951795 0.9244004109437647
vn 0.2303876304846314 0.6082734777131185 0.7595557359604794
vn 0.23469060323119922 0.2585565611460849 0.9370532671322834
vn 0.2408890702395204 0.13037873647967377 0.9617556035257102
vn 0.09317593684087107 0.9235191474472388 0.3720626682323169
vn 0.12165051424783985 0.8655926585642596 0.4857473641955181
vn 0.17191759406130033 -0.7065925328376649 0.6864192111168126
vn 0.14805063309411662 -0.7928688596701916 0.5911344867335362
vn 0.2429592717166582 1.5803900358472922e-7 0.9700364901831716
vn 0.14805063309411662 0.7928690522862134 0.591134228384039
vn 0.12165051424783985 -0.8655925002876328 0.4857476462413795
vn 0.24088907023952041 -0.13037842309991507 0.9617556460084438
vn 0.17191759406130033 0.7065927565013952 0.6864189808797058
vn 0.09317593684087107 -0.9235190262137848 0.3720629691530301
vn 0.2346906032311993 -0.25855625581536223 0.9370533513806548
vn 0.1928509441137616 0.6082786280912834 0.7699387144194122
vn 0.06311292229765594 -0.9656765094051651 0.25196356526709596
vn 0.22449865264907246 -0.3823128555939286 0.8963466045042883
vn 0.21049031800771706 0.49956749542983725 0.8403131223151102
vn 0.2104903180077171 -0.49956722162104206 0.8403132850948167
vn 0.22449865264907243 0.38231314766070296 0.8963464799309008
vn 0.06311292229765594 0.9656765915052642 0.2519632506097375
vn 0.1928509441137616 -0.608278377213375 0.7699389126217054
vn 0.19339741336080352 -0.13037600367203084 0.9724194250280387
vn 0.18845538996053235 -0.25855758527541817 0.9474347160049437
vn 0.138035499081401 0.7065965713242467 0.6940226843455243
vn 0.1548231543850581 0.6082753026087578 0.7784798951177125
vn 0.07480334135353921 -0.9235205791032364 0.3761837318321577
vn 0.050661090608059976 -0.9656735696337411 0.2547705061604075
vn 0.1802487573040662 -0.3823188646368325 0.9062795767494395
vn 0.16898600630588528 0.499572486907758 0.8496299547435845
vn 0.16898600630588526 -0.4995722100631531 0.8496301175249168
vn 0.1802487573040662 0.3823191599401801 0.9062794521740934
vn 0.050661090608059976 0.9656736526484576 0.25477019150400676
vn 0.1548231543850581 -0.6082750489477794 0.7784800933189219
vn 0.1884553899605324 0.25855789398881895 0.947434631756139
vn 0.0748033413535392 0.9235207016794054 0.37618343091093814
vn 0.13803841218819263 -0.7066113270573791 0.6940070815451181
vn 0.19339741336080352 0.1303763205264898 0.972419382546093
vn 0.09769166731499025 0.8655830582616343 0.49114387646356056
vn 0.11887312561842449 -0.7928638001402856 0.5976923744141392
vn 0.1950772164749866 1.5979062848087477e-7 0.9807878871664074
vn 0.11887312561842449 0.7928639948931385 0.5976921160662901
vn 0.09769166731499025 -0.8655828982266008 0.49114415850629356
vn 0.038087509412830026 0.9656770855036877 0.25693794612674625
vn 0.12708019336491938 -0.49956179150904473 0.8569064365020304
vn 0.11646094459910498 -0.6082763345429295 0.7851348605291338
vn 0.13556805813052014 0.3823191558307289 0.9140313805879966
vn 0.14172918798549974 0.2585552049421715 0.9555428003340731
vn 0.0562781915041265 0.9235239646585437 0.37938931437560264
vn 0.10382751365655069 -0.7065885797083242 0.6999660180563567
vn 0.14545482758970996 0.13037847048262774 0.980736635170451
vn 0.07346033694684165 0.8655929357720448 0.4953306455663625
vn 0.08939068558896635 -0.7928577093134931 0.6028150281073748
vn 0.1467046082946205 1.6115793365381149e-7 0.9891803465016357
vn 0.08939068558896635 0.7928579057355183 0.6028147697615102
vn 0.07346033694684165 -0.8655927743727887 0.4953309276123137
vn 0.14545482758970996 -0.13037815091806387 0.9807366776530967
vn 0.10382527602744607 0.7066041005694914 0.6999506819170939
vn 0.05627819150412651 -0.9235238410377652 0.3793896152978853
vn 0.14172918798549974 -0.2585548935867942 0.9555428845820015
vn 0.11646094459910498 0.6082765903723063 0.7851346623275053
vn 0.038087509412830026 -0.9656770017826273 0.2569382607842655
vn 0.13556805813052014 -0.38231885800148235 0.9140315051633409
vn 0.12708019336491938 0.499562070724575 0.8569062737240924
vn 0.09717362676522293 0.13037884815609466 0.9866907530806109
vn 0.09799579174136065 1.62136513875748e-7 0.9951868290933907
vn 0.0490749381360446 0.8655867396069656 0.4983485192749411
vn 0.05972588290439044 0.7928558192350759 0.6064754478265113
vn 0.05972588290439046 -0.7928556216202506 0.6064757061716961
vn 0.0490749381360446 -0.8655865772243616 0.4983488013188733
vn 0.09717362676522293 -0.13037852665143296 0.9866907955633795
vn 0.06933945846299266 0.7066094508338983 0.7041982132129245
vn 0.03756948045906813 -0.9235193950454782 0.3817072976940177
vn 0.09466970537435124 -0.2585561747751645 0.9613461142429236
vn 0.0777937208423817 0.6082804581716316 0.7899006400833003
vn 0.02545271653685721 -0.9656772776738999 0.2584947864178698
vn 0.0905513782040126 -0.3823177272396951 0.9195833857479309
vn 0.08490420484030738 0.49956768557990877 0.8621040560888044
vn 0.08490420484030739 -0.49956740467072597 0.8621042188685717
vn 0.0905513782040126 0.382318026877974 0.9195832611729546
vn 0.02545271653685721 0.9656773619021409 0.2584944717602607
vn 0.07779372084238172 -0.6082802007893022 0.7899008382861887
vn 0.09466970537435121 0.258556488021474 0.9613460299945773
vn 0.03756948045906813 0.9235195194214535 0.3817069967731837
vn 0.06933945846299266 -0.7066092213769588 0.7041984434554701
vn 0.047396228334530145 -0.2585580395638741 0.9648322847606973
vn 0.04532055779962392 -0.38231004707439986 0.9229220308057995
vn 0.038942538603033115 0.6082788882145622 0.792767477158093
vn 0.042482067988733496 0.4995611813620374 0.8652363260841318
vn 0.012726332724983243 -0.965675280386341 0.2594403463344412
vn 0.04248206798873348 -0.49956089943223136 0.8652364888617795
vn 0.04532055779962391 0.38231034780054723 0.9229219062333256
vn 0.012726332724983242 0.9656753649226845 0.2594400316774827
vn 0.03894253860303312 -0.6082786298980988 0.7927676753604699
vn 0.04739622833453015 0.25855835394612214 0.9648322005117435
vn 0.018800072482149065 0.9235230766482323 0.38308182438331534
vn 0.03470076447029979 -0.7065892502817956 0.706772586007258
vn 0.048646792135220496 0.13037600685623962 0.9902704612635753
vn 0.0245680717025994 0.8655896981539791 0.5001508615433137
vn 0.02987826519693921 -0.7928573435201182 0.6086743974367925
vn 0.049044097347955506 1.6272462251437095e-7 0.9987966141889438
vn 0.02987826519693922 0.7928575418513684 0.6086741390910471
vn 0.024568071702599403 -0.8655895351840974 0.5001511435882098
vn 0.048646792135220496 -0.1303756841851609 0.9902705037454178
vn 0.034700016677471815 0.7066047595327855 0.706757117154258
vn 0.018800072482149065 -0.9235229518242815 0.38308212530530833
vn 0 0.9656770594211911 0.25974567736083964
vn 0 0.9235242198388094 0.38354010920778336
vn 0 -0.6082686458355027 0.7937312230808639
vn 0 -0.7065876469494835 0.7076255345720588
vn 0 0.2585592800455282 0.9659953926920863
vn 0 0.13037651736701392 0.9914645549485107
vn 0 0.8655865247751452 0.5007593914523093
vn 0 -0.7928575460525832 0.6094070164245535
vn 0 1.6292067894774218e-7 0.9999999999999868
vn 0 0.7928577446225509 0.6094067580787418
vn 0 -0.865586361606979 0.5007596734961715
vn 0 -0.13037619430685013 0.9914645974305196
vn 0 0.7065878775231111 0.7076253043365429
vn 0 -0.9235240948655306 0.38354041013014883
vn 0 -0.258558965284264 0.9659954769413419
vn 0 0.6082689044659298 0.7937310248817401
vn 0 -0.9656769747852555 0.2597459920183502
vn 0 -0.38231479864688 0.9240321394494866
vn 0 0.4995631816617178 0.8662774541265758
vn 0 -0.4995628993926694 0.8662776169048753
vn 0 0.3823150997347469 0.9240320148754645
vn -0.049044097347955506 1.6272462251437095e-7 0.9987966141889438
vn -0.048646792135220496 -0.1303756841851609 0.9902705037454178
vn -0.02987826519693922 0.7928575418513684 0.6086741390910471
vn -0.034700016677471815 0.7066047595327855 0.706757117154258
vn -0.024568071702599403 -0.8655895351840974 0.5001511435882098
vn -0.018800072482149065 -0.9235229518242815 0.38308212530530833
vn -0.047396228334530145 -0.2585580395638741 0.9648322847606973
vn -0.038942538603033115 0.6082788882145622 0.792767477158093
vn -0.012726332724983243 -0.965675280386341 0.2594403463344412
vn -0.04532055779962392 -0.38231004707439986 0.9229220308057995
vn -0.042482067988733496 0.4995611813620374 0.8652363260841318
vn -0.04248206798873348 -0.49956089943223136 0.8652364888617795
vn -0.04532055779962391 0.38231034780054723 0.9229219062333256
vn -0.012726332724983242 0.9656753649226845 0.2594400316774827
vn -0.03894253860303312 -0.6082786298980988 0.7927676753604699
vn -0.04739622833453015 0.25855835394612214 0.9648322005117435
vn -0.018800072482149065 0.9235230766482323 0.38308182438331534
vn -0.03470076447029979 -0.7065892502817956 0.706772586007258
vn -0.048646792135220496 0.13037600685623962 0.9902704612635753
vn -0.0245680717025994 0.8655896981539791 0.5001508615433137
vn -0.02987826519693921 -0.7928573435201182 0.6086743974367925
vn -0.0905513782040126 -0.3823177272396951 0.9195833857479309
vn -0.08490420484030739 -0.49956740467072597 0.8621042188685717
vn -0.08490420484030738 0.49956768557990877 0.8621040560888044
vn -0.0905513782040126 0.382318026877974 0.9195832611729546
vn -0.02545271653685721 0.9656773619021409 0.2584944717602607
vn -0.07779372084238172 -0.6082802007893022 0.7899008382861887
vn -0.09466970537435121 0.258556488021474 0.9613460299945773
vn -0.03756948045906813 0.9235195194214535 0.3817069967731837
vn -0.06934094685978204 -0.7065939450665948 0.7042136251762064
vn -0.09717362676522293 0.13037884815609466 0.9866907530806109
vn -0.0490749381360446 0.8655867396069656 0.4983485192749411
vn -0.05972588290439046 -0.7928556216202506 0.6064757061716961
vn -0.09799579174136065 1.62136513875748e-7 0.9951868290933907
vn -0.05972588290439044 0.7928558192350759 0.6064754478265113
vn -0.0490749381360446 -0.8655865772243616 0.4983488013188733
vn -0.09717362676522293 -0.13037852665143296 0.9866907955633795
vn -0.06933945846299266 0.7066094508338983 0.7041982132129245
vn -0.03756948045906813 -0.9235193950454782 0.3817072976940177
vn -0.09466970537435124 -0.2585561747751645 0.9613461142429236
vn -0.0777937208423817 0.6082804581716316 0.7899006400833003
vn -0.02545271653685721 -0.9656772776738999 0.2584947864178698
vn -0.0562781915041265 0.9235239646585437 0.37938931437560264
vn -0.07346033694684165 0.8655929357720448 0.4953306455663625
vn -0.10382751365655069 -0.7065885797083242 0.6999660180563567
vn -0.08939068558896635 -0.7928577093134931 0.6028150281073748
vn -0.14545482758970996 0.13037847048262774 0.980736635170451
vn -0.1467046082946205 1.6115793365381149e-7 0.9891803465016357
vn -0.08939068558896635 0.7928579057355183 0.6028147697615102
vn -0.07346033694684165 -0.8655927743727887 0.4953309276123137
vn -0.14545482758970996 -0.13037815091806387 0.9807366776530967
vn -0.10382527602744607 0.7066041005694914 0.6999506819170939
vn -0.05627819150412651 -0.9235238410377652 0.3793896152978853
vn -0.14172918798549974 -0.2585548935867942 0.9555428845820015
vn -0.11646094459910498 0.6082765903723063 0.7851346623275053
vn -0.038087509412830026 -0.9656770017826273 0.2569382607842655
vn -0.13556805813052014 -0.38231885800148235 0.9140315051633409
vn -0.12708019336491938 0.499562070724575 0.8569062737240924
vn -0.12711022697994387 -0.4995598561633075 0.8569031102214548
vn -0.13556805813052014 0.3823191558307289 0.9140313805879966
vn -0.038087509412830026 0.9656770855036877 0.25693794612674625
vn -0.11646094459910498 -0.6082763345429295 0.7851348605291338
vn -0.14172918798549974 0.2585552049421715 0.9555428003340731
vn -0.19339741336080352 -0.13037600367203084 0.9724194250280387
vn -0.18845538996053235 -0.25855758527541817 0.9474347160049437
vn -0.13803841218819263 0.7066115531935514 0.694006851301887
vn -0.1548231543850581 0.6082753026087578 0.7784798951177125
vn -0.13803847753046194 -0.7065810772653491 0.6940378663816628
vn -0.11887312561842449 -0.7928638001402856 0.5976923744141392
vn -0.1802487573040662 -0.3823188646368325 0.9062795767494395
vn -0.16898600630588528 0.499572486907758 0.8496299547435845
vn -0.09769166731499025 -0.8655828982266008 0.49114415850629356
vn -0.16898600630588526 -0.4995722100631531 0.8496301175249168
vn -0.1802487573040662 0.3823191599401801 0.9062794521740934
vn -0.050661090608059976 0.9656736526484576 0.25477019150400676
vn -0.07480334135353921 -0.9235205791032364 0.3761837318321577
vn -0.1548231543850581 -0.6082750489477794 0.7784800933189219
vn -0.1884553899605324 0.25855789398881895 0.947434631756139
vn -0.0748033413535392 0.9235207016794054 0.37618343091093814
vn -0.050661090608059976 -0.9656735696337411 0.2547705061604075
vn -0.19339741336080352 0.1303763205264898 0.972419382546093
vn -0.09769166731499025 0.8655830582616343 0.49114387646356056
vn -0.1950772164749866 1.5979062848087477e-7 0.9807878871664074
vn -0.11887312561842449 0.7928639948931385 0.5976921160662901
vn -0.14805063309411662 0.7928690522862134 0.591134228384039
vn -0.17191389113812522 0.7066080459734828 0.6864041691301744
vn -0.12165051424783985 -0.8655925002876328 0.4857476462413795
vn -0.09317593684087107 -0.9235190262137848 0.3720629691530301
vn -0.24088907023952041 -0.13037842309991507 0.9617556460084438
vn -0.2346906032311993 -0.25855625581536223 0.9370533513806548
vn -0.1928509441137616 0.6082786280912834 0.7699387144194122
vn -0.06311292229765594 -0.9656765094051651 0.25196356526709596
vn -0.22449865264907246 -0.3823128555939286 0.8963466045042883
vn -0.21049031800771706 0.49956749542983725 0.8403131223151102
vn -0.2104903180077171 -0.49956722162104206 0.8403132850948167
vn -0.22449865264907243 0.38231314766070296 0.8963464799309008
vn -0.06311292229765594 0.9656765915052642 0.2519632506097375
vn -0.1928509441137616 -0.608278377213375 0.7699389126217054
vn -0.23469060323119922 0.2585565611460849 0.9370532671322834
vn -0.09317593684087107 0.9235191474472388 0.3720626682323169
vn -0.17191759406130033 -0.7065925328376649 0.6864192111168126
vn -0.2408890702395204 0.13037873647967377 0.9617556035257102
vn -0.12165051424783985 0.8655926585642596 0.4857473641955181
vn -0.14805063309411662 -0.7928688596701916 0.5911344867335362
vn -0.2429592717166582 1.5803900358472922e-7 0.9700364901831716
vn -0.2514446292833031 0.49956285851249344 0.8289828398702886
vn -0.26823585590962945 0.382317827058368 0.8842412593392124
vn -0.07538136242778033 0.9656749007792605 0.24857521236739755
vn -0.2514446292833031 -0.4995625883955727 0.8289830026484848
vn -0.23038763048463137 -0.6082732302184136 0.7595559341610949
vn -0.28041173217583326 0.2585600442173893 0.9244003266942578
vn -0.1113354716439836 0.9235228906901048 0.3670284500215268
vn -0.20539540308147675 -0.7065844712655845 0.6771640224933188
vn -0.28779458364549715 0.13037750533591436 0.9487760450847706
vn -0.14536411201069313 0.8655925066132282 0.4791856502801095
vn -0.17689009936407724 -0.7928618777695953 0.5831637296048494
vn -0.2902640358588723 1.5590638929801684e-7 0.9569465969879902
vn -0.17689009936407724 0.7928620677884148 0.5831634712576277
vn -0.1453641120106931 -0.8655923504746792 0.47918593232592177
vn -0.2877945836454971 -0.13037719618543253 0.9487760875671036
vn -0.2053954030814767 0.7065846919135916 0.6771637922588392
vn -0.11133547164398361 -0.9235227710970074 0.3670287509434601
vn -0.2804117321758333 -0.25855974300951795 0.9244004109437647
vn -0.2303876304846314 0.6082734777131185 0.7595557359604794
vn -0.07538136242778033 -0.9656748197831245 0.24857552702420532
vn -0.26823585590962945 -0.3823175389359751 0.8842413839141254
vn -0.23838638940784757 -0.7065831589363678 0.6662673403766641
vn -0.20530160545622458 -0.7928541900091092 0.5737887103996523
vn -0.33399914741946796 0.1303770088669506 0.9335129378224897
vn -0.3368718727887036 1.5339804648770393e-7 0.941550498552153
vn -0.16868003775301108 0.8655877662106127 0.4714921673264194
vn -0.20530160545622456 0.7928543769731595 0.573788452054936
vn -0.1686800377530111 -0.8655876125789188 0.47149244937068757
vn -0.33399914741946796 -0.13037670468982043 0.9335129803046618
vn -0.2383812519461867 0.7065986450117726 0.6662527550322742
vn -0.12921910245172058 -0.9235167225963566 0.36113610543181046
vn -0.32542531523349094 -0.25855781790176097 0.9095307685873321
vn -0.2673805434458992 0.608282407645964 0.7473286810600841
vn -0.08749722869459231 -0.965673940499317 0.24457734075602344
vn -0.3112977306986385 -0.38231619222788865 0.8700161217024924
vn -0.291820875212078 0.4995625605707852 0.8156456490820125
vn -0.291820875212078 -0.49956229479967273 0.8156458118601123
vn -0.3112977306986384 0.38231647571510274 0.870015997128019
vn -0.0874972286945923 0.9656740201926786 0.24457702609950238
vn -0.2673805434458992 -0.6082821641353394 0.7473288792636101
vn -0.32542531523349094 0.2585581142644879 0.9095306843384533
vn -0.12921910245172058 0.9235168402693865 0.36113580451184835
vn -0.27079393022754455 0.7066035364770188 0.6537446669687564
vn -0.30372649091664067 0.6082771355100804 0.7333138108143846
vn -0.14676809379581562 -0.9235188085320138 0.35436159065445066
vn -0.0993992290548571 -0.965670941230872 0.23999880525865414
vn -0.3696484035181207 -0.25855843051742694 0.8924727423203855
vn -0.3536010041640316 -0.38231987268347334 0.853696576545485
vn -0.3314998854082989 0.49956945822121673 0.8003362933085344
vn -0.3314998854082989 -0.4995691974385256 0.8003364560888827
vn -0.3536010041640316 0.3823201508531048 0.8536964519698133
vn -0.0993992290548571 0.9656710194323576 0.23999849060311065
vn -0.30372649091664067 -0.6082768965660804 0.7333140090161934
vn -0.36964840351812084 0.2585587213219435 0.8924726580713082
vn -0.14676809379581562 0.9235189239976267 0.35436128973380915
vn -0.2707997725316652 -0.7065880674071376 0.6537589664353711
vn -0.37941165837262847 0.13037713043779608 0.9159959592431278
vn -0.19163037106705655 0.8655870384854596 0.46264119973330714
vn -0.23319782370571124 -0.7928602988603465 0.5630198233721453
vn -0.3826815394466199 1.5051920844391582e-7 0.9238803165815053
vn -0.2331978237057113 0.7928604823154483 0.5630195650254392
vn -0.19163037106705652 -0.8655868877377769 0.4626414817773385
vn -0.37941165837262847 -0.13037683196842198 0.9159960017253405
vn -0.39507328078753595 0.3823162650059867 0.8353151359335259
vn -0.4130176871839138 0.2585596467495286 0.8732487040620271
vn -0.11105789719010695 0.9656757859955784 0.2348114558822325
vn -0.16398108452786522 0.9235190726745128 0.34673149023916644
vn -0.3393404003867934 -0.6082734162618665 0.7175315628837862
vn -0.30254013354248915 -0.7065881279983357 0.6396895223214933
vn -0.4239050013828658 0.13037610826569543 0.8962737417754043
vn -0.21409184162204842 0.8655842252117394 0.45269043773363776
vn -0.2605424521570169 -0.7928583315064517 0.5509022570155382
vn -0.42753791747238695 1.4727987287081725e-7 0.9039974165468354
vn -0.26054245215701693 0.7928585110131492 0.5509019986694736
vn -0.21409184162204842 -0.8655840777064265 0.45269071977675296
vn -0.4239050013828658 -0.13037581622263544 0.8962737842572849
vn -0.3025401335424892 0.7065883364356008 0.6396892920858243
vn -0.1639810845278652 -0.9235189596950042 0.3467317911598567
vn -0.41301768718391385 -0.25855936220897136 0.8732487883114072
vn -0.3393404003867934 0.6082736500632929 0.7175313646831121
vn -0.11105789719010696 -0.9656757094842434 0.23481177053932953
vn -0.395073280787536 -0.38231599282574824 0.8353152605079326
vn -0.3703750306686195 0.49956089215699967 0.7831099869651271
vn -0.3703750306686195 -0.4995606369873516 0.7831101497426852
vn -0.28724957970791715 -0.7928661004422527 0.5374486261282287
vn -0.23603549883415048 -0.8655855139391421 0.4416434776477799
vn -0.4714022322355221 1.436827326062063e-7 0.8819183269687426
vn -0.467366526208967 -0.13037662300464037 0.8743972017071354
vn -0.28724957970791715 0.7928662755652007 0.5374483677796333
vn -0.33357906258841885 0.7065895006892869 0.6240643288302063
vn -0.18079854693647046 -0.9235253288311691 0.33824968947944617
vn -0.4553463138960732 -0.2585584312885079 0.851943232868766
vn -0.37416006866726065 0.6082696064091755 0.700008806325847
vn -0.12244162775262318 -0.9656774089523925 0.22907463768885802
vn -0.4355731317353387 -0.38231658022033205 0.814929493513948
vn -0.40834843548784394 0.49957080846294066 0.7639898969006818
vn -0.40834843548784394 -0.4995705595234088 0.7639900596814717
vn -0.4355731317353386 0.3823168457580444 0.814929368939351
vn -0.12244162775262316 0.9656774835943323 0.22907432303120764
vn -0.37416006866726065 -0.6082693783173233 0.7000090045252045
vn -0.4553463138960733 0.25855870888683413 0.8519431486196904
vn -0.18079854693647043 0.9235254390468581 0.3382493885566809
vn -0.3335718605830238 -0.7066045776492154 0.6240511074201804
vn -0.467366526208967 0.13037690791940498 0.8743971592249931
vn -0.23603549883415043 0.8655856578448066 0.4416431956041971
vn -0.4080462410524133 0.6082849948261265 0.6807992583958764
vn -0.44536671495644853 0.49956897231198666 0.7430204109659754
vn -0.13355030710627697 -0.9656759679647418 0.2227874331446414
vn -0.47504103007901716 -0.3823216742207269 0.7925693390250009
vn -0.44536671495644853 -0.49956873020518056 0.7430205737461684
vn -0.4750410300790171 0.3823219324725762 0.7925692144487453
vn -0.13352031162301092 0.9656799784582386 0.22278802837897305
vn -0.4080462410524133 -0.6082847729935393 0.680799456600249
vn -0.49660996331185514 0.2585596029618014 0.8285683291410755
vn -0.19718718388221723 0.9235234134658975 0.32897069670853313
vn -0.36378666699855455 -0.7066067070206362 0.6069318104264558
vn -0.5097002170789167 0.13037793229116132 0.8504159473347066
vn -0.25742920864436347 0.8655847886821711 0.42952668850582265
vn -0.3132817765392057 -0.7928637061689877 0.5227061047361282
vn -0.5140917454241748 1.397428015181942e-7 0.8577352023128735
vn -0.31328177653920575 0.7928638764882125 0.5227058463883139
vn -0.2574292086443634 -0.8655846487245656 0.4295269705491227
vn -0.5097002170789168 -0.13037765519046735 0.8504159898171839
vn -0.36378666699855455 0.7066069047840841 0.6069315801847347
vn -0.1971871838822172 -0.9235233062735899 0.32897099763063875
vn -0.49660996331185525 -0.2585593329799582 0.8285684133904436
vn -0.5366760417379248 0.2585568210392422 0.8031981054002769
vn -0.5508103313884498 0.13037811184430115 0.8243843319639579
vn -0.21308803859110012 0.9235240225109856 0.3188994632396334
vn -0.27821196411744437 0.8655823024407326 0.4163716857848451
vn -0.39312718594403756 -0.7065972613003305 0.5883632602352008
vn -0.3385502749046994 -0.7928600700076934 0.5067115755036076
vn -0.5555731903847625 1.354632718203888e-7 0.831467636246702
vn -0.3385502749046993 0.7928602351152391 0.5067113171569787
vn -0.27821196411744437 -0.8655821667695711 0.4163719678273359
vn -0.5508103313884498 -0.13037784322578405 0.8243843744464949
vn -0.3931187280032423 0.7066127224377521 0.5883503430628905
vn -0.21308803859110015 -0.9235239186003025 0.3188997641619381
vn -0.5366760417379248 -0.2585565593240672 0.8031981896487399
vn -0.4409743949843967 0.6082816336001847 0.6599507839171312
vn -0.14432289901652462 -0.9656723784655923 0.21598092112052852
vn -0.5133696291668554 -0.38231845329371855 0.7682995666536484
vn -0.48128407683758384 0.499565057754021 0.7202779952586477
vn -0.48128407683758384 -0.4995648230576344 0.7202781580375661
vn -0.5133696291668554 0.3823187036374723 0.7682994420784436
vn -0.14429301031385267 0.9656767010228057 0.21598156466763
vn -0.4409743949843967 -0.6082814185608929 0.6599509821204097
vn -0.2982956826738372 -0.8655885303106718 0.4022140995698197
vn -0.22847003741954192 -0.9235243102475215 0.30806539952314155
vn -0.5906022968516906 -0.13037673650395487 0.7963609944818278
vn -0.5754430153272255 -0.2585601045140532 0.7758943281560914
vn -0.42153614258421196 0.7065888889220644 0.5683655712190048
vn -0.47283386990255094 0.6082781587531076 0.6375153433894016
vn -0.1547306078593041 -0.9656775813068752 0.20862705469999215
vn -0.5504419905969782 -0.3823122618217781 0.7421933369738322
vn -0.5160431051851221 0.4995630713899394 0.6957990020791548
vn -0.516043105185122 -0.49956284466982115 0.6957991648574273
vn -0.5504419905969782 0.3823125036590425 0.7421932124006463
vn -0.1547306078593041 0.9656776492861469 0.2086267400422867
vn -0.47283386990255094 -0.6082779510242102 0.6375155415915491
vn -0.5754430153272254 0.25856035733250093 0.7758942439064745
vn -0.22847003741954194 0.9235244106279206 0.30806509860070996
vn -0.42153614258421196 -0.7065887037250174 0.5683658014548575
vn -0.5906022968516906 0.1303769959912958 0.7963609519996527
vn -0.29829568267383716 0.8655886613686141 0.40221381752525615
vn -0.36302771793566996 -0.7928622082618514 0.4894695033610983
vn -0.5957040742187215 1.308585400341586e-7 0.803203993988575
vn -0.36302771793566996 0.792862367751217 0.4894692450137737
vn -0.5495541243190075 0.4995642987628127 0.6696460078620554
vn -0.5861948196581266 0.38232228294028286 0.7142865709036583
vn -0.1647715545588947 0.965679160233775 0.20078370028076561
vn -0.5495541243190075 -0.4995640805644217 0.6696461706407294
vn -0.5035351450786206 -0.6082766767240311 0.6135567147576668
vn -0.612829101498005 0.25856028237541734 0.7467175320930213
vn -0.24333072490198504 0.9235154038907788 0.2964952901735983
vn -0.4489119352411086 -0.7065883113033781 0.5470018580658783
vn -0.6289802533950728 0.130380228515489 0.7664103580010639
vn -0.31767713089026944 0.8655932325600357 0.38707828181854154
vn -0.38659161121134566 -0.7928682351578513 0.47106993941312997
vn -0.6343937846080165 1.2593932098332714e-7 0.7730100426583744
vn -0.38659161121134566 0.792868388651878 0.4710696810638425
vn -0.3176771308902695 -0.865593106433877 0.3870785638645953
vn -0.6289802533950728 -0.13037997878729035 0.766410400484294
vn -0.4489119352411086 0.7065884895391688 0.5470016278301544
vn -0.243330724901985 -0.9235153072803018 0.2964955910930958
vn -0.612829101498005 -0.25856003906394903 0.7467176163426151
vn -0.5035351450786207 0.608276876646152 0.613556516555936
vn -0.16477155455889467 -0.9656790948100901 0.20078401493896378
vn -0.5861948196581266 -0.38232205019615634 0.7142866954800321
vn -0.6658321558860815 0.1303771163466231 0.7346219080052215
vn -0.6715539986632478 1.2071699224846277e-7 0.7409556173478867
vn -0.33629319750957914 0.8655911100195154 0.3710241441792788
vn -0.40923690256939205 0.792867963928515 0.45153687485216615
vn -0.40923690256939216 -0.7928678167990846 0.45153713320131633
vn -0.33629319750957914 -0.8655909891244585 0.37102442622464177
vn -0.6658321558860815 -0.13037687697641615 0.7346219504874391
vn -0.47521540674684737 0.7065819782673998 0.5243207273970354
vn -0.2575836241403572 -0.9235166062517574 0.28419668286585614
vn -0.6487137759084803 -0.25855759984422155 0.7157642101344249
vn -0.5330456093942075 0.6082751059007744 0.5881018396901678
vn -0.17444557526498278 -0.9656764640830878 0.19245183289969986
vn -0.6205430504615784 -0.382311523092166 0.6846635829623092
vn -0.5817511934977851 0.49956394829414164 0.6418733601176099
vn -0.5817511934977851 -0.4995637391452279 0.6418735228961711
vn -0.6205430504615784 0.38231174618385727 0.684663458389367
vn -0.1744455752649828 0.9656765267918032 0.19245151824235932
vn -0.5330456093942075 -0.60827491427284 0.5881020378913231
vn -0.6487137759084803 0.25855783306979 0.7157641258856275
vn -0.2575836241403572 0.9235166988547413 0.28419638194593605
vn -0.4752051362295549 -0.7065971135727167 0.5243096390414307
vn -0.27119843864998217 -0.9235273315596257 0.27119858911168565
vn -0.18366274271606406 -0.9656790026116442 0.18366290004514527
vn -0.6830612217573222 -0.2585627140841768 0.6830612638825442
vn -0.6533890340514471 -0.3823159151370931 0.6533890963386243
vn -0.5612477708397325 0.6082778893691 0.5612476717386934
vn -0.6125489979535477 0.49956736274774766 0.6125489165637019
vn -0.6125489979535477 -0.49956716315395044 0.6125490793433773
vn -0.6533890340514471 0.3823161280382632 0.6533889717642526
vn -0.1836627427160641 0.9656790624565617 0.18366258538697802
vn -0.5612477708397324 -0.6082777064913641 0.5612478699407569
vn -0.6830612217573222 0.25856293665377283 0.6830611796320821
vn -0.27119843864998217 0.9235274199272934 0.27119828818827146
vn -0.500356274532129 -0.7066024921201812 0.5003563896522936
vn -0.7010709214634017 0.130380811244673 0.7010709002216806
vn -0.3540857379977949 0.8655903651042174 0.3540855969752296
vn -0.43090597253870083 -0.7928681948071172 0.43090610171333116
vn -0.7071067811865475 1.1520231687946487e-7 0.7071067811865381
vn -0.43090597253870083 0.7928683352141044 0.430905843364059
vn -0.3540857379977949 -0.8655902497284397 0.35408587902035077
vn -0.7010709214634017 -0.13038058280677198 0.7010709427051041
vn -0.5003670470508806 0.7065873984535456 0.5003669319331887
vn -0.6846635206758472 0.38231173573730676 0.6205429881750992
vn -0.7157641680100356 0.2585578221458946 0.6487137337840732
vn -0.19245167557103213 0.965676523858237 0.17444541793631022
vn -0.2841965324058998 0.9235166945189482 0.25758347368039375
vn -0.588111516212289 -0.6082848000863217 0.533023870462127
vn -0.524320842513844 -0.7065818154222754 0.47521552186364274
vn -0.73462192924634 0.13037710513934653 0.6658321346449639
vn -0.37102428520196523 0.8655911043611031 0.3362930564868933
vn -0.4515370040267471 -0.7928678236906457 0.4092370317439617
vn -0.7409556173478965 1.0941003341228748e-7 0.671553998663239
vn -0.4515370040267471 0.7928679570369537 0.4092367733948116
vn -0.3710242852019652 -0.8655909947828709 0.33629333853225624
vn -0.73462192924634 -0.13037688818369272 0.6658321771271815
vn -0.524320842513844 0.7065819702671088 0.47521529163003934
vn -0.28419653240589976 -0.9235166105875503 0.2575837746003138
vn -0.7157641680100356 -0.25855761076811695 0.6487138180328705
vn -0.588111516212289 0.6082849737675111 0.5330236722577534
vn -0.1924516755710321 -0.9656764670166539 0.17444573259365076
vn -0.6846635206758472 -0.38231153353871655 0.6205431127480413
vn -0.6418734415068988 0.49956393849898423 0.5817511121084968
vn -0.641873441506899 -0.49956374894038535 0.581751274887058
vn -0.7730100426583846 1.0335586610856577e-7 0.6343937846080082
vn -0.7664229691475573 -0.13037696360992365 0.6289655632249666
vn -0.4710698102384925 0.7928683748886324 0.3865914820366969
vn -0.5470017429480235 0.7065884735583107 0.44891182012324066
vn -0.3870784228415735 -0.8655931177407824 0.3176772719132921
vn -0.2964954406333509 -0.9235153159419334 0.24333087536173056
vn -0.746717574217828 -0.2585600608771499 0.6128291436227938
vn -0.6135566156568094 0.6082768587213793 0.5035350459777485
vn -0.2007838576098673 -0.9656791006772389 0.16477171188799158
vn -0.7142866331918547 -0.38232207106496163 0.5861948819463058
vn -0.6696460892514013 0.4995642791973483 0.5495540429296635
vn -0.6696460892514012 -0.49956410012988617 0.5495542057083374
vn -0.7142866331918547 0.3823222620714776 0.5861947573699319
vn -0.20078385760986736 0.9656791543666261 0.16477139722979345
vn -0.6135566156568094 -0.6082766946488037 0.5035352441794794
vn -0.746717574217828 0.2585602605622165 0.6128290593732
vn -0.296495440633351 0.9235153952291472 0.24333057444223308
vn -0.5470017429480235 -0.7065883272842362 0.44891205035896464
vn -0.7664229691475571 0.13037716855290993 0.6289655207427263
vn -0.3870784228415735 0.8655932212531302 0.3176769898672384
vn -0.4710698102384924 -0.7928682489210969 0.3865917403859842
vn -0.20862689737114215 -0.9656775900876954 0.1547307651881548
vn -0.742193274687249 -0.38231229306202746 0.5504420528835638
vn -0.6957990834683002 -0.49956287395578713 0.5160431865742515
vn -0.6957990834683003 0.49956304210397334 0.516043023795979
vn -0.742193274687249 0.3823124724187931 0.550441928310378
vn -0.20862689737114215 0.9656776405053267 0.15473045053044931
vn -0.6375154424904838 -0.6082779778542439 0.4728339690036184
vn -0.7758942860312932 0.2585603246748438 0.5754429732024094
vn -0.3080652490619299 0.9235243976602147 0.2284698869583231
vn -0.5683656863369386 -0.7065887276465864 0.4215362577021328
vn -0.7963609732407508 0.13037696246895253 0.5906022756105953
vn -0.4022139585475431 0.8655886444381781 0.2982955416515515
vn -0.4894693741874425 -0.7928622288618118 0.36302784710932745
vn -0.8032039939885856 9.705251222365031e-8 0.5957040742187137
vn -0.4894693741874425 0.7928623471512566 0.3630275887620029
vn -0.4022139585475432 -0.8655885472411079 0.298295823696115
vn -0.7963609732407507 -0.13037677002629813 0.5906023180927704
vn -0.5683656863369386 0.7065888650004954 0.42153602746628
vn -0.30806524906192984 -0.9235243232152274 0.22847018788075468
vn -0.7758942860312933 -0.25856013717171034 0.5754430574520263
vn -0.6375154424904839 0.6082781319230741 0.47283377080147104
vn -0.8031981475245191 0.25855677761727985 0.5366759996136862
vn -0.8243843532052373 0.13037806727343576 0.5508103101471739
vn -0.31889961370078995 0.923524005272092 0.213087888129945
vn -0.41637182680609597 0.8655822799316341 0.2782118230961954
vn -0.5883631451158875 -0.7065972931083054 0.3931273010633535
vn -0.5067114463302999 -0.7928600974046256 0.3385504040780093
vn -0.831467636246713 9.051436138264873e-8 0.5555731903847553
vn -0.5067114463302997 0.7928602077183068 0.3385501457313805
vn -0.416371826806096 -0.8655821892786698 0.2782121051386861
vn -0.8243843532052373 -0.13037788779664944 0.5508103526297111
vn -0.5883631451158875 0.7065974212054016 0.3931270708247112
vn -0.31889961370078995 -0.9235239358391962 0.21308818905224963
vn -0.8031981475245191 -0.25855660274602965 0.5366760838621493
vn -0.6599680958848889 0.6082693671044261 0.44096540619016233
vn -0.2159817219963309 -0.9656766423266017 0.14429316764254882
vn -0.7682995043660561 -0.3823184948270669 0.513369691454451
vn -0.7202780766481164 0.49956501881695625 0.4812839954481182
vn -0.7202780766481165 -0.4995648619946992 0.4812841582270367
vn -0.7682995043660561 0.38231866210412396 0.5133695668792463
vn -0.21598172199633084 0.9656766893432319 0.14429285298515265
vn -0.6599680958848889 -0.6082692234196271 0.44096560438945553
vn -0.8504159685759566 -0.13037771070010892 0.5097002383201488
vn -0.8285683712657704 -0.2585593870628474 0.49661000543653266
vn -0.6069447911247499 0.7065915863584912 0.3637943795799003
vn -0.6807993574980716 0.6082849503890035 0.40804614195022165
vn -0.3289708471695903 -0.9235233277438738 0.19718733434326746
vn -0.22278727581605404 -0.9656759825032892 0.13355046443486546
vn -0.7925806182357753 -0.38231249524978134 0.47502959862821414
vn -0.7430305896886179 0.4995757051768159 0.44534218033336104
vn -0.7430305896886179 -0.49957556006588866 0.4453423431157636
vn -0.7925806182357753 0.3823126500340505 0.47502947405496637
vn -0.22278727581605406 0.9656760260195028 0.13355014977768498
vn -0.6807993574980716 -0.6082848174306623 0.40804634015459423
vn -0.8285683712657705 0.2585595488789122 0.4966099211871645
vn -0.32897084716959024 0.9235233919956136 0.19718703342116176
vn -0.6069447911247499 -0.706591467819199 0.36379460981664297
vn -0.8504159685759566 0.13037787678151977 0.5097001958376713
vn -0.42952682952747834 0.8655847606439099 0.25742906762271
vn -0.522705975562228 -0.7928637402885204 0.3132819057131088
vn -0.8577352023128849 8.375617620593638e-8 0.514091745424168
vn -0.522705975562228 0.79286384236868 0.3132816473652944
vn -0.4295268295274783 -0.8655846767628269 0.2574293496660101
vn -0.22907448036003586 0.9656774662216355 0.12244147042379637
vn -0.7639899782910867 -0.4995706174647702 0.4083485168782334
vn -0.7000089054255351 -0.6082694314048369 0.3741601677669344
vn -0.8149294312266603 0.38231678395305857 0.43557306944803453
vn -0.8519431907442396 0.2585586442730016 0.45534627177152953
vn -0.33824953901806804 0.9235254133948357 0.18079839647508553
vn -0.6240644439482392 -0.7065893446693567 0.33357917770643913
vn -0.874397180466076 0.13037684160569443 0.4673665049678897
vn -0.44164333662599436 0.8655856243470382 0.23603535781235602
vn -0.5374484969539381 -0.7928661412048302 0.287249708882211
vn -0.8819183269687543 7.680117173329249e-8 0.47140223223551586
vn -0.5374484969539383 0.7928662348026233 0.2872494505336157
vn -0.44164333662599436 -0.8655855474369107 0.23603563985593873
vn -0.874397180466076 -0.13037668931835092 0.46736654745003203
vn -0.6240644439482392 0.7065894533632114 0.33357894747038985
vn -0.33824953901806804 -0.9235253544831917 0.18079869739785065
vn -0.8519431907442396 -0.2585584959023404 0.4553463560206051
vn -0.7000089054255351 0.6082695533216618 0.374159969567577
vn -0.2290744803600359 -0.9656774263250893 0.12244178508144676
vn -0.8149294312266603 -0.3823166420253179 0.4355731940226314
vn -0.7639899782910867 0.49957075052157895 0.4083483540974434
vn -0.8962737630163564 0.13037603130705608 0.4239049801419199
vn -0.9039974165468474 6.965476779050505e-8 0.42753791747238135
vn -0.4526905787552014 0.8655841863390712 0.21409170060048793
vn -0.5509021278425131 0.7928584637075538 0.26054232298398117
vn -0.5509021278425132 -0.7928583788120472 0.26054258133004576
vn -0.45269057875520136 -0.8655841165790948 0.2140919826436032
vn -0.8962737630163564 -0.1303758931812748 0.4239050226238004
vn -0.6396894072036673 0.7065882815070123 0.30254001842465067
vn -0.3467316406995161 -0.9235189894688489 0.16398123498820816
vn -0.8732487461867287 -0.25855943719012797 0.4130177293085984
vn -0.7175314637834588 0.6082735884481483 0.339340301286452
vn -0.23481161321078411 -0.9656757296462829 0.11105805451865394
vn -0.8353151982207403 -0.3823160645502603 0.39507334307473413
vn -0.7831100683539166 0.4995608249139271 0.3703749492798356
vn -0.7831100683539166 -0.4995607042304242 0.37037511205739354
vn -0.8353151982207403 0.3823161932814746 0.39507321850032745
vn -0.2348116132107841 0.9656757658335389 0.11105773986155701
vn -0.7175314637834586 -0.6082734778770114 0.33934049948712597
vn -0.8732487461867287 0.25855957176837197 0.41301764505921834
vn -0.3467316406995162 0.9235190429006682 0.1639809340675179
vn -0.6396894072036673 -0.7065881829269242 0.3025402486603197
vn -0.8924727001958588 -0.25855851569631644 0.3696484456426547
vn -0.8536965142576605 -0.38231995415937337 0.3536010664518629
vn -0.7333139099152988 0.6082770655214065 0.3037263918157322
vn -0.8003363746987191 0.4995693818380576 0.33149980401812046
vn -0.23999864793088554 -0.9656709641374249 0.09939938638262752
vn -0.8003363746987191 -0.49956927382168476 0.3314999667984686
vn -0.8536965142576605 0.38232006937720475 0.35360094187619107
vn -0.23999864793088554 0.9656709965258047 0.09939907172708404
vn -0.7333139099152988 -0.6082769665547544 0.3037265900175411
vn -0.8924727001958588 0.25855863614305413 0.36964836139357726
vn -0.3543614401941345 0.9235188901763778 0.14676794333549295
vn -0.6537588513175547 -0.7065881297990908 0.27079988764948665
vn -0.9159959804842462 0.130377043017114 0.3794116371315172
vn -0.4626413407553289 0.8655869943321685 0.19163023004503835
vn -0.5630196941987997 -0.7928603525951498 0.23319795287906137
vn -0.9238803165815176 6.23467362274105e-8 0.38268153944661487
vn -0.5630196941987997 0.7928604285806453 0.2331976945323551
vn -0.4626413407553289 -0.8655869318910682 0.19163051208906975
vn -0.9159959804842462 -0.13037691938910406 0.3794116796137298
vn -0.6537588513175547 0.7065882180368563 0.27079965741383666
vn -0.35436144019413457 -0.9235188423532628 0.14676824425613444
vn -0.2445771834277661 0.9656739946011056 0.08749707136633061
vn -0.36113595497183426 0.9235168024853356 0.12921895199173788
vn -0.747328780161857 -0.608282242328832 0.26738064254765864
vn -0.6662672252596472 -0.7065832286470042 0.23838650452487012
vn -0.9095307264629047 0.2585580191016377 0.32542527310904734
vn -0.9335129590635881 0.13037691119375336 0.3339991261783775
vn -0.47149230834855976 0.865587716876232 0.16867989673087486
vn -0.5737885812273017 -0.7928542500432575 0.20530173462858006
vn -0.9415504985521654 5.4883394233133036e-8 0.3368718727886993
vn -0.5737885812273017 0.7928543169390113 0.2053014762838637
vn -0.4714923083485597 -0.8655876619132995 0.16868017877514288
vn -0.9335129590635881 -0.13037680236301766 0.3339991686605496
vn -0.6662672252596472 0.706583306323149 0.2383862742908188
vn -0.3611359549718342 -0.9235167603804078 0.12921925291169994
vn -0.9095307264629047 -0.2585579130646111 0.3254253573579261
vn -0.747328780161857 0.6082823294524713 0.26738044434413266
vn -0.24457718342776613 -0.9656739660908897 0.08749738602285166
vn -0.8700160594152672 -0.3823162832546581 0.31129779298587107
vn -0.8156457304710731 0.4995624752288841 0.29182079382302434
vn -0.8156457304710731 -0.49956238014157384 0.2918209566011241
vn -0.8700160594152672 0.38231638468833334 0.31129766841139767
vn -0.9569465969880029 4.729001379623926e-8 0.29026403585886845
vn -0.9487760663259497 -0.1303773038729845 0.2877946048866598
vn -0.5831636004312462 0.7928620015980601 0.17688997019046399
vn -0.6771639073760879 0.7065846150527466 0.20539528796423423
vn -0.479209297317777 -0.865579748424402 0.1453621287741448
vn -0.36702860048249825 -0.9235228127547055 0.11133562210494877
vn -0.9244003688190234 -0.25855984792858383 0.280411774300583
vn -0.7595558350607972 0.6082733915006753 0.23038753138432053
vn -0.2485753696958047 -0.96567484800001 0.07538151975618324
vn -0.8842413216266807 -0.38231763929600376 0.26823591819708237
vn -0.8289829212593979 0.499562764419563 0.25144454789420173
vn -0.8289829212593979 -0.4995626824885035 0.2514447106723979
vn -0.8842413216266807 0.3823177266983393 0.2682357936221694
vn -0.2485753696958047 0.9656748725623755 0.07538120509937547
vn -0.7595558350607972 -0.6082733164308569 0.23038772958493617
vn -0.9244003688190234 0.25855993929832344 0.28041169005107613
vn -0.36702860048249825 0.9235228490324068 0.11133532118301549
vn -0.677163907376088 -0.7065845481264296 0.20539551819871382
vn -0.9487760663259497 0.13037739764836243 0.2877945624043268
vn -0.479209297317777 0.8655797957893494 0.1453618467324565
vn -0.5831636004312462 -0.7928619439599499 0.17689022853768582
vn -0.8963465422176063 -0.38231296505184287 0.22449871493576332
vn -0.8403132037049746 -0.49956732423221417 0.21049039939756753
vn -0.8403132037049746 0.4995673928186652 0.2104902366178611
vn -0.8963465422176063 0.38231303820278867 0.22449859036237568
vn -0.25196340793842 0.9656765607376147 0.06311276496897587
vn -0.7699388135205689 -0.6082784712329224 0.19285104321490573
vn -0.9370533092564814 0.258556446716676 0.23469056110701056
vn -0.3720628186926784 0.9235191020107987 0.0931757863805132
vn -0.6864190959982683 -0.706592616660599 0.1719177091798515
vn -0.9617556247670898 0.1303786190356053 0.24088904899815047
vn -0.4857475052184552 0.8655925992453306 0.12165037322490752
vn -0.5911343575587954 -0.7928689318576929 0.1480507622688633
vn -0.9700364901831844 3.958308950472694e-8 0.24295927171665507
vn -0.5911343575587954 0.7928689800987121 0.14805050391936603
vn -0.4857475052184552 -0.8655925596065618 0.12165065527076899
vn -0.9617556247670898 -0.13037854054398354 0.24088909148088397
vn -0.6864190959982683 0.7065926726784613 0.1719174789427447
vn -0.3720628186926784 -0.923519071650225 0.09317608730122649
vn -0.9370533092564814 -0.25855637024477107 0.23469064535538176
vn -0.7699388135205689 0.6082785340717359 0.19285084501261246
vn -0.25196340793842004 -0.9656765401728145 0.06311307962633438
vn -0.37618358137155283 0.923520652578332 0.07480319089292845
vn -0.49114401748493347 0.8655829941601103 0.09769152629362245
vn -0.6940377512649847 -0.7065811678491284 0.1380385926471474
vn -0.5976922452402225 -0.7928638781498217 0.11887325479234742
vn -0.9724194037870786 0.1303761936076982 0.19339739211982812
vn -0.9807878871664205 3.178211255534049e-8 0.19507721647498405
vn -0.5976922452402225 0.7928639168836024 0.11887299644449843
vn -0.49114401748493347 -0.8655829623281248 0.09769180833635546
vn -0.9724194037870786 -0.13037613059082243 0.1933974346017738
vn -0.6940377512649847 0.7065812128277733 0.13803836241377287
vn -0.3761835813715529 -0.9235206282043097 0.07480349181414798
vn -0.9474346738805539 -0.2585577089288385 0.1884554320849324
vn -0.7784799942183275 0.608275201002162 0.15482305528445142
vn -0.25477034883221045 -0.9656736028873601 0.05066124793625968
vn -0.9062795144617786 -0.38231898292225647 0.1802488195917369
vn -0.8496300361342618 0.4995723760167705 0.16898592491521688
vn -0.8496300361342618 -0.4995723209541408 0.16898608769654924
vn -0.9062795144617786 0.3823190416547563 0.1802486950163908
vn -0.25477034883221045 0.9656736193948386 0.05066093327985894
vn -0.7784799942183275 -0.6082751505543752 0.1548232534856607
vn -0.9474346738805539 0.2585577703353987 0.18845534783612744
vn -0.9807366564117869 -0.13037828700274653 0.14545484883103094
vn -0.95554284245805 -0.25855502617386733 0.1417292301094621
vn -0.6999659029384563 0.7065887106628935 0.10382739853863962
vn -0.7851347614283299 0.6082764814315141 0.11646084549828922
vn -0.3793894648367489 -0.9235238936792732 0.05627834196526705
vn -0.2569381034555093 -0.9656770374379147 0.03808766674158913
vn -0.9140314428756808 -0.3823189848292655 0.13556812041819055
vn -0.8569063551130728 0.4995619518208012 0.1270801119759487
vn -0.8569063551130728 -0.4995619104128185 0.1270802747538867
vn -0.9140314428756808 0.3823190290029457 0.1355679958428462
vn -0.25693810345550927 0.9656770498484005 0.038087352084069936
vn -0.7851347614283299 -0.6082764434837218 0.11646104369991772
vn -0.95554284245805 0.2585550723550984 0.14172914586153373
vn -0.37938946483674896 0.9235239120170357 0.05627804104298449
vn -0.6999659029384562 -0.7065886768315954 0.10382762877445903
vn -0.9807366564117869 0.13037833439794508 0.14545480634838515
vn -0.49533078658934465 0.8655928670406248 0.07346019592386505
vn -0.6028148989344504 -0.7928577929609146 0.08939081476189749
vn -0.9891803465016489 2.3901214388122145e-8 0.14670460829461862
vn -0.6028148989344504 0.792857822088097 0.08939055641603287
vn -0.49533078658934454 -0.8655928431042087 0.07346047796981632
vn -0.2584946290890687 0.9656773239347942 0.0254525592080523
vn -0.8621041374786995 -0.49956753129266673 0.0849042862301899
vn -0.789900739184755 -0.608280316806261 0.07779381994382495
vn -0.9195833234604549 0.38231789181152664 0.09055131591652331
vn -0.9613460721187633 0.25855634682197204 0.09466966325017694
vn -0.3817071472336057 0.9235194633543111 0.037569329998650654
vn -0.7042135100574319 -0.7065940485004641 0.0693410619785651
vn -0.9866907743220084 0.13037870323535708 0.0971736055238374
vn -0.49834866029691377 0.8655866664109859 0.04907479711407787
vn -0.6064755769991117 -0.7928557106970818 0.05972601207698194
vn -0.995186829093404 1.5965540924524026e-8 0.09799579174135936
vn -0.6064755769991117 0.7928557301582446 0.059725753731797365
vn -0.49834866029691377 -0.8655866504203413 0.04907507915801003
vn -0.9866907743220084 -0.13037867157217056 0.09717364800660594
vn -0.7042135100574319 0.7065940710946124 0.06934083174099717
vn -0.3817071472336057 -0.9235194511126206 0.037569630919484634
vn -0.9613460721187633 -0.2585563159746666 0.09466974749852304
vn -0.789900739184755 0.6082803421546727 0.07779362174093642
vn -0.2584946290890687 -0.9656773156412466 0.025452873865661464
vn -0.9195833234604549 -0.3823178623061426 0.09055144049149952
vn -0.8621041374786995 0.4995675589579681 0.08490412345042264
vn -0.5001510025657684 0.8655896206716852 0.024567930680151038
vn -0.6086742682639278 0.7928574475535304 0.029878136024065943
vn -0.6086742682639279 -0.7928574378179561 0.029878394369811694
vn -0.5001510025657683 -0.8655896126663913 0.02456821272504711
vn -0.9987966141889569 7.990297638308074e-9 0.04904409734795486
vn -0.9902704825045098 -0.13037583759513188 0.048646813376141136
vn -0.7067724708892481 0.7065893710831186 0.03470064935228018
vn -0.38308197484431683 -0.9235230111733362 0.01880022294314532
vn -0.9648322426362331 -0.25855818903317246 0.04739627045900648
vn -0.792767576259292 0.6082787654008753 0.038942439501844194
vn -0.2594401890059653 -0.9656753205811299 0.012726490053462283
vn -0.9229219685195748 -0.3823101900538175 0.04532062008586026
vn -0.8652364074729673 0.49956104731834183 0.04248198659990906
vn -0.8652364074729673 -0.4995610334759271 0.042482149377556816
vn -0.9229219685195748 0.3823102048211296 0.045320495513386384
vn -0.2594401890059654 0.9656753247278955 0.012726175396503864
vn -0.792767576259292 -0.6082787527117857 0.038942637704221024
vn -0.9648322426362331 0.25855820447682387 0.04739618621005256
vn -0.38308197484431683 0.9235230172991774 0.018799922021152313
vn -0.7067724708892481 -0.7065893597761744 0.03470087958831848
vn -0.9902704825045098 0.1303758534462687 0.04864677089429859
vn -0.9659954348167269 -0.2585591226648961 4.2124627812697976e-8
vn -0.9240320771624878 -0.38231494919081355 6.228701109403971e-8
vn -0.7937311239813125 0.6082687751507164 -9.909956183026755e-8
vn -0.866277535515737 0.49956304052719375 -8.138914973988991e-8
vn -0.25974583468959833 -0.9656770171032233 1.5732875527068966e-7
vn -0.866277535515737 -0.49956304052719375 8.138914973988991e-8
vn -0.9240320771624878 0.38231494919081355 -6.228701109403971e-8
vn -0.25974583468959833 0.9656770171032233 -1.5732875527068966e-7
vn -0.7937311239813125 -0.6082687751507164 9.909956183026755e-8
vn -0.9659954348167269 0.2585591226648961 -4.2124627812697976e-8
vn -0.38354025966897115 0.92352415735217 -1.5046118274045898e-7
vn -0.7076254194543102 -0.7065877622362973 1.151177579597049e-7
vn -0.9914645761895283 0.13037635583693202 -2.1241004411685676e-8
vn -0.500759532474247 0.8655864431910621 -1.4102193101265098e-7
vn -0.6094068872516557 -0.792857645337567 1.2917290588730628e-7
vn -1 0 0
vn -0.6094068872516557 0.792857645337567 -1.2917290588730628e-7
vn -0.500759532474247 -0.8655864431910621 1.4102193101265098e-7
vn -0.9914645761895283 -0.13037635583693202 2.1241004411685676e-8
vn -0.7076254194543102 0.7065877622362973 -1.151177579597049e-7
vn -0.38354025966897115 -0.92352415735217 1.5046118274045898e-7
vn -0.38354025966897115 0.92352415735217 -1.5046118274045898e-7
vn -0.25974583468959833 0.9656770171032233 -1.5732875527068966e-7
vn -0.2594401890059653 0.9656753205811299 -0.012726490053462283
vn -0.38308197484431683 0.9235230111733362 -0.01880022294314532
vn -0.7076254194543102 -0.7065877622362973 1.151177579597049e-7
vn -0.7937311239813125 -0.6082687751507164 9.909956183026755e-8
vn -0.792767576259292 -0.6082787654008753 -0.038942439501844194
vn -0.7067724708892481 -0.7065893710831186 -0.03470064935228018
vn -0.9914645761895283 0.13037635583693202 -2.1241004411685676e-8
vn -0.9659954348167269 0.2585591226648961 -4.2124627812697976e-8
vn -0.9648322426362331 0.25855818903317246 -0.04739627045900648
vn -0.9902704825045098 0.13037583759513188 -0.048646813376141136
vn -0.500759532474247 0.8655864431910621 -1.4102193101265098e-7
vn -0.5001510025657683 0.8655896126663913 -0.02456821272504711
vn -0.6094068872516557 -0.792857645337567 1.2917290588730628e-7
vn -0.6086742682639278 -0.7928574475535304 -0.029878136024065943
vn -1 0 0
vn -0.9987966141889569 -7.990297638308074e-9 -0.04904409734795486
vn -0.6094068872516557 0.792857645337567 -1.2917290588730628e-7
vn -0.6086742682639279 0.7928574378179561 -0.029878394369811694
vn -0.500759532474247 -0.8655864431910621 1.4102193101265098e-7
vn -0.5001510025657684 -0.8655896206716852 -0.024567930680151038
vn -0.9914645761895283 -0.13037635583693202 2.1241004411685676e-8
vn -0.9902704825045098 -0.1303758534462687 -0.04864677089429859
vn -0.7076254194543102 0.7065877622362973 -1.151177579597049e-7
vn -0.7067724708892481 0.7065893597761744 -0.03470087958831848
vn -0.38354025966897115 -0.92352415735217 1.5046118274045898e-7
vn -0.38308197484431683 -0.9235230172991774 -0.018799922021152313
vn -0.9659954348167269 -0.2585591226648961 4.2124627812697976e-8
vn -0.9648322426362331 -0.25855820447682387 -0.04739618621005256
vn -0.7937311239813125 0.6082687751507164 -9.909956183026755e-8
vn -0.792767576259292 0.6082787527117857 -0.038942637704221024
vn -0.25974583468959833 -0.9656770171032233 1.5732875527068966e-7
vn -0.2594401890059654 -0.9656753247278955 -0.012726175396503864
vn -0.9240320771624878 -0.38231494919081355 6.228701109403971e-8
vn -0.9229219685195748 -0.3823102048211296 -0.045320495513386384
vn -0.866277535515737 0.49956304052719375 -8.138914973988991e-8
vn -0.8652364074729673 0.4995610334759271 -0.042482149377556816
vn -0.866277535515737 -0.49956304052719375 8.138914973988991e-8
vn -0.8652364074729673 -0.49956104731834183 -0.04248198659990906
vn -0.9240320771624878 0.38231494919081355 -6.228701109403971e-8
vn -0.9229219685195748 0.3823101900538175 -0.04532062008586026
vn -0.6064755769991117 0.7928557106970818 -0.05972601207698194
vn -0.7042135100574319 0.7065940485004641 -0.0693410619785651
vn -0.49834866029691377 -0.8655866664109859 -0.04907479711407787
vn -0.3817071472336057 -0.9235194633543111 -0.037569329998650654
vn -0.9866907743220084 -0.13037870323535708 -0.0971736055238374
vn -0.9613460721187633 -0.25855634682197204 -0.09466966325017694
vn -0.789900739184755 0.608280316806261 -0.07779381994382495
vn -0.2584946290890687 -0.9656773239347942 -0.0254525592080523
vn -0.9195833234604549 -0.38231789181152664 -0.09055131591652331
vn -0.8621041374786995 0.49956753129266673 -0.0849042862301899
vn -0.8621041374786995 -0.4995675589579681 -0.08490412345042264
vn -0.9195833234604549 0.3823178623061426 -0.09055144049149952
vn -0.2584946290890687 0.9656773156412466 -0.025452873865661464
vn -0.789900739184755 -0.6082803421546727 -0.07779362174093642
vn -0.9613460721187633 0.2585563159746666 -0.09466974749852304
vn -0.3817071472336057 0.9235194511126206 -0.037569630919484634
vn -0.7042135100574319 -0.7065940710946124 -0.06934083174099717
vn -0.9866907743220084 0.13037867157217056 -0.09717364800660594
vn -0.49834866029691377 0.8655866504203413 -0.04907507915801003
vn -0.6064755769991117 -0.7928557301582446 -0.059725753731797365
vn -0.995186829093404 -1.5965540924524026e-8 -0.09799579174135936
vn -0.9140314428756808 -0.3823190290029457 -0.1355679958428462
vn -0.8569063551130728 -0.4995619518208012 -0.1270801119759487
vn -0.8569030288328123 0.49955997506164634 -0.12711030836859588
vn -0.9140314428756808 0.3823189848292655 -0.13556812041819055
vn -0.2569381034555093 0.9656770374379147 -0.03808766674158913
vn -0.7851347614283299 -0.6082764814315141 -0.11646084549828922
vn -0.95554284245805 0.25855502617386733 -0.1417292301094621
vn -0.3793894648367489 0.9235238936792732 -0.05627834196526705
vn -0.6999659029384563 -0.7065887106628935 -0.10382739853863962
vn -0.9807366564117869 0.13037828700274653 -0.14545484883103094
vn -0.49533078658934454 0.8655928431042087 -0.07346047796981632
vn -0.6028148989344504 -0.792857822088097 -0.08939055641603287
vn -0.9891803465016489 -2.3901214388122145e-8 -0.14670460829461862
vn -0.6028148989344504 0.7928577929609146 -0.08939081476189749
vn -0.49533078658934465 -0.8655928670406248 -0.07346019592386505
vn -0.9807366564117869 -0.13037833439794508 -0.14545480634838515
vn -0.6999659029384562 0.7065886768315954 -0.10382762877445903
vn -0.37938946483674896 -0.9235239120170357 -0.05627804104298449
vn -0.95554284245805 -0.2585550723550984 -0.14172914586153373
vn -0.7851347614283299 0.6082764434837218 -0.11646104369991772
vn -0.25693810345550927 -0.9656770498484005 -0.038087352084069936
vn -0.3761835813715529 0.9235206282043097 -0.07480349181414798
vn -0.49114401748493347 0.8655829623281248 -0.09769180833635546
vn -0.6940377512649847 -0.7065812128277733 -0.13803836241377287
vn -0.5976922452402225 -0.7928639168836024 -0.11887299644449843
vn -0.9724194037870786 0.13037613059082243 -0.1933974346017738
vn -0.9807878871664205 -3.178211255534049e-8 -0.19507721647498405
vn -0.5976922452402225 0.7928638781498217 -0.11887325479234742
vn -0.49114401748493347 -0.8655829941601103 -0.09769152629362245
vn -0.9724194037870786 -0.1303761936076982 -0.19339739211982812
vn -0.6940377512649847 0.7065811678491284 -0.1380385926471474
vn -0.37618358137155283 -0.923520652578332 -0.07480319089292845
vn -0.9474346738805539 -0.2585577703353987 -0.18845534783612744
vn -0.7784799942183275 0.6082751505543752 -0.1548232534856607
vn -0.25477034883221045 -0.9656736193948386 -0.05066093327985894
vn -0.9062795144617786 -0.3823190416547563 -0.1802486950163908
vn -0.8496300361342618 0.4995723209541408 -0.16898608769654924
vn -0.8496300361342618 -0.4995723760167705 -0.16898592491521688
vn -0.9062795144617786 0.38231898292225647 -0.1802488195917369
vn -0.25477034883221045 0.9656736028873601 -0.05066124793625968
vn -0.7784799942183275 -0.608275201002162 -0.15482305528445142
vn -0.9474346738805539 0.2585577089288385 -0.1884554320849324
vn -0.6864190959982683 0.706592616660599 -0.1719177091798515
vn -0.7699388135205689 0.6082784712329224 -0.19285104321490573
vn -0.3720628186926784 -0.9235191020107987 -0.0931757863805132
vn -0.25196340793842 -0.9656765607376147 -0.06311276496897587
vn -0.9370466014914086 -0.2585545901354076 -0.23471938682885338
vn -0.8963465422176063 -0.38231303820278867 -0.22449859036237568
vn -0.8403132037049746 0.49956732423221417 -0.21049039939756753
vn -0.8403132037049746 -0.4995673928186652 -0.2104902366178611
vn -0.8963465422176063 0.38231296505184287 -0.22449871493576332
vn -0.25196340793842004 0.9656765401728145 -0.06311307962633438
vn -0.7699388135205689 -0.6082785340717359 -0.19285084501261246
vn -0.9370466014914086 0.25855451365411014 -0.23471947107661967
vn -0.3720628186926784 0.923519071650225 -0.09317608730122649
vn -0.6864190959982683 -0.7065926726784613 -0.1719174789427447
vn -0.9617556247670898 0.13037854054398354 -0.24088909148088397
vn -0.4857475052184552 0.8655925596065618 -0.12165065527076899
vn -0.5911343575587954 -0.7928689800987121 -0.14805050391936603
vn -0.9700364901831844 -3.958308950472694e-8 -0.24295927171665507
vn -0.5911343575587954 0.7928689318576929 -0.1480507622688633
vn -0.4857475052184552 -0.8655925992453306 -0.12165037322490752
vn -0.9617556247670898 -0.1303786190356053 -0.24088904899815047
vn -0.479209297317777 -0.8655797957893494 -0.1453618467324565
vn -0.36702860048249825 -0.9235228490324068 -0.11133532118301549
vn -0.9487760663259497 -0.13037739764836243 -0.2877945624043268
vn -0.9244003688190234 -0.25855993929832344 -0.28041169005107613
vn -0.677163907376088 0.7065845481264296 -0.20539551819871382
vn -0.7595558350607972 0.6082733164308569 -0.23038772958493617
vn -0.2485753696958047 -0.9656748725623755 -0.07538120509937547
vn -0.8842413216266807 -0.3823177266983393 -0.2682357936221694
vn -0.8289829212593979 0.4995626824885035 -0.2514447106723979
vn -0.8289829212593979 -0.499562764419563 -0.25144454789420173
vn -0.8842413216266807 0.38231763929600376 -0.26823591819708237
vn -0.2485753696958047 0.96567484800001 -0.07538151975618324
vn -0.7595558350607972 -0.6082733915006753 -0.23038753138432053
vn -0.9244003688190234 0.25855984792858383 -0.280411774300583
vn -0.36702860048249825 0.9235228127547055 -0.11133562210494877
vn -0.6771639073760879 -0.7065846150527466 -0.20539528796423423
vn -0.9487760663259497 0.1303773038729845 -0.2877946048866598
vn -0.479209297317777 0.865579748424402 -0.1453621287741448
vn -0.5831636004312462 -0.7928620015980601 -0.17688997019046399
vn -0.9569465969880029 -4.729001379623926e-8 -0.29026403585886845
vn -0.5831636004312462 0.7928619439599499 -0.17689022853768582
vn -0.8156457304710731 0.49956238014157384 -0.2918209566011241
vn -0.8700160594152672 0.3823162832546581 -0.31129779298587107
vn -0.24457718342776613 0.9656739660908897 -0.08749738602285166
vn -0.8156457304710731 -0.4995624752288841 -0.29182079382302434
vn -0.747328780161857 -0.6082823294524713 -0.26738044434413266
vn -0.9095307264629047 0.2585579130646111 -0.3254253573579261
vn -0.3611359549718342 0.9235167603804078 -0.12921925291169994
vn -0.6662672252596472 -0.706583306323149 -0.2383862742908188
vn -0.9335129590635881 0.13037680236301766 -0.3339991686605496
vn -0.4714923083485597 0.8655876619132995 -0.16868017877514288
vn -0.5737885812273017 -0.7928543169390113 -0.2053014762838637
vn -0.9415504985521654 -5.4883394233133036e-8 -0.3368718727886993
vn -0.5737885812273017 0.7928542500432575 -0.20530173462858006
vn -0.47149230834855976 -0.865587716876232 -0.16867989673087486
vn -0.9335129590635881 -0.13037691119375336 -0.3339991261783775
vn -0.6662672252596472 0.7065832286470042 -0.23838650452487012
vn -0.36113595497183426 -0.9235168024853356 -0.12921895199173788
vn -0.9095307264629047 -0.2585580191016377 -0.32542527310904734
vn -0.747328780161857 0.608282242328832 -0.26738064254765864
vn -0.2445771834277661 -0.9656739946011056 -0.08749707136633061
vn -0.8700160594152672 -0.38231638468833334 -0.31129766841139767
vn -0.9159959804842462 0.13037691938910406 -0.3794116796137298
vn -0.9238803165815176 -6.23467362274105e-8 -0.38268153944661487
vn -0.4626413407553289 0.8655869318910682 -0.19163051208906975
vn -0.5630196941987997 0.7928603525951498 -0.23319795287906137
vn -0.5630196941987997 -0.7928604285806453 -0.2331976945323551
vn -0.4626413407553289 -0.8655869943321685 -0.19163023004503835
vn -0.9159959804842462 -0.130377043017114 -0.3794116371315172
vn -0.6537588513175547 0.7065881297990908 -0.27079988764948665
vn -0.3543614401941345 -0.9235188901763778 -0.14676794333549295
vn -0.8924727001958588 -0.25855863614305413 -0.36964836139357726
vn -0.7333139099152988 0.6082769665547544 -0.3037265900175411
vn -0.23999864793088554 -0.9656709965258047 -0.09939907172708404
vn -0.8536965142576605 -0.38232006937720475 -0.35360094187619107
vn -0.8003363746987191 0.49956927382168476 -0.3314999667984686
vn -0.8003363746987191 -0.4995693818380576 -0.33149980401812046
vn -0.8536965142576605 0.38231995415937337 -0.3536010664518629
vn -0.23999864793088554 0.9656709641374249 -0.09939938638262752
vn -0.7333139099152988 -0.6082770655214065 -0.3037263918157322
vn -0.8924727001958588 0.25855851569631644 -0.3696484456426547
vn -0.35436144019413457 0.9235188423532628 -0.14676824425613444
vn -0.6537588513175547 -0.7065882180368563 -0.27079965741383666
vn -0.3467316406995162 -0.9235190429006682 -0.1639809340675179
vn -0.2348116132107841 -0.9656757658335389 -0.11105773986155701
vn -0.8732487461867287 -0.25855957176837197 -0.41301764505921834
vn -0.8353151982207403 -0.3823161932814746 -0.39507321850032745
vn -0.7175314637834586 0.6082734778770114 -0.33934049948712597
vn -0.7831100683539166 0.4995607042304242 -0.37037511205739354
vn -0.7831100683539166 -0.4995608249139271 -0.3703749492798356
vn -0.8353151982207403 0.3823160645502603 -0.39507334307473413
vn -0.23481161321078411 0.9656757296462829 -0.11105805451865394
vn -0.7175314637834588 -0.6082735884481483 -0.339340301286452
vn -0.8732487461867287 0.25855943719012797 -0.4130177293085984
vn -0.3467316406995161 0.9235189894688489 -0.16398123498820816
vn -0.6396894072036673 -0.7065882815070123 -0.30254001842465067
vn -0.8962737630163564 0.1303758931812748 -0.4239050226238004
vn -0.45269057875520136 0.8655841165790948 -0.2140919826436032
vn -0.5509021278425131 -0.7928584637075538 -0.26054232298398117
vn -0.9039974165468474 -6.965476779050505e-8 -0.42753791747238135
vn -0.5509021278425132 0.7928583788120472 -0.26054258133004576
vn -0.4526905787552014 -0.8655841863390712 -0.21409170060048793
vn -0.8962737630163564 -0.13037603130705608 -0.4239049801419199
vn -0.6396894072036673 0.7065881829269242 -0.3025402486603197
vn -0.8149294312266603 0.3823166420253179 -0.4355731940226314
vn -0.8519313545697348 0.2585549091629206 -0.4553705370890071
vn -0.2290744803600359 0.9656774263250893 -0.12244178508144676
vn -0.33824953901806804 0.9235253544831917 -0.18079869739785065
vn -0.7000089054255351 -0.6082695533216618 -0.374159969567577
vn -0.6240644439482392 -0.7065894533632114 -0.33357894747038985
vn -0.874397180466076 0.13037668931835092 -0.46736654745003203
vn -0.44164333662599436 0.8655855474369107 -0.23603563985593873
vn -0.5374437571051068 -0.7928593031416844 -0.2872774501599968
vn -0.8819183269687543 -7.680117173329249e-8 -0.47140223223551586
vn -0.537443757105107 0.792859209534768 -0.2872777085063336
vn -0.44164333662599436 -0.8655856243470382 -0.23603535781235602
vn -0.874397180466076 -0.13037684160569443 -0.4673665049678897
vn -0.6240644439482392 0.7065893446693567 -0.33357917770643913
vn -0.33824953901806804 -0.9235254133948357 -0.18079839647508553
vn -0.8519313545697348 -0.258555057541461 -0.45537045284110017
vn -0.7000089054255351 0.6082694314048369 -0.3741601677669344
vn -0.22907448036003586 -0.9656774662216355 -0.12244147042379637
vn -0.8149294312266603 -0.38231678395305857 -0.43557306944803453
vn -0.7639899782910867 0.4995706174647702 -0.4083485168782334
vn -0.7639899782910867 -0.49957075052157895 -0.4083483540974434
vn -0.8577352023128849 -8.375617620593638e-8 -0.514091745424168
vn -0.8504159685759566 -0.13037787678151977 -0.5097001958376713
vn -0.522705975562228 0.7928637402885204 -0.3132819057131088
vn -0.6069447911247499 0.706591467819199 -0.36379460981664297
vn -0.42952682952747834 -0.8655847606439099 -0.25742906762271
vn -0.32897084716959024 -0.9235233919956136 -0.19718703342116176
vn -0.8285683712657705 -0.2585595488789122 -0.4966099211871645
vn -0.6807993574980716 0.6082848174306623 -0.40804634015459423
vn -0.22278727581605406 -0.9656760260195028 -0.13355014977768498
vn -0.7925692767368836 -0.3823218807406587 -0.4750409677908831
vn -0.7430204923560817 0.4995687786991361 -0.4453667963465391
vn -0.7430204923560817 -0.49956892381803114 -0.44536663356634615
vn -0.7925692767368836 0.3823217259526444 -0.47504109236713876
vn -0.22278727581605404 0.9656759825032892 -0.13355046443486546
vn -0.6807993574980716 -0.6082849503890035 -0.40804614195022165
vn -0.8285683712657704 0.2585593870628474 -0.49661000543653266
vn -0.3289708471695903 0.9235233277438738 -0.19718733434326746
vn -0.6069447911247499 -0.7065915863584912 -0.3637943795799003
vn -0.8504159685759566 0.13037771070010892 -0.5097002383201488
vn -0.4295268295274783 0.8655846767628269 -0.2574293496660101
vn -0.522705975562228 -0.79286384236868 -0.3132816473652944
vn -0.2159807637925261 -0.9656724371665097 -0.14432274168851744
vn -0.7682995043660561 -0.38231866210412396 -0.5133695668792463
vn -0.7202780766481164 -0.49956501881695625 -0.4812839954481182
vn -0.7202780766481165 0.4995648619946992 -0.4812841582270367
vn -0.7682995043660561 0.3823184948270669 -0.513369691454451
vn -0.2159817219963309 0.9656766423266017 -0.14429316764254882
vn -0.6599508830187791 -0.6082815979243866 -0.44097429588275167
vn -0.8031981475245191 0.25855660274602965 -0.5366760838621493
vn -0.31889961370078995 0.9235239358391962 -0.21308818905224963
vn -0.5883631451158875 -0.7065974212054016 -0.3931270708247112
vn -0.8243843532052373 0.13037788779664944 -0.5508103526297111
vn -0.416371826806096 0.8655821892786698 -0.2782121051386861
vn -0.5067114463302997 -0.7928602077183068 -0.3385501457313805
vn -0.831467636246713 -9.051436138264873e-8 -0.5555731903847553
vn -0.5067114463302999 0.7928600974046256 -0.3385504040780093
vn -0.41637182680609597 -0.8655822799316341 -0.2782118230961954
vn -0.8243843532052373 -0.13037806727343576 -0.5508103101471739
vn -0.5883631451158875 0.7065972931083054 -0.3931273010633535
vn -0.31889961370078995 -0.923524005272092 -0.213087888129945
vn -0.8031981475245191 -0.25855677761727985 -0.5366759996136862
vn -0.6599508830187791 0.6082814542366909 -0.4409744940860301
vn -0.7758942860312933 0.25856013717171034 -0.5754430574520263
vn -0.7963609732407507 0.13037677002629813 -0.5906023180927704
vn -0.30806524906192984 0.9235243232152274 -0.22847018788075468
vn -0.4022139585475432 0.8655885472411079 -0.298295823696115
vn -0.5683656863369386 -0.7065888650004954 -0.42153602746628
vn -0.4894693741874425 -0.7928623471512566 -0.3630275887620029
vn -0.8032039939885856 -9.705251222365031e-8 -0.5957040742187137
vn -0.4894693741874425 0.7928622288618118 -0.36302784710932745
vn -0.4022139585475431 -0.8655886444381781 -0.2982955416515515
vn -0.7963609732407508 -0.13037696246895253 -0.5906022756105953
vn -0.5683656863369386 0.7065887276465864 -0.4215362577021328
vn -0.3080652490619299 -0.9235243976602147 -0.2284698869583231
vn -0.7758942860312932 -0.2585603246748438 -0.5754429732024094
vn -0.6375154424904838 0.6082779778542439 -0.4728339690036184
vn -0.20862689737114215 -0.9656776405053267 -0.15473045053044931
vn -0.742193274687249 -0.3823124724187931 -0.550441928310378
vn -0.6957990834683002 0.49956287395578713 -0.5160431865742515
vn -0.6957990834683003 -0.49956304210397334 -0.516043023795979
vn -0.742193274687249 0.38231229306202746 -0.5504420528835638
vn -0.20862689737114215 0.9656775900876954 -0.1547307651881548
vn -0.6375154424904839 -0.6082781319230741 -0.47283377080147104
vn -0.7664103792426891 -0.13038020612527962 -0.6289802321534496
vn -0.746717574217828 -0.2585602605622165 -0.6128290593732
vn -0.5470017429480235 0.7065883272842362 -0.44891205035896464
vn -0.6135566156568094 0.6082766946488037 -0.5035352441794794
vn -0.296495440633351 -0.9235153952291472 -0.24333057444223308
vn -0.20078385760986736 -0.9656791543666261 -0.16477139722979345
vn -0.7142866331918547 -0.3823222620714776 -0.5861947573699319
vn -0.6696460892514012 0.49956410012988617 -0.5495542057083374
vn -0.6696460892514013 -0.4995642791973483 -0.5495540429296635
vn -0.7142866331918547 0.38232207106496163 -0.5861948819463058
vn -0.2007838576098673 0.9656791006772389 -0.16477171188799158
vn -0.6135566156568094 -0.6082768587213793 -0.5035350459777485
vn -0.746717574217828 0.2585600608771499 -0.6128291436227938
vn -0.2964954406333509 0.9235153159419334 -0.24333087536173056
vn -0.5470017429480235 -0.7065884735583107 -0.44891182012324066
vn -0.7664103792426891 0.1303800011774998 -0.6289802746366795
vn -0.3870784228415735 0.8655931177407824 -0.3176772719132921
vn -0.4710698102384925 -0.7928683748886324 -0.3865914820366969
vn -0.7730100426583846 -1.0335586610856577e-7 -0.6343937846080082
vn -0.4710698102384924 0.7928682489210969 -0.3865917403859842
vn -0.38710433899038443 -0.8655830023146833 -0.3176732548369733
vn -0.1924516755710321 0.9656764670166539 -0.17444573259365076
vn -0.6418734415068988 -0.49956393849898423 -0.5817511121084968
vn -0.5881019387907532 -0.6082750969309597 -0.5330455102936229
vn -0.6846635206758472 0.38231153353871655 -0.6205431127480413
vn -0.7157641680100356 0.25855761076811695 -0.6487138180328705
vn -0.28419653240589976 0.9235166105875503 -0.2575837746003138
vn -0.524320842513844 -0.7065819702671088 -0.47521529163003934
vn -0.73462192924634 0.13037688818369272 -0.6658321771271815
vn -0.3710242852019652 0.8655909947828709 -0.33629333853225624
vn -0.4515370040267471 -0.7928679570369537 -0.4092367733948116
vn -0.7409556173478965 -1.0941003341228748e-7 -0.671553998663239
vn -0.4515370040267471 0.7928678236906457 -0.4092370317439617
vn -0.37102428520196523 -0.8655911043611031 -0.3362930564868933
vn -0.73462192924634 -0.13037710513934653 -0.6658321346449639
vn -0.524320842513844 0.7065818154222754 -0.47521552186364274
vn -0.2841965324058998 -0.9235166945189482 -0.25758347368039375
vn -0.7157641680100356 -0.2585578221458946 -0.6487137337840732
vn -0.5881019387907532 0.6082749232426546 -0.5330457084947782
vn -0.19245167557103213 -0.965676523858237 -0.17444541793631022
vn -0.6846635206758472 -0.38231173573730676 -0.6205429881750992
vn -0.641873441506899 0.49956374894038535 -0.581751274887058
vn -0.7010559222809066 0.1303777891426163 -0.7010864610967402
vn -0.7071067811865475 -1.1520231687946487e-7 -0.7071067811865381
vn -0.3540857379977949 0.8655902497284397 -0.35408587902035077
vn -0.43090597253870083 0.7928681948071172 -0.43090610171333116
vn -0.43090597253870083 -0.7928683352141044 -0.430905843364059
vn -0.3540857379977949 -0.8655903651042174 -0.3540855969752296
vn -0.7010559222809066 -0.13037801758557385 -0.7010864186142272
vn -0.5003670470508806 0.7065872354132675 -0.5003671621685594
vn -0.27119843864998217 -0.9235274199272934 -0.27119828818827146
vn -0.6830612217573222 -0.25856293665377283 -0.6830611796320821
vn -0.5612477708397324 0.6082777064913641 -0.5612478699407569
vn -0.1836627427160641 -0.9656790624565617 -0.18366258538697802
vn -0.6533890340514471 -0.3823161280382632 -0.6533889717642526
vn -0.6125489979535477 0.49956716315395044 -0.6125490793433773
vn -0.6125489979535477 -0.49956736274774766 -0.6125489165637019
vn -0.6533890340514471 0.3823159151370931 -0.6533890963386243
vn -0.18366274271606406 0.9656790026116442 -0.18366290004514527
vn -0.5612477708397325 -0.6082778893691 -0.5612476717386934
vn -0.6830612217573222 0.2585627140841768 -0.6830612638825442
vn -0.27119843864998217 0.9235273315596257 -0.27119858911168565
vn -0.5003670470508806 -0.7065873984535456 -0.5003669319331887
vn -0.6487137759084803 -0.25855783306979 -0.7157641258856275
vn -0.6205430504615784 -0.38231174618385727 -0.684663458389367
vn -0.5330456093942075 0.60827491427284 -0.5881020378913231
vn -0.5817511934977851 0.4995637391452279 -0.6418735228961711
vn -0.1744455752649828 -0.9656765267918032 -0.19245151824235932
vn -0.5817511934977851 -0.49956394829414164 -0.6418733601176099
vn -0.6205430504615784 0.382311523092166 -0.6846635829623092
vn -0.17444557526498278 0.9656764640830878 -0.19245183289969986
vn -0.5330237713599472 -0.6082849827424439 -0.5881114171100944
vn -0.6487137759084803 0.25855759984422155 -0.7157642101344249
vn -0.2575836241403572 0.9235166062517574 -0.28419668286585614
vn -0.47521540674684737 -0.7065819782673998 -0.5243207273970354
vn -0.6658321558860815 0.13037687697641615 -0.7346219504874391
vn -0.33629319750957914 0.8655909891244585 -0.37102442622464177
vn -0.40923690256939205 -0.792867963928515 -0.45153687485216615
vn -0.6715539986632478 -1.2071699224846277e-7 -0.7409556173478867
vn -0.40923690256939216 0.7928678167990846 -0.45153713320131633
vn -0.33629319750957914 -0.8655911100195154 -0.3710241441792788
vn -0.6658321558860815 -0.1303771163466231 -0.7346219080052215
vn -0.4752154067468473 0.7065818074219844 -0.5243209576306387
vn -0.2575836241403572 -0.9235166988547413 -0.28419638194593605
vn -0.16477155455889467 0.9656790948100901 -0.20078401493896378
vn -0.243330724901985 0.9235153072803018 -0.2964955910930958
vn -0.5035351450786207 -0.608276876646152 -0.613556516555936
vn -0.4489119352411086 -0.7065884895391688 -0.5470016278301544
vn -0.612829101498005 0.25856003906394903 -0.7467176163426151
vn -0.6289655419838547 0.1303769412152663 -0.7664229903886671
vn -0.3176771308902695 0.865593106433877 -0.3870785638645953
vn -0.38659161121134566 -0.792868388651878 -0.4710696810638425
vn -0.6343937846080165 -1.2593932098332714e-7 -0.7730100426583744
vn -0.38659161121134566 0.7928682351578513 -0.47106993941312997
vn -0.3176733958583395 -0.8655830136264198 -0.3871041979690174
vn -0.6289655419838547 -0.13037719094756728 -0.766422947906427
vn -0.4489119352411086 0.7065883113033781 -0.5470018580658783
vn -0.24333072490198504 -0.9235154038907788 -0.2964952901735983
vn -0.612829101498005 -0.25856028237541734 -0.7467175320930213
vn -0.5035351450786206 0.6082766767240311 -0.6135567147576668
vn -0.1647715545588947 -0.965679160233775 -0.20078370028076561
vn -0.5861948196581266 -0.38232228294028286 -0.7142865709036583
vn -0.5495541243190075 0.4995640805644217 -0.6696461706407294
vn -0.5495541243190075 -0.4995642987628127 -0.6696460078620554
vn -0.5861948196581266 0.38232205019615634 -0.7142866954800321
vn -0.5957040742187215 -1.308585400341586e-7 -0.803203993988575
vn -0.5906022968516906 -0.1303769959912958 -0.7963609519996527
vn -0.36302771793566996 0.7928622082618514 -0.4894695033610983
vn -0.42153614258421196 0.7065887037250174 -0.5683658014548575
vn -0.29829568267383716 -0.8655886613686141 -0.40221381752525615
vn -0.22847003741954194 -0.9235244106279206 -0.30806509860070996
vn -0.5754430153272254 -0.25856035733250093 -0.7758942439064745
vn -0.47283386990255094 0.6082779510242102 -0.6375155415915491
vn -0.1547306078593041 -0.9656776492861469 -0.2086267400422867
vn -0.5504419905969782 -0.3823125036590425 -0.7421932124006463
vn -0.516043105185122 0.49956284466982115 -0.6957991648574273
vn -0.5160431051851221 -0.4995630713899394 -0.6957990020791548
vn -0.5504419905969782 0.3823122618217781 -0.7421933369738322
vn -0.1547306078593041 0.9656775813068752 -0.20862705469999215
vn -0.47283386990255094 -0.6082781587531076 -0.6375153433894016
vn -0.5754430153272255 0.2585601045140532 -0.7758943281560914
vn -0.22847003741954192 0.9235243102475215 -0.30806539952314155
vn -0.42153614258421196 -0.7065888889220644 -0.5683655712190048
vn -0.5906022968516906 0.13037673650395487 -0.7963609944818278
vn -0.2982956826738372 0.8655885303106718 -0.4022140995698197
vn -0.36302771793566996 -0.792862367751217 -0.4894692450137737
vn -0.5133696291668554 -0.3823187036374723 -0.7682994420784436
vn -0.48128407683758384 -0.499565057754021 -0.7202779952586477
vn -0.48128407683758384 0.4995648230576344 -0.7202781580375661
vn -0.5133696291668554 0.38231845329371855 -0.7682995666536484
vn -0.1442930103138526 0.9656766306470279 -0.215981879325026
vn -0.4409743949843967 -0.6082816336001847 -0.6599507839171312
vn -0.5366760417379248 0.2585565593240672 -0.8031981896487399
vn -0.21308803859110015 0.9235239186003025 -0.3188997641619381
vn -0.39312718594403756 -0.7065974530133766 -0.5883630299965585
vn -0.5508103313884498 0.13037784322578405 -0.8243843744464949
vn -0.27821196411744437 0.8655821667695711 -0.4163719678273359
vn -0.3385502749046993 -0.7928602351152391 -0.5067113171569787
vn -0.5555731903847625 -1.354632718203888e-7 -0.831467636246702
vn -0.3385502749046994 0.7928600700076934 -0.5067115755036076
vn -0.27821196411744437 -0.8655823024407326 -0.4163716857848451
vn -0.5508103313884498 -0.13037811184430115 -0.8243843319639579
vn -0.39312718594403756 0.7065972613003305 -0.5883632602352008
vn -0.21308803859110012 -0.9235240225109856 -0.3188994632396334
vn -0.5366760417379248 -0.2585568210392422 -0.8031981054002769
vn -0.4409743949843967 0.6082814185608929 -0.6599509821204097
vn -0.14429301031385267 -0.9656767010228057 -0.21598156466763
vn -0.1971871838822172 0.9235233062735899 -0.32897099763063875
vn -0.2574292086443634 0.8655846487245656 -0.4295269705491227
vn -0.36379449469827646 -0.7065916259727025 -0.6069446760063706
vn -0.31328177653920575 -0.7928638764882125 -0.5227058463883139
vn -0.5097002170789168 0.13037765519046735 -0.8504159898171839
vn -0.5140917454241748 -1.397428015181942e-7 -0.8577352023128735
vn -0.3132817765392057 0.7928637061689877 -0.5227061047361282
vn -0.25742920864436347 -0.8655847886821711 -0.42952668850582265
vn -0.5097002170789167 -0.13037793229116132 -0.8504159473347066
vn -0.36379449469827646 0.7065914282049875 -0.6069449062431133
vn -0.19718718388221723 -0.9235234134658975 -0.32897069670853313
vn -0.49660996331185514 -0.2585596029618014 -0.8285683291410755
vn -0.4080462410524133 0.6082847729935393 -0.680799456600249
vn -0.133550307106277 -0.9656760405580503 -0.2227871184874609
vn -0.4750410300790171 -0.3823219324725762 -0.7925692144487453
vn -0.4453422617245682 0.49957551156630414 -0.7430306710798094
vn -0.4453422617245682 -0.4995757536764004 -0.7430305082974068
vn -0.47504103007901716 0.3823216742207269 -0.7925693390250009
vn -0.13352031162301092 0.9656799058646336 -0.22278834303743672
vn -0.4080462410524133 -0.6082849948261265 -0.6807992583958764
vn -0.49660996331185525 0.2585593329799582 -0.8285684133904436
vn -0.467366526208967 -0.13037690791940498 -0.8743971592249931
vn -0.4553463138960733 -0.25855870888683413 -0.8519431486196904
vn -0.33357906258841885 0.7065892973432811 -0.6240645590662556
vn -0.37416006866726065 0.6082693783173233 -0.7000090045252045
vn -0.18079854693647043 -0.9235254390468581 -0.3382493885566809
vn -0.12244162775262316 -0.9656774835943323 -0.22907432303120764
vn -0.4355731317353386 -0.3823168457580444 -0.814929368939351
vn -0.40834843548784394 0.4995705595234088 -0.7639900596814717
vn -0.40834843548784394 -0.49957080846294066 -0.7639898969006818
vn -0.4355731317353387 0.38231658022033205 -0.814929493513948
vn -0.12244162775262318 0.9656774089523925 -0.22907463768885802
vn -0.37416006866726065 -0.6082696064091755 -0.700008806325847
vn -0.4553463138960732 0.2585584312885079 -0.851943232868766
vn -0.18079854693647046 0.9235253288311691 -0.33824968947944617
vn -0.33357906258841885 -0.7065895006892869 -0.6240643288302063
vn -0.467366526208967 0.13037662300464037 -0.8743972017071354
vn -0.23603549883415048 0.8655855139391421 -0.4416434776477799
vn -0.28724957970791715 -0.7928662755652007 -0.5374483677796333
vn -0.4714022322355221 -1.436827326062063e-7 -0.8819183269687426
vn -0.28727757933316894 0.7928591687775243 -0.537443886278268
vn -0.23603549883415043 -0.8655856578448066 -0.4416431956041971
vn -0.11105789719010696 0.9656757094842434 -0.23481177053932953
vn -0.3703750306686195 -0.49956089215699967 -0.7831099869651271
vn -0.3393404003867934 -0.6082736500632929 -0.7175313646831121
vn -0.395073280787536 0.38231599282574824 -0.8353152605079326
vn -0.41301768718391385 0.25855936220897136 -0.8732487883114072
vn -0.1639810845278652 0.9235189596950042 -0.3467317911598567
vn -0.3025401335424892 -0.7065883364356008 -0.6396892920858243
vn -0.4239050013828658 0.13037581622263544 -0.8962737842572849
vn -0.21409184162204842 0.8655840777064265 -0.45269071977675296
vn -0.26054245215701693 -0.7928585110131492 -0.5509019986694736
vn -0.42753791747238695 -1.4727987287081725e-7 -0.9039974165468354
vn -0.2605424521570169 0.7928583315064517 -0.5509022570155382
vn -0.21409184162204842 -0.8655842252117394 -0.45269043773363776
vn -0.4239050013828658 -0.13037610826569543 -0.8962737417754043
vn -0.30254013354248915 0.7065881279983357 -0.6396895223214933
vn -0.16398108452786522 -0.9235190726745128 -0.34673149023916644
vn -0.4130176871839138 -0.2585596467495286 -0.8732487040620271
vn -0.3393404003867934 0.6082734162618665 -0.7175315628837862
vn -0.11105789719010695 -0.9656757859955784 -0.2348114558822325
vn -0.39507328078753595 -0.3823162650059867 -0.8353151359335259
vn -0.3703750306686195 0.4995606369873516 -0.7831101497426852
vn -0.19163037106705652 0.8655868877377769 -0.4626414817773385
vn -0.23319782370571124 0.7928602988603465 -0.5630198233721453
vn -0.2331978237057113 -0.7928604823154483 -0.5630195650254392
vn -0.19163037106705655 -0.8655870384854596 -0.46264119973330714
vn -0.3826815394466199 -1.5051920844391582e-7 -0.9238803165815053
vn -0.37941165837262847 -0.13037713043779608 -0.9159959592431278
vn -0.2707997725316652 0.7065880674071376 -0.6537589664353711
vn -0.14676809379581562 -0.9235189239976267 -0.35436128973380915
vn -0.36964840351812084 -0.2585587213219435 -0.8924726580713082
vn -0.30372649091664067 0.6082768965660804 -0.7333140090161934
vn -0.0993992290548571 -0.9656710194323576 -0.23999849060311065
vn -0.3536010041640316 -0.3823201508531048 -0.8536964519698133
vn -0.3314998854082989 0.4995691974385256 -0.8003364560888827
vn -0.3314998854082989 -0.49956945822121673 -0.8003362933085344
vn -0.3536010041640316 0.38231987268347334 -0.853696576545485
vn -0.0993992290548571 0.965670941230872 -0.23999880525865414
vn -0.30372649091664067 -0.6082771355100804 -0.7333138108143846
vn -0.3696484035181207 0.25855843051742694 -0.8924727423203855
vn -0.14676809379581562 0.9235188085320138 -0.35436159065445066
vn -0.2707997725316652 -0.7065882804288095 -0.653758736199721
vn -0.37941165837262847 0.13037683196842198 -0.9159960017253405
vn -0.32542531523349094 -0.2585581142644879 -0.9095306843384533
vn -0.3112977306986384 -0.38231647571510274 -0.870015997128019
vn -0.2673805434458992 0.6082821641353394 -0.7473288792636101
vn -0.291820875212078 0.49956229479967273 -0.8156458118601123
vn -0.0874972286945923 -0.9656740201926786 -0.24457702609950238
vn -0.291820875212078 -0.4995625605707852 -0.8156456490820125
vn -0.3112977306986385 0.38231619222788865 -0.8700161217024924
vn -0.08749722869459231 0.965673940499317 -0.24457734075602344
vn -0.2673805434458992 -0.608282407645964 -0.7473286810600841
vn -0.32542531523349094 0.25855781790176097 -0.9095307685873321
vn -0.12921910245172058 0.9235167225963566 -0.36113610543181046
vn -0.23838638940784757 -0.7065833760337853 -0.6662671101426128
vn -0.33399914741946796 0.13037670468982043 -0.9335129803046618
vn -0.1686800377530111 0.8655876125789188 -0.47149244937068757
vn -0.20530160545622456 -0.7928543769731595 -0.573788452054936
vn -0.3368718727887036 -1.5339804648770393e-7 -0.941550498552153
vn -0.20530160545622458 0.7928541900091092 -0.5737887103996523
vn -0.16868003775301108 -0.8655877662106127 -0.4714921673264194
vn -0.33399914741946796 -0.1303770088669506 -0.9335129378224897
vn -0.23838638940784757 0.7065831589363678 -0.6662673403766641
vn -0.12921910245172058 -0.9235168402693865 -0.36113580451184835
vn -0.07538136242778033 0.9656748197831245 -0.24857552702420532
vn -0.11133547164398361 0.9235227710970074 -0.3670287509434601
vn -0.2303876304846314 -0.6082734777131185 -0.7595557359604794
vn -0.2053954030814767 -0.7065846919135916 -0.6771637922588392
vn -0.2804117321758333 0.25855974300951795 -0.9244004109437647
vn -0.2877945836454971 0.13037719618543253 -0.9487760875671036
vn -0.14536198775330256 0.8655796940337717 -0.4792094383386149
vn -0.17689009936407724 -0.7928620677884148 -0.5831634712576277
vn -0.2902640358588723 -1.5590638929801684e-7 -0.9569465969879902
vn -0.17689009936407724 0.7928618777695953 -0.5831637296048494
vn -0.14536198775330256 -0.8655798501799797 -0.4792091562969267
vn -0.28779458364549715 -0.13037750533591436 -0.9487760450847706
vn -0.20539540308147675 0.7065844712655845 -0.6771640224933188
vn -0.1113354716439836 -0.9235228906901048 -0.3670284500215268
vn -0.28041173217583326 -0.2585600442173893 -0.9244003266942578
vn -0.23038763048463137 0.6082732302184136 -0.7595559341610949
vn -0.07538136242778033 -0.9656749007792605 -0.24857521236739755
vn -0.26823585590962945 -0.382317827058368 -0.8842412593392124
vn -0.2514446292833031 0.4995625883955727 -0.8289830026484848
vn -0.2514446292833031 -0.49956285851249344 -0.8289828398702886
vn -0.26823585590962945 0.3823175389359751 -0.8842413839141254
vn -0.14805063309411662 0.7928688596701916 -0.5911344867335362
vn -0.17191759406130033 0.7065925328376649 -0.6864192111168126
vn -0.12165051424783985 -0.8655926585642596 -0.4857473641955181
vn -0.09317593684087107 -0.9235191474472388 -0.3720626682323169
vn -0.2408890702395204 -0.13037873647967377 -0.9617556035257102
vn -0.23469060323119922 -0.2585565611460849 -0.9370532671322834
vn -0.1928509441137616 0.608278377213375 -0.7699389126217054
vn -0.06311292229765594 -0.9656765915052642 -0.2519632506097375
vn -0.22449865264907243 -0.38231314766070296 -0.8963464799309008
vn -0.2104903180077171 0.49956722162104206 -0.8403132850948167
vn -0.21049031800771706 -0.49956749542983725 -0.8403131223151102
vn -0.22449865264907246 0.3823128555939286 -0.8963466045042883
vn -0.06311292229765594 0.9656765094051651 -0.25196356526709596
vn -0.1928509441137616 -0.6082786280912834 -0.7699387144194122
vn -0.2346906032311993 0.25855625581536223 -0.9370533513806548
vn -0.09317593684087107 0.9235190262137848 -0.3720629691530301
vn -0.17191759406130033 -0.7065927565013952 -0.6864189808797058
vn -0.24088907023952041 0.13037842309991507 -0.9617556460084438
vn -0.12165051424783985 0.8655925002876328 -0.4857476462413795
vn -0.14805063309411662 -0.7928690522862134 -0.591134228384039
vn -0.2429592717166582 -1.5803900358472922e-7 -0.9700364901831716
vn -0.1802487573040662 -0.3823191599401801 -0.9062794521740934
vn -0.16898600630588528 -0.499572486907758 -0.8496299547435845
vn -0.16898600630588526 0.4995722100631531 -0.8496301175249168
vn -0.1802487573040662 0.3823188646368325 -0.9062795767494395
vn -0.050661090608059976 0.9656735696337411 -0.2547705061604075
vn -0.1548231543850581 -0.6082753026087578 -0.7784798951177125
vn -0.18845538996053235 0.25855758527541817 -0.9474347160049437
vn -0.07480334135353921 0.9235205791032364 -0.3761837318321577
vn -0.13803847753046194 -0.7065813034115525 -0.6940376361482882
vn -0.19339741336080352 0.13037600367203084 -0.9724194250280387
vn -0.09769166731499025 0.8655828982266008 -0.49114415850629356
vn -0.11887312561842449 -0.7928639948931385 -0.5976921160662901
vn -0.1950772164749866 -1.5979062848087477e-7 -0.9807878871664074
vn -0.11887312561842449 0.7928638001402856 -0.5976923744141392
vn -0.09769166731499025 -0.8655830582616343 -0.49114387646356056
vn -0.19339741336080352 -0.1303763205264898 -0.972419382546093
vn -0.13803847753046194 0.7065810772653491 -0.6940378663816628
vn -0.0748033413535392 -0.9235207016794054 -0.37618343091093814
vn -0.1884553899605324 -0.25855789398881895 -0.947434631756139
vn -0.1548231543850581 0.6082750489477794 -0.7784800933189219
vn -0.050661090608059976 -0.9656736526484576 -0.25477019150400676
vn -0.05627819150412651 0.9235238410377652 -0.3793896152978853
vn -0.07346033694684165 0.8655927743727887 -0.4953309276123137
vn -0.10382751365655067 -0.7065888077861645 -0.6999657878205372
vn -0.08939068558896635 -0.7928579057355183 -0.6028147697615102
vn -0.14545482758970996 0.13037815091806387 -0.9807366776530967
vn -0.1467046082946205 -1.6115793365381149e-7 -0.9891803465016357
vn -0.08939068558896635 0.7928577093134931 -0.6028150281073748
vn -0.07346033694684165 -0.8655929357720448 -0.4953306455663625
vn -0.14545482758970996 -0.13037847048262774 -0.980736635170451
vn -0.10382751365655069 0.7065885797083242 -0.6999660180563567
vn -0.0562781915041265 -0.9235239646585437 -0.37938931437560264
vn -0.14172918798549974 -0.2585552049421715 -0.9555428003340731
vn -0.11646094459910498 0.6082763345429295 -0.7851348605291338
vn -0.038087509412830026 -0.9656770855036877 -0.25693794612674625
vn -0.13556805813052014 -0.3823191558307289 -0.9140313805879966
vn -0.12708019336491938 0.49956179150904473 -0.8569064365020304
vn -0.1271102269799439 -0.4995601353777541 -0.8569029474441475
vn -0.13556805813052014 0.38231885800148235 -0.9140315051633409
vn -0.038087509412830026 0.9656770017826273 -0.2569382607842655
vn -0.11646094459910498 -0.6082765903723063 -0.7851346623275053
vn -0.14172918798549974 0.2585548935867942 -0.9555428845820015
vn -0.06934094685978204 0.7065939450665948 -0.7042136251762064
vn -0.07779372084238172 0.6082802007893022 -0.7899008382861887
vn -0.03756948045906813 -0.9235195194214535 -0.3817069967731837
vn -0.02545271653685721 -0.9656773619021409 -0.2584944717602607
vn -0.09466970537435121 -0.258556488021474 -0.9613460299945773
vn -0.0905513782040126 -0.382318026877974 -0.9195832611729546
vn -0.08490420484030739 0.49956740467072597 -0.8621042188685717
vn -0.08490420484030738 -0.49956768557990877 -0.8621040560888044
vn -0.0905513782040126 0.3823177272396951 -0.9195833857479309
vn -0.02545271653685721 0.9656772776738999 -0.2584947864178698
vn -0.0777937208423817 -0.6082804581716316 -0.7899006400833003
vn -0.09466970537435124 0.2585561747751645 -0.9613461142429236
vn -0.03756948045906813 0.9235193950454782 -0.3817072976940177
vn -0.06934094685978204 -0.7065941745284813 -0.7042133949386384
vn -0.09717362676522293 0.13037852665143296 -0.9866907955633795
vn -0.0490749381360446 0.8655865772243616 -0.4983488013188733
vn -0.05972588290439044 -0.7928558192350759 -0.6064754478265113
vn -0.09799579174136065 -1.62136513875748e-7 -0.9951868290933907
vn -0.05972588290439046 0.7928556216202506 -0.6064757061716961
vn -0.0490749381360446 -0.8655867396069656 -0.4983485192749411
vn -0.09717362676522293 -0.13037884815609466 -0.9866907530806109
vn -0.042482067988733496 -0.4995611813620374 -0.8652363260841318
vn -0.038942538603033115 -0.6082788882145622 -0.792767477158093
vn -0.04532055779962392 0.38231004707439986 -0.9229220308057995
vn -0.047396228334530145 0.2585580395638741 -0.9648322847606973
vn -0.012726332724983243 0.965675280386341 -0.2594403463344412
vn -0.018800072482149065 0.9235229518242815 -0.38308212530530833
vn -0.03473124607913613 -0.7065887318624919 -0.7067716070632337
vn -0.048646792135220496 0.1303756841851609 -0.9902705037454178
vn -0.024568071702599403 0.8655895351840974 -0.5001511435882098
vn -0.02987826519693922 -0.7928575418513684 -0.6086741390910471
vn -0.049044097347955506 -1.6272462251437095e-7 -0.9987966141889438
vn -0.02987826519693921 0.7928573435201182 -0.6086743974367925
vn -0.0245680717025994 -0.8655896981539791 -0.5001508615433137
vn -0.048646792135220496 -0.13037600685623962 -0.9902704612635753
vn -0.03470076447029979 0.7065892502817956 -0.706772586007258
vn -0.018800072482149065 -0.9235230766482323 -0.38308182438331534
vn -0.04739622833453015 -0.25855835394612214 -0.9648322005117435
vn -0.03894253860303312 0.6082786298980988 -0.7927676753604699
vn -0.012726332724983242 -0.9656753649226845 -0.2594400316774827
vn -0.04532055779962391 -0.38231034780054723 -0.9229219062333256
vn -0.04248206798873348 0.49956089943223136 -0.8652364888617795
f 1/1/1 2/2/2 3/3/3
f 4/4/4 5/5/5 6/6/6
f 6/6/6 7/7/7 8/8/8
f 9/9/9 3/3/3 10/10/10
f 8/8/8 11/11/11 12/12/12
f 13/13/13 10/10/10 14/14/14
f 12/12/12 15/15/15 16/16/16
f 17/17/17 14/14/14 18/18/18
f 16/16/16 19/19/19 20/20/20
f 21/21/21 18/18/18 22/22/22
f 20/20/20 23/23/23 24/24/24
f 25/25/25 22/22/22 26/26/26
f 24/24/24 27/27/27 28/28/28
f 29/29/29 26/26/26 30/30/30
f 31/31/31 30/30/30 32/32/32
f 28/28/28 33/33/33 34/34/34
f 34/34/34 35/35/35 36/36/36
f 37/37/37 32/32/32 38/38/38
f 36/36/36 39/39/39 40/40/40
f 41/41/41 38/38/38 42/42/42
f 40/40/40 43/43/43 44/44/44
f 45/45/45 42/42/42 46/46/46
f 44/44/44 47/47/47 48/48/48
f 49/49/49 46/46/46 50/50/50
f 48/48/48 51/51/51 52/52/52
f 53/53/53 50/50/50 54/54/54
f 52/52/52 55/55/55 56/56/56
f 57/57/57 54/54/54 58/58/58
f 56/56/56 59/59/59 60/60/60
f 61/61/61 58/58/58 62/62/62
f 60/60/60 63/63/63 64/64/64
f 65/65/65 62/62/62 66/66/66
f 64/64/64 67/67/67 68/68/68
f 69/69/69 66/66/66 70/70/70
f 68/68/68 71/71/71 72/72/72
f 73/73/73 70/70/70 74/74/74
f 72/72/72 75/75/75 76/76/76
f 77/77/77 74/74/74 78/78/78
f 76/76/76 79/79/79 80/80/80
f 81/81/81 78/78/78 82/82/82
f 83/83/83 82/82/82 84/84/84
f 80/80/80 85/85/85 86/86/86
f 86/86/86 87/87/87 88/88/88
f 89/89/89 84/84/84 90/90/90
f 88/88/88 91/91/91 92/92/92
f 93/93/93 90/90/90 94/94/94
f 92/92/92 95/95/95 96/96/96
f 97/97/97 94/94/94 98/98/98
f 96/96/96 99/99/99 100/100/100
f 101/101/101 98/98/98 102/102/102
f 100/100/100 103/103/103 104/104/104
f 105/105/105 102/102/102 106/106/106
f 104/104/104 107/107/107 108/108/108
f 109/109/109 106/106/106 110/110/110
f 108/108/108 111/111/111 112/112/112
f 113/113/113 110/110/110 114/114/114
f 115/115/115 114/114/114 116/116/116
f 112/112/112 117/117/117 118/118/118
f 118/118/118 119/119/119 120/120/120
f 121/121/121 116/116/116 122/122/122
f 120/120/120 123/123/123 124/124/124
f 125/125/125 122/122/122 126/126/126
f 124/124/124 127/127/127 128/128/128
f 129/129/129 126/126/126 130/130/130
f 128/128/128 131/131/131 132/132/132
f 133/133/133 130/130/130 134/134/134
f 132/132/132 135/135/135 136/136/136
f 137/137/137 134/134/134 138/138/138
f 136/136/136 139/139/139 140/140/140
f 141/141/141 138/138/138 142/142/142
f 140/140/140 143/143/143 144/144/144
f 145/145/145 142/142/142 146/146/146
f 147/147/147 146/146/146 148/148/148
f 144/144/144 149/149/149 150/150/150
f 150/150/150 151/151/151 152/152/152
f 153/153/153 148/148/148 154/154/154
f 152/152/152 155/155/155 156/156/156
f 157/157/157 154/154/154 158/158/158
f 156/156/156 159/159/159 160/160/160
f 161/161/161 158/158/158 162/162/162
f 160/160/160 163/163/163 164/164/164
f 165/165/165 162/162/162 166/166/166
f 164/164/164 167/167/167 168/168/168
f 169/169/169 166/166/166 170/170/170
f 168/168/168 171/171/171 172/172/172
f 173/173/173 170/170/170 174/174/174
f 172/172/172 175/175/175 176/176/176
f 177/177/177 174/174/174 178/178/178
f 179/179/179 178/178/178 180/180/180
f 176/176/176 181/181/181 182/182/182
f 182/182/182 183/183/183 184/184/184
f 185/185/185 180/180/180 186/186/186
f 184/184/184 187/187/187 188/188/188
f 189/189/189 186/186/186 190/190/190
f 188/188/188 191/191/191 192/192/192
f 193/193/193 190/190/190 194/194/194
f 192/192/192 195/195/195 196/196/196
f 197/197/197 194/194/194 198/198/198
f 196/196/196 199/199/199 200/200/200
f 201/201/201 198/198/198 202/202/202
f 200/200/200 203/203/203 204/204/204
f 205/205/205 202/202/202 206/206/206
f 204/204/204 207/207/207 208/208/208
f 209/209/209 206/206/206 210/210/210
f 211/211/211 210/210/210 212/212/212
f 208/208/208 213/213/213 214/214/214
f 214/214/214 215/215/215 216/216/216
f 217/217/217 212/212/212 218/218/218
f 216/216/216 219/219/219 220/220/220
f 221/221/221 218/218/218 222/222/222
f 220/220/220 223/223/223 224/224/224
f 225/225/225 222/222/222 226/226/226
f 224/224/224 227/227/227 228/228/228
f 229/229/229 226/226/226 230/230/230
f 228/228/228 231/231/231 232/232/232
f 233/233/233 230/230/230 234/234/234
f 232/232/232 235/235/235 236/236/236
f 237/237/237 234/234/234 238/238/238
f 236/236/236 239/239/239 240/240/240
f 241/241/241 238/238/238 242/242/242
f 243/243/243 242/242/242 244/244/244
f 240/240/240 245/245/245 246/246/246
f 246/246/246 247/247/247 248/248/248
f 249/249/249 244/244/244 250/250/250
f 248/248/248 251/251/251 252/252/252
f 253/253/253 250/250/250 254/254/254
f 252/252/252 255/255/255 256/256/256
f 257/257/257 254/254/254 258/258/258
f 256/256/256 259/259/259 260/260/260
f 261/261/261 258/258/258 262/262/262
f 260/260/260 263/263/263 264/264/264
f 265/265/265 262/262/262 266/266/266
f 264/264/264 267/267/267 268/268/268
f 269/269/269 266/266/266 270/270/270
f 268/268/268 271/271/271 272/272/272
f 273/273/273 270/270/270 274/274/274
f 272/272/272 275/275/275 276/276/276
f 277/277/277 274/274/274 278/278/278
f 279/279/279 278/278/278 280/280/280
f 276/276/276 281/281/281 282/282/282
f 282/282/282 283/283/283 284/284/284
f 285/285/285 280/280/280 286/286/286
f 284/284/284 287/287/287 288/288/288
f 289/289/289 286/286/286 290/290/290
f 288/288/288 291/291/291 292/292/292
f 293/293/293 290/290/290 294/294/294
f 292/292/292 295/295/295 296/296/296
f 297/297/297 294/294/294 298/298/298
f 296/296/296 299/299/299 300/300/300
f 301/301/301 298/298/298 302/302/302
f 300/300/300 303/303/303 304/304/304
f 305/305/305 302/302/302 306/306/306
f 304/304/304 307/307/307 308/308/308
f 309/309/309 306/306/306 310/310/310
f 311/311/311 310/310/310 312/312/312
f 308/308/308 313/313/313 314/314/314
f 314/314/314 315/315/315 316/316/316
f 317/317/317 312/312/312 318/318/318
f 316/316/316 319/319/319 320/320/320
f 321/321/321 318/318/318 322/322/322
f 320/320/320 323/323/323 324/324/324
f 325/325/325 322/322/322 326/326/326
f 324/324/324 327/327/327 328/328/328
f 329/329/329 326/326/326 330/330/330
f 328/328/328 331/331/331 332/332/332
f 333/333/333 330/330/330 334/334/334
f 332/332/332 335/335/335 336/336/336
f 337/337/337 334/334/334 338/338/338
f 336/336/336 339/339/339 340/340/340
f 341/341/341 338/338/338 342/342/342
f 343/343/343 342/342/342 344/344/344
f 340/340/340 345/345/345 346/346/346
f 346/346/346 347/347/347 348/348/348
f 349/349/349 344/344/344 350/350/350
f 348/348/348 351/351/351 352/352/352
f 353/353/353 350/350/350 354/354/354
f 352/352/352 355/355/355 356/356/356
f 357/357/357 354/354/354 358/358/358
f 356/356/356 359/359/359 360/360/360
f 361/361/361 358/358/358 362/362/362
f 360/360/360 363/363/363 364/364/364
f 365/365/365 362/362/362 366/366/366
f 364/364/364 367/367/367 368/368/368
f 369/369/369 366/366/366 370/370/370
f 368/368/368 371/371/371 372/372/372
f 373/373/373 370/370/370 374/374/374
f 372/372/372 375/375/375 376/376/376
f 377/377/377 374/374/374 378/378/378
f 376/376/376 379/379/379 380/380/380
f 381/381/381 378/378/378 382/382/382
f 380/380/380 383/383/383 384/384/384
f 385/385/385 382/382/382 386/386/386
f 387/387/387 388/388/388 389/389/389
f 390/390/390 391/391/391 392/392/392
f 389/389/389 393/393/393 394/394/394
f 395/395/395 392/392/392 396/396/396
f 397/397/397 396/396/396 398/398/398
f 394/394/394 399/399/399 400/400/400
f 400/400/400 401/401/401 402/402/402
f 403/403/403 398/398/398 404/404/404
f 402/402/402 405/405/405 406/406/406
f 407/407/407 404/404/404 408/408/408
f 406/406/406 409/409/409 410/410/410
f 411/411/411 408/408/408 412/412/412
f 413/413/413 412/412/412 414/414/414
f 410/410/410 415/415/415 416/416/416
f 416/416/416 417/417/417 418/418/418
f 419/419/419 414/414/414 420/420/420
f 418/418/418 421/421/421 422/422/422
f 423/423/423 420/420/420 424/424/424
f 422/422/422 425/425/425 426/426/426
f 427/427/427 424/424/424 428/428/428
f 426/426/426 429/429/429 430/430/430
f 431/431/431 428/428/428 432/432/432
f 430/430/430 433/433/433 434/434/434
f 435/435/435 432/432/432 436/436/436
f 434/434/434 437/437/437 438/438/438
f 439/439/439 436/436/436 440/440/440
f 438/438/438 441/441/441 442/442/442
f 443/443/443 440/440/440 444/444/444
f 445/445/445 444/444/444 446/446/446
f 442/442/442 447/447/447 448/448/448
f 448/448/448 449/449/449 450/450/450
f 451/451/451 446/446/446 452/452/452
f 450/450/450 453/453/453 454/454/454
f 455/455/455 452/452/452 456/456/456
f 454/454/454 457/457/457 458/458/458
f 459/459/459 456/456/456 460/460/460
f 458/458/458 461/461/461 462/462/462
f 463/463/463 460/460/460 464/464/464
f 462/462/462 465/465/465 466/466/466
f 467/467/467 464/464/464 468/468/468
f 466/466/466 469/469/469 470/470/470
f 471/471/471 468/468/468 472/472/472
f 470/470/470 473/473/473 474/474/474
f 475/475/475 472/472/472 476/476/476
f 474/474/474 477/477/477 478/478/478
f 479/479/479 476/476/476 480/480/480
f 478/478/478 481/481/481 482/482/482
f 483/483/483 480/480/480 484/484/484
f 482/482/482 485/485/485 486/486/486
f 487/487/487 484/484/484 488/488/488
f 486/486/486 489/489/489 490/490/490
f 491/491/491 488/488/488 492/492/492
f 490/490/490 493/493/493 494/494/494
f 495/495/495 492/492/492 496/496/496
f 497/497/497 496/496/496 498/498/498
f 494/494/494 499/499/499 500/500/500
f 500/500/500 501/501/501 502/502/502
f 503/503/503 498/498/498 504/504/504
f 502/502/502 505/505/505 506/506/506
f 507/507/507 504/504/504 508/508/508
f 506/506/506 509/509/509 510/510/510
f 511/511/511 508/508/508 512/512/512
f 510/510/510 513/513/513 4/4/4
f 514/514/514 512/512/512 2/2/2
f 515/515/515 516/516/516 517/517/517
f 515/515/515 517/517/517 518/518/518
f 519/519/519 4/4/4 6/6/6
f 519/519/519 6/6/6 520/520/520
f 521/521/521 522/522/522 523/523/523
f 521/521/521 523/523/523 524/524/524
f 525/525/525 515/515/515 518/518/518
f 525/525/525 518/518/518 526/526/526
f 527/527/527 519/519/519 520/520/520
f 527/527/527 520/520/520 528/528/528
f 529/529/529 521/521/521 524/524/524
f 529/529/529 524/524/524 530/530/530
f 531/531/531 525/525/525 526/526/526
f 531/531/531 526/526/526 532/532/532
f 533/533/533 527/527/527 528/528/528
f 533/533/533 528/528/528 534/534/534
f 535/535/535 529/529/529 530/530/530
f 535/535/535 530/530/530 536/536/536
f 537/537/537 531/531/531 532/532/532
f 537/537/537 532/532/532 538/538/538
f 539/539/539 533/533/533 534/534/534
f 539/539/539 534/534/534 540/540/540
f 541/541/541 535/535/535 536/536/536
f 541/541/541 536/536/536 542/542/542
f 543/543/543 537/537/537 538/538/538
f 543/543/543 538/538/538 544/544/544
f 545/545/545 539/539/539 540/540/540
f 545/545/545 540/540/540 546/546/546
f 547/547/547 541/541/541 542/542/542
f 547/547/547 542/542/542 548/548/548
f 549/549/549 543/543/543 544/544/544
f 549/549/549 544/544/544 550/550/550
f 551/551/551 545/545/545 546/546/546
f 551/551/551 546/546/546 552/552/552
f 553/553/553 547/547/547 548/548/548
f 553/553/553 548/548/548 554/554/554
f 555/555/555 549/549/549 550/550/550
f 555/555/555 550/550/550 556/556/556
f 516/516/516 551/551/551 552/552/552
f 516/516/516 552/552/552 517/517/517
f 2/2/2 553/553/553 554/554/554
f 2/2/2 554/554/554 3/3/3
f 522/522/522 555/555/555 556/556/556
f 522/522/522 556/556/556 523/523/523
f 554/554/554 548/548/548 557/557/557
f 554/554/554 557/557/557 558/558/558
f 556/556/556 550/550/550 559/559/559
f 556/556/556 559/559/559 560/560/560
f 517/517/517 552/552/552 561/561/561
f 517/517/517 561/561/561 562/562/562
f 3/3/3 554/554/554 558/558/558
f 3/3/3 558/558/558 10/10/10
f 523/523/523 556/556/556 560/560/560
f 523/523/523 560/560/560 563/563/563
f 518/518/518 517/517/517 562/562/562
f 518/518/518 562/562/562 564/564/564
f 520/520/520 6/6/6 8/8/8
f 520/520/520 8/8/8 565/565/565
f 524/524/524 523/523/523 563/563/563
f 524/524/524 563/563/563 566/566/566
f 526/526/526 518/518/518 564/564/564
f 526/526/526 564/564/564 567/567/567
f 528/528/528 520/520/520 565/565/565
f 528/528/528 565/565/565 568/568/568
f 530/530/530 524/524/524 566/566/566
f 530/530/530 566/566/566 569/569/569
f 532/532/532 526/526/526 567/567/567
f 532/532/532 567/567/567 570/570/570
f 534/534/534 528/528/528 568/568/568
f 534/534/534 568/568/568 571/571/571
f 536/536/536 530/530/530 569/569/569
f 536/536/536 569/569/569 572/572/572
f 538/538/538 532/532/532 570/570/570
f 538/538/538 570/570/570 573/573/573
f 540/540/540 534/534/534 571/571/571
f 540/540/540 571/571/571 574/574/574
f 542/542/542 536/536/536 572/572/572
f 542/542/542 572/572/572 575/575/575
f 544/544/544 538/538/538 573/573/573
f 544/544/544 573/573/573 576/576/576
f 546/546/546 540/540/540 574/574/574
f 546/546/546 574/574/574 577/577/577
f 548/548/548 542/542/542 575/575/575
f 548/548/548 575/575/575 557/557/557
f 550/550/550 544/544/544 576/576/576
f 550/550/550 576/576/576 559/559/559
f 552/552/552 546/546/546 577/577/577
f 552/552/552 577/577/577 561/561/561
f 567/567/567 564/564/564 578/578/578
f 567/567/567 578/578/578 579/579/579
f 568/568/568 565/565/565 580/580/580
f 568/568/568 580/580/580 581/581/581
f 569/569/569 566/566/566 582/582/582
f 569/569/569 582/582/582 583/583/583
f 570/570/570 567/567/567 579/579/579
f 570/570/570 579/579/579 584/584/584
f 571/571/571 568/568/568 581/581/581
f 571/571/571 581/581/581 585/585/585
f 572/572/572 569/569/569 583/583/583
f 572/572/572 583/583/583 586/586/586
f 573/573/573 570/570/570 584/584/584
f 573/573/573 584/584/584 587/587/587
f 574/574/574 571/571/571 585/585/585
f 574/574/574 585/585/585 588/588/588
f 575/575/575 572/572/572 586/586/586
f 575/575/575 586/586/586 589/589/589
f 576/576/576 573/573/573 587/587/587
f 576/576/576 587/587/587 590/590/590
f 577/577/577 574/574/574 588/588/588
f 577/577/577 588/588/588 591/591/591
f 557/557/557 575/575/575 589/589/589
f 557/557/557 589/589/589 592/592/592
f 559/559/559 576/576/576 590/590/590
f 559/559/559 590/590/590 593/593/593
f 561/561/561 577/577/577 591/591/591
f 561/561/561 591/591/591 594/594/594
f 558/558/558 557/557/557 592/592/592
f 558/558/558 592/592/592 595/595/595
f 560/560/560 559/559/559 593/593/593
f 560/560/560 593/593/593 596/596/596
f 562/562/562 561/561/561 594/594/594
f 562/562/562 594/594/594 597/597/597
f 10/10/10 558/558/558 595/595/595
f 10/10/10 595/595/595 14/14/14
f 563/563/563 560/560/560 596/596/596
f 563/563/563 596/596/596 598/598/598
f 564/564/564 562/562/562 597/597/597
f 564/564/564 597/597/597 578/578/578
f 565/565/565 8/8/8 12/12/12
f 565/565/565 12/12/12 580/580/580
f 566/566/566 563/563/563 598/598/598
f 566/566/566 598/598/598 582/582/582
f 590/590/590 587/587/587 599/599/599
f 590/590/590 599/599/599 600/600/600
f 591/591/591 588/588/588 601/601/601
f 591/591/591 601/601/601 602/602/602
f 592/592/592 589/589/589 603/603/603
f 592/592/592 603/603/603 604/604/604
f 593/593/593 590/590/590 600/600/600
f 593/593/593 600/600/600 605/605/605
f 594/594/594 591/591/591 602/602/602
f 594/594/594 602/602/602 606/606/606
f 595/595/595 592/592/592 604/604/604
f 595/595/595 604/604/604 607/607/607
f 596/596/596 593/593/593 605/605/605
f 596/596/596 605/605/605 608/608/608
f 597/597/597 594/594/594 606/606/606
f 597/597/597 606/606/606 609/609/609
f 14/14/14 595/595/595 607/607/607
f 14/14/14 607/607/607 18/18/18
f 598/598/598 596/596/596 608/608/608
f 598/598/598 608/608/608 610/610/610
f 578/578/578 597/597/597 609/609/609
f 578/578/578 609/609/609 611/611/611
f 580/580/580 12/12/12 16/16/16
f 580/580/580 16/16/16 612/612/612
f 582/582/582 598/598/598 610/610/610
f 582/582/582 610/610/610 613/613/613
f 579/579/579 578/578/578 611/611/611
f 579/579/579 611/611/611 614/614/614
f 581/581/581 580/580/580 612/612/612
f 581/581/581 612/612/612 615/615/615
f 583/583/583 582/582/582 613/613/613
f 583/583/583 613/613/613 616/616/616
f 584/584/584 579/579/579 614/614/614
f 584/584/584 614/614/614 617/617/617
f 585/585/585 581/581/581 615/615/615
f 585/585/585 615/615/615 618/618/618
f 586/586/586 583/583/583 616/616/616
f 586/586/586 616/616/616 619/619/619
f 587/587/587 584/584/584 617/617/617
f 587/587/587 617/617/617 599/599/599
f 588/588/588 585/585/585 618/618/618
f 588/588/588 618/618/618 601/601/601
f 589/589/589 586/586/586 619/619/619
f 589/589/589 619/619/619 603/603/603
f 18/18/18 607/607/607 620/620/620
f 18/18/18 620/620/620 22/22/22
f 610/610/610 608/608/608 621/621/621
f 610/610/610 621/621/621 622/622/622
f 611/611/611 609/609/609 623/623/623
f 611/611/611 623/623/623 624/624/624
f 612/612/612 16/16/16 20/20/20
f 612/612/612 20/20/20 625/625/625
f 613/613/613 610/610/610 622/622/622
f 613/613/613 622/622/622 626/626/626
f 614/614/614 611/611/611 624/624/624
f 614/614/614 624/624/624 627/627/627
f 615/615/615 612/612/612 625/625/625
f 615/615/615 625/625/625 628/628/628
f 616/616/616 613/613/613 626/626/626
f 616/616/616 626/626/626 629/629/629
f 617/617/617 614/614/614 627/627/627
f 617/617/617 627/627/627 630/630/630
f 618/618/618 615/615/615 628/628/628
f 618/618/618 628/628/628 631/631/631
f 619/619/619 616/616/616 629/629/629
f 619/619/619 629/629/629 632/632/632
f 599/599/599 617/617/617 630/630/630
f 599/599/599 630/630/630 633/633/633
f 601/601/601 618/618/618 631/631/631
f 601/601/601 631/631/631 634/634/634
f 603/603/603 619/619/619 632/632/632
f 603/603/603 632/632/632 635/635/635
f 600/600/600 599/599/599 633/633/633
f 600/600/600 633/633/633 636/636/636
f 602/602/602 601/601/601 634/634/634
f 602/602/602 634/634/634 637/637/637
f 604/604/604 603/603/603 635/635/635
f 604/604/604 635/635/635 638/638/638
f 605/605/605 600/600/600 636/636/636
f 605/605/605 636/636/636 639/639/639
f 606/606/606 602/602/602 637/637/637
f 606/606/606 637/637/637 640/640/640
f 607/607/607 604/604/604 638/638/638
f 607/607/607 638/638/638 620/620/620
f 608/608/608 605/605/605 639/639/639
f 608/608/608 639/639/639 621/621/621
f 609/609/609 606/606/606 640/640/640
f 609/609/609 640/640/640 623/623/623
f 630/630/630 627/627/627 641/641/641
f 630/630/630 641/641/641 642/642/642
f 631/631/631 628/628/628 643/643/643
f 631/631/631 643/643/643 644/644/644
f 632/632/632 629/629/629 645/645/645
f 632/632/632 645/645/645 646/646/646
f 633/633/633 630/630/630 642/642/642
f 633/633/633 642/642/642 647/647/647
f 634/634/634 631/631/631 644/644/644
f 634/634/634 644/644/644 648/648/648
f 635/635/635 632/632/632 646/646/646
f 635/635/635 646/646/646 649/649/649
f 636/636/636 633/633/633 647/647/647
f 636/636/636 647/647/647 650/650/650
f 637/637/637 634/634/634 648/648/648
f 637/637/637 648/648/648 651/651/651
f 638/638/638 635/635/635 649/649/649
f 638/638/638 649/649/649 652/652/652
f 639/639/639 636/636/636 650/650/650
f 639/639/639 650/650/650 653/653/653
f 640/640/640 637/637/637 651/651/651
f 640/640/640 651/651/651 654/654/654
f 620/620/620 638/638/638 652/652/652
f 620/620/620 652/652/652 655/655/655
f 621/621/621 639/639/639 653/653/653
f 621/621/621 653/653/653 656/656/656
f 623/623/623 640/640/640 654/654/654
f 623/623/623 654/654/654 657/657/657
f 22/22/22 620/620/620 655/655/655
f 22/22/22 655/655/655 26/26/26
f 622/622/622 621/621/621 656/656/656
f 622/622/622 656/656/656 658/658/658
f 624/624/624 623/623/623 657/657/657
f 624/624/624 657/657/657 659/659/659
f 625/625/625 20/20/20 24/24/24
f 625/625/625 24/24/24 660/660/660
f 626/626/626 622/622/622 658/658/658
f 626/626/626 658/658/658 661/661/661
f 627/627/627 624/624/624 659/659/659
f 627/627/627 659/659/659 641/641/641
f 628/628/628 625/625/625 660/660/660
f 628/628/628 660/660/660 643/643/643
f 629/629/629 626/626/626 661/661/661
f 629/629/629 661/661/661 645/645/645
f 653/653/653 650/650/650 662/662/662
f 653/653/653 662/662/662 663/663/663
f 654/654/654 651/651/651 664/664/664
f 654/654/654 664/664/664 665/665/665
f 655/655/655 652/652/652 666/666/666
f 655/655/655 666/666/666 667/667/667
f 656/656/656 653/653/653 663/663/663
f 656/656/656 663/663/663 668/668/668
f 657/657/657 654/654/654 665/665/665
f 657/657/657 665/665/665 669/669/669
f 26/26/26 655/655/655 667/667/667
f 26/26/26 667/667/667 30/30/30
f 658/658/658 656/656/656 668/668/668
f 658/658/658 668/668/668 670/670/670
f 659/659/659 657/657/657 669/669/669
f 659/659/659 669/669/669 671/671/671
f 660/660/660 24/24/24 28/28/28
f 660/660/660 28/28/28 672/672/672
f 661/661/661 658/658/658 670/670/670
f 661/661/661 670/670/670 673/673/673
f 641/641/641 659/659/659 671/671/671
f 641/641/641 671/671/671 674/674/674
f 643/643/643 660/660/660 672/672/672
f 643/643/643 672/672/672 675/675/675
f 645/645/645 661/661/661 673/673/673
f 645/645/645 673/673/673 676/676/676
f 642/642/642 641/641/641 674/674/674
f 642/642/642 674/674/674 677/677/677
f 644/644/644 643/643/643 675/675/675
f 644/644/644 675/675/675 678/678/678
f 646/646/646 645/645/645 676/676/676
f 646/646/646 676/676/676 679/679/679
f 647/647/647 642/642/642 677/677/677
f 647/647/647 677/677/677 680/680/680
f 648/648/648 644/644/644 678/678/678
f 648/648/648 678/678/678 681/681/681
f 649/649/649 646/646/646 679/679/679
f 649/649/649 679/679/679 682/682/682
f 650/650/650 647/647/647 680/680/680
f 650/650/650 680/680/680 662/662/662
f 651/651/651 648/648/648 681/681/681
f 651/651/651 681/681/681 664/664/664
f 652/652/652 649/649/649 682/682/682
f 652/652/652 682/682/682 666/666/666
f 672/672/672 28/28/28 34/34/34
f 672/672/672 34/34/34 683/683/683
f 673/673/673 670/670/670 684/684/684
f 673/673/673 684/684/684 685/685/685
f 674/674/674 671/671/671 686/686/686
f 674/674/674 686/686/686 687/687/687
f 675/675/675 672/672/672 683/683/683
f 675/675/675 683/683/683 688/688/688
f 676/676/676 673/673/673 685/685/685
f 676/676/676 685/685/685 689/689/689
f 677/677/677 674/674/674 687/687/687
f 677/677/677 687/687/687 690/690/690
f 678/678/678 675/675/675 688/688/688
f 678/678/678 688/688/688 691/691/691
f 679/679/679 676/676/676 689/689/689
f 679/679/679 689/689/689 692/692/692
f 680/680/680 677/677/677 690/690/690
f 680/680/680 690/690/690 693/693/693
f 681/681/681 678/678/678 691/691/691
f 681/681/681 691/691/691 694/694/694
f 682/682/682 679/679/679 692/692/692
f 682/682/682 692/692/692 695/695/695
f 662/662/662 680/680/680 693/693/693
f 662/662/662 693/693/693 696/696/696
f 664/664/664 681/681/681 694/694/694
f 664/664/664 694/694/694 697/697/697
f 666/666/666 682/682/682 695/695/695
f 666/666/666 695/695/695 698/698/698
f 663/663/663 662/662/662 696/696/696
f 663/663/663 696/696/696 699/699/699
f 665/665/665 664/664/664 697/697/697
f 665/665/665 697/697/697 700/700/700
f 667/667/667 666/666/666 698/698/698
f 667/667/667 698/698/698 701/701/701
f 668/668/668 663/663/663 699/699/699
f 668/668/668 699/699/699 702/702/702
f 669/669/669 665/665/665 700/700/700
f 669/669/669 700/700/700 703/703/703
f 30/30/30 667/667/667 701/701/701
f 30/30/30 701/701/701 32/32/32
f 670/670/670 668/668/668 702/702/702
f 670/670/670 702/702/702 684/684/684
f 671/671/671 669/669/669 703/703/703
f 671/671/671 703/703/703 686/686/686
f 693/693/693 690/690/690 704/704/704
f 693/693/693 704/704/704 705/705/705
f 694/694/694 691/691/691 706/706/706
f 694/694/694 706/706/706 707/707/707
f 695/695/695 692/692/692 708/708/708
f 695/695/695 708/708/708 709/709/709
f 696/696/696 693/693/693 705/705/705
f 696/696/696 705/705/705 710/710/710
f 697/697/697 694/694/694 707/707/707
f 697/697/697 707/707/707 711/711/711
f 698/698/698 695/695/695 709/709/709
f 698/698/698 709/709/709 712/712/712
f 699/699/699 696/696/696 710/710/710
f 699/699/699 710/710/710 713/713/713
f 700/700/700 697/697/697 711/711/711
f 700/700/700 711/711/711 714/714/714
f 701/701/701 698/698/698 712/712/712
f 701/701/701 712/712/712 715/715/715
f 702/702/702 699/699/699 713/713/713
f 702/702/702 713/713/713 716/716/716
f 703/703/703 700/700/700 714/714/714
f 703/703/703 714/714/714 717/717/717
f 32/32/32 701/701/701 715/715/715
f 32/32/32 715/715/715 38/38/38
f 684/684/684 702/702/702 716/716/716
f 684/684/684 716/716/716 718/718/718
f 686/686/686 703/703/703 717/717/717
f 686/686/686 717/717/717 719/719/719
f 683/683/683 34/34/34 36/36/36
f 683/683/683 36/36/36 720/720/720
f 685/685/685 684/684/684 718/718/718
f 685/685/685 718/718/718 721/721/721
f 687/687/687 686/686/686 719/719/719
f 687/687/687 719/719/719 722/722/722
f 688/688/688 683/683/683 720/720/720
f 688/688/688 720/720/720 723/723/723
f 689/689/689 685/685/685 721/721/721
f 689/689/689 721/721/721 724/724/724
f 690/690/690 687/687/687 722/722/722
f 690/690/690 722/722/722 704/704/704
f 691/691/691 688/688/688 723/723/723
f 691/691/691 723/723/723 706/706/706
f 692/692/692 689/689/689 724/724/724
f 692/692/692 724/724/724 708/708/708
f 716/716/716 713/713/713 725/725/725
f 716/716/716 725/725/725 726/726/726
f 717/717/717 714/714/714 727/727/727
f 717/717/717 727/727/727 728/728/728
f 38/38/38 715/715/715 729/729/729
f 38/38/38 729/729/729 42/42/42
f 718/718/718 716/716/716 726/726/726
f 718/718/718 726/726/726 730/730/730
f 719/719/719 717/717/717 728/728/728
f 719/719/719 728/728/728 731/731/731
f 720/720/720 36/36/36 40/40/40
f 720/720/720 40/40/40 732/732/732
f 721/721/721 718/718/718 730/730/730
f 721/721/721 730/730/730 733/733/733
f 722/722/722 719/719/719 731/731/731
f 722/722/722 731/731/731 734/734/734
f 723/723/723 720/720/720 732/732/732
f 723/723/723 732/732/732 735/735/735
f 724/724/724 721/721/721 733/733/733
f 724/724/724 733/733/733 736/736/736
f 704/704/704 722/722/722 734/734/734
f 704/704/704 734/734/734 737/737/737
f 706/706/706 723/723/723 735/735/735
f 706/706/706 735/735/735 738/738/738
f 708/708/708 724/724/724 736/736/736
f 708/708/708 736/736/736 739/739/739
f 705/705/705 704/704/704 737/737/737
f 705/705/705 737/737/737 740/740/740
f 707/707/707 706/706/706 738/738/738
f 707/707/707 738/738/738 741/741/741
f 709/709/709 708/708/708 739/739/739
f 709/709/709 739/739/739 742/742/742
f 710/710/710 705/705/705 740/740/740
f 710/710/710 740/740/740 743/743/743
f 711/711/711 707/707/707 741/741/741
f 711/711/711 741/741/741 744/744/744
f 712/712/712 709/709/709 742/742/742
f 712/712/712 742/742/742 745/745/745
f 713/713/713 710/710/710 743/743/743
f 713/713/713 743/743/743 725/725/725
f 714/714/714 711/711/711 744/744/744
f 714/714/714 744/744/744 727/727/727
f 715/715/715 712/712/712 745/745/745
f 715/715/715 745/745/745 729/729/729
f 735/735/735 732/732/732 746/746/746
f 735/735/735 746/746/746 747/747/747
f 736/736/736 733/733/733 748/748/748
f 736/736/736 748/748/748 749/749/749
f 737/737/737 734/734/734 750/750/750
f 737/737/737 750/750/750 751/751/751
f 738/738/738 735/735/735 747/747/747
f 738/738/738 747/747/747 752/752/752
f 739/739/739 736/736/736 749/749/749
f 739/739/739 749/749/749 753/753/753
f 740/740/740 737/737/737 751/751/751
f 740/740/740 751/751/751 754/754/754
f 741/741/741 738/738/738 752/752/752
f 741/741/741 752/752/752 755/755/755
f 742/742/742 739/739/739 753/753/753
f 742/742/742 753/753/753 756/756/756
f 743/743/743 740/740/740 754/754/754
f 743/743/743 754/754/754 757/757/757
f 744/744/744 741/741/741 755/755/755
f 744/744/744 755/755/755 758/758/758
f 745/745/745 742/742/742 756/756/756
f 745/745/745 756/756/756 759/759/759
f 725/725/725 743/743/743 757/757/757
f 725/725/725 757/757/757 760/760/760
f 727/727/727 744/744/744 758/758/758
f 727/727/727 758/758/758 761/761/761
f 729/729/729 745/745/745 759/759/759
f 729/729/729 759/759/759 762/762/762
f 726/726/726 725/725/725 760/760/760
f 726/726/726 760/760/760 763/763/763
f 728/728/728 727/727/727 761/761/761
f 728/728/728 761/761/761 764/764/764
f 42/42/42 729/729/729 762/762/762
f 42/42/42 762/762/762 46/46/46
f 730/730/730 726/726/726 763/763/763
f 730/730/730 763/763/763 765/765/765
f 731/731/731 728/728/728 764/764/764
f 731/731/731 764/764/764 766/766/766
f 732/732/732 40/40/40 44/44/44
f 732/732/732 44/44/44 746/746/746
f 733/733/733 730/730/730 765/765/765
f 733/733/733 765/765/765 748/748/748
f 734/734/734 731/731/731 766/766/766
f 734/734/734 766/766/766 750/750/750
f 757/757/757 754/754/754 767/767/767
f 757/757/757 767/767/767 768/768/768
f 758/758/758 755/755/755 769/769/769
f 758/758/758 769/769/769 770/770/770
f 759/759/759 756/756/756 771/771/771
f 759/759/759 771/771/771 772/772/772
f 760/760/760 757/757/757 768/768/768
f 760/760/760 768/768/768 773/773/773
f 761/761/761 758/758/758 770/770/770
f 761/761/761 770/770/770 774/774/774
f 762/762/762 759/759/759 772/772/772
f 762/762/762 772/772/772 775/775/775
f 763/763/763 760/760/760 773/773/773
f 763/763/763 773/773/773 776/776/776
f 764/764/764 761/761/761 774/774/774
f 764/764/764 774/774/774 777/777/777
f 46/46/46 762/762/762 775/775/775
f 46/46/46 775/775/775 50/50/50
f 765/765/765 763/763/763 776/776/776
f 765/765/765 776/776/776 778/778/778
f 766/766/766 764/764/764 777/777/777
f 766/766/766 777/777/777 779/779/779
f 746/746/746 44/44/44 48/48/48
f 746/746/746 48/48/48 780/780/780
f 748/748/748 765/765/765 778/778/778
f 748/748/748 778/778/778 781/781/781
f 750/750/750 766/766/766 779/779/779
f 750/750/750 779/779/779 782/782/782
f 747/747/747 746/746/746 780/780/780
f 747/747/747 780/780/780 783/783/783
f 749/749/749 748/748/748 781/781/781
f 749/749/749 781/781/781 784/784/784
f 751/751/751 750/750/750 782/782/782
f 751/751/751 782/782/782 785/785/785
f 752/752/752 747/747/747 783/783/783
f 752/752/752 783/783/783 786/786/786
f 753/753/753 749/749/749 784/784/784
f 753/753/753 784/784/784 787/787/787
f 754/754/754 751/751/751 785/785/785
f 754/754/754 785/785/785 767/767/767
f 755/755/755 752/752/752 786/786/786
f 755/755/755 786/786/786 769/769/769
f 756/756/756 753/753/753 787/787/787
f 756/756/756 787/787/787 771/771/771
f 778/778/778 776/776/776 788/788/788
f 778/778/778 788/788/788 789/789/789
f 779/779/779 777/777/777 790/790/790
f 779/779/779 790/790/790 791/791/791
f 780/780/780 48/48/48 52/52/52
f 780/780/780 52/52/52 792/792/792
f 781/781/781 778/778/778 789/789/789
f 781/781/781 789/789/789 793/793/793
f 782/782/782 779/779/779 791/791/791
f 782/782/782 791/791/791 794/794/794
f 783/783/783 780/780/780 792/792/792
f 783/783/783 792/792/792 795/795/795
f 784/784/784 781/781/781 793/793/793
f 784/784/784 793/793/793 796/796/796
f 785/785/785 782/782/782 794/794/794
f 785/785/785 794/794/794 797/797/797
f 786/786/786 783/783/783 795/795/795
f 786/786/786 795/795/795 798/798/798
f 787/787/787 784/784/784 796/796/796
f 787/787/787 796/796/796 799/799/799
f 767/767/767 785/785/785 797/797/797
f 767/767/767 797/797/797 800/800/800
f 769/769/769 786/786/786 798/798/798
f 769/769/769 798/798/798 801/801/801
f 771/771/771 787/787/787 799/799/799
f 771/771/771 799/799/799 802/802/802
f 768/768/768 767/767/767 800/800/800
f 768/768/768 800/800/800 803/803/803
f 770/770/770 769/769/769 801/801/801
f 770/770/770 801/801/801 804/804/804
f 772/772/772 771/771/771 802/802/802
f 772/772/772 802/802/802 805/805/805
f 773/773/773 768/768/768 803/803/803
f 773/773/773 803/803/803 806/806/806
f 774/774/774 770/770/770 804/804/804
f 774/774/774 804/804/804 807/807/807
f 775/775/775 772/772/772 805/805/805
f 775/775/775 805/805/805 808/808/808
f 776/776/776 773/773/773 806/806/806
f 776/776/776 806/806/806 788/788/788
f 777/777/777 774/774/774 807/807/807
f 777/777/777 807/807/807 790/790/790
f 50/50/50 775/775/775 808/808/808
f 50/50/50 808/808/808 54/54/54
f 798/798/798 795/795/795 809/809/809
f 798/798/798 809/809/809 810/810/810
f 799/799/799 796/796/796 811/811/811
f 799/799/799 811/811/811 812/812/812
f 800/800/800 797/797/797 813/813/813
f 800/800/800 813/813/813 814/814/814
f 801/801/801 798/798/798 810/810/810
f 801/801/801 810/810/810 815/815/815
f 802/802/802 799/799/799 812/812/812
f 802/802/802 812/812/812 816/816/816
f 803/803/803 800/800/800 814/814/814
f 803/803/803 814/814/814 817/817/817
f 804/804/804 801/801/801 815/815/815
f 804/804/804 815/815/815 818/818/818
f 805/805/805 802/802/802 816/816/816
f 805/805/805 816/816/816 819/819/819
f 806/806/806 803/803/803 817/817/817
f 806/806/806 817/817/817 820/820/820
f 807/807/807 804/804/804 818/818/818
f 807/807/807 818/818/818 821/821/821
f 808/808/808 805/805/805 819/819/819
f 808/808/808 819/819/819 822/822/822
f 788/788/788 806/806/806 820/820/820
f 788/788/788 820/820/820 823/823/823
f 790/790/790 807/807/807 821/821/821
f 790/790/790 821/821/821 824/824/824
f 54/54/54 808/808/808 822/822/822
f 54/54/54 822/822/822 58/58/58
f 789/789/789 788/788/788 823/823/823
f 789/789/789 823/823/823 825/825/825
f 791/791/791 790/790/790 824/824/824
f 791/791/791 824/824/824 826/826/826
f 792/792/792 52/52/52 56/56/56
f 792/792/792 56/56/56 827/827/827
f 793/793/793 789/789/789 825/825/825
f 793/793/793 825/825/825 828/828/828
f 794/794/794 791/791/791 826/826/826
f 794/794/794 826/826/826 829/829/829
f 795/795/795 792/792/792 827/827/827
f 795/795/795 827/827/827 809/809/809
f 796/796/796 793/793/793 828/828/828
f 796/796/796 828/828/828 811/811/811
f 797/797/797 794/794/794 829/829/829
f 797/797/797 829/829/829 813/813/813
f 820/820/820 817/817/817 830/830/830
f 820/820/820 830/830/830 831/831/831
f 821/821/821 818/818/818 832/832/832
f 821/821/821 832/832/832 833/833/833
f 822/822/822 819/819/819 834/834/834
f 822/822/822 834/834/834 835/835/835
f 823/823/823 820/820/820 831/831/831
f 823/823/823 831/831/831 836/836/836
f 824/824/824 821/821/821 833/833/833
f 824/824/824 833/833/833 837/837/837
f 58/58/58 822/822/822 835/835/835
f 58/58/58 835/835/835 62/62/62
f 825/825/825 823/823/823 836/836/836
f 825/825/825 836/836/836 838/838/838
f 826/826/826 824/824/824 837/837/837
f 826/826/826 837/837/837 839/839/839
f 827/827/827 56/56/56 60/60/60
f 827/827/827 60/60/60 840/840/840
f 828/828/828 825/825/825 838/838/838
f 828/828/828 838/838/838 841/841/841
f 829/829/829 826/826/826 839/839/839
f 829/829/829 839/839/839 842/842/842
f 809/809/809 827/827/827 840/840/840
f 809/809/809 840/840/840 843/843/843
f 811/811/811 828/828/828 841/841/841
f 811/811/811 841/841/841 844/844/844
f 813/813/813 829/829/829 842/842/842
f 813/813/813 842/842/842 845/845/845
f 810/810/810 809/809/809 843/843/843
f 810/810/810 843/843/843 846/846/846
f 812/812/812 811/811/811 844/844/844
f 812/812/812 844/844/844 847/847/847
f 814/814/814 813/813/813 845/845/845
f 814/814/814 845/845/845 848/848/848
f 815/815/815 810/810/810 846/846/846
f 815/815/815 846/846/846 849/849/849
f 816/816/816 812/812/812 847/847/847
f 816/816/816 847/847/847 850/850/850
f 817/817/817 814/814/814 848/848/848
f 817/817/817 848/848/848 830/830/830
f 818/818/818 815/815/815 849/849/849
f 818/818/818 849/849/849 832/832/832
f 819/819/819 816/816/816 850/850/850
f 819/819/819 850/850/850 834/834/834
f 840/840/840 60/60/60 64/64/64
f 840/840/840 64/64/64 851/851/851
f 841/841/841 838/838/838 852/852/852
f 841/841/841 852/852/852 853/853/853
f 842/842/842 839/839/839 854/854/854
f 842/842/842 854/854/854 855/855/855
f 843/843/843 840/840/840 851/851/851
f 843/843/843 851/851/851 856/856/856
f 844/844/844 841/841/841 853/853/853
f 844/844/844 853/853/853 857/857/857
f 845/845/845 842/842/842 855/855/855
f 845/845/845 855/855/855 858/858/858
f 846/846/846 843/843/843 856/856/856
f 846/846/846 856/856/856 859/859/859
f 847/847/847 844/844/844 857/857/857
f 847/847/847 857/857/857 860/860/860
f 848/848/848 845/845/845 858/858/858
f 848/848/848 858/858/858 861/861/861
f 849/849/849 846/846/846 859/859/859
f 849/849/849 859/859/859 862/862/862
f 850/850/850 847/847/847 860/860/860
f 850/850/850 860/860/860 863/863/863
f 830/830/830 848/848/848 861/861/861
f 830/830/830 861/861/861 864/864/864
f 832/832/832 849/849/849 862/862/862
f 832/832/832 862/862/862 865/865/865
f 834/834/834 850/850/850 863/863/863
f 834/834/834 863/863/863 866/866/866
f 831/831/831 830/830/830 864/864/864
f 831/831/831 864/864/864 867/867/867
f 833/833/833 832/832/832 865/865/865
f 833/833/833 865/865/865 868/868/868
f 835/835/835 834/834/834 866/866/866
f 835/835/835 866/866/866 869/869/869
f 836/836/836 831/831/831 867/867/867
f 836/836/836 867/867/867 870/870/870
f 837/837/837 833/833/833 868/868/868
f 837/837/837 868/868/868 871/871/871
f 62/62/62 835/835/835 869/869/869
f 62/62/62 869/869/869 66/66/66
f 838/838/838 836/836/836 870/870/870
f 838/838/838 870/870/870 852/852/852
f 839/839/839 837/837/837 871/871/871
f 839/839/839 871/871/871 854/854/854
f 862/862/862 859/859/859 872/872/872
f 862/862/862 872/872/872 873/873/873
f 863/863/863 860/860/860 874/874/874
f 863/863/863 874/874/874 875/875/875
f 864/864/864 861/861/861 876/876/876
f 864/864/864 876/876/876 877/877/877
f 865/865/865 862/862/862 873/873/873
f 865/865/865 873/873/873 878/878/878
f 866/866/866 863/863/863 875/875/875
f 866/866/866 875/875/875 879/879/879
f 867/867/867 864/864/864 877/877/877
f 867/867/867 877/877/877 880/880/880
f 868/868/868 865/865/865 878/878/878
f 868/868/868 878/878/878 881/881/881
f 869/869/869 866/866/866 879/879/879
f 869/869/869 879/879/879 882/882/882
f 870/870/870 867/867/867 880/880/880
f 870/870/870 880/880/880 883/883/883
f 871/871/871 868/868/868 881/881/881
f 871/871/871 881/881/881 884/884/884
f 66/66/66 869/869/869 882/882/882
f 66/66/66 882/882/882 70/70/70
f 852/852/852 870/870/870 883/883/883
f 852/852/852 883/883/883 885/885/885
f 854/854/854 871/871/871 884/884/884
f 854/854/854 884/884/884 886/886/886
f 851/851/851 64/64/64 68/68/68
f 851/851/851 68/68/68 887/887/887
f 853/853/853 852/852/852 885/885/885
f 853/853/853 885/885/885 888/888/888
f 855/855/855 854/854/854 886/886/886
f 855/855/855 886/886/886 889/889/889
f 856/856/856 851/851/851 887/887/887
f 856/856/856 887/887/887 890/890/890
f 857/857/857 853/853/853 888/888/888
f 857/857/857 888/888/888 891/891/891
f 858/858/858 855/855/855 889/889/889
f 858/858/858 889/889/889 892/892/892
f 859/859/859 856/856/856 890/890/890
f 859/859/859 890/890/890 872/872/872
f 860/860/860 857/857/857 891/891/891
f 860/860/860 891/891/891 874/874/874
f 861/861/861 858/858/858 892/892/892
f 861/861/861 892/892/892 876/876/876
f 883/883/883 880/880/880 893/893/893
f 883/883/883 893/893/893 894/894/894
f 884/884/884 881/881/881 895/895/895
f 884/884/884 895/895/895 896/896/896
f 70/70/70 882/882/882 897/897/897
f 70/70/70 897/897/897 74/74/74
f 885/885/885 883/883/883 894/894/894
f 885/885/885 894/894/894 898/898/898
f 886/886/886 884/884/884 896/896/896
f 886/886/886 896/896/896 899/899/899
f 887/887/887 68/68/68 72/72/72
f 887/887/887 72/72/72 900/900/900
f 888/888/888 885/885/885 898/898/898
f 888/888/888 898/898/898 901/901/901
f 889/889/889 886/886/886 899/899/899
f 889/889/889 899/899/899 902/902/902
f 890/890/890 887/887/887 900/900/900
f 890/890/890 900/900/900 903/903/903
f 891/891/891 888/888/888 901/901/901
f 891/891/891 901/901/901 904/904/904
f 892/892/892 889/889/889 902/902/902
f 892/892/892 902/902/902 905/905/905
f 872/872/872 890/890/890 903/903/903
f 872/872/872 903/903/903 906/906/906
f 874/874/874 891/891/891 904/904/904
f 874/874/874 904/904/904 907/907/907
f 876/876/876 892/892/892 905/905/905
f 876/876/876 905/905/905 908/908/908
f 873/873/873 872/872/872 906/906/906
f 873/873/873 906/906/906 909/909/909
f 875/875/875 874/874/874 907/907/907
f 875/875/875 907/907/907 910/910/910
f 877/877/877 876/876/876 908/908/908
f 877/877/877 908/908/908 911/911/911
f 878/878/878 873/873/873 909/909/909
f 878/878/878 909/909/909 912/912/912
f 879/879/879 875/875/875 910/910/910
f 879/879/879 910/910/910 913/913/913
f 880/880/880 877/877/877 911/911/911
f 880/880/880 911/911/911 893/893/893
f 881/881/881 878/878/878 912/912/912
f 881/881/881 912/912/912 895/895/895
f 882/882/882 879/879/879 913/913/913
f 882/882/882 913/913/913 897/897/897
f 903/903/903 900/900/900 914/914/914
f 903/903/903 914/914/914 915/915/915
f 904/904/904 901/901/901 916/916/916
f 904/904/904 916/916/916 917/917/917
f 905/905/905 902/902/902 918/918/918
f 905/905/905 918/918/918 919/919/919
f 906/906/906 903/903/903 915/915/915
f 906/906/906 915/915/915 920/920/920
f 907/907/907 904/904/904 917/917/917
f 907/907/907 917/917/917 921/921/921
f 908/908/908 905/905/905 919/919/919
f 908/908/908 919/919/919 922/922/922
f 909/909/909 906/906/906 920/920/920
f 909/909/909 920/920/920 923/923/923
f 910/910/910 907/907/907 921/921/921
f 910/910/910 921/921/921 924/924/924
f 911/911/911 908/908/908 922/922/922
f 911/911/911 922/922/922 925/925/925
f 912/912/912 909/909/909 923/923/923
f 912/912/912 923/923/923 926/926/926
f 913/913/913 910/910/910 924/924/924
f 913/913/913 924/924/924 927/927/927
f 893/893/893 911/911/911 925/925/925
f 893/893/893 925/925/925 928/928/928
f 895/895/895 912/912/912 926/926/926
f 895/895/895 926/926/926 929/929/929
f 897/897/897 913/913/913 927/927/927
f 897/897/897 927/927/927 930/930/930
f 894/894/894 893/893/893 928/928/928
f 894/894/894 928/928/928 931/931/931
f 896/896/896 895/895/895 929/929/929
f 896/896/896 929/929/929 932/932/932
f 74/74/74 897/897/897 930/930/930
f 74/74/74 930/930/930 78/78/78
f 898/898/898 894/894/894 931/931/931
f 898/898/898 931/931/931 933/933/933
f 899/899/899 896/896/896 932/932/932
f 899/899/899 932/932/932 934/934/934
f 900/900/900 72/72/72 76/76/76
f 900/900/900 76/76/76 914/914/914
f 901/901/901 898/898/898 933/933/933
f 901/901/901 933/933/933 916/916/916
f 902/902/902 899/899/899 934/934/934
f 902/902/902 934/934/934 918/918/918
f 926/926/926 923/923/923 935/935/935
f 926/926/926 935/935/935 936/936/936
f 927/927/927 924/924/924 937/937/937
f 927/927/927 937/937/937 938/938/938
f 928/928/928 925/925/925 939/939/939
f 928/928/928 939/939/939 940/940/940
f 929/929/929 926/926/926 936/936/936
f 929/929/929 936/936/936 941/941/941
f 930/930/930 927/927/927 938/938/938
f 930/930/930 938/938/938 942/942/942
f 931/931/931 928/928/928 940/940/940
f 931/931/931 940/940/940 943/943/943
f 932/932/932 929/929/929 941/941/941
f 932/932/932 941/941/941 944/944/944
f 78/78/78 930/930/930 942/942/942
f 78/78/78 942/942/942 82/82/82
f 933/933/933 931/931/931 943/943/943
f 933/933/933 943/943/943 945/945/945
f 934/934/934 932/932/932 944/944/944
f 934/934/934 944/944/944 946/946/946
f 914/914/914 76/76/76 80/80/80
f 914/914/914 80/80/80 947/947/947
f 916/916/916 933/933/933 945/945/945
f 916/916/916 945/945/945 948/948/948
f 918/918/918 934/934/934 946/946/946
f 918/918/918 946/946/946 949/949/949
f 915/915/915 914/914/914 947/947/947
f 915/915/915 947/947/947 950/950/950
f 917/917/917 916/916/916 948/948/948
f 917/917/917 948/948/948 951/951/951
f 919/919/919 918/918/918 949/949/949
f 919/919/919 949/949/949 952/952/952
f 920/920/920 915/915/915 950/950/950
f 920/920/920 950/950/950 953/953/953
f 921/921/921 917/917/917 951/951/951
f 921/921/921 951/951/951 954/954/954
f 922/922/922 919/919/919 952/952/952
f 922/922/922 952/952/952 955/955/955
f 923/923/923 920/920/920 953/953/953
f 923/923/923 953/953/953 935/935/935
f 924/924/924 921/921/921 954/954/954
f 924/924/924 954/954/954 937/937/937
f 925/925/925 922/922/922 955/955/955
f 925/925/925 955/955/955 939/939/939
f 945/945/945 943/943/943 956/956/956
f 945/945/945 956/956/956 957/957/957
f 946/946/946 944/944/944 958/958/958
f 946/946/946 958/958/958 959/959/959
f 947/947/947 80/80/80 86/86/86
f 947/947/947 86/86/86 960/960/960
f 948/948/948 945/945/945 957/957/957
f 948/948/948 957/957/957 961/961/961
f 949/949/949 946/946/946 959/959/959
f 949/949/949 959/959/959 962/962/962
f 950/950/950 947/947/947 960/960/960
f 950/950/950 960/960/960 963/963/963
f 951/951/951 948/948/948 961/961/961
f 951/951/951 961/961/961 964/964/964
f 952/952/952 949/949/949 962/962/962
f 952/952/952 962/962/962 965/965/965
f 953/953/953 950/950/950 963/963/963
f 953/953/953 963/963/963 966/966/966
f 954/954/954 951/951/951 964/964/964
f 954/954/954 964/964/964 967/967/967
f 955/955/955 952/952/952 965/965/965
f 955/955/955 965/965/965 968/968/968
f 935/935/935 953/953/953 966/966/966
f 935/935/935 966/966/966 969/969/969
f 937/937/937 954/954/954 967/967/967
f 937/937/937 967/967/967 970/970/970
f 939/939/939 955/955/955 968/968/968
f 939/939/939 968/968/968 971/971/971
f 936/936/936 935/935/935 969/969/969
f 936/936/936 969/969/969 972/972/972
f 938/938/938 937/937/937 970/970/970
f 938/938/938 970/970/970 973/973/973
f 940/940/940 939/939/939 971/971/971
f 940/940/940 971/971/971 974/974/974
f 941/941/941 936/936/936 972/972/972
f 941/941/941 972/972/972 975/975/975
f 942/942/942 938/938/938 973/973/973
f 942/942/942 973/973/973 976/976/976
f 943/943/943 940/940/940 974/974/974
f 943/943/943 974/974/974 956/956/956
f 944/944/944 941/941/941 975/975/975
f 944/944/944 975/975/975 958/958/958
f 82/82/82 942/942/942 976/976/976
f 82/82/82 976/976/976 84/84/84
f 966/966/966 963/963/963 977/977/977
f 966/966/966 977/977/977 978/978/978
f 967/967/967 964/964/964 979/979/979
f 967/967/967 979/979/979 980/980/980
f 968/968/968 965/965/965 981/981/981
f 968/968/968 981/981/981 982/982/982
f 969/969/969 966/966/966 978/978/978
f 969/969/969 978/978/978 983/983/983
f 970/970/970 967/967/967 980/980/980
f 970/970/970 980/980/980 984/984/984
f 971/971/971 968/968/968 982/982/982
f 971/971/971 982/982/982 985/985/985
f 972/972/972 969/969/969 983/983/983
f 972/972/972 983/983/983 986/986/986
f 973/973/973 970/970/970 984/984/984
f 973/973/973 984/984/984 987/987/987
f 974/974/974 971/971/971 985/985/985
f 974/974/974 985/985/985 988/988/988
f 975/975/975 972/972/972 986/986/986
f 975/975/975 986/986/986 989/989/989
f 976/976/976 973/973/973 987/987/987
f 976/976/976 987/987/987 990/990/990
f 956/956/956 974/974/974 988/988/988
f 956/956/956 988/988/988 991/991/991
f 958/958/958 975/975/975 989/989/989
f 958/958/958 989/989/989 992/992/992
f 84/84/84 976/976/976 990/990/990
f 84/84/84 990/990/990 90/90/90
f 957/957/957 956/956/956 991/991/991
f 957/957/957 991/991/991 993/993/993
f 959/959/959 958/958/958 992/992/992
f 959/959/959 992/992/992 994/994/994
f 960/960/960 86/86/86 88/88/88
f 960/960/960 88/88/88 995/995/995
f 961/961/961 957/957/957 993/993/993
f 961/961/961 993/993/993 996/996/996
f 962/962/962 959/959/959 994/994/994
f 962/962/962 994/994/994 997/997/997
f 963/963/963 960/960/960 995/995/995
f 963/963/963 995/995/995 977/977/977
f 964/964/964 961/961/961 996/996/996
f 964/964/964 996/996/996 979/979/979
f 965/965/965 962/962/962 997/997/997
f 965/965/965 997/997/997 981/981/981
f 989/989/989 986/986/986 998/998/998
f 989/989/989 998/998/998 999/999/999
f 990/990/990 987/987/987 1000/1000/1000
f 990/990/990 1000/1000/1000 1001/1001/1001
f 991/991/991 988/988/988 1002/1002/1002
f 991/991/991 1002/1002/1002 1003/1003/1003
f 992/992/992 989/989/989 999/999/999
f 992/992/992 999/999/999 1004/1004/1004
f 90/90/90 990/990/990 1001/1001/1001
f 90/90/90 1001/1001/1001 94/94/94
f 993/993/993 991/991/991 1003/1003/1003
f 993/993/993 1003/1003/1003 1005/1005/1005
f 994/994/994 992/992/992 1004/1004/1004
f 994/994/994 1004/1004/1004 1006/1006/1006
f 995/995/995 88/88/88 92/92/92
f 995/995/995 92/92/92 1007/1007/1007
f 996/996/996 993/993/993 1005/1005/1005
f 996/996/996 1005/1005/1005 1008/1008/1008
f 997/997/997 994/994/994 1006/1006/1006
f 997/997/997 1006/1006/1006 1009/1009/1009
f 977/977/977 995/995/995 1007/1007/1007
f 977/977/977 1007/1007/1007 1010/1010/1010
f 979/979/979 996/996/996 1008/1008/1008
f 979/979/979 1008/1008/1008 1011/1011/1011
f 981/981/981 997/997/997 1009/1009/1009
f 981/981/981 1009/1009/1009 1012/1012/1012
f 978/978/978 977/977/977 1010/1010/1010
f 978/978/978 1010/1010/1010 1013/1013/1013
f 980/980/980 979/979/979 1011/1011/1011
f 980/980/980 1011/1011/1011 1014/1014/1014
f 982/982/982 981/981/981 1012/1012/1012
f 982/982/982 1012/1012/1012 1015/1015/1015
f 983/983/983 978/978/978 1013/1013/1013
f 983/983/983 1013/1013/1013 1016/1016/1016
f 984/984/984 980/980/980 1014/1014/1014
f 984/984/984 1014/1014/1014 1017/1017/1017
f 985/985/985 982/982/982 1015/1015/1015
f 985/985/985 1015/1015/1015 1018/1018/1018
f 986/986/986 983/983/983 1016/1016/1016
f 986/986/986 1016/1016/1016 998/998/998
f 987/987/987 984/984/984 1017/1017/1017
f 987/987/987 1017/1017/1017 1000/1000/1000
f 988/988/988 985/985/985 1018/1018/1018
f 988/988/988 1018/1018/1018 1002/1002/1002
f 1008/1008/1008 1005/1005/1005 1019/1019/1019
f 1008/1008/1008 1019/1019/1019 1020/1020/1020
f 1009/1009/1009 1006/1006/1006 1021/1021/1021
f 1009/1009/1009 1021/1021/1021 1022/1022/1022
f 1010/1010/1010 1007/1007/1007 1023/1023/1023
f 1010/1010/1010 1023/1023/1023 1024/1024/1024
f 1011/1011/1011 1008/1008/1008 1020/1020/1020
f 1011/1011/1011 1020/1020/1020 1025/1025/1025
f 1012/1012/1012 1009/1009/1009 1022/1022/1022
f 1012/1012/1012 1022/1022/1022 1026/1026/1026
f 1013/1013/1013 1010/1010/1010 1024/1024/1024
f 1013/1013/1013 1024/1024/1024 1027/1027/1027
f 1014/1014/1014 1011/1011/1011 1025/1025/1025
f 1014/1014/1014 1025/1025/1025 1028/1028/1028
f 1015/1015/1015 1012/1012/1012 1026/1026/1026
f 1015/1015/1015 1026/1026/1026 1029/1029/1029
f 1016/1016/1016 1013/1013/1013 1027/1027/1027
f 1016/1016/1016 1027/1027/1027 1030/1030/1030
f 1017/1017/1017 1014/1014/1014 1028/1028/1028
f 1017/1017/1017 1028/1028/1028 1031/1031/1031
f 1018/1018/1018 1015/1015/1015 1029/1029/1029
f 1018/1018/1018 1029/1029/1029 1032/1032/1032
f 998/998/998 1016/1016/1016 1030/1030/1030
f 998/998/998 1030/1030/1030 1033/1033/1033
f 1000/1000/1000 1017/1017/1017 1031/1031/1031
f 1000/1000/1000 1031/1031/1031 1034/1034/1034
f 1002/1002/1002 1018/1018/1018 1032/1032/1032
f 1002/1002/1002 1032/1032/1032 1035/1035/1035
f 999/999/999 998/998/998 1033/1033/1033
f 999/999/999 1033/1033/1033 1036/1036/1036
f 1001/1001/1001 1000/1000/1000 1034/1034/1034
f 1001/1001/1001 1034/1034/1034 1037/1037/1037
f 1003/1003/1003 1002/1002/1002 1035/1035/1035
f 1003/1003/1003 1035/1035/1035 1038/1038/1038
f 1004/1004/1004 999/999/999 1036/1036/1036
f 1004/1004/1004 1036/1036/1036 1039/1039/1039
f 94/94/94 1001/1001/1001 1037/1037/1037
f 94/94/94 1037/1037/1037 98/98/98
f 1005/1005/1005 1003/1003/1003 1038/1038/1038
f 1005/1005/1005 1038/1038/1038 1019/1019/1019
f 1006/1006/1006 1004/1004/1004 1039/1039/1039
f 1006/1006/1006 1039/1039/1039 1021/1021/1021
f 1007/1007/1007 92/92/92 96/96/96
f 1007/1007/1007 96/96/96 1023/1023/1023
f 1030/1030/1030 1027/1027/1027 1040/1040/1040
f 1030/1030/1030 1040/1040/1040 1041/1041/1041
f 1031/1031/1031 1028/1028/1028 1042/1042/1042
f 1031/1031/1031 1042/1042/1042 1043/1043/1043
f 1032/1032/1032 1029/1029/1029 1044/1044/1044
f 1032/1032/1032 1044/1044/1044 1045/1045/1045
f 1033/1033/1033 1030/1030/1030 1041/1041/1041
f 1033/1033/1033 1041/1041/1041 1046/1046/1046
f 1034/1034/1034 1031/1031/1031 1043/1043/1043
f 1034/1034/1034 1043/1043/1043 1047/1047/1047
f 1035/1035/1035 1032/1032/1032 1045/1045/1045
f 1035/1035/1035 1045/1045/1045 1048/1048/1048
f 1036/1036/1036 1033/1033/1033 1046/1046/1046
f 1036/1036/1036 1046/1046/1046 1049/1049/1049
f 1037/1037/1037 1034/1034/1034 1047/1047/1047
f 1037/1037/1037 1047/1047/1047 1050/1050/1050
f 1038/1038/1038 1035/1035/1035 1048/1048/1048
f 1038/1038/1038 1048/1048/1048 1051/1051/1051
f 1039/1039/1039 1036/1036/1036 1049/1049/1049
f 1039/1039/1039 1049/1049/1049 1052/1052/1052
f 98/98/98 1037/1037/1037 1050/1050/1050
f 98/98/98 1050/1050/1050 102/102/102
f 1019/1019/1019 1038/1038/1038 1051/1051/1051
f 1019/1019/1019 1051/1051/1051 1053/1053/1053
f 1021/1021/1021 1039/1039/1039 1052/1052/1052
f 1021/1021/1021 1052/1052/1052 1054/1054/1054
f 1023/1023/1023 96/96/96 100/100/100
f 1023/1023/1023 100/100/100 1055/1055/1055
f 1020/1020/1020 1019/1019/1019 1053/1053/1053
f 1020/1020/1020 1053/1053/1053 1056/1056/1056
f 1022/1022/1022 1021/1021/1021 1054/1054/1054
f 1022/1022/1022 1054/1054/1054 1057/1057/1057
f 1024/1024/1024 1023/1023/1023 1055/1055/1055
f 1024/1024/1024 1055/1055/1055 1058/1058/1058
f 1025/1025/1025 1020/1020/1020 1056/1056/1056
f 1025/1025/1025 1056/1056/1056 1059/1059/1059
f 1026/1026/1026 1022/1022/1022 1057/1057/1057
f 1026/1026/1026 1057/1057/1057 1060/1060/1060
f 1027/1027/1027 1024/1024/1024 1058/1058/1058
f 1027/1027/1027 1058/1058/1058 1040/1040/1040
f 1028/1028/1028 1025/1025/1025 1059/1059/1059
f 1028/1028/1028 1059/1059/1059 1042/1042/1042
f 1029/1029/1029 1026/1026/1026 1060/1060/1060
f 1029/1029/1029 1060/1060/1060 1044/1044/1044
f 1052/1052/1052 1049/1049/1049 1061/1061/1061
f 1052/1052/1052 1061/1061/1061 1062/1062/1062
f 102/102/102 1050/1050/1050 1063/1063/1063
f 102/102/102 1063/1063/1063 106/106/106
f 1053/1053/1053 1051/1051/1051 1064/1064/1064
f 1053/1053/1053 1064/1064/1064 1065/1065/1065
f 1054/1054/1054 1052/1052/1052 1062/1062/1062
f 1054/1054/1054 1062/1062/1062 1066/1066/1066
f 1055/1055/1055 100/100/100 104/104/104
f 1055/1055/1055 104/104/104 1067/1067/1067
f 1056/1056/1056 1053/1053/1053 1065/1065/1065
f 1056/1056/1056 1065/1065/1065 1068/1068/1068
f 1057/1057/1057 1054/1054/1054 1066/1066/1066
f 1057/1057/1057 1066/1066/1066 1069/1069/1069
f 1058/1058/1058 1055/1055/1055 1067/1067/1067
f 1058/1058/1058 1067/1067/1067 1070/1070/1070
f 1059/1059/1059 1056/1056/1056 1068/1068/1068
f 1059/1059/1059 1068/1068/1068 1071/1071/1071
f 1060/1060/1060 1057/1057/1057 1069/1069/1069
f 1060/1060/1060 1069/1069/1069 1072/1072/1072
f 1040/1040/1040 1058/1058/1058 1070/1070/1070
f 1040/1040/1040 1070/1070/1070 1073/1073/1073
f 1042/1042/1042 1059/1059/1059 1071/1071/1071
f 1042/1042/1042 1071/1071/1071 1074/1074/1074
f 1044/1044/1044 1060/1060/1060 1072/1072/1072
f 1044/1044/1044 1072/1072/1072 1075/1075/1075
f 1041/1041/1041 1040/1040/1040 1073/1073/1073
f 1041/1041/1041 1073/1073/1073 1076/1076/1076
f 1043/1043/1043 1042/1042/1042 1074/1074/1074
f 1043/1043/1043 1074/1074/1074 1077/1077/1077
f 1045/1045/1045 1044/1044/1044 1075/1075/1075
f 1045/1045/1045 1075/1075/1075 1078/1078/1078
f 1046/1046/1046 1041/1041/1041 1076/1076/1076
f 1046/1046/1046 1076/1076/1076 1079/1079/1079
f 1047/1047/1047 1043/1043/1043 1077/1077/1077
f 1047/1047/1047 1077/1077/1077 1080/1080/1080
f 1048/1048/1048 1045/1045/1045 1078/1078/1078
f 1048/1048/1048 1078/1078/1078 1081/1081/1081
f 1049/1049/1049 1046/1046/1046 1079/1079/1079
f 1049/1049/1049 1079/1079/1079 1061/1061/1061
f 1050/1050/1050 1047/1047/1047 1080/1080/1080
f 1050/1050/1050 1080/1080/1080 1063/1063/1063
f 1051/1051/1051 1048/1048/1048 1081/1081/1081
f 1051/1051/1051 1081/1081/1081 1064/1064/1064
f 1071/1071/1071 1068/1068/1068 1082/1082/1082
f 1071/1071/1071 1082/1082/1082 1083/1083/1083
f 1072/1072/1072 1069/1069/1069 1084/1084/1084
f 1072/1072/1072 1084/1084/1084 1085/1085/1085
f 1073/1073/1073 1070/1070/1070 1086/1086/1086
f 1073/1073/1073 1086/1086/1086 1087/1087/1087
f 1074/1074/1074 1071/1071/1071 1083/1083/1083
f 1074/1074/1074 1083/1083/1083 1088/1088/1088
f 1075/1075/1075 1072/1072/1072 1085/1085/1085
f 1075/1075/1075 1085/1085/1085 1089/1089/1089
f 1076/1076/1076 1073/1073/1073 1087/1087/1087
f 1076/1076/1076 1087/1087/1087 1090/1090/1090
f 1077/1077/1077 1074/1074/1074 1088/1088/1088
f 1077/1077/1077 1088/1088/1088 1091/1091/1091
f 1078/1078/1078 1075/1075/1075 1089/1089/1089
f 1078/1078/1078 1089/1089/1089 1092/1092/1092
f 1079/1079/1079 1076/1076/1076 1090/1090/1090
f 1079/1079/1079 1090/1090/1090 1093/1093/1093
f 1080/1080/1080 1077/1077/1077 1091/1091/1091
f 1080/1080/1080 1091/1091/1091 1094/1094/1094
f 1081/1081/1081 1078/1078/1078 1092/1092/1092
f 1081/1081/1081 1092/1092/1092 1095/1095/1095
f 1061/1061/1061 1079/1079/1079 1093/1093/1093
f 1061/1061/1061 1093/1093/1093 1096/1096/1096
f 1063/1063/1063 1080/1080/1080 1094/1094/1094
f 1063/1063/1063 1094/1094/1094 1097/1097/1097
f 1064/1064/1064 1081/1081/1081 1095/1095/1095
f 1064/1064/1064 1095/1095/1095 1098/1098/1098
f 1062/1062/1062 1061/1061/1061 1096/1096/1096
f 1062/1062/1062 1096/1096/1096 1099/1099/1099
f 106/106/106 1063/1063/1063 1097/1097/1097
f 106/106/106 1097/1097/1097 110/110/110
f 1065/1065/1065 1064/1064/1064 1098/1098/1098
f 1065/1065/1065 1098/1098/1098 1100/1100/1100
f 1066/1066/1066 1062/1062/1062 1099/1099/1099
f 1066/1066/1066 1099/1099/1099 1101/1101/1101
f 1067/1067/1067 104/104/104 108/108/108
f 1067/1067/1067 108/108/108 1102/1102/1102
f 1068/1068/1068 1065/1065/1065 1100/1100/1100
f 1068/1068/1068 1100/1100/1100 1082/1082/1082
f 1069/1069/1069 1066/1066/1066 1101/1101/1101
f 1069/1069/1069 1101/1101/1101 1084/1084/1084
f 1070/1070/1070 1067/1067/1067 1102/1102/1102
f 1070/1070/1070 1102/1102/1102 1086/1086/1086
f 1093/1093/1093 1090/1090/1090 1103/1103/1103
f 1093/1093/1093 1103/1103/1103 1104/1104/1104
f 1094/1094/1094 1091/1091/1091 1105/1105/1105
f 1094/1094/1094 1105/1105/1105 1106/1106/1106
f 1095/1095/1095 1092/1092/1092 1107/1107/1107
f 1095/1095/1095 1107/1107/1107 1108/1108/1108
f 1096/1096/1096 1093/1093/1093 1104/1104/1104
f 1096/1096/1096 1104/1104/1104 1109/1109/1109
f 1097/1097/1097 1094/1094/1094 1106/1106/1106
f 1097/1097/1097 1106/1106/1106 1110/1110/1110
f 1098/1098/1098 1095/1095/1095 1108/1108/1108
f 1098/1098/1098 1108/1108/1108 1111/1111/1111
f 1099/1099/1099 1096/1096/1096 1109/1109/1109
f 1099/1099/1099 1109/1109/1109 1112/1112/1112
f 110/110/110 1097/1097/1097 1110/1110/1110
f 110/110/110 1110/1110/1110 114/114/114
f 1100/1100/1100 1098/1098/1098 1111/1111/1111
f 1100/1100/1100 1111/1111/1111 1113/1113/1113
f 1101/1101/1101 1099/1099/1099 1112/1112/1112
f 1101/1101/1101 1112/1112/1112 1114/1114/1114
f 1102/1102/1102 108/108/108 112/112/112
f 1102/1102/1102 112/112/112 1115/1115/1115
f 1082/1082/1082 1100/1100/1100 1113/1113/1113
f 1082/1082/1082 1113/1113/1113 1116/1116/1116
f 1084/1084/1084 1101/1101/1101 1114/1114/1114
f 1084/1084/1084 1114/1114/1114 1117/1117/1117
f 1086/1086/1086 1102/1102/1102 1115/1115/1115
f 1086/1086/1086 1115/1115/1115 1118/1118/1118
f 1083/1083/1083 1082/1082/1082 1116/1116/1116
f 1083/1083/1083 1116/1116/1116 1119/1119/1119
f 1085/1085/1085 1084/1084/1084 1117/1117/1117
f 1085/1085/1085 1117/1117/1117 1120/1120/1120
f 1087/1087/1087 1086/1086/1086 1118/1118/1118
f 1087/1087/1087 1118/1118/1118 1121/1121/1121
f 1088/1088/1088 1083/1083/1083 1119/1119/1119
f 1088/1088/1088 1119/1119/1119 1122/1122/1122
f 1089/1089/1089 1085/1085/1085 1120/1120/1120
f 1089/1089/1089 1120/1120/1120 1123/1123/1123
f 1090/1090/1090 1087/1087/1087 1121/1121/1121
f 1090/1090/1090 1121/1121/1121 1103/1103/1103
f 1091/1091/1091 1088/1088/1088 1122/1122/1122
f 1091/1091/1091 1122/1122/1122 1105/1105/1105
f 1092/1092/1092 1089/1089/1089 1123/1123/1123
f 1092/1092/1092 1123/1123/1123 1107/1107/1107
f 1114/1114/1114 1112/1112/1112 1124/1124/1124
f 1114/1114/1114 1124/1124/1124 1125/1125/1125
f 1115/1115/1115 112/112/112 118/118/118
f 1115/1115/1115 118/118/118 1126/1126/1126
f 1116/1116/1116 1113/1113/1113 1127/1127/1127
f 1116/1116/1116 1127/1127/1127 1128/1128/1128
f 1117/1117/1117 1114/1114/1114 1125/1125/1125
f 1117/1117/1117 1125/1125/1125 1129/1129/1129
f 1118/1118/1118 1115/1115/1115 1126/1126/1126
f 1118/1118/1118 1126/1126/1126 1130/1130/1130
f 1119/1119/1119 1116/1116/1116 1128/1128/1128
f 1119/1119/1119 1128/1128/1128 1131/1131/1131
f 1120/1120/1120 1117/1117/1117 1129/1129/1129
f 1120/1120/1120 1129/1129/1129 1132/1132/1132
f 1121/1121/1121 1118/1118/1118 1130/1130/1130
f 1121/1121/1121 1130/1130/1130 1133/1133/1133
f 1122/1122/1122 1119/1119/1119 1131/1131/1131
f 1122/1122/1122 1131/1131/1131 1134/1134/1134
f 1123/1123/1123 1120/1120/1120 1132/1132/1132
f 1123/1123/1123 1132/1132/1132 1135/1135/1135
f 1103/1103/1103 1121/1121/1121 1133/1133/1133
f 1103/1103/1103 1133/1133/1133 1136/1136/1136
f 1105/1105/1105 1122/1122/1122 1134/1134/1134
f 1105/1105/1105 1134/1134/1134 1137/1137/1137
f 1107/1107/1107 1123/1123/1123 1135/1135/1135
f 1107/1107/1107 1135/1135/1135 1138/1138/1138
f 1104/1104/1104 1103/1103/1103 1136/1136/1136
f 1104/1104/1104 1136/1136/1136 1139/1139/1139
f 1106/1106/1106 1105/1105/1105 1137/1137/1137
f 1106/1106/1106 1137/1137/1137 1140/1140/1140
f 1108/1108/1108 1107/1107/1107 1138/1138/1138
f 1108/1108/1108 1138/1138/1138 1141/1141/1141
f 1109/1109/1109 1104/1104/1104 1139/1139/1139
f 1109/1109/1109 1139/1139/1139 1142/1142/1142
f 1110/1110/1110 1106/1106/1106 1140/1140/1140
f 1110/1110/1110 1140/1140/1140 1143/1143/1143
f 1111/1111/1111 1108/1108/1108 1141/1141/1141
f 1111/1111/1111 1141/1141/1141 1144/1144/1144
f 1112/1112/1112 1109/1109/1109 1142/1142/1142
f 1112/1112/1112 1142/1142/1142 1124/1124/1124
f 114/114/114 1110/1110/1110 1143/1143/1143
f 114/114/114 1143/1143/1143 116/116/116
f 1113/1113/1113 1111/1111/1111 1144/1144/1144
f 1113/1113/1113 1144/1144/1144 1127/1127/1127
f 1134/1134/1134 1131/1131/1131 1145/1145/1145
f 1134/1134/1134 1145/1145/1145 1146/1146/1146
f 1135/1135/1135 1132/1132/1132 1147/1147/1147
f 1135/1135/1135 1147/1147/1147 1148/1148/1148
f 1136/1136/1136 1133/1133/1133 1149/1149/1149
f 1136/1136/1136 1149/1149/1149 1150/1150/1150
f 1137/1137/1137 1134/1134/1134 1146/1146/1146
f 1137/1137/1137 1146/1146/1146 1151/1151/1151
f 1138/1138/1138 1135/1135/1135 1148/1148/1148
f 1138/1138/1138 1148/1148/1148 1152/1152/1152
f 1139/1139/1139 1136/1136/1136 1150/1150/1150
f 1139/1139/1139 1150/1150/1150 1153/1153/1153
f 1140/1140/1140 1137/1137/1137 1151/1151/1151
f 1140/1140/1140 1151/1151/1151 1154/1154/1154
f 1141/1141/1141 1138/1138/1138 1152/1152/1152
f 1141/1141/1141 1152/1152/1152 1155/1155/1155
f 1142/1142/1142 1139/1139/1139 1153/1153/1153
f 1142/1142/1142 1153/1153/1153 1156/1156/1156
f 1143/1143/1143 1140/1140/1140 1154/1154/1154
f 1143/1143/1143 1154/1154/1154 1157/1157/1157
f 1144/1144/1144 1141/1141/1141 1155/1155/1155
f 1144/1144/1144 1155/1155/1155 1158/1158/1158
f 1124/1124/1124 1142/1142/1142 1156/1156/1156
f 1124/1124/1124 1156/1156/1156 1159/1159/1159
f 116/116/116 1143/1143/1143 1157/1157/1157
f 116/116/116 1157/1157/1157 122/122/122
f 1127/1127/1127 1144/1144/1144 1158/1158/1158
f 1127/1127/1127 1158/1158/1158 1160/1160/1160
f 1125/1125/1125 1124/1124/1124 1159/1159/1159
f 1125/1125/1125 1159/1159/1159 1161/1161/1161
f 1126/1126/1126 118/118/118 120/120/120
f 1126/1126/1126 120/120/120 1162/1162/1162
f 1128/1128/1128 1127/1127/1127 1160/1160/1160
f 1128/1128/1128 1160/1160/1160 1163/1163/1163
f 1129/1129/1129 1125/1125/1125 1161/1161/1161
f 1129/1129/1129 1161/1161/1161 1164/1164/1164
f 1130/1130/1130 1126/1126/1126 1162/1162/1162
f 1130/1130/1130 1162/1162/1162 1165/1165/1165
f 1131/1131/1131 1128/1128/1128 1163/1163/1163
f 1131/1131/1131 1163/1163/1163 1145/1145/1145
f 1132/1132/1132 1129/1129/1129 1164/1164/1164
f 1132/1132/1132 1164/1164/1164 1147/1147/1147
f 1133/1133/1133 1130/1130/1130 1165/1165/1165
f 1133/1133/1133 1165/1165/1165 1149/1149/1149
f 1156/1156/1156 1153/1153/1153 1166/1166/1166
f 1156/1156/1156 1166/1166/1166 1167/1167/1167
f 1157/1157/1157 1154/1154/1154 1168/1168/1168
f 1157/1157/1157 1168/1168/1168 1169/1169/1169
f 1158/1158/1158 1155/1155/1155 1170/1170/1170
f 1158/1158/1158 1170/1170/1170 1171/1171/1171
f 1159/1159/1159 1156/1156/1156 1167/1167/1167
f 1159/1159/1159 1167/1167/1167 1172/1172/1172
f 122/122/122 1157/1157/1157 1169/1169/1169
f 122/122/122 1169/1169/1169 126/126/126
f 1160/1160/1160 1158/1158/1158 1171/1171/1171
f 1160/1160/1160 1171/1171/1171 1173/1173/1173
f 1161/1161/1161 1159/1159/1159 1172/1172/1172
f 1161/1161/1161 1172/1172/1172 1174/1174/1174
f 1162/1162/1162 120/120/120 124/124/124
f 1162/1162/1162 124/124/124 1175/1175/1175
f 1163/1163/1163 1160/1160/1160 1173/1173/1173
f 1163/1163/1163 1173/1173/1173 1176/1176/1176
f 1164/1164/1164 1161/1161/1161 1174/1174/1174
f 1164/1164/1164 1174/1174/1174 1177/1177/1177
f 1165/1165/1165 1162/1162/1162 1175/1175/1175
f 1165/1165/1165 1175/1175/1175 1178/1178/1178
f 1145/1145/1145 1163/1163/1163 1176/1176/1176
f 1145/1145/1145 1176/1176/1176 1179/1179/1179
f 1147/1147/1147 1164/1164/1164 1177/1177/1177
f 1147/1147/1147 1177/1177/1177 1180/1180/1180
f 1149/1149/1149 1165/1165/1165 1178/1178/1178
f 1149/1149/1149 1178/1178/1178 1181/1181/1181
f 1146/1146/1146 1145/1145/1145 1179/1179/1179
f 1146/1146/1146 1179/1179/1179 1182/1182/1182
f 1148/1148/1148 1147/1147/1147 1180/1180/1180
f 1148/1148/1148 1180/1180/1180 1183/1183/1183
f 1150/1150/1150 1149/1149/1149 1181/1181/1181
f 1150/1150/1150 1181/1181/1181 1184/1184/1184
f 1151/1151/1151 1146/1146/1146 1182/1182/1182
f 1151/1151/1151 1182/1182/1182 1185/1185/1185
f 1152/1152/1152 1148/1148/1148 1183/1183/1183
f 1152/1152/1152 1183/1183/1183 1186/1186/1186
f 1153/1153/1153 1150/1150/1150 1184/1184/1184
f 1153/1153/1153 1184/1184/1184 1166/1166/1166
f 1154/1154/1154 1151/1151/1151 1185/1185/1185
f 1154/1154/1154 1185/1185/1185 1168/1168/1168
f 1155/1155/1155 1152/1152/1152 1186/1186/1186
f 1155/1155/1155 1186/1186/1186 1170/1170/1170
f 1177/1177/1177 1174/1174/1174 1187/1187/1187
f 1177/1177/1177 1187/1187/1187 1188/1188/1188
f 1178/1178/1178 1175/1175/1175 1189/1189/1189
f 1178/1178/1178 1189/1189/1189 1190/1190/1190
f 1179/1179/1179 1176/1176/1176 1191/1191/1191
f 1179/1179/1179 1191/1191/1191 1192/1192/1192
f 1180/1180/1180 1177/1177/1177 1188/1188/1188
f 1180/1180/1180 1188/1188/1188 1193/1193/1193
f 1181/1181/1181 1178/1178/1178 1190/1190/1190
f 1181/1181/1181 1190/1190/1190 1194/1194/1194
f 1182/1182/1182 1179/1179/1179 1192/1192/1192
f 1182/1182/1182 1192/1192/1192 1195/1195/1195
f 1183/1183/1183 1180/1180/1180 1193/1193/1193
f 1183/1183/1183 1193/1193/1193 1196/1196/1196
f 1184/1184/1184 1181/1181/1181 1194/1194/1194
f 1184/1184/1184 1194/1194/1194 1197/1197/1197
f 1185/1185/1185 1182/1182/1182 1195/1195/1195
f 1185/1185/1185 1195/1195/1195 1198/1198/1198
f 1186/1186/1186 1183/1183/1183 1196/1196/1196
f 1186/1186/1186 1196/1196/1196 1199/1199/1199
f 1166/1166/1166 1184/1184/1184 1197/1197/1197
f 1166/1166/1166 1197/1197/1197 1200/1200/1200
f 1168/1168/1168 1185/1185/1185 1198/1198/1198
f 1168/1168/1168 1198/1198/1198 1201/1201/1201
f 1170/1170/1170 1186/1186/1186 1199/1199/1199
f 1170/1170/1170 1199/1199/1199 1202/1202/1202
f 1167/1167/1167 1166/1166/1166 1200/1200/1200
f 1167/1167/1167 1200/1200/1200 1203/1203/1203
f 1169/1169/1169 1168/1168/1168 1201/1201/1201
f 1169/1169/1169 1201/1201/1201 1204/1204/1204
f 1171/1171/1171 1170/1170/1170 1202/1202/1202
f 1171/1171/1171 1202/1202/1202 1205/1205/1205
f 1172/1172/1172 1167/1167/1167 1203/1203/1203
f 1172/1172/1172 1203/1203/1203 1206/1206/1206
f 126/126/126 1169/1169/1169 1204/1204/1204
f 126/126/126 1204/1204/1204 130/130/130
f 1173/1173/1173 1171/1171/1171 1205/1205/1205
f 1173/1173/1173 1205/1205/1205 1207/1207/1207
f 1174/1174/1174 1172/1172/1172 1206/1206/1206
f 1174/1174/1174 1206/1206/1206 1187/1187/1187
f 1175/1175/1175 124/124/124 128/128/128
f 1175/1175/1175 128/128/128 1189/1189/1189
f 1176/1176/1176 1173/1173/1173 1207/1207/1207
f 1176/1176/1176 1207/1207/1207 1191/1191/1191
f 1198/1198/1198 1195/1195/1195 1208/1208/1208
f 1198/1198/1198 1208/1208/1208 1209/1209/1209
f 1199/1199/1199 1196/1196/1196 1210/1210/1210
f 1199/1199/1199 1210/1210/1210 1211/1211/1211
f 1200/1200/1200 1197/1197/1197 1212/1212/1212
f 1200/1200/1200 1212/1212/1212 1213/1213/1213
f 1201/1201/1201 1198/1198/1198 1209/1209/1209
f 1201/1201/1201 1209/1209/1209 1214/1214/1214
f 1202/1202/1202 1199/1199/1199 1211/1211/1211
f 1202/1202/1202 1211/1211/1211 1215/1215/1215
f 1203/1203/1203 1200/1200/1200 1213/1213/1213
f 1203/1203/1203 1213/1213/1213 1216/1216/1216
f 1204/1204/1204 1201/1201/1201 1214/1214/1214
f 1204/1204/1204 1214/1214/1214 1217/1217/1217
f 1205/1205/1205 1202/1202/1202 1215/1215/1215
f 1205/1205/1205 1215/1215/1215 1218/1218/1218
f 1206/1206/1206 1203/1203/1203 1216/1216/1216
f 1206/1206/1206 1216/1216/1216 1219/1219/1219
f 130/130/130 1204/1204/1204 1217/1217/1217
f 130/130/130 1217/1217/1217 134/134/134
f 1207/1207/1207 1205/1205/1205 1218/1218/1218
f 1207/1207/1207 1218/1218/1218 1220/1220/1220
f 1187/1187/1187 1206/1206/1206 1219/1219/1219
f 1187/1187/1187 1219/1219/1219 1221/1221/1221
f 1189/1189/1189 128/128/128 132/132/132
f 1189/1189/1189 132/132/132 1222/1222/1222
f 1191/1191/1191 1207/1207/1207 1220/1220/1220
f 1191/1191/1191 1220/1220/1220 1223/1223/1223
f 1188/1188/1188 1187/1187/1187 1221/1221/1221
f 1188/1188/1188 1221/1221/1221 1224/1224/1224
f 1190/1190/1190 1189/1189/1189 1222/1222/1222
f 1190/1190/1190 1222/1222/1222 1225/1225/1225
f 1192/1192/1192 1191/1191/1191 1223/1223/1223
f 1192/1192/1192 1223/1223/1223 1226/1226/1226
f 1193/1193/1193 1188/1188/1188 1224/1224/1224
f 1193/1193/1193 1224/1224/1224 1227/1227/1227
f 1194/1194/1194 1190/1190/1190 1225/1225/1225
f 1194/1194/1194 1225/1225/1225 1228/1228/1228
f 1195/1195/1195 1192/1192/1192 1226/1226/1226
f 1195/1195/1195 1226/1226/1226 1208/1208/1208
f 1196/1196/1196 1193/1193/1193 1227/1227/1227
f 1196/1196/1196 1227/1227/1227 1210/1210/1210
f 1197/1197/1197 1194/1194/1194 1228/1228/1228
f 1197/1197/1197 1228/1228/1228 1212/1212/1212
f 1219/1219/1219 1216/1216/1216 1229/1229/1229
f 1219/1219/1219 1229/1229/1229 1230/1230/1230
f 134/134/134 1217/1217/1217 1231/1231/1231
f 134/134/134 1231/1231/1231 138/138/138
f 1220/1220/1220 1218/1218/1218 1232/1232/1232
f 1220/1220/1220 1232/1232/1232 1233/1233/1233
f 1221/1221/1221 1219/1219/1219 1230/1230/1230
f 1221/1221/1221 1230/1230/1230 1234/1234/1234
f 1222/1222/1222 132/132/132 136/136/136
f 1222/1222/1222 136/136/136 1235/1235/1235
f 1223/1223/1223 1220/1220/1220 1233/1233/1233
f 1223/1223/1223 1233/1233/1233 1236/1236/1236
f 1224/1224/1224 1221/1221/1221 1234/1234/1234
f 1224/1224/1224 1234/1234/1234 1237/1237/1237
f 1225/1225/1225 1222/1222/1222 1235/1235/1235
f 1225/1225/1225 1235/1235/1235 1238/1238/1238
f 1226/1226/1226 1223/1223/1223 1236/1236/1236
f 1226/1226/1226 1236/1236/1236 1239/1239/1239
f 1227/1227/1227 1224/1224/1224 1237/1237/1237
f 1227/1227/1227 1237/1237/1237 1240/1240/1240
f 1228/1228/1228 1225/1225/1225 1238/1238/1238
f 1228/1228/1228 1238/1238/1238 1241/1241/1241
f 1208/1208/1208 1226/1226/1226 1239/1239/1239
f 1208/1208/1208 1239/1239/1239 1242/1242/1242
f 1210/1210/1210 1227/1227/1227 1240/1240/1240
f 1210/1210/1210 1240/1240/1240 1243/1243/1243
f 1212/1212/1212 1228/1228/1228 1241/1241/1241
f 1212/1212/1212 1241/1241/1241 1244/1244/1244
f 1209/1209/1209 1208/1208/1208 1242/1242/1242
f 1209/1209/1209 1242/1242/1242 1245/1245/1245
f 1211/1211/1211 1210/1210/1210 1243/1243/1243
f 1211/1211/1211 1243/1243/1243 1246/1246/1246
f 1213/1213/1213 1212/1212/1212 1244/1244/1244
f 1213/1213/1213 1244/1244/1244 1247/1247/1247
f 1214/1214/1214 1209/1209/1209 1245/1245/1245
f 1214/1214/1214 1245/1245/1245 1248/1248/1248
f 1215/1215/1215 1211/1211/1211 1246/1246/1246
f 1215/1215/1215 1246/1246/1246 1249/1249/1249
f 1216/1216/1216 1213/1213/1213 1247/1247/1247
f 1216/1216/1216 1247/1247/1247 1229/1229/1229
f 1217/1217/1217 1214/1214/1214 1248/1248/1248
f 1217/1217/1217 1248/1248/1248 1231/1231/1231
f 1218/1218/1218 1215/1215/1215 1249/1249/1249
f 1218/1218/1218 1249/1249/1249 1232/1232/1232
f 1238/1238/1238 1235/1235/1235 1250/1250/1250
f 1238/1238/1238 1250/1250/1250 1251/1251/1251
f 1239/1239/1239 1236/1236/1236 1252/1252/1252
f 1239/1239/1239 1252/1252/1252 1253/1253/1253
f 1240/1240/1240 1237/1237/1237 1254/1254/1254
f 1240/1240/1240 1254/1254/1254 1255/1255/1255
f 1241/1241/1241 1238/1238/1238 1251/1251/1251
f 1241/1241/1241 1251/1251/1251 1256/1256/1256
f 1242/1242/1242 1239/1239/1239 1253/1253/1253
f 1242/1242/1242 1253/1253/1253 1257/1257/1257
f 1243/1243/1243 1240/1240/1240 1255/1255/1255
f 1243/1243/1243 1255/1255/1255 1258/1258/1258
f 1244/1244/1244 1241/1241/1241 1256/1256/1256
f 1244/1244/1244 1256/1256/1256 1259/1259/1259
f 1245/1245/1245 1242/1242/1242 1257/1257/1257
f 1245/1245/1245 1257/1257/1257 1260/1260/1260
f 1246/1246/1246 1243/1243/1243 1258/1258/1258
f 1246/1246/1246 1258/1258/1258 1261/1261/1261
f 1247/1247/1247 1244/1244/1244 1259/1259/1259
f 1247/1247/1247 1259/1259/1259 1262/1262/1262
f 1248/1248/1248 1245/1245/1245 1260/1260/1260
f 1248/1248/1248 1260/1260/1260 1263/1263/1263
f 1249/1249/1249 1246/1246/1246 1261/1261/1261
f 1249/1249/1249 1261/1261/1261 1264/1264/1264
f 1229/1229/1229 1247/1247/1247 1262/1262/1262
f 1229/1229/1229 1262/1262/1262 1265/1265/1265
f 1231/1231/1231 1248/1248/1248 1263/1263/1263
f 1231/1231/1231 1263/1263/1263 1266/1266/1266
f 1232/1232/1232 1249/1249/1249 1264/1264/1264
f 1232/1232/1232 1264/1264/1264 1267/1267/1267
f 1230/1230/1230 1229/1229/1229 1265/1265/1265
f 1230/1230/1230 1265/1265/1265 1268/1268/1268
f 138/138/138 1231/1231/1231 1266/1266/1266
f 138/138/138 1266/1266/1266 142/142/142
f 1233/1233/1233 1232/1232/1232 1267/1267/1267
f 1233/1233/1233 1267/1267/1267 1269/1269/1269
f 1234/1234/1234 1230/1230/1230 1268/1268/1268
f 1234/1234/1234 1268/1268/1268 1270/1270/1270
f 1235/1235/1235 136/136/136 140/140/140
f 1235/1235/1235 140/140/140 1250/1250/1250
f 1236/1236/1236 1233/1233/1233 1269/1269/1269
f 1236/1236/1236 1269/1269/1269 1252/1252/1252
f 1237/1237/1237 1234/1234/1234 1270/1270/1270
f 1237/1237/1237 1270/1270/1270 1254/1254/1254
f 1262/1262/1262 1259/1259/1259 1271/1271/1271
f 1262/1262/1262 1271/1271/1271 1272/1272/1272
f 1263/1263/1263 1260/1260/1260 1273/1273/1273
f 1263/1263/1263 1273/1273/1273 1274/1274/1274
f 1264/1264/1264 1261/1261/1261 1275/1275/1275
f 1264/1264/1264 1275/1275/1275 1276/1276/1276
f 1265/1265/1265 1262/1262/1262 1272/1272/1272
f 1265/1265/1265 1272/1272/1272 1277/1277/1277
f 1266/1266/1266 1263/1263/1263 1274/1274/1274
f 1266/1266/1266 1274/1274/1274 1278/1278/1278
f 1267/1267/1267 1264/1264/1264 1276/1276/1276
f 1267/1267/1267 1276/1276/1276 1279/1279/1279
f 1268/1268/1268 1265/1265/1265 1277/1277/1277
f 1268/1268/1268 1277/1277/1277 1280/1280/1280
f 142/142/142 1266/1266/1266 1278/1278/1278
f 142/142/142 1278/1278/1278 146/146/146
f 1269/1269/1269 1267/1267/1267 1279/1279/1279
f 1269/1269/1269 1279/1279/1279 1281/1281/1281
f 1270/1270/1270 1268/1268/1268 1280/1280/1280
f 1270/1270/1270 1280/1280/1280 1282/1282/1282
f 1250/1250/1250 140/140/140 144/144/144
f 1250/1250/1250 144/144/144 1283/1283/1283
f 1252/1252/1252 1269/1269/1269 1281/1281/1281
f 1252/1252/1252 1281/1281/1281 1284/1284/1284
f 1254/1254/1254 1270/1270/1270 1282/1282/1282
f 1254/1254/1254 1282/1282/1282 1285/1285/1285
f 1251/1251/1251 1250/1250/1250 1283/1283/1283
f 1251/1251/1251 1283/1283/1283 1286/1286/1286
f 1253/1253/1253 1252/1252/1252 1284/1284/1284
f 1253/1253/1253 1284/1284/1284 1287/1287/1287
f 1255/1255/1255 1254/1254/1254 1285/1285/1285
f 1255/1255/1255 1285/1285/1285 1288/1288/1288
f 1256/1256/1256 1251/1251/1251 1286/1286/1286
f 1256/1256/1256 1286/1286/1286 1289/1289/1289
f 1257/1257/1257 1253/1253/1253 1287/1287/1287
f 1257/1257/1257 1287/1287/1287 1290/1290/1290
f 1258/1258/1258 1255/1255/1255 1288/1288/1288
f 1258/1258/1258 1288/1288/1288 1291/1291/1291
f 1259/1259/1259 1256/1256/1256 1289/1289/1289
f 1259/1259/1259 1289/1289/1289 1271/1271/1271
f 1260/1260/1260 1257/1257/1257 1290/1290/1290
f 1260/1260/1260 1290/1290/1290 1273/1273/1273
f 1261/1261/1261 1258/1258/1258 1291/1291/1291
f 1261/1261/1261 1291/1291/1291 1275/1275/1275
f 1281/1281/1281 1279/1279/1279 1292/1292/1292
f 1281/1281/1281 1292/1292/1292 1293/1293/1293
f 1282/1282/1282 1280/1280/1280 1294/1294/1294
f 1282/1282/1282 1294/1294/1294 1295/1295/1295
f 1283/1283/1283 144/144/144 150/150/150
f 1283/1283/1283 150/150/150 1296/1296/1296
f 1284/1284/1284 1281/1281/1281 1293/1293/1293
f 1284/1284/1284 1293/1293/1293 1297/1297/1297
f 1285/1285/1285 1282/1282/1282 1295/1295/1295
f 1285/1285/1285 1295/1295/1295 1298/1298/1298
f 1286/1286/1286 1283/1283/1283 1296/1296/1296
f 1286/1286/1286 1296/1296/1296 1299/1299/1299
f 1287/1287/1287 1284/1284/1284 1297/1297/1297
f 1287/1287/1287 1297/1297/1297 1300/1300/1300
f 1288/1288/1288 1285/1285/1285 1298/1298/1298
f 1288/1288/1288 1298/1298/1298 1301/1301/1301
f 1289/1289/1289 1286/1286/1286 1299/1299/1299
f 1289/1289/1289 1299/1299/1299 1302/1302/1302
f 1290/1290/1290 1287/1287/1287 1300/1300/1300
f 1290/1290/1290 1300/1300/1300 1303/1303/1303
f 1291/1291/1291 1288/1288/1288 1301/1301/1301
f 1291/1291/1291 1301/1301/1301 1304/1304/1304
f 1271/1271/1271 1289/1289/1289 1302/1302/1302
f 1271/1271/1271 1302/1302/1302 1305/1305/1305
f 1273/1273/1273 1290/1290/1290 1303/1303/1303
f 1273/1273/1273 1303/1303/1303 1306/1306/1306
f 1275/1275/1275 1291/1291/1291 1304/1304/1304
f 1275/1275/1275 1304/1304/1304 1307/1307/1307
f 1272/1272/1272 1271/1271/1271 1305/1305/1305
f 1272/1272/1272 1305/1305/1305 1308/1308/1308
f 1274/1274/1274 1273/1273/1273 1306/1306/1306
f 1274/1274/1274 1306/1306/1306 1309/1309/1309
f 1276/1276/1276 1275/1275/1275 1307/1307/1307
f 1276/1276/1276 1307/1307/1307 1310/1310/1310
f 1277/1277/1277 1272/1272/1272 1308/1308/1308
f 1277/1277/1277 1308/1308/1308 1311/1311/1311
f 1278/1278/1278 1274/1274/1274 1309/1309/1309
f 1278/1278/1278 1309/1309/1309 1312/1312/1312
f 1279/1279/1279 1276/1276/1276 1310/1310/1310
f 1279/1279/1279 1310/1310/1310 1292/1292/1292
f 1280/1280/1280 1277/1277/1277 1311/1311/1311
f 1280/1280/1280 1311/1311/1311 1294/1294/1294
f 146/146/146 1278/1278/1278 1312/1312/1312
f 146/146/146 1312/1312/1312 148/148/148
f 1302/1302/1302 1299/1299/1299 1313/1313/1313
f 1302/1302/1302 1313/1313/1313 1314/1314/1314
f 1303/1303/1303 1300/1300/1300 1315/1315/1315
f 1303/1303/1303 1315/1315/1315 1316/1316/1316
f 1304/1304/1304 1301/1301/1301 1317/1317/1317
f 1304/1304/1304 1317/1317/1317 1318/1318/1318
f 1305/1305/1305 1302/1302/1302 1314/1314/1314
f 1305/1305/1305 1314/1314/1314 1319/1319/1319
f 1306/1306/1306 1303/1303/1303 1316/1316/1316
f 1306/1306/1306 1316/1316/1316 1320/1320/1320
f 1307/1307/1307 1304/1304/1304 1318/1318/1318
f 1307/1307/1307 1318/1318/1318 1321/1321/1321
f 1308/1308/1308 1305/1305/1305 1319/1319/1319
f 1308/1308/1308 1319/1319/1319 1322/1322/1322
f 1309/1309/1309 1306/1306/1306 1320/1320/1320
f 1309/1309/1309 1320/1320/1320 1323/1323/1323
f 1310/1310/1310 1307/1307/1307 1321/1321/1321
f 1310/1310/1310 1321/1321/1321 1324/1324/1324
f 1311/1311/1311 1308/1308/1308 1322/1322/1322
f 1311/1311/1311 1322/1322/1322 1325/1325/1325
f 1312/1312/1312 1309/1309/1309 1323/1323/1323
f 1312/1312/1312 1323/1323/1323 1326/1326/1326
f 1292/1292/1292 1310/1310/1310 1324/1324/1324
f 1292/1292/1292 1324/1324/1324 1327/1327/1327
f 1294/1294/1294 1311/1311/1311 1325/1325/1325
f 1294/1294/1294 1325/1325/1325 1328/1328/1328
f 148/148/148 1312/1312/1312 1326/1326/1326
f 148/148/148 1326/1326/1326 154/154/154
f 1293/1293/1293 1292/1292/1292 1327/1327/1327
f 1293/1293/1293 1327/1327/1327 1329/1329/1329
f 1295/1295/1295 1294/1294/1294 1328/1328/1328
f 1295/1295/1295 1328/1328/1328 1330/1330/1330
f 1296/1296/1296 150/150/150 152/152/152
f 1296/1296/1296 152/152/152 1331/1331/1331
f 1297/1297/1297 1293/1293/1293 1329/1329/1329
f 1297/1297/1297 1329/1329/1329 1332/1332/1332
f 1298/1298/1298 1295/1295/1295 1330/1330/1330
f 1298/1298/1298 1330/1330/1330 1333/1333/1333
f 1299/1299/1299 1296/1296/1296 1331/1331/1331
f 1299/1299/1299 1331/1331/1331 1313/1313/1313
f 1300/1300/1300 1297/1297/1297 1332/1332/1332
f 1300/1300/1300 1332/1332/1332 1315/1315/1315
f 1301/1301/1301 1298/1298/1298 1333/1333/1333
f 1301/1301/1301 1333/1333/1333 1317/1317/1317
f 1325/1325/1325 1322/1322/1322 1334/1334/1334
f 1325/1325/1325 1334/1334/1334 1335/1335/1335
f 1326/1326/1326 1323/1323/1323 1336/1336/1336
f 1326/1326/1326 1336/1336/1336 1337/1337/1337
f 1327/1327/1327 1324/1324/1324 1338/1338/1338
f 1327/1327/1327 1338/1338/1338 1339/1339/1339
f 1328/1328/1328 1325/1325/1325 1335/1335/1335
f 1328/1328/1328 1335/1335/1335 1340/1340/1340
f 154/154/154 1326/1326/1326 1337/1337/1337
f 154/154/154 1337/1337/1337 158/158/158
f 1329/1329/1329 1327/1327/1327 1339/1339/1339
f 1329/1329/1329 1339/1339/1339 1341/1341/1341
f 1330/1330/1330 1328/1328/1328 1340/1340/1340
f 1330/1330/1330 1340/1340/1340 1342/1342/1342
f 1331/1331/1331 152/152/152 156/156/156
f 1331/1331/1331 156/156/156 1343/1343/1343
f 1332/1332/1332 1329/1329/1329 1341/1341/1341
f 1332/1332/1332 1341/1341/1341 1344/1344/1344
f 1333/1333/1333 1330/1330/1330 1342/1342/1342
f 1333/1333/1333 1342/1342/1342 1345/1345/1345
f 1313/1313/1313 1331/1331/1331 1343/1343/1343
f 1313/1313/1313 1343/1343/1343 1346/1346/1346
f 1315/1315/1315 1332/1332/1332 1344/1344/1344
f 1315/1315/1315 1344/1344/1344 1347/1347/1347
f 1317/1317/1317 1333/1333/1333 1345/1345/1345
f 1317/1317/1317 1345/1345/1345 1348/1348/1348
f 1314/1314/1314 1313/1313/1313 1346/1346/1346
f 1314/1314/1314 1346/1346/1346 1349/1349/1349
f 1316/1316/1316 1315/1315/1315 1347/1347/1347
f 1316/1316/1316 1347/1347/1347 1350/1350/1350
f 1318/1318/1318 1317/1317/1317 1348/1348/1348
f 1318/1318/1318 1348/1348/1348 1351/1351/1351
f 1319/1319/1319 1314/1314/1314 1349/1349/1349
f 1319/1319/1319 1349/1349/1349 1352/1352/1352
f 1320/1320/1320 1316/1316/1316 1350/1350/1350
f 1320/1320/1320 1350/1350/1350 1353/1353/1353
f 1321/1321/1321 1318/1318/1318 1351/1351/1351
f 1321/1321/1321 1351/1351/1351 1354/1354/1354
f 1322/1322/1322 1319/1319/1319 1352/1352/1352
f 1322/1322/1322 1352/1352/1352 1334/1334/1334
f 1323/1323/1323 1320/1320/1320 1353/1353/1353
f 1323/1323/1323 1353/1353/1353 1336/1336/1336
f 1324/1324/1324 1321/1321/1321 1354/1354/1354
f 1324/1324/1324 1354/1354/1354 1338/1338/1338
f 1344/1344/1344 1341/1341/1341 1355/1355/1355
f 1344/1344/1344 1355/1355/1355 1356/1356/1356
f 1345/1345/1345 1342/1342/1342 1357/1357/1357
f 1345/1345/1345 1357/1357/1357 1358/1358/1358
f 1346/1346/1346 1343/1343/1343 1359/1359/1359
f 1346/1346/1346 1359/1359/1359 1360/1360/1360
f 1347/1347/1347 1344/1344/1344 1356/1356/1356
f 1347/1347/1347 1356/1356/1356 1361/1361/1361
f 1348/1348/1348 1345/1345/1345 1358/1358/1358
f 1348/1348/1348 1358/1358/1358 1362/1362/1362
f 1349/1349/1349 1346/1346/1346 1360/1360/1360
f 1349/1349/1349 1360/1360/1360 1363/1363/1363
f 1350/1350/1350 1347/1347/1347 1361/1361/1361
f 1350/1350/1350 1361/1361/1361 1364/1364/1364
f 1351/1351/1351 1348/1348/1348 1362/1362/1362
f 1351/1351/1351 1362/1362/1362 1365/1365/1365
f 1352/1352/1352 1349/1349/1349 1363/1363/1363
f 1352/1352/1352 1363/1363/1363 1366/1366/1366
f 1353/1353/1353 1350/1350/1350 1364/1364/1364
f 1353/1353/1353 1364/1364/1364 1367/1367/1367
f 1354/1354/1354 1351/1351/1351 1365/1365/1365
f 1354/1354/1354 1365/1365/1365 1368/1368/1368
f 1334/1334/1334 1352/1352/1352 1366/1366/1366
f 1334/1334/1334 1366/1366/1366 1369/1369/1369
f 1336/1336/1336 1353/1353/1353 1367/1367/1367
f 1336/1336/1336 1367/1367/1367 1370/1370/1370
f 1338/1338/1338 1354/1354/1354 1368/1368/1368
f 1338/1338/1338 1368/1368/1368 1371/1371/1371
f 1335/1335/1335 1334/1334/1334 1369/1369/1369
f 1335/1335/1335 1369/1369/1369 1372/1372/1372
f 1337/1337/1337 1336/1336/1336 1370/1370/1370
f 1337/1337/1337 1370/1370/1370 1373/1373/1373
f 1339/1339/1339 1338/1338/1338 1371/1371/1371
f 1339/1339/1339 1371/1371/1371 1374/1374/1374
f 1340/1340/1340 1335/1335/1335 1372/1372/1372
f 1340/1340/1340 1372/1372/1372 1375/1375/1375
f 158/158/158 1337/1337/1337 1373/1373/1373
f 158/158/158 1373/1373/1373 162/162/162
f 1341/1341/1341 1339/1339/1339 1374/1374/1374
f 1341/1341/1341 1374/1374/1374 1355/1355/1355
f 1342/1342/1342 1340/1340/1340 1375/1375/1375
f 1342/1342/1342 1375/1375/1375 1357/1357/1357
f 1343/1343/1343 156/156/156 160/160/160
f 1343/1343/1343 160/160/160 1359/1359/1359
f 1366/1366/1366 1363/1363/1363 1376/1376/1376
f 1366/1366/1366 1376/1376/1376 1377/1377/1377
f 1367/1367/1367 1364/1364/1364 1378/1378/1378
f 1367/1367/1367 1378/1378/1378 1379/1379/1379
f 1368/1368/1368 1365/1365/1365 1380/1380/1380
f 1368/1368/1368 1380/1380/1380 1381/1381/1381
f 1369/1369/1369 1366/1366/1366 1377/1377/1377
f 1369/1369/1369 1377/1377/1377 1382/1382/1382
f 1370/1370/1370 1367/1367/1367 1379/1379/1379
f 1370/1370/1370 1379/1379/1379 1383/1383/1383
f 1371/1371/1371 1368/1368/1368 1381/1381/1381
f 1371/1371/1371 1381/1381/1381 1384/1384/1384
f 1372/1372/1372 1369/1369/1369 1382/1382/1382
f 1372/1372/1372 1382/1382/1382 1385/1385/1385
f 1373/1373/1373 1370/1370/1370 1383/1383/1383
f 1373/1373/1373 1383/1383/1383 1386/1386/1386
f 1374/1374/1374 1371/1371/1371 1384/1384/1384
f 1374/1374/1374 1384/1384/1384 1387/1387/1387
f 1375/1375/1375 1372/1372/1372 1385/1385/1385
f 1375/1375/1375 1385/1385/1385 1388/1388/1388
f 162/162/162 1373/1373/1373 1386/1386/1386
f 162/162/162 1386/1386/1386 166/166/166
f 1355/1355/1355 1374/1374/1374 1387/1387/1387
f 1355/1355/1355 1387/1387/1387 1389/1389/1389
f 1357/1357/1357 1375/1375/1375 1388/1388/1388
f 1357/1357/1357 1388/1388/1388 1390/1390/1390
f 1359/1359/1359 160/160/160 164/164/164
f 1359/1359/1359 164/164/164 1391/1391/1391
f 1356/1356/1356 1355/1355/1355 1389/1389/1389
f 1356/1356/1356 1389/1389/1389 1392/1392/1392
f 1358/1358/1358 1357/1357/1357 1390/1390/1390
f 1358/1358/1358 1390/1390/1390 1393/1393/1393
f 1360/1360/1360 1359/1359/1359 1391/1391/1391
f 1360/1360/1360 1391/1391/1391 1394/1394/1394
f 1361/1361/1361 1356/1356/1356 1392/1392/1392
f 1361/1361/1361 1392/1392/1392 1395/1395/1395
f 1362/1362/1362 1358/1358/1358 1393/1393/1393
f 1362/1362/1362 1393/1393/1393 1396/1396/1396
f 1363/1363/1363 1360/1360/1360 1394/1394/1394
f 1363/1363/1363 1394/1394/1394 1376/1376/1376
f 1364/1364/1364 1361/1361/1361 1395/1395/1395
f 1364/1364/1364 1395/1395/1395 1378/1378/1378
f 1365/1365/1365 1362/1362/1362 1396/1396/1396
f 1365/1365/1365 1396/1396/1396 1380/1380/1380
f 1388/1388/1388 1385/1385/1385 1397/1397/1397
f 1388/1388/1388 1397/1397/1397 1398/1398/1398
f 166/166/166 1386/1386/1386 1399/1399/1399
f 166/166/166 1399/1399/1399 170/170/170
f 1389/1389/1389 1387/1387/1387 1400/1400/1400
f 1389/1389/1389 1400/1400/1400 1401/1401/1401
f 1390/1390/1390 1388/1388/1388 1398/1398/1398
f 1390/1390/1390 1398/1398/1398 1402/1402/1402
f 1391/1391/1391 164/164/164 168/168/168
f 1391/1391/1391 168/168/168 1403/1403/1403
f 1392/1392/1392 1389/1389/1389 1401/1401/1401
f 1392/1392/1392 1401/1401/1401 1404/1404/1404
f 1393/1393/1393 1390/1390/1390 1402/1402/1402
f 1393/1393/1393 1402/1402/1402 1405/1405/1405
f 1394/1394/1394 1391/1391/1391 1403/1403/1403
f 1394/1394/1394 1403/1403/1403 1406/1406/1406
f 1395/1395/1395 1392/1392/1392 1404/1404/1404
f 1395/1395/1395 1404/1404/1404 1407/1407/1407
f 1396/1396/1396 1393/1393/1393 1405/1405/1405
f 1396/1396/1396 1405/1405/1405 1408/1408/1408
f 1376/1376/1376 1394/1394/1394 1406/1406/1406
f 1376/1376/1376 1406/1406/1406 1409/1409/1409
f 1378/1378/1378 1395/1395/1395 1407/1407/1407
f 1378/1378/1378 1407/1407/1407 1410/1410/1410
f 1380/1380/1380 1396/1396/1396 1408/1408/1408
f 1380/1380/1380 1408/1408/1408 1411/1411/1411
f 1377/1377/1377 1376/1376/1376 1409/1409/1409
f 1377/1377/1377 1409/1409/1409 1412/1412/1412
f 1379/1379/1379 1378/1378/1378 1410/1410/1410
f 1379/1379/1379 1410/1410/1410 1413/1413/1413
f 1381/1381/1381 1380/1380/1380 1411/1411/1411
f 1381/1381/1381 1411/1411/1411 1414/1414/1414
f 1382/1382/1382 1377/1377/1377 1412/1412/1412
f 1382/1382/1382 1412/1412/1412 1415/1415/1415
f 1383/1383/1383 1379/1379/1379 1413/1413/1413
f 1383/1383/1383 1413/1413/1413 1416/1416/1416
f 1384/1384/1384 1381/1381/1381 1414/1414/1414
f 1384/1384/1384 1414/1414/1414 1417/1417/1417
f 1385/1385/1385 1382/1382/1382 1415/1415/1415
f 1385/1385/1385 1415/1415/1415 1397/1397/1397
f 1386/1386/1386 1383/1383/1383 1416/1416/1416
f 1386/1386/1386 1416/1416/1416 1399/1399/1399
f 1387/1387/1387 1384/1384/1384 1417/1417/1417
f 1387/1387/1387 1417/1417/1417 1400/1400/1400
f 1407/1407/1407 1404/1404/1404 1418/1418/1418
f 1407/1407/1407 1418/1418/1418 1419/1419/1419
f 1408/1408/1408 1405/1405/1405 1420/1420/1420
f 1408/1408/1408 1420/1420/1420 1421/1421/1421
f 1409/1409/1409 1406/1406/1406 1422/1422/1422
f 1409/1409/1409 1422/1422/1422 1423/1423/1423
f 1410/1410/1410 1407/1407/1407 1419/1419/1419
f 1410/1410/1410 1419/1419/1419 1424/1424/1424
f 1411/1411/1411 1408/1408/1408 1421/1421/1421
f 1411/1411/1411 1421/1421/1421 1425/1425/1425
f 1412/1412/1412 1409/1409/1409 1423/1423/1423
f 1412/1412/1412 1423/1423/1423 1426/1426/1426
f 1413/1413/1413 1410/1410/1410 1424/1424/1424
f 1413/1413/1413 1424/1424/1424 1427/1427/1427
f 1414/1414/1414 1411/1411/1411 1425/1425/1425
f 1414/1414/1414 1425/1425/1425 1428/1428/1428
f 1415/1415/1415 1412/1412/1412 1426/1426/1426
f 1415/1415/1415 1426/1426/1426 1429/1429/1429
f 1416/1416/1416 1413/1413/1413 1427/1427/1427
f 1416/1416/1416 1427/1427/1427 1430/1430/1430
f 1417/1417/1417 1414/1414/1414 1428/1428/1428
f 1417/1417/1417 1428/1428/1428 1431/1431/1431
f 1397/1397/1397 1415/1415/1415 1429/1429/1429
f 1397/1397/1397 1429/1429/1429 1432/1432/1432
f 1399/1399/1399 1416/1416/1416 1430/1430/1430
f 1399/1399/1399 1430/1430/1430 1433/1433/1433
f 1400/1400/1400 1417/1417/1417 1431/1431/1431
f 1400/1400/1400 1431/1431/1431 1434/1434/1434
f 1398/1398/1398 1397/1397/1397 1432/1432/1432
f 1398/1398/1398 1432/1432/1432 1435/1435/1435
f 170/170/170 1399/1399/1399 1433/1433/1433
f 170/170/170 1433/1433/1433 174/174/174
f 1401/1401/1401 1400/1400/1400 1434/1434/1434
f 1401/1401/1401 1434/1434/1434 1436/1436/1436
f 1402/1402/1402 1398/1398/1398 1435/1435/1435
f 1402/1402/1402 1435/1435/1435 1437/1437/1437
f 1403/1403/1403 168/168/168 172/172/172
f 1403/1403/1403 172/172/172 1438/1438/1438
f 1404/1404/1404 1401/1401/1401 1436/1436/1436
f 1404/1404/1404 1436/1436/1436 1418/1418/1418
f 1405/1405/1405 1402/1402/1402 1437/1437/1437
f 1405/1405/1405 1437/1437/1437 1420/1420/1420
f 1406/1406/1406 1403/1403/1403 1438/1438/1438
f 1406/1406/1406 1438/1438/1438 1422/1422/1422
f 1429/1429/1429 1426/1426/1426 1439/1439/1439
f 1429/1429/1429 1439/1439/1439 1440/1440/1440
f 1430/1430/1430 1427/1427/1427 1441/1441/1441
f 1430/1430/1430 1441/1441/1441 1442/1442/1442
f 1431/1431/1431 1428/1428/1428 1443/1443/1443
f 1431/1431/1431 1443/1443/1443 1444/1444/1444
f 1432/1432/1432 1429/1429/1429 1440/1440/1440
f 1432/1432/1432 1440/1440/1440 1445/1445/1445
f 1433/1433/1433 1430/1430/1430 1442/1442/1442
f 1433/1433/1433 1442/1442/1442 1446/1446/1446
f 1434/1434/1434 1431/1431/1431 1444/1444/1444
f 1434/1434/1434 1444/1444/1444 1447/1447/1447
f 1435/1435/1435 1432/1432/1432 1445/1445/1445
f 1435/1435/1435 1445/1445/1445 1448/1448/1448
f 174/174/174 1433/1433/1433 1446/1446/1446
f 174/174/174 1446/1446/1446 178/178/178
f 1436/1436/1436 1434/1434/1434 1447/1447/1447
f 1436/1436/1436 1447/1447/1447 1449/1449/1449
f 1437/1437/1437 1435/1435/1435 1448/1448/1448
f 1437/1437/1437 1448/1448/1448 1450/1450/1450
f 1438/1438/1438 172/172/172 176/176/176
f 1438/1438/1438 176/176/176 1451/1451/1451
f 1418/1418/1418 1436/1436/1436 1449/1449/1449
f 1418/1418/1418 1449/1449/1449 1452/1452/1452
f 1420/1420/1420 1437/1437/1437 1450/1450/1450
f 1420/1420/1420 1450/1450/1450 1453/1453/1453
f 1422/1422/1422 1438/1438/1438 1451/1451/1451
f 1422/1422/1422 1451/1451/1451 1454/1454/1454
f 1419/1419/1419 1418/1418/1418 1452/1452/1452
f 1419/1419/1419 1452/1452/1452 1455/1455/1455
f 1421/1421/1421 1420/1420/1420 1453/1453/1453
f 1421/1421/1421 1453/1453/1453 1456/1456/1456
f 1423/1423/1423 1422/1422/1422 1454/1454/1454
f 1423/1423/1423 1454/1454/1454 1457/1457/1457
f 1424/1424/1424 1419/1419/1419 1455/1455/1455
f 1424/1424/1424 1455/1455/1455 1458/1458/1458
f 1425/1425/1425 1421/1421/1421 1456/1456/1456
f 1425/1425/1425 1456/1456/1456 1459/1459/1459
f 1426/1426/1426 1423/1423/1423 1457/1457/1457
f 1426/1426/1426 1457/1457/1457 1439/1439/1439
f 1427/1427/1427 1424/1424/1424 1458/1458/1458
f 1427/1427/1427 1458/1458/1458 1441/1441/1441
f 1428/1428/1428 1425/1425/1425 1459/1459/1459
f 1428/1428/1428 1459/1459/1459 1443/1443/1443
f 1450/1450/1450 1448/1448/1448 1460/1460/1460
f 1450/1450/1450 1460/1460/1460 1461/1461/1461
f 1451/1451/1451 176/176/176 182/182/182
f 1451/1451/1451 182/182/182 1462/1462/1462
f 1452/1452/1452 1449/1449/1449 1463/1463/1463
f 1452/1452/1452 1463/1463/1463 1464/1464/1464
f 1453/1453/1453 1450/1450/1450 1461/1461/1461
f 1453/1453/1453 1461/1461/1461 1465/1465/1465
f 1454/1454/1454 1451/1451/1451 1462/1462/1462
f 1454/1454/1454 1462/1462/1462 1466/1466/1466
f 1455/1455/1455 1452/1452/1452 1464/1464/1464
f 1455/1455/1455 1464/1464/1464 1467/1467/1467
f 1456/1456/1456 1453/1453/1453 1465/1465/1465
f 1456/1456/1456 1465/1465/1465 1468/1468/1468
f 1457/1457/1457 1454/1454/1454 1466/1466/1466
f 1457/1457/1457 1466/1466/1466 1469/1469/1469
f 1458/1458/1458 1455/1455/1455 1467/1467/1467
f 1458/1458/1458 1467/1467/1467 1470/1470/1470
f 1459/1459/1459 1456/1456/1456 1468/1468/1468
f 1459/1459/1459 1468/1468/1468 1471/1471/1471
f 1439/1439/1439 1457/1457/1457 1469/1469/1469
f 1439/1439/1439 1469/1469/1469 1472/1472/1472
f 1441/1441/1441 1458/1458/1458 1470/1470/1470
f 1441/1441/1441 1470/1470/1470 1473/1473/1473
f 1443/1443/1443 1459/1459/1459 1471/1471/1471
f 1443/1443/1443 1471/1471/1471 1474/1474/1474
f 1440/1440/1440 1439/1439/1439 1472/1472/1472
f 1440/1440/1440 1472/1472/1472 1475/1475/1475
f 1442/1442/1442 1441/1441/1441 1473/1473/1473
f 1442/1442/1442 1473/1473/1473 1476/1476/1476
f 1444/1444/1444 1443/1443/1443 1474/1474/1474
f 1444/1444/1444 1474/1474/1474 1477/1477/1477
f 1445/1445/1445 1440/1440/1440 1475/1475/1475
f 1445/1445/1445 1475/1475/1475 1478/1478/1478
f 1446/1446/1446 1442/1442/1442 1476/1476/1476
f 1446/1446/1446 1476/1476/1476 1479/1479/1479
f 1447/1447/1447 1444/1444/1444 1477/1477/1477
f 1447/1447/1447 1477/1477/1477 1480/1480/1480
f 1448/1448/1448 1445/1445/1445 1478/1478/1478
f 1448/1448/1448 1478/1478/1478 1460/1460/1460
f 178/178/178 1446/1446/1446 1479/1479/1479
f 178/178/178 1479/1479/1479 180/180/180
f 1449/1449/1449 1447/1447/1447 1480/1480/1480
f 1449/1449/1449 1480/1480/1480 1463/1463/1463
f 1470/1470/1470 1467/1467/1467 1481/1481/1481
f 1470/1470/1470 1481/1481/1481 1482/1482/1482
f 1471/1471/1471 1468/1468/1468 1483/1483/1483
f 1471/1471/1471 1483/1483/1483 1484/1484/1484
f 1472/1472/1472 1469/1469/1469 1485/1485/1485
f 1472/1472/1472 1485/1485/1485 1486/1486/1486
f 1473/1473/1473 1470/1470/1470 1482/1482/1482
f 1473/1473/1473 1482/1482/1482 1487/1487/1487
f 1474/1474/1474 1471/1471/1471 1484/1484/1484
f 1474/1474/1474 1484/1484/1484 1488/1488/1488
f 1475/1475/1475 1472/1472/1472 1486/1486/1486
f 1475/1475/1475 1486/1486/1486 1489/1489/1489
f 1476/1476/1476 1473/1473/1473 1487/1487/1487
f 1476/1476/1476 1487/1487/1487 1490/1490/1490
f 1477/1477/1477 1474/1474/1474 1488/1488/1488
f 1477/1477/1477 1488/1488/1488 1491/1491/1491
f 1478/1478/1478 1475/1475/1475 1489/1489/1489
f 1478/1478/1478 1489/1489/1489 1492/1492/1492
f 1479/1479/1479 1476/1476/1476 1490/1490/1490
f 1479/1479/1479 1490/1490/1490 1493/1493/1493
f 1480/1480/1480 1477/1477/1477 1491/1491/1491
f 1480/1480/1480 1491/1491/1491 1494/1494/1494
f 1460/1460/1460 1478/1478/1478 1492/1492/1492
f 1460/1460/1460 1492/1492/1492 1495/1495/1495
f 180/180/180 1479/1479/1479 1493/1493/1493
f 180/180/180 1493/1493/1493 186/186/186
f 1463/1463/1463 1480/1480/1480 1494/1494/1494
f 1463/1463/1463 1494/1494/1494 1496/1496/1496
f 1461/1461/1461 1460/1460/1460 1495/1495/1495
f 1461/1461/1461 1495/1495/1495 1497/1497/1497
f 1462/1462/1462 182/182/182 184/184/184
f 1462/1462/1462 184/184/184 1498/1498/1498
f 1464/1464/1464 1463/1463/1463 1496/1496/1496
f 1464/1464/1464 1496/1496/1496 1499/1499/1499
f 1465/1465/1465 1461/1461/1461 1497/1497/1497
f 1465/1465/1465 1497/1497/1497 1500/1500/1500
f 1466/1466/1466 1462/1462/1462 1498/1498/1498
f 1466/1466/1466 1498/1498/1498 1501/1501/1501
f 1467/1467/1467 1464/1464/1464 1499/1499/1499
f 1467/1467/1467 1499/1499/1499 1481/1481/1481
f 1468/1468/1468 1465/1465/1465 1500/1500/1500
f 1468/1468/1468 1500/1500/1500 1483/1483/1483
f 1469/1469/1469 1466/1466/1466 1501/1501/1501
f 1469/1469/1469 1501/1501/1501 1485/1485/1485
f 1492/1492/1492 1489/1489/1489 1502/1502/1502
f 1492/1492/1492 1502/1502/1502 1503/1503/1503
f 1493/1493/1493 1490/1490/1490 1504/1504/1504
f 1493/1493/1493 1504/1504/1504 1505/1505/1505
f 1494/1494/1494 1491/1491/1491 1506/1506/1506
f 1494/1494/1494 1506/1506/1506 1507/1507/1507
f 1495/1495/1495 1492/1492/1492 1503/1503/1503
f 1495/1495/1495 1503/1503/1503 1508/1508/1508
f 186/186/186 1493/1493/1493 1505/1505/1505
f 186/186/186 1505/1505/1505 190/190/190
f 1496/1496/1496 1494/1494/1494 1507/1507/1507
f 1496/1496/1496 1507/1507/1507 1509/1509/1509
f 1497/1497/1497 1495/1495/1495 1508/1508/1508
f 1497/1497/1497 1508/1508/1508 1510/1510/1510
f 1498/1498/1498 184/184/184 188/188/188
f 1498/1498/1498 188/188/188 1511/1511/1511
f 1499/1499/1499 1496/1496/1496 1509/1509/1509
f 1499/1499/1499 1509/1509/1509 1512/1512/1512
f 1500/1500/1500 1497/1497/1497 1510/1510/1510
f 1500/1500/1500 1510/1510/1510 1513/1513/1513
f 1501/1501/1501 1498/1498/1498 1511/1511/1511
f 1501/1501/1501 1511/1511/1511 1514/1514/1514
f 1481/1481/1481 1499/1499/1499 1512/1512/1512
f 1481/1481/1481 1512/1512/1512 1515/1515/1515
f 1483/1483/1483 1500/1500/1500 1513/1513/1513
f 1483/1483/1483 1513/1513/1513 1516/1516/1516
f 1485/1485/1485 1501/1501/1501 1514/1514/1514
f 1485/1485/1485 1514/1514/1514 1517/1517/1517
f 1482/1482/1482 1481/1481/1481 1515/1515/1515
f 1482/1482/1482 1515/1515/1515 1518/1518/1518
f 1484/1484/1484 1483/1483/1483 1516/1516/1516
f 1484/1484/1484 1516/1516/1516 1519/1519/1519
f 1486/1486/1486 1485/1485/1485 1517/1517/1517
f 1486/1486/1486 1517/1517/1517 1520/1520/1520
f 1487/1487/1487 1482/1482/1482 1518/1518/1518
f 1487/1487/1487 1518/1518/1518 1521/1521/1521
f 1488/1488/1488 1484/1484/1484 1519/1519/1519
f 1488/1488/1488 1519/1519/1519 1522/1522/1522
f 1489/1489/1489 1486/1486/1486 1520/1520/1520
f 1489/1489/1489 1520/1520/1520 1502/1502/1502
f 1490/1490/1490 1487/1487/1487 1521/1521/1521
f 1490/1490/1490 1521/1521/1521 1504/1504/1504
f 1491/1491/1491 1488/1488/1488 1522/1522/1522
f 1491/1491/1491 1522/1522/1522 1506/1506/1506
f 1513/1513/1513 1510/1510/1510 1523/1523/1523
f 1513/1513/1513 1523/1523/1523 1524/1524/1524
f 1514/1514/1514 1511/1511/1511 1525/1525/1525
f 1514/1514/1514 1525/1525/1525 1526/1526/1526
f 1515/1515/1515 1512/1512/1512 1527/1527/1527
f 1515/1515/1515 1527/1527/1527 1528/1528/1528
f 1516/1516/1516 1513/1513/1513 1524/1524/1524
f 1516/1516/1516 1524/1524/1524 1529/1529/1529
f 1517/1517/1517 1514/1514/1514 1526/1526/1526
f 1517/1517/1517 1526/1526/1526 1530/1530/1530
f 1518/1518/1518 1515/1515/1515 1528/1528/1528
f 1518/1518/1518 1528/1528/1528 1531/1531/1531
f 1519/1519/1519 1516/1516/1516 1529/1529/1529
f 1519/1519/1519 1529/1529/1529 1532/1532/1532
f 1520/1520/1520 1517/1517/1517 1530/1530/1530
f 1520/1520/1520 1530/1530/1530 1533/1533/1533
f 1521/1521/1521 1518/1518/1518 1531/1531/1531
f 1521/1521/1521 1531/1531/1531 1534/1534/1534
f 1522/1522/1522 1519/1519/1519 1532/1532/1532
f 1522/1522/1522 1532/1532/1532 1535/1535/1535
f 1502/1502/1502 1520/1520/1520 1533/1533/1533
f 1502/1502/1502 1533/1533/1533 1536/1536/1536
f 1504/1504/1504 1521/1521/1521 1534/1534/1534
f 1504/1504/1504 1534/1534/1534 1537/1537/1537
f 1506/1506/1506 1522/1522/1522 1535/1535/1535
f 1506/1506/1506 1535/1535/1535 1538/1538/1538
f 1503/1503/1503 1502/1502/1502 1536/1536/1536
f 1503/1503/1503 1536/1536/1536 1539/1539/1539
f 1505/1505/1505 1504/1504/1504 1537/1537/1537
f 1505/1505/1505 1537/1537/1537 1540/1540/1540
f 1507/1507/1507 1506/1506/1506 1538/1538/1538
f 1507/1507/1507 1538/1538/1538 1541/1541/1541
f 1508/1508/1508 1503/1503/1503 1539/1539/1539
f 1508/1508/1508 1539/1539/1539 1542/1542/1542
f 190/190/190 1505/1505/1505 1540/1540/1540
f 190/190/190 1540/1540/1540 194/194/194
f 1509/1509/1509 1507/1507/1507 1541/1541/1541
f 1509/1509/1509 1541/1541/1541 1543/1543/1543
f 1510/1510/1510 1508/1508/1508 1542/1542/1542
f 1510/1510/1510 1542/1542/1542 1523/1523/1523
f 1511/1511/1511 188/188/188 192/192/192
f 1511/1511/1511 192/192/192 1525/1525/1525
f 1512/1512/1512 1509/1509/1509 1543/1543/1543
f 1512/1512/1512 1543/1543/1543 1527/1527/1527
f 1534/1534/1534 1531/1531/1531 1544/1544/1544
f 1534/1534/1534 1544/1544/1544 1545/1545/1545
f 1535/1535/1535 1532/1532/1532 1546/1546/1546
f 1535/1535/1535 1546/1546/1546 1547/1547/1547
f 1536/1536/1536 1533/1533/1533 1548/1548/1548
f 1536/1536/1536 1548/1548/1548 1549/1549/1549
f 1537/1537/1537 1534/1534/1534 1545/1545/1545
f 1537/1537/1537 1545/1545/1545 1550/1550/1550
f 1538/1538/1538 1535/1535/1535 1547/1547/1547
f 1538/1538/1538 1547/1547/1547 1551/1551/1551
f 1539/1539/1539 1536/1536/1536 1549/1549/1549
f 1539/1539/1539 1549/1549/1549 1552/1552/1552
f 1540/1540/1540 1537/1537/1537 1550/1550/1550
f 1540/1540/1540 1550/1550/1550 1553/1553/1553
f 1541/1541/1541 1538/1538/1538 1551/1551/1551
f 1541/1541/1541 1551/1551/1551 1554/1554/1554
f 1542/1542/1542 1539/1539/1539 1552/1552/1552
f 1542/1542/1542 1552/1552/1552 1555/1555/1555
f 194/194/194 1540/1540/1540 1553/1553/1553
f 194/194/194 1553/1553/1553 198/198/198
f 1543/1543/1543 1541/1541/1541 1554/1554/1554
f 1543/1543/1543 1554/1554/1554 1556/1556/1556
f 1523/1523/1523 1542/1542/1542 1555/1555/1555
f 1523/1523/1523 1555/1555/1555 1557/1557/1557
f 1525/1525/1525 192/192/192 196/196/196
f 1525/1525/1525 196/196/196 1558/1558/1558
f 1527/1527/1527 1543/1543/1543 1556/1556/1556
f 1527/1527/1527 1556/1556/1556 1559/1559/1559
f 1524/1524/1524 1523/1523/1523 1557/1557/1557
f 1524/1524/1524 1557/1557/1557 1560/1560/1560
f 1526/1526/1526 1525/1525/1525 1558/1558/1558
f 1526/1526/1526 1558/1558/1558 1561/1561/1561
f 1528/1528/1528 1527/1527/1527 1559/1559/1559
f 1528/1528/1528 1559/1559/1559 1562/1562/1562
f 1529/1529/1529 1524/1524/1524 1560/1560/1560
f 1529/1529/1529 1560/1560/1560 1563/1563/1563
f 1530/1530/1530 1526/1526/1526 1561/1561/1561
f 1530/1530/1530 1561/1561/1561 1564/1564/1564
f 1531/1531/1531 1528/1528/1528 1562/1562/1562
f 1531/1531/1531 1562/1562/1562 1544/1544/1544
f 1532/1532/1532 1529/1529/1529 1563/1563/1563
f 1532/1532/1532 1563/1563/1563 1546/1546/1546
f 1533/1533/1533 1530/1530/1530 1564/1564/1564
f 1533/1533/1533 1564/1564/1564 1548/1548/1548
f 1555/1555/1555 1552/1552/1552 1565/1565/1565
f 1555/1555/1555 1565/1565/1565 1566/1566/1566
f 198/198/198 1553/1553/1553 1567/1567/1567
f 198/198/198 1567/1567/1567 202/202/202
f 1556/1556/1556 1554/1554/1554 1568/1568/1568
f 1556/1556/1556 1568/1568/1568 1569/1569/1569
f 1557/1557/1557 1555/1555/1555 1566/1566/1566
f 1557/1557/1557 1566/1566/1566 1570/1570/1570
f 1558/1558/1558 196/196/196 200/200/200
f 1558/1558/1558 200/200/200 1571/1571/1571
f 1559/1559/1559 1556/1556/1556 1569/1569/1569
f 1559/1559/1559 1569/1569/1569 1572/1572/1572
f 1560/1560/1560 1557/1557/1557 1570/1570/1570
f 1560/1560/1560 1570/1570/1570 1573/1573/1573
f 1561/1561/1561 1558/1558/1558 1571/1571/1571
f 1561/1561/1561 1571/1571/1571 1574/1574/1574
f 1562/1562/1562 1559/1559/1559 1572/1572/1572
f 1562/1562/1562 1572/1572/1572 1575/1575/1575
f 1563/1563/1563 1560/1560/1560 1573/1573/1573
f 1563/1563/1563 1573/1573/1573 1576/1576/1576
f 1564/1564/1564 1561/1561/1561 1574/1574/1574
f 1564/1564/1564 1574/1574/1574 1577/1577/1577
f 1544/1544/1544 1562/1562/1562 1575/1575/1575
f 1544/1544/1544 1575/1575/1575 1578/1578/1578
f 1546/1546/1546 1563/1563/1563 1576/1576/1576
f 1546/1546/1546 1576/1576/1576 1579/1579/1579
f 1548/1548/1548 1564/1564/1564 1577/1577/1577
f 1548/1548/1548 1577/1577/1577 1580/1580/1580
f 1545/1545/1545 1544/1544/1544 1578/1578/1578
f 1545/1545/1545 1578/1578/1578 1581/1581/1581
f 1547/1547/1547 1546/1546/1546 1579/1579/1579
f 1547/1547/1547 1579/1579/1579 1582/1582/1582
f 1549/1549/1549 1548/1548/1548 1580/1580/1580
f 1549/1549/1549 1580/1580/1580 1583/1583/1583
f 1550/1550/1550 1545/1545/1545 1581/1581/1581
f 1550/1550/1550 1581/1581/1581 1584/1584/1584
f 1551/1551/1551 1547/1547/1547 1582/1582/1582
f 1551/1551/1551 1582/1582/1582 1585/1585/1585
f 1552/1552/1552 1549/1549/1549 1583/1583/1583
f 1552/1552/1552 1583/1583/1583 1565/1565/1565
f 1553/1553/1553 1550/1550/1550 1584/1584/1584
f 1553/1553/1553 1584/1584/1584 1567/1567/1567
f 1554/1554/1554 1551/1551/1551 1585/1585/1585
f 1554/1554/1554 1585/1585/1585 1568/1568/1568
f 1576/1576/1576 1573/1573/1573 1586/1586/1586
f 1576/1576/1576 1586/1586/1586 1587/1587/1587
f 1577/1577/1577 1574/1574/1574 1588/1588/1588
f 1577/1577/1577 1588/1588/1588 1589/1589/1589
f 1578/1578/1578 1575/1575/1575 1590/1590/1590
f 1578/1578/1578 1590/1590/1590 1591/1591/1591
f 1579/1579/1579 1576/1576/1576 1587/1587/1587
f 1579/1579/1579 1587/1587/1587 1592/1592/1592
f 1580/1580/1580 1577/1577/1577 1589/1589/1589
f 1580/1580/1580 1589/1589/1589 1593/1593/1593
f 1581/1581/1581 1578/1578/1578 1591/1591/1591
f 1581/1581/1581 1591/1591/1591 1594/1594/1594
f 1582/1582/1582 1579/1579/1579 1592/1592/1592
f 1582/1582/1582 1592/1592/1592 1595/1595/1595
f 1583/1583/1583 1580/1580/1580 1593/1593/1593
f 1583/1583/1583 1593/1593/1593 1596/1596/1596
f 1584/1584/1584 1581/1581/1581 1594/1594/1594
f 1584/1584/1584 1594/1594/1594 1597/1597/1597
f 1585/1585/1585 1582/1582/1582 1595/1595/1595
f 1585/1585/1585 1595/1595/1595 1598/1598/1598
f 1565/1565/1565 1583/1583/1583 1596/1596/1596
f 1565/1565/1565 1596/1596/1596 1599/1599/1599
f 1567/1567/1567 1584/1584/1584 1597/1597/1597
f 1567/1567/1567 1597/1597/1597 1600/1600/1600
f 1568/1568/1568 1585/1585/1585 1598/1598/1598
f 1568/1568/1568 1598/1598/1598 1601/1601/1601
f 1566/1566/1566 1565/1565/1565 1599/1599/1599
f 1566/1566/1566 1599/1599/1599 1602/1602/1602
f 202/202/202 1567/1567/1567 1600/1600/1600
f 202/202/202 1600/1600/1600 206/206/206
f 1569/1569/1569 1568/1568/1568 1601/1601/1601
f 1569/1569/1569 1601/1601/1601 1603/1603/1603
f 1570/1570/1570 1566/1566/1566 1602/1602/1602
f 1570/1570/1570 1602/1602/1602 1604/1604/1604
f 1571/1571/1571 200/200/200 204/204/204
f 1571/1571/1571 204/204/204 1605/1605/1605
f 1572/1572/1572 1569/1569/1569 1603/1603/1603
f 1572/1572/1572 1603/1603/1603 1606/1606/1606
f 1573/1573/1573 1570/1570/1570 1604/1604/1604
f 1573/1573/1573 1604/1604/1604 1586/1586/1586
f 1574/1574/1574 1571/1571/1571 1605/1605/1605
f 1574/1574/1574 1605/1605/1605 1588/1588/1588
f 1575/1575/1575 1572/1572/1572 1606/1606/1606
f 1575/1575/1575 1606/1606/1606 1590/1590/1590
f 1597/1597/1597 1594/1594/1594 1607/1607/1607
f 1597/1597/1597 1607/1607/1607 1608/1608/1608
f 1598/1598/1598 1595/1595/1595 1609/1609/1609
f 1598/1598/1598 1609/1609/1609 1610/1610/1610
f 1599/1599/1599 1596/1596/1596 1611/1611/1611
f 1599/1599/1599 1611/1611/1611 1612/1612/1612
f 1600/1600/1600 1597/1597/1597 1608/1608/1608
f 1600/1600/1600 1608/1608/1608 1613/1613/1613
f 1601/1601/1601 1598/1598/1598 1610/1610/1610
f 1601/1601/1601 1610/1610/1610 1614/1614/1614
f 1602/1602/1602 1599/1599/1599 1612/1612/1612
f 1602/1602/1602 1612/1612/1612 1615/1615/1615
f 206/206/206 1600/1600/1600 1613/1613/1613
f 206/206/206 1613/1613/1613 210/210/210
f 1603/1603/1603 1601/1601/1601 1614/1614/1614
f 1603/1603/1603 1614/1614/1614 1616/1616/1616
f 1604/1604/1604 1602/1602/1602 1615/1615/1615
f 1604/1604/1604 1615/1615/1615 1617/1617/1617
f 1605/1605/1605 204/204/204 208/208/208
f 1605/1605/1605 208/208/208 1618/1618/1618
f 1606/1606/1606 1603/1603/1603 1616/1616/1616
f 1606/1606/1606 1616/1616/1616 1619/1619/1619
f 1586/1586/1586 1604/1604/1604 1617/1617/1617
f 1586/1586/1586 1617/1617/1617 1620/1620/1620
f 1588/1588/1588 1605/1605/1605 1618/1618/1618
f 1588/1588/1588 1618/1618/1618 1621/1621/1621
f 1590/1590/1590 1606/1606/1606 1619/1619/1619
f 1590/1590/1590 1619/1619/1619 1622/1622/1622
f 1587/1587/1587 1586/1586/1586 1620/1620/1620
f 1587/1587/1587 1620/1620/1620 1623/1623/1623
f 1589/1589/1589 1588/1588/1588 1621/1621/1621
f 1589/1589/1589 1621/1621/1621 1624/1624/1624
f 1591/1591/1591 1590/1590/1590 1622/1622/1622
f 1591/1591/1591 1622/1622/1622 1625/1625/1625
f 1592/1592/1592 1587/1587/1587 1623/1623/1623
f 1592/1592/1592 1623/1623/1623 1626/1626/1626
f 1593/1593/1593 1589/1589/1589 1624/1624/1624
f 1593/1593/1593 1624/1624/1624 1627/1627/1627
f 1594/1594/1594 1591/1591/1591 1625/1625/1625
f 1594/1594/1594 1625/1625/1625 1607/1607/1607
f 1595/1595/1595 1592/1592/1592 1626/1626/1626
f 1595/1595/1595 1626/1626/1626 1609/1609/1609
f 1596/1596/1596 1593/1593/1593 1627/1627/1627
f 1596/1596/1596 1627/1627/1627 1611/1611/1611
f 1617/1617/1617 1615/1615/1615 1628/1628/1628
f 1617/1617/1617 1628/1628/1628 1629/1629/1629
f 1618/1618/1618 208/208/208 214/214/214
f 1618/1618/1618 214/214/214 1630/1630/1630
f 1619/1619/1619 1616/1616/1616 1631/1631/1631
f 1619/1619/1619 1631/1631/1631 1632/1632/1632
f 1620/1620/1620 1617/1617/1617 1629/1629/1629
f 1620/1620/1620 1629/1629/1629 1633/1633/1633
f 1621/1621/1621 1618/1618/1618 1630/1630/1630
f 1621/1621/1621 1630/1630/1630 1634/1634/1634
f 1622/1622/1622 1619/1619/1619 1632/1632/1632
f 1622/1622/1622 1632/1632/1632 1635/1635/1635
f 1623/1623/1623 1620/1620/1620 1633/1633/1633
f 1623/1623/1623 1633/1633/1633 1636/1636/1636
f 1624/1624/1624 1621/1621/1621 1634/1634/1634
f 1624/1624/1624 1634/1634/1634 1637/1637/1637
f 1625/1625/1625 1622/1622/1622 1635/1635/1635
f 1625/1625/1625 1635/1635/1635 1638/1638/1638
f 1626/1626/1626 1623/1623/1623 1636/1636/1636
f 1626/1626/1626 1636/1636/1636 1639/1639/1639
f 1627/1627/1627 1624/1624/1624 1637/1637/1637
f 1627/1627/1627 1637/1637/1637 1640/1640/1640
f 1607/1607/1607 1625/1625/1625 1638/1638/1638
f 1607/1607/1607 1638/1638/1638 1641/1641/1641
f 1609/1609/1609 1626/1626/1626 1639/1639/1639
f 1609/1609/1609 1639/1639/1639 1642/1642/1642
f 1611/1611/1611 1627/1627/1627 1640/1640/1640
f 1611/1611/1611 1640/1640/1640 1643/1643/1643
f 1608/1608/1608 1607/1607/1607 1641/1641/1641
f 1608/1608/1608 1641/1641/1641 1644/1644/1644
f 1610/1610/1610 1609/1609/1609 1642/1642/1642
f 1610/1610/1610 1642/1642/1642 1645/1645/1645
f 1612/1612/1612 1611/1611/1611 1643/1643/1643
f 1612/1612/1612 1643/1643/1643 1646/1646/1646
f 1613/1613/1613 1608/1608/1608 1644/1644/1644
f 1613/1613/1613 1644/1644/1644 1647/1647/1647
f 1614/1614/1614 1610/1610/1610 1645/1645/1645
f 1614/1614/1614 1645/1645/1645 1648/1648/1648
f 1615/1615/1615 1612/1612/1612 1646/1646/1646
f 1615/1615/1615 1646/1646/1646 1628/1628/1628
f 210/210/210 1613/1613/1613 1647/1647/1647
f 210/210/210 1647/1647/1647 212/212/212
f 1616/1616/1616 1614/1614/1614 1648/1648/1648
f 1616/1616/1616 1648/1648/1648 1631/1631/1631
f 1639/1639/1639 1636/1636/1636 1649/1649/1649
f 1639/1639/1639 1649/1649/1649 1650/1650/1650
f 1640/1640/1640 1637/1637/1637 1651/1651/1651
f 1640/1640/1640 1651/1651/1651 1652/1652/1652
f 1641/1641/1641 1638/1638/1638 1653/1653/1653
f 1641/1641/1641 1653/1653/1653 1654/1654/1654
f 1642/1642/1642 1639/1639/1639 1650/1650/1650
f 1642/1642/1642 1650/1650/1650 1655/1655/1655
f 1643/1643/1643 1640/1640/1640 1652/1652/1652
f 1643/1643/1643 1652/1652/1652 1656/1656/1656
f 1644/1644/1644 1641/1641/1641 1654/1654/1654
f 1644/1644/1644 1654/1654/1654 1657/1657/1657
f 1645/1645/1645 1642/1642/1642 1655/1655/1655
f 1645/1645/1645 1655/1655/1655 1658/1658/1658
f 1646/1646/1646 1643/1643/1643 1656/1656/1656
f 1646/1646/1646 1656/1656/1656 1659/1659/1659
f 1647/1647/1647 1644/1644/1644 1657/1657/1657
f 1647/1647/1647 1657/1657/1657 1660/1660/1660
f 1648/1648/1648 1645/1645/1645 1658/1658/1658
f 1648/1648/1648 1658/1658/1658 1661/1661/1661
f 1628/1628/1628 1646/1646/1646 1659/1659/1659
f 1628/1628/1628 1659/1659/1659 1662/1662/1662
f 212/212/212 1647/1647/1647 1660/1660/1660
f 212/212/212 1660/1660/1660 218/218/218
f 1631/1631/1631 1648/1648/1648 1661/1661/1661
f 1631/1631/1631 1661/1661/1661 1663/1663/1663
f 1629/1629/1629 1628/1628/1628 1662/1662/1662
f 1629/1629/1629 1662/1662/1662 1664/1664/1664
f 1630/1630/1630 214/214/214 216/216/216
f 1630/1630/1630 216/216/216 1665/1665/1665
f 1632/1632/1632 1631/1631/1631 1663/1663/1663
f 1632/1632/1632 1663/1663/1663 1666/1666/1666
f 1633/1633/1633 1629/1629/1629 1664/1664/1664
f 1633/1633/1633 1664/1664/1664 1667/1667/1667
f 1634/1634/1634 1630/1630/1630 1665/1665/1665
f 1634/1634/1634 1665/1665/1665 1668/1668/1668
f 1635/1635/1635 1632/1632/1632 1666/1666/1666
f 1635/1635/1635 1666/1666/1666 1669/1669/1669
f 1636/1636/1636 1633/1633/1633 1667/1667/1667
f 1636/1636/1636 1667/1667/1667 1649/1649/1649
f 1637/1637/1637 1634/1634/1634 1668/1668/1668
f 1637/1637/1637 1668/1668/1668 1651/1651/1651
f 1638/1638/1638 1635/1635/1635 1669/1669/1669
f 1638/1638/1638 1669/1669/1669 1653/1653/1653
f 1660/1660/1660 1657/1657/1657 1670/1670/1670
f 1660/1660/1660 1670/1670/1670 1671/1671/1671
f 1661/1661/1661 1658/1658/1658 1672/1672/1672
f 1661/1661/1661 1672/1672/1672 1673/1673/1673
f 1662/1662/1662 1659/1659/1659 1674/1674/1674
f 1662/1662/1662 1674/1674/1674 1675/1675/1675
f 218/218/218 1660/1660/1660 1671/1671/1671
f 218/218/218 1671/1671/1671 222/222/222
f 1663/1663/1663 1661/1661/1661 1673/1673/1673
f 1663/1663/1663 1673/1673/1673 1676/1676/1676
f 1664/1664/1664 1662/1662/1662 1675/1675/1675
f 1664/1664/1664 1675/1675/1675 1677/1677/1677
f 1665/1665/1665 216/216/216 220/220/220
f 1665/1665/1665 220/220/220 1678/1678/1678
f 1666/1666/1666 1663/1663/1663 1676/1676/1676
f 1666/1666/1666 1676/1676/1676 1679/1679/1679
f 1667/1667/1667 1664/1664/1664 1677/1677/1677
f 1667/1667/1667 1677/1677/1677 1680/1680/1680
f 1668/1668/1668 1665/1665/1665 1678/1678/1678
f 1668/1668/1668 1678/1678/1678 1681/1681/1681
f 1669/1669/1669 1666/1666/1666 1679/1679/1679
f 1669/1669/1669 1679/1679/1679 1682/1682/1682
f 1649/1649/1649 1667/1667/1667 1680/1680/1680
f 1649/1649/1649 1680/1680/1680 1683/1683/1683
f 1651/1651/1651 1668/1668/1668 1681/1681/1681
f 1651/1651/1651 1681/1681/1681 1684/1684/1684
f 1653/1653/1653 1669/1669/1669 1682/1682/1682
f 1653/1653/1653 1682/1682/1682 1685/1685/1685
f 1650/1650/1650 1649/1649/1649 1683/1683/1683
f 1650/1650/1650 1683/1683/1683 1686/1686/1686
f 1652/1652/1652 1651/1651/1651 1684/1684/1684
f 1652/1652/1652 1684/1684/1684 1687/1687/1687
f 1654/1654/1654 1653/1653/1653 1685/1685/1685
f 1654/1654/1654 1685/1685/1685 1688/1688/1688
f 1655/1655/1655 1650/1650/1650 1686/1686/1686
f 1655/1655/1655 1686/1686/1686 1689/1689/1689
f 1656/1656/1656 1652/1652/1652 1687/1687/1687
f 1656/1656/1656 1687/1687/1687 1690/1690/1690
f 1657/1657/1657 1654/1654/1654 1688/1688/1688
f 1657/1657/1657 1688/1688/1688 1670/1670/1670
f 1658/1658/1658 1655/1655/1655 1689/1689/1689
f 1658/1658/1658 1689/1689/1689 1672/1672/1672
f 1659/1659/1659 1656/1656/1656 1690/1690/1690
f 1659/1659/1659 1690/1690/1690 1674/1674/1674
f 1680/1680/1680 1677/1677/1677 1691/1691/1691
f 1680/1680/1680 1691/1691/1691 1692/1692/1692
f 1681/1681/1681 1678/1678/1678 1693/1693/1693
f 1681/1681/1681 1693/1693/1693 1694/1694/1694
f 1682/1682/1682 1679/1679/1679 1695/1695/1695
f 1682/1682/1682 1695/1695/1695 1696/1696/1696
f 1683/1683/1683 1680/1680/1680 1692/1692/1692
f 1683/1683/1683 1692/1692/1692 1697/1697/1697
f 1684/1684/1684 1681/1681/1681 1694/1694/1694
f 1684/1684/1684 1694/1694/1694 1698/1698/1698
f 1685/1685/1685 1682/1682/1682 1696/1696/1696
f 1685/1685/1685 1696/1696/1696 1699/1699/1699
f 1686/1686/1686 1683/1683/1683 1697/1697/1697
f 1686/1686/1686 1697/1697/1697 1700/1700/1700
f 1687/1687/1687 1684/1684/1684 1698/1698/1698
f 1687/1687/1687 1698/1698/1698 1701/1701/1701
f 1688/1688/1688 1685/1685/1685 1699/1699/1699
f 1688/1688/1688 1699/1699/1699 1702/1702/1702
f 1689/1689/1689 1686/1686/1686 1700/1700/1700
f 1689/1689/1689 1700/1700/1700 1703/1703/1703
f 1690/1690/1690 1687/1687/1687 1701/1701/1701
f 1690/1690/1690 1701/1701/1701 1704/1704/1704
f 1670/1670/1670 1688/1688/1688 1702/1702/1702
f 1670/1670/1670 1702/1702/1702 1705/1705/1705
f 1672/1672/1672 1689/1689/1689 1703/1703/1703
f 1672/1672/1672 1703/1703/1703 1706/1706/1706
f 1674/1674/1674 1690/1690/1690 1704/1704/1704
f 1674/1674/1674 1704/1704/1704 1707/1707/1707
f 1671/1671/1671 1670/1670/1670 1705/1705/1705
f 1671/1671/1671 1705/1705/1705 1708/1708/1708
f 1673/1673/1673 1672/1672/1672 1706/1706/1706
f 1673/1673/1673 1706/1706/1706 1709/1709/1709
f 1675/1675/1675 1674/1674/1674 1707/1707/1707
f 1675/1675/1675 1707/1707/1707 1710/1710/1710
f 222/222/222 1671/1671/1671 1708/1708/1708
f 222/222/222 1708/1708/1708 226/226/226
f 1676/1676/1676 1673/1673/1673 1709/1709/1709
f 1676/1676/1676 1709/1709/1709 1711/1711/1711
f 1677/1677/1677 1675/1675/1675 1710/1710/1710
f 1677/1677/1677 1710/1710/1710 1691/1691/1691
f 1678/1678/1678 220/220/220 224/224/224
f 1678/1678/1678 224/224/224 1693/1693/1693
f 1679/1679/1679 1676/1676/1676 1711/1711/1711
f 1679/1679/1679 1711/1711/1711 1695/1695/1695
f 1703/1703/1703 1700/1700/1700 1712/1712/1712
f 1703/1703/1703 1712/1712/1712 1713/1713/1713
f 1704/1704/1704 1701/1701/1701 1714/1714/1714
f 1704/1704/1704 1714/1714/1714 1715/1715/1715
f 1705/1705/1705 1702/1702/1702 1716/1716/1716
f 1705/1705/1705 1716/1716/1716 1717/1717/1717
f 1706/1706/1706 1703/1703/1703 1713/1713/1713
f 1706/1706/1706 1713/1713/1713 1718/1718/1718
f 1707/1707/1707 1704/1704/1704 1715/1715/1715
f 1707/1707/1707 1715/1715/1715 1719/1719/1719
f 1708/1708/1708 1705/1705/1705 1717/1717/1717
f 1708/1708/1708 1717/1717/1717 1720/1720/1720
f 1709/1709/1709 1706/1706/1706 1718/1718/1718
f 1709/1709/1709 1718/1718/1718 1721/1721/1721
f 1710/1710/1710 1707/1707/1707 1719/1719/1719
f 1710/1710/1710 1719/1719/1719 1722/1722/1722
f 226/226/226 1708/1708/1708 1720/1720/1720
f 226/226/226 1720/1720/1720 230/230/230
f 1711/1711/1711 1709/1709/1709 1721/1721/1721
f 1711/1711/1711 1721/1721/1721 1723/1723/1723
f 1691/1691/1691 1710/1710/1710 1722/1722/1722
f 1691/1691/1691 1722/1722/1722 1724/1724/1724
f 1693/1693/1693 224/224/224 228/228/228
f 1693/1693/1693 228/228/228 1725/1725/1725
f 1695/1695/1695 1711/1711/1711 1723/1723/1723
f 1695/1695/1695 1723/1723/1723 1726/1726/1726
f 1692/1692/1692 1691/1691/1691 1724/1724/1724
f 1692/1692/1692 1724/1724/1724 1727/1727/1727
f 1694/1694/1694 1693/1693/1693 1725/1725/1725
f 1694/1694/1694 1725/1725/1725 1728/1728/1728
f 1696/1696/1696 1695/1695/1695 1726/1726/1726
f 1696/1696/1696 1726/1726/1726 1729/1729/1729
f 1697/1697/1697 1692/1692/1692 1727/1727/1727
f 1697/1697/1697 1727/1727/1727 1730/1730/1730
f 1698/1698/1698 1694/1694/1694 1728/1728/1728
f 1698/1698/1698 1728/1728/1728 1731/1731/1731
f 1699/1699/1699 1696/1696/1696 1729/1729/1729
f 1699/1699/1699 1729/1729/1729 1732/1732/1732
f 1700/1700/1700 1697/1697/1697 1730/1730/1730
f 1700/1700/1700 1730/1730/1730 1712/1712/1712
f 1701/1701/1701 1698/1698/1698 1731/1731/1731
f 1701/1701/1701 1731/1731/1731 1714/1714/1714
f 1702/1702/1702 1699/1699/1699 1732/1732/1732
f 1702/1702/1702 1732/1732/1732 1716/1716/1716
f 230/230/230 1720/1720/1720 1733/1733/1733
f 230/230/230 1733/1733/1733 234/234/234
f 1723/1723/1723 1721/1721/1721 1734/1734/1734
f 1723/1723/1723 1734/1734/1734 1735/1735/1735
f 1724/1724/1724 1722/1722/1722 1736/1736/1736
f 1724/1724/1724 1736/1736/1736 1737/1737/1737
f 1725/1725/1725 228/228/228 232/232/232
f 1725/1725/1725 232/232/232 1738/1738/1738
f 1726/1726/1726 1723/1723/1723 1735/1735/1735
f 1726/1726/1726 1735/1735/1735 1739/1739/1739
f 1727/1727/1727 1724/1724/1724 1737/1737/1737
f 1727/1727/1727 1737/1737/1737 1740/1740/1740
f 1728/1728/1728 1725/1725/1725 1738/1738/1738
f 1728/1728/1728 1738/1738/1738 1741/1741/1741
f 1729/1729/1729 1726/1726/1726 1739/1739/1739
f 1729/1729/1729 1739/1739/1739 1742/1742/1742
f 1730/1730/1730 1727/1727/1727 1740/1740/1740
f 1730/1730/1730 1740/1740/1740 1743/1743/1743
f 1731/1731/1731 1728/1728/1728 1741/1741/1741
f 1731/1731/1731 1741/1741/1741 1744/1744/1744
f 1732/1732/1732 1729/1729/1729 1742/1742/1742
f 1732/1732/1732 1742/1742/1742 1745/1745/1745
f 1712/1712/1712 1730/1730/1730 1743/1743/1743
f 1712/1712/1712 1743/1743/1743 1746/1746/1746
f 1714/1714/1714 1731/1731/1731 1744/1744/1744
f 1714/1714/1714 1744/1744/1744 1747/1747/1747
f 1716/1716/1716 1732/1732/1732 1745/1745/1745
f 1716/1716/1716 1745/1745/1745 1748/1748/1748
f 1713/1713/1713 1712/1712/1712 1746/1746/1746
f 1713/1713/1713 1746/1746/1746 1749/1749/1749
f 1715/1715/1715 1714/1714/1714 1747/1747/1747
f 1715/1715/1715 1747/1747/1747 1750/1750/1750
f 1717/1717/1717 1716/1716/1716 1748/1748/1748
f 1717/1717/1717 1748/1748/1748 1751/1751/1751
f 1718/1718/1718 1713/1713/1713 1749/1749/1749
f 1718/1718/1718 1749/1749/1749 1752/1752/1752
f 1719/1719/1719 1715/1715/1715 1750/1750/1750
f 1719/1719/1719 1750/1750/1750 1753/1753/1753
f 1720/1720/1720 1717/1717/1717 1751/1751/1751
f 1720/1720/1720 1751/1751/1751 1733/1733/1733
f 1721/1721/1721 1718/1718/1718 1752/1752/1752
f 1721/1721/1721 1752/1752/1752 1734/1734/1734
f 1722/1722/1722 1719/1719/1719 1753/1753/1753
f 1722/1722/1722 1753/1753/1753 1736/1736/1736
f 1743/1743/1743 1740/1740/1740 1754/1754/1754
f 1743/1743/1743 1754/1754/1754 1755/1755/1755
f 1744/1744/1744 1741/1741/1741 1756/1756/1756
f 1744/1744/1744 1756/1756/1756 1757/1757/1757
f 1745/1745/1745 1742/1742/1742 1758/1758/1758
f 1745/1745/1745 1758/1758/1758 1759/1759/1759
f 1746/1746/1746 1743/1743/1743 1755/1755/1755
f 1746/1746/1746 1755/1755/1755 1760/1760/1760
f 1747/1747/1747 1744/1744/1744 1757/1757/1757
f 1747/1747/1747 1757/1757/1757 1761/1761/1761
f 1748/1748/1748 1745/1745/1745 1759/1759/1759
f 1748/1748/1748 1759/1759/1759 1762/1762/1762
f 1749/1749/1749 1746/1746/1746 1760/1760/1760
f 1749/1749/1749 1760/1760/1760 1763/1763/1763
f 1750/1750/1750 1747/1747/1747 1761/1761/1761
f 1750/1750/1750 1761/1761/1761 1764/1764/1764
f 1751/1751/1751 1748/1748/1748 1762/1762/1762
f 1751/1751/1751 1762/1762/1762 1765/1765/1765
f 1752/1752/1752 1749/1749/1749 1763/1763/1763
f 1752/1752/1752 1763/1763/1763 1766/1766/1766
f 1753/1753/1753 1750/1750/1750 1764/1764/1764
f 1753/1753/1753 1764/1764/1764 1767/1767/1767
f 1733/1733/1733 1751/1751/1751 1765/1765/1765
f 1733/1733/1733 1765/1765/1765 1768/1768/1768
f 1734/1734/1734 1752/1752/1752 1766/1766/1766
f 1734/1734/1734 1766/1766/1766 1769/1769/1769
f 1736/1736/1736 1753/1753/1753 1767/1767/1767
f 1736/1736/1736 1767/1767/1767 1770/1770/1770
f 234/234/234 1733/1733/1733 1768/1768/1768
f 234/234/234 1768/1768/1768 238/238/238
f 1735/1735/1735 1734/1734/1734 1769/1769/1769
f 1735/1735/1735 1769/1769/1769 1771/1771/1771
f 1737/1737/1737 1736/1736/1736 1770/1770/1770
f 1737/1737/1737 1770/1770/1770 1772/1772/1772
f 1738/1738/1738 232/232/232 236/236/236
f 1738/1738/1738 236/236/236 1773/1773/1773
f 1739/1739/1739 1735/1735/1735 1771/1771/1771
f 1739/1739/1739 1771/1771/1771 1774/1774/1774
f 1740/1740/1740 1737/1737/1737 1772/1772/1772
f 1740/1740/1740 1772/1772/1772 1754/1754/1754
f 1741/1741/1741 1738/1738/1738 1773/1773/1773
f 1741/1741/1741 1773/1773/1773 1756/1756/1756
f 1742/1742/1742 1739/1739/1739 1774/1774/1774
f 1742/1742/1742 1774/1774/1774 1758/1758/1758
f 1766/1766/1766 1763/1763/1763 1775/1775/1775
f 1766/1766/1766 1775/1775/1775 1776/1776/1776
f 1767/1767/1767 1764/1764/1764 1777/1777/1777
f 1767/1767/1767 1777/1777/1777 1778/1778/1778
f 1768/1768/1768 1765/1765/1765 1779/1779/1779
f 1768/1768/1768 1779/1779/1779 1780/1780/1780
f 1769/1769/1769 1766/1766/1766 1776/1776/1776
f 1769/1769/1769 1776/1776/1776 1781/1781/1781
f 1770/1770/1770 1767/1767/1767 1778/1778/1778
f 1770/1770/1770 1778/1778/1778 1782/1782/1782
f 238/238/238 1768/1768/1768 1780/1780/1780
f 238/238/238 1780/1780/1780 242/242/242
f 1771/1771/1771 1769/1769/1769 1781/1781/1781
f 1771/1771/1771 1781/1781/1781 1783/1783/1783
f 1772/1772/1772 1770/1770/1770 1782/1782/1782
f 1772/1772/1772 1782/1782/1782 1784/1784/1784
f 1773/1773/1773 236/236/236 240/240/240
f 1773/1773/1773 240/240/240 1785/1785/1785
f 1774/1774/1774 1771/1771/1771 1783/1783/1783
f 1774/1774/1774 1783/1783/1783 1786/1786/1786
f 1754/1754/1754 1772/1772/1772 1784/1784/1784
f 1754/1754/1754 1784/1784/1784 1787/1787/1787
f 1756/1756/1756 1773/1773/1773 1785/1785/1785
f 1756/1756/1756 1785/1785/1785 1788/1788/1788
f 1758/1758/1758 1774/1774/1774 1786/1786/1786
f 1758/1758/1758 1786/1786/1786 1789/1789/1789
f 1755/1755/1755 1754/1754/1754 1787/1787/1787
f 1755/1755/1755 1787/1787/1787 1790/1790/1790
f 1757/1757/1757 1756/1756/1756 1788/1788/1788
f 1757/1757/1757 1788/1788/1788 1791/1791/1791
f 1759/1759/1759 1758/1758/1758 1789/1789/1789
f 1759/1759/1759 1789/1789/1789 1792/1792/1792
f 1760/1760/1760 1755/1755/1755 1790/1790/1790
f 1760/1760/1760 1790/1790/1790 1793/1793/1793
f 1761/1761/1761 1757/1757/1757 1791/1791/1791
f 1761/1761/1761 1791/1791/1791 1794/1794/1794
f 1762/1762/1762 1759/1759/1759 1792/1792/1792
f 1762/1762/1762 1792/1792/1792 1795/1795/1795
f 1763/1763/1763 1760/1760/1760 1793/1793/1793
f 1763/1763/1763 1793/1793/1793 1775/1775/1775
f 1764/1764/1764 1761/1761/1761 1794/1794/1794
f 1764/1764/1764 1794/1794/1794 1777/1777/1777
f 1765/1765/1765 1762/1762/1762 1795/1795/1795
f 1765/1765/1765 1795/1795/1795 1779/1779/1779
f 1785/1785/1785 240/240/240 246/246/246
f 1785/1785/1785 246/246/246 1796/1796/1796
f 1786/1786/1786 1783/1783/1783 1797/1797/1797
f 1786/1786/1786 1797/1797/1797 1798/1798/1798
f 1787/1787/1787 1784/1784/1784 1799/1799/1799
f 1787/1787/1787 1799/1799/1799 1800/1800/1800
f 1788/1788/1788 1785/1785/1785 1796/1796/1796
f 1788/1788/1788 1796/1796/1796 1801/1801/1801
f 1789/1789/1789 1786/1786/1786 1798/1798/1798
f 1789/1789/1789 1798/1798/1798 1802/1802/1802
f 1790/1790/1790 1787/1787/1787 1800/1800/1800
f 1790/1790/1790 1800/1800/1800 1803/1803/1803
f 1791/1791/1791 1788/1788/1788 1801/1801/1801
f 1791/1791/1791 1801/1801/1801 1804/1804/1804
f 1792/1792/1792 1789/1789/1789 1802/1802/1802
f 1792/1792/1792 1802/1802/1802 1805/1805/1805
f 1793/1793/1793 1790/1790/1790 1803/1803/1803
f 1793/1793/1793 1803/1803/1803 1806/1806/1806
f 1794/1794/1794 1791/1791/1791 1804/1804/1804
f 1794/1794/1794 1804/1804/1804 1807/1807/1807
f 1795/1795/1795 1792/1792/1792 1805/1805/1805
f 1795/1795/1795 1805/1805/1805 1808/1808/1808
f 1775/1775/1775 1793/1793/1793 1806/1806/1806
f 1775/1775/1775 1806/1806/1806 1809/1809/1809
f 1777/1777/1777 1794/1794/1794 1807/1807/1807
f 1777/1777/1777 1807/1807/1807 1810/1810/1810
f 1779/1779/1779 1795/1795/1795 1808/1808/1808
f 1779/1779/1779 1808/1808/1808 1811/1811/1811
f 1776/1776/1776 1775/1775/1775 1809/1809/1809
f 1776/1776/1776 1809/1809/1809 1812/1812/1812
f 1778/1778/1778 1777/1777/1777 1810/1810/1810
f 1778/1778/1778 1810/1810/1810 1813/1813/1813
f 1780/1780/1780 1779/1779/1779 1811/1811/1811
f 1780/1780/1780 1811/1811/1811 1814/1814/1814
f 1781/1781/1781 1776/1776/1776 1812/1812/1812
f 1781/1781/1781 1812/1812/1812 1815/1815/1815
f 1782/1782/1782 1778/1778/1778 1813/1813/1813
f 1782/1782/1782 1813/1813/1813 1816/1816/1816
f 242/242/242 1780/1780/1780 1814/1814/1814
f 242/242/242 1814/1814/1814 244/244/244
f 1783/1783/1783 1781/1781/1781 1815/1815/1815
f 1783/1783/1783 1815/1815/1815 1797/1797/1797
f 1784/1784/1784 1782/1782/1782 1816/1816/1816
f 1784/1784/1784 1816/1816/1816 1799/1799/1799
f 1806/1806/1806 1803/1803/1803 1817/1817/1817
f 1806/1806/1806 1817/1817/1817 1818/1818/1818
f 1807/1807/1807 1804/1804/1804 1819/1819/1819
f 1807/1807/1807 1819/1819/1819 1820/1820/1820
f 1808/1808/1808 1805/1805/1805 1821/1821/1821
f 1808/1808/1808 1821/1821/1821 1822/1822/1822
f 1809/1809/1809 1806/1806/1806 1818/1818/1818
f 1809/1809/1809 1818/1818/1818 1823/1823/1823
f 1810/1810/1810 1807/1807/1807 1820/1820/1820
f 1810/1810/1810 1820/1820/1820 1824/1824/1824
f 1811/1811/1811 1808/1808/1808 1822/1822/1822
f 1811/1811/1811 1822/1822/1822 1825/1825/1825
f 1812/1812/1812 1809/1809/1809 1823/1823/1823
f 1812/1812/1812 1823/1823/1823 1826/1826/1826
f 1813/1813/1813 1810/1810/1810 1824/1824/1824
f 1813/1813/1813 1824/1824/1824 1827/1827/1827
f 1814/1814/1814 1811/1811/1811 1825/1825/1825
f 1814/1814/1814 1825/1825/1825 1828/1828/1828
f 1815/1815/1815 1812/1812/1812 1826/1826/1826
f 1815/1815/1815 1826/1826/1826 1829/1829/1829
f 1816/1816/1816 1813/1813/1813 1827/1827/1827
f 1816/1816/1816 1827/1827/1827 1830/1830/1830
f 244/244/244 1814/1814/1814 1828/1828/1828
f 244/244/244 1828/1828/1828 250/250/250
f 1797/1797/1797 1815/1815/1815 1829/1829/1829
f 1797/1797/1797 1829/1829/1829 1831/1831/1831
f 1799/1799/1799 1816/1816/1816 1830/1830/1830
f 1799/1799/1799 1830/1830/1830 1832/1832/1832
f 1796/1796/1796 246/246/246 248/248/248
f 1796/1796/1796 248/248/248 1833/1833/1833
f 1798/1798/1798 1797/1797/1797 1831/1831/1831
f 1798/1798/1798 1831/1831/1831 1834/1834/1834
f 1800/1800/1800 1799/1799/1799 1832/1832/1832
f 1800/1800/1800 1832/1832/1832 1835/1835/1835
f 1801/1801/1801 1796/1796/1796 1833/1833/1833
f 1801/1801/1801 1833/1833/1833 1836/1836/1836
f 1802/1802/1802 1798/1798/1798 1834/1834/1834
f 1802/1802/1802 1834/1834/1834 1837/1837/1837
f 1803/1803/1803 1800/1800/1800 1835/1835/1835
f 1803/1803/1803 1835/1835/1835 1817/1817/1817
f 1804/1804/1804 1801/1801/1801 1836/1836/1836
f 1804/1804/1804 1836/1836/1836 1819/1819/1819
f 1805/1805/1805 1802/1802/1802 1837/1837/1837
f 1805/1805/1805 1837/1837/1837 1821/1821/1821
f 1829/1829/1829 1826/1826/1826 1838/1838/1838
f 1829/1829/1829 1838/1838/1838 1839/1839/1839
f 1830/1830/1830 1827/1827/1827 1840/1840/1840
f 1830/1830/1830 1840/1840/1840 1841/1841/1841
f 250/250/250 1828/1828/1828 1842/1842/1842
f 250/250/250 1842/1842/1842 254/254/254
f 1831/1831/1831 1829/1829/1829 1839/1839/1839
f 1831/1831/1831 1839/1839/1839 1843/1843/1843
f 1832/1832/1832 1830/1830/1830 1841/1841/1841
f 1832/1832/1832 1841/1841/1841 1844/1844/1844
f 1833/1833/1833 248/248/248 252/252/252
f 1833/1833/1833 252/252/252 1845/1845/1845
f 1834/1834/1834 1831/1831/1831 1843/1843/1843
f 1834/1834/1834 1843/1843/1843 1846/1846/1846
f 1835/1835/1835 1832/1832/1832 1844/1844/1844
f 1835/1835/1835 1844/1844/1844 1847/1847/1847
f 1836/1836/1836 1833/1833/1833 1845/1845/1845
f 1836/1836/1836 1845/1845/1845 1848/1848/1848
f 1837/1837/1837 1834/1834/1834 1846/1846/1846
f 1837/1837/1837 1846/1846/1846 1849/1849/1849
f 1817/1817/1817 1835/1835/1835 1847/1847/1847
f 1817/1817/1817 1847/1847/1847 1850/1850/1850
f 1819/1819/1819 1836/1836/1836 1848/1848/1848
f 1819/1819/1819 1848/1848/1848 1851/1851/1851
f 1821/1821/1821 1837/1837/1837 1849/1849/1849
f 1821/1821/1821 1849/1849/1849 1852/1852/1852
f 1818/1818/1818 1817/1817/1817 1850/1850/1850
f 1818/1818/1818 1850/1850/1850 1853/1853/1853
f 1820/1820/1820 1819/1819/1819 1851/1851/1851
f 1820/1820/1820 1851/1851/1851 1854/1854/1854
f 1822/1822/1822 1821/1821/1821 1852/1852/1852
f 1822/1822/1822 1852/1852/1852 1855/1855/1855
f 1823/1823/1823 1818/1818/1818 1853/1853/1853
f 1823/1823/1823 1853/1853/1853 1856/1856/1856
f 1824/1824/1824 1820/1820/1820 1854/1854/1854
f 1824/1824/1824 1854/1854/1854 1857/1857/1857
f 1825/1825/1825 1822/1822/1822 1855/1855/1855
f 1825/1825/1825 1855/1855/1855 1858/1858/1858
f 1826/1826/1826 1823/1823/1823 1856/1856/1856
f 1826/1826/1826 1856/1856/1856 1838/1838/1838
f 1827/1827/1827 1824/1824/1824 1857/1857/1857
f 1827/1827/1827 1857/1857/1857 1840/1840/1840
f 1828/1828/1828 1825/1825/1825 1858/1858/1858
f 1828/1828/1828 1858/1858/1858 1842/1842/1842
f 1848/1848/1848 1845/1845/1845 1859/1859/1859
f 1848/1848/1848 1859/1859/1859 1860/1860/1860
f 1849/1849/1849 1846/1846/1846 1861/1861/1861
f 1849/1849/1849 1861/1861/1861 1862/1862/1862
f 1850/1850/1850 1847/1847/1847 1863/1863/1863
f 1850/1850/1850 1863/1863/1863 1864/1864/1864
f 1851/1851/1851 1848/1848/1848 1860/1860/1860
f 1851/1851/1851 1860/1860/1860 1865/1865/1865
f 1852/1852/1852 1849/1849/1849 1862/1862/1862
f 1852/1852/1852 1862/1862/1862 1866/1866/1866
f 1853/1853/1853 1850/1850/1850 1864/1864/1864
f 1853/1853/1853 1864/1864/1864 1867/1867/1867
f 1854/1854/1854 1851/1851/1851 1865/1865/1865
f 1854/1854/1854 1865/1865/1865 1868/1868/1868
f 1855/1855/1855 1852/1852/1852 1866/1866/1866
f 1855/1855/1855 1866/1866/1866 1869/1869/1869
f 1856/1856/1856 1853/1853/1853 1867/1867/1867
f 1856/1856/1856 1867/1867/1867 1870/1870/1870
f 1857/1857/1857 1854/1854/1854 1868/1868/1868
f 1857/1857/1857 1868/1868/1868 1871/1871/1871
f 1858/1858/1858 1855/1855/1855 1869/1869/1869
f 1858/1858/1858 1869/1869/1869 1872/1872/1872
f 1838/1838/1838 1856/1856/1856 1870/1870/1870
f 1838/1838/1838 1870/1870/1870 1873/1873/1873
f 1840/1840/1840 1857/1857/1857 1871/1871/1871
f 1840/1840/1840 1871/1871/1871 1874/1874/1874
f 1842/1842/1842 1858/1858/1858 1872/1872/1872
f 1842/1842/1842 1872/1872/1872 1875/1875/1875
f 1839/1839/1839 1838/1838/1838 1873/1873/1873
f 1839/1839/1839 1873/1873/1873 1876/1876/1876
f 1841/1841/1841 1840/1840/1840 1874/1874/1874
f 1841/1841/1841 1874/1874/1874 1877/1877/1877
f 254/254/254 1842/1842/1842 1875/1875/1875
f 254/254/254 1875/1875/1875 258/258/258
f 1843/1843/1843 1839/1839/1839 1876/1876/1876
f 1843/1843/1843 1876/1876/1876 1878/1878/1878
f 1844/1844/1844 1841/1841/1841 1877/1877/1877
f 1844/1844/1844 1877/1877/1877 1879/1879/1879
f 1845/1845/1845 252/252/252 256/256/256
f 1845/1845/1845 256/256/256 1859/1859/1859
f 1846/1846/1846 1843/1843/1843 1878/1878/1878
f 1846/1846/1846 1878/1878/1878 1861/1861/1861
f 1847/1847/1847 1844/1844/1844 1879/1879/1879
f 1847/1847/1847 1879/1879/1879 1863/1863/1863
f 1870/1870/1870 1867/1867/1867 1880/1880/1880
f 1870/1870/1870 1880/1880/1880 1881/1881/1881
f 1871/1871/1871 1868/1868/1868 1882/1882/1882
f 1871/1871/1871 1882/1882/1882 1883/1883/1883
f 1872/1872/1872 1869/1869/1869 1884/1884/1884
f 1872/1872/1872 1884/1884/1884 1885/1885/1885
f 1873/1873/1873 1870/1870/1870 1881/1881/1881
f 1873/1873/1873 1881/1881/1881 1886/1886/1886
f 1874/1874/1874 1871/1871/1871 1883/1883/1883
f 1874/1874/1874 1883/1883/1883 1887/1887/1887
f 1875/1875/1875 1872/1872/1872 1885/1885/1885
f 1875/1875/1875 1885/1885/1885 1888/1888/1888
f 1876/1876/1876 1873/1873/1873 1886/1886/1886
f 1876/1876/1876 1886/1886/1886 1889/1889/1889
f 1877/1877/1877 1874/1874/1874 1887/1887/1887
f 1877/1877/1877 1887/1887/1887 1890/1890/1890
f 258/258/258 1875/1875/1875 1888/1888/1888
f 258/258/258 1888/1888/1888 262/262/262
f 1878/1878/1878 1876/1876/1876 1889/1889/1889
f 1878/1878/1878 1889/1889/1889 1891/1891/1891
f 1879/1879/1879 1877/1877/1877 1890/1890/1890
f 1879/1879/1879 1890/1890/1890 1892/1892/1892
f 1859/1859/1859 256/256/256 260/260/260
f 1859/1859/1859 260/260/260 1893/1893/1893
f 1861/1861/1861 1878/1878/1878 1891/1891/1891
f 1861/1861/1861 1891/1891/1891 1894/1894/1894
f 1863/1863/1863 1879/1879/1879 1892/1892/1892
f 1863/1863/1863 1892/1892/1892 1895/1895/1895
f 1860/1860/1860 1859/1859/1859 1893/1893/1893
f 1860/1860/1860 1893/1893/1893 1896/1896/1896
f 1862/1862/1862 1861/1861/1861 1894/1894/1894
f 1862/1862/1862 1894/1894/1894 1897/1897/1897
f 1864/1864/1864 1863/1863/1863 1895/1895/1895
f 1864/1864/1864 1895/1895/1895 1898/1898/1898
f 1865/1865/1865 1860/1860/1860 1896/1896/1896
f 1865/1865/1865 1896/1896/1896 1899/1899/1899
f 1866/1866/1866 1862/1862/1862 1897/1897/1897
f 1866/1866/1866 1897/1897/1897 1900/1900/1900
f 1867/1867/1867 1864/1864/1864 1898/1898/1898
f 1867/1867/1867 1898/1898/1898 1880/1880/1880
f 1868/1868/1868 1865/1865/1865 1899/1899/1899
f 1868/1868/1868 1899/1899/1899 1882/1882/1882
f 1869/1869/1869 1866/1866/1866 1900/1900/1900
f 1869/1869/1869 1900/1900/1900 1884/1884/1884
f 1891/1891/1891 1889/1889/1889 1901/1901/1901
f 1891/1891/1891 1901/1901/1901 1902/1902/1902
f 1892/1892/1892 1890/1890/1890 1903/1903/1903
f 1892/1892/1892 1903/1903/1903 1904/1904/1904
f 1893/1893/1893 260/260/260 264/264/264
f 1893/1893/1893 264/264/264 1905/1905/1905
f 1894/1894/1894 1891/1891/1891 1902/1902/1902
f 1894/1894/1894 1902/1902/1902 1906/1906/1906
f 1895/1895/1895 1892/1892/1892 1904/1904/1904
f 1895/1895/1895 1904/1904/1904 1907/1907/1907
f 1896/1896/1896 1893/1893/1893 1905/1905/1905
f 1896/1896/1896 1905/1905/1905 1908/1908/1908
f 1897/1897/1897 1894/1894/1894 1906/1906/1906
f 1897/1897/1897 1906/1906/1906 1909/1909/1909
f 1898/1898/1898 1895/1895/1895 1907/1907/1907
f 1898/1898/1898 1907/1907/1907 1910/1910/1910
f 1899/1899/1899 1896/1896/1896 1908/1908/1908
f 1899/1899/1899 1908/1908/1908 1911/1911/1911
f 1900/1900/1900 1897/1897/1897 1909/1909/1909
f 1900/1900/1900 1909/1909/1909 1912/1912/1912
f 1880/1880/1880 1898/1898/1898 1910/1910/1910
f 1880/1880/1880 1910/1910/1910 1913/1913/1913
f 1882/1882/1882 1899/1899/1899 1911/1911/1911
f 1882/1882/1882 1911/1911/1911 1914/1914/1914
f 1884/1884/1884 1900/1900/1900 1912/1912/1912
f 1884/1884/1884 1912/1912/1912 1915/1915/1915
f 1881/1881/1881 1880/1880/1880 1913/1913/1913
f 1881/1881/1881 1913/1913/1913 1916/1916/1916
f 1883/1883/1883 1882/1882/1882 1914/1914/1914
f 1883/1883/1883 1914/1914/1914 1917/1917/1917
f 1885/1885/1885 1884/1884/1884 1915/1915/1915
f 1885/1885/1885 1915/1915/1915 1918/1918/1918
f 1886/1886/1886 1881/1881/1881 1916/1916/1916
f 1886/1886/1886 1916/1916/1916 1919/1919/1919
f 1887/1887/1887 1883/1883/1883 1917/1917/1917
f 1887/1887/1887 1917/1917/1917 1920/1920/1920
f 1888/1888/1888 1885/1885/1885 1918/1918/1918
f 1888/1888/1888 1918/1918/1918 1921/1921/1921
f 1889/1889/1889 1886/1886/1886 1919/1919/1919
f 1889/1889/1889 1919/1919/1919 1901/1901/1901
f 1890/1890/1890 1887/1887/1887 1920/1920/1920
f 1890/1890/1890 1920/1920/1920 1903/1903/1903
f 262/262/262 1888/1888/1888 1921/1921/1921
f 262/262/262 1921/1921/1921 266/266/266
f 1911/1911/1911 1908/1908/1908 1922/1922/1922
f 1911/1911/1911 1922/1922/1922 1923/1923/1923
f 1912/1912/1912 1909/1909/1909 1924/1924/1924
f 1912/1912/1912 1924/1924/1924 1925/1925/1925
f 1913/1913/1913 1910/1910/1910 1926/1926/1926
f 1913/1913/1913 1926/1926/1926 1927/1927/1927
f 1914/1914/1914 1911/1911/1911 1923/1923/1923
f 1914/1914/1914 1923/1923/1923 1928/1928/1928
f 1915/1915/1915 1912/1912/1912 1925/1925/1925
f 1915/1915/1915 1925/1925/1925 1929/1929/1929
f 1916/1916/1916 1913/1913/1913 1927/1927/1927
f 1916/1916/1916 1927/1927/1927 1930/1930/1930
f 1917/1917/1917 1914/1914/1914 1928/1928/1928
f 1917/1917/1917 1928/1928/1928 1931/1931/1931
f 1918/1918/1918 1915/1915/1915 1929/1929/1929
f 1918/1918/1918 1929/1929/1929 1932/1932/1932
f 1919/1919/1919 1916/1916/1916 1930/1930/1930
f 1919/1919/1919 1930/1930/1930 1933/1933/1933
f 1920/1920/1920 1917/1917/1917 1931/1931/1931
f 1920/1920/1920 1931/1931/1931 1934/1934/1934
f 1921/1921/1921 1918/1918/1918 1932/1932/1932
f 1921/1921/1921 1932/1932/1932 1935/1935/1935
f 1901/1901/1901 1919/1919/1919 1933/1933/1933
f 1901/1901/1901 1933/1933/1933 1936/1936/1936
f 1903/1903/1903 1920/1920/1920 1934/1934/1934
f 1903/1903/1903 1934/1934/1934 1937/1937/1937
f 266/266/266 1921/1921/1921 1935/1935/1935
f 266/266/266 1935/1935/1935 270/270/270
f 1902/1902/1902 1901/1901/1901 1936/1936/1936
f 1902/1902/1902 1936/1936/1936 1938/1938/1938
f 1904/1904/1904 1903/1903/1903 1937/1937/1937
f 1904/1904/1904 1937/1937/1937 1939/1939/1939
f 1905/1905/1905 264/264/264 268/268/268
f 1905/1905/1905 268/268/268 1940/1940/1940
f 1906/1906/1906 1902/1902/1902 1938/1938/1938
f 1906/1906/1906 1938/1938/1938 1941/1941/1941
f 1907/1907/1907 1904/1904/1904 1939/1939/1939
f 1907/1907/1907 1939/1939/1939 1942/1942/1942
f 1908/1908/1908 1905/1905/1905 1940/1940/1940
f 1908/1908/1908 1940/1940/1940 1922/1922/1922
f 1909/1909/1909 1906/1906/1906 1941/1941/1941
f 1909/1909/1909 1941/1941/1941 1924/1924/1924
f 1910/1910/1910 1907/1907/1907 1942/1942/1942
f 1910/1910/1910 1942/1942/1942 1926/1926/1926
f 1933/1933/1933 1930/1930/1930 1943/1943/1943
f 1933/1933/1933 1943/1943/1943 1944/1944/1944
f 1934/1934/1934 1931/1931/1931 1945/1945/1945
f 1934/1934/1934 1945/1945/1945 1946/1946/1946
f 1925/1925/1925 1924/1924/1924 1947/1947/1947
f 1925/1925/1925 1947/1947/1947 1948/1948/1948
f 1936/1936/1936 1933/1933/1933 1944/1944/1944
f 1936/1936/1936 1944/1944/1944 1949/1949/1949
f 1937/1937/1937 1934/1934/1934 1946/1946/1946
f 1937/1937/1937 1946/1946/1946 1950/1950/1950
f 1929/1929/1929 1925/1925/1925 1948/1948/1948
f 1929/1929/1929 1948/1948/1948 1951/1951/1951
f 1938/1938/1938 1936/1936/1936 1949/1949/1949
f 1938/1938/1938 1949/1949/1949 1952/1952/1952
f 1939/1939/1939 1937/1937/1937 1950/1950/1950
f 1939/1939/1939 1950/1950/1950 1953/1953/1953
f 1940/1940/1940 268/268/268 272/272/272
f 1940/1940/1940 272/272/272 1954/1954/1954
f 1932/1932/1932 1929/1929/1929 1951/1951/1951
f 1932/1932/1932 1951/1951/1951 1955/1955/1955
f 1941/1941/1941 1938/1938/1938 1952/1952/1952
f 1941/1941/1941 1952/1952/1952 1956/1956/1956
f 1942/1942/1942 1939/1939/1939 1953/1953/1953
f 1942/1942/1942 1953/1953/1953 1957/1957/1957
f 1922/1922/1922 1940/1940/1940 1954/1954/1954
f 1922/1922/1922 1954/1954/1954 1958/1958/1958
f 1935/1935/1935 1932/1932/1932 1955/1955/1955
f 1935/1935/1935 1955/1955/1955 1959/1959/1959
f 1924/1924/1924 1941/1941/1941 1956/1956/1956
f 1924/1924/1924 1956/1956/1956 1947/1947/1947
f 1926/1926/1926 1942/1942/1942 1957/1957/1957
f 1926/1926/1926 1957/1957/1957 1960/1960/1960
f 1923/1923/1923 1922/1922/1922 1958/1958/1958
f 1923/1923/1923 1958/1958/1958 1961/1961/1961
f 270/270/270 1935/1935/1935 1959/1959/1959
f 270/270/270 1959/1959/1959 274/274/274
f 1927/1927/1927 1926/1926/1926 1960/1960/1960
f 1927/1927/1927 1960/1960/1960 1962/1962/1962
f 1928/1928/1928 1923/1923/1923 1961/1961/1961
f 1928/1928/1928 1961/1961/1961 1963/1963/1963
f 1930/1930/1930 1927/1927/1927 1962/1962/1962
f 1930/1930/1930 1962/1962/1962 1943/1943/1943
f 1931/1931/1931 1928/1928/1928 1963/1963/1963
f 1931/1931/1931 1963/1963/1963 1945/1945/1945
f 1945/1945/1945 1963/1963/1963 1964/1964/1964
f 1945/1945/1945 1964/1964/1964 1965/1965/1965
f 1955/1955/1955 1951/1951/1951 1966/1966/1966
f 1955/1955/1955 1966/1966/1966 1967/1967/1967
f 1944/1944/1944 1943/1943/1943 1968/1968/1968
f 1944/1944/1944 1968/1968/1968 1969/1969/1969
f 1946/1946/1946 1945/1945/1945 1965/1965/1965
f 1946/1946/1946 1965/1965/1965 1970/1970/1970
f 1959/1959/1959 1955/1955/1955 1967/1967/1967
f 1959/1959/1959 1967/1967/1967 1971/1971/1971
f 1949/1949/1949 1944/1944/1944 1969/1969/1969
f 1949/1949/1949 1969/1969/1969 1972/1972/1972
f 1950/1950/1950 1946/1946/1946 1970/1970/1970
f 1950/1950/1950 1970/1970/1970 1973/1973/1973
f 274/274/274 1959/1959/1959 1971/1971/1971
f 274/274/274 1971/1971/1971 278/278/278
f 1952/1952/1952 1949/1949/1949 1972/1972/1972
f 1952/1952/1952 1972/1972/1972 1974/1974/1974
f 1953/1953/1953 1950/1950/1950 1973/1973/1973
f 1953/1953/1953 1973/1973/1973 1975/1975/1975
f 1954/1954/1954 272/272/272 276/276/276
f 1954/1954/1954 276/276/276 1976/1976/1976
f 1956/1956/1956 1952/1952/1952 1974/1974/1974
f 1956/1956/1956 1974/1974/1974 1977/1977/1977
f 1957/1957/1957 1953/1953/1953 1975/1975/1975
f 1957/1957/1957 1975/1975/1975 1978/1978/1978
f 1958/1958/1958 1954/1954/1954 1976/1976/1976
f 1958/1958/1958 1976/1976/1976 1979/1979/1979
f 1947/1947/1947 1956/1956/1956 1977/1977/1977
f 1947/1947/1947 1977/1977/1977 1980/1980/1980
f 1960/1960/1960 1957/1957/1957 1978/1978/1978
f 1960/1960/1960 1978/1978/1978 1981/1981/1981
f 1961/1961/1961 1958/1958/1958 1979/1979/1979
f 1961/1961/1961 1979/1979/1979 1982/1982/1982
f 1948/1948/1948 1947/1947/1947 1980/1980/1980
f 1948/1948/1948 1980/1980/1980 1983/1983/1983
f 1962/1962/1962 1960/1960/1960 1981/1981/1981
f 1962/1962/1962 1981/1981/1981 1984/1984/1984
f 1963/1963/1963 1961/1961/1961 1982/1982/1982
f 1963/1963/1963 1982/1982/1982 1964/1964/1964
f 1951/1951/1951 1948/1948/1948 1983/1983/1983
f 1951/1951/1951 1983/1983/1983 1966/1966/1966
f 1943/1943/1943 1962/1962/1962 1984/1984/1984
f 1943/1943/1943 1984/1984/1984 1968/1968/1968
f 1975/1975/1975 1973/1973/1973 1985/1985/1985
f 1975/1975/1975 1985/1985/1985 1986/1986/1986
f 1976/1976/1976 276/276/276 282/282/282
f 1976/1976/1976 282/282/282 1987/1987/1987
f 1977/1977/1977 1974/1974/1974 1988/1988/1988
f 1977/1977/1977 1988/1988/1988 1989/1989/1989
f 1978/1978/1978 1975/1975/1975 1986/1986/1986
f 1978/1978/1978 1986/1986/1986 1990/1990/1990
f 1979/1979/1979 1976/1976/1976 1987/1987/1987
f 1979/1979/1979 1987/1987/1987 1991/1991/1991
f 1980/1980/1980 1977/1977/1977 1989/1989/1989
f 1980/1980/1980 1989/1989/1989 1992/1992/1992
f 1981/1981/1981 1978/1978/1978 1990/1990/1990
f 1981/1981/1981 1990/1990/1990 1993/1993/1993
f 1982/1982/1982 1979/1979/1979 1991/1991/1991
f 1982/1982/1982 1991/1991/1991 1994/1994/1994
f 1983/1983/1983 1980/1980/1980 1992/1992/1992
f 1983/1983/1983 1992/1992/1992 1995/1995/1995
f 1984/1984/1984 1981/1981/1981 1993/1993/1993
f 1984/1984/1984 1993/1993/1993 1996/1996/1996
f 1964/1964/1964 1982/1982/1982 1994/1994/1994
f 1964/1964/1964 1994/1994/1994 1997/1997/1997
f 1966/1966/1966 1983/1983/1983 1995/1995/1995
f 1966/1966/1966 1995/1995/1995 1998/1998/1998
f 1968/1968/1968 1984/1984/1984 1996/1996/1996
f 1968/1968/1968 1996/1996/1996 1999/1999/1999
f 1965/1965/1965 1964/1964/1964 1997/1997/1997
f 1965/1965/1965 1997/1997/1997 2000/2000/2000
f 1967/1967/1967 1966/1966/1966 1998/1998/1998
f 1967/1967/1967 1998/1998/1998 2001/2001/2001
f 1969/1969/1969 1968/1968/1968 1999/1999/1999
f 1969/1969/1969 1999/1999/1999 2002/2002/2002
f 1970/1970/1970 1965/1965/1965 2000/2000/2000
f 1970/1970/1970 2000/2000/2000 2003/2003/2003
f 1971/1971/1971 1967/1967/1967 2001/2001/2001
f 1971/1971/1971 2001/2001/2001 2004/2004/2004
f 1972/1972/1972 1969/1969/1969 2002/2002/2002
f 1972/1972/1972 2002/2002/2002 2005/2005/2005
f 1973/1973/1973 1970/1970/1970 2003/2003/2003
f 1973/1973/1973 2003/2003/2003 1985/1985/1985
f 278/278/278 1971/1971/1971 2004/2004/2004
f 278/278/278 2004/2004/2004 280/280/280
f 1974/1974/1974 1972/1972/1972 2005/2005/2005
f 1974/1974/1974 2005/2005/2005 1988/1988/1988
f 1995/1995/1995 1992/1992/1992 2006/2006/2006
f 1995/1995/1995 2006/2006/2006 2007/2007/2007
f 1996/1996/1996 1993/1993/1993 2008/2008/2008
f 1996/1996/1996 2008/2008/2008 2009/2009/2009
f 1997/1997/1997 1994/1994/1994 2010/2010/2010
f 1997/1997/1997 2010/2010/2010 2011/2011/2011
f 1998/1998/1998 1995/1995/1995 2007/2007/2007
f 1998/1998/1998 2007/2007/2007 2012/2012/2012
f 1999/1999/1999 1996/1996/1996 2009/2009/2009
f 1999/1999/1999 2009/2009/2009 2013/2013/2013
f 2000/2000/2000 1997/1997/1997 2011/2011/2011
f 2000/2000/2000 2011/2011/2011 2014/2014/2014
f 2001/2001/2001 1998/1998/1998 2012/2012/2012
f 2001/2001/2001 2012/2012/2012 2015/2015/2015
f 2002/2002/2002 1999/1999/1999 2013/2013/2013
f 2002/2002/2002 2013/2013/2013 2016/2016/2016
f 2003/2003/2003 2000/2000/2000 2014/2014/2014
f 2003/2003/2003 2014/2014/2014 2017/2017/2017
f 2004/2004/2004 2001/2001/2001 2015/2015/2015
f 2004/2004/2004 2015/2015/2015 2018/2018/2018
f 2005/2005/2005 2002/2002/2002 2016/2016/2016
f 2005/2005/2005 2016/2016/2016 2019/2019/2019
f 1985/1985/1985 2003/2003/2003 2017/2017/2017
f 1985/1985/1985 2017/2017/2017 2020/2020/2020
f 280/280/280 2004/2004/2004 2018/2018/2018
f 280/280/280 2018/2018/2018 286/286/286
f 1988/1988/1988 2005/2005/2005 2019/2019/2019
f 1988/1988/1988 2019/2019/2019 2021/2021/2021
f 1986/1986/1986 1985/1985/1985 2020/2020/2020
f 1986/1986/1986 2020/2020/2020 2022/2022/2022
f 1987/1987/1987 282/282/282 284/284/284
f 1987/1987/1987 284/284/284 2023/2023/2023
f 1989/1989/1989 1988/1988/1988 2021/2021/2021
f 1989/1989/1989 2021/2021/2021 2024/2024/2024
f 1990/1990/1990 1986/1986/1986 2022/2022/2022
f 1990/1990/1990 2022/2022/2022 2025/2025/2025
f 1991/1991/1991 1987/1987/1987 2023/2023/2023
f 1991/1991/1991 2023/2023/2023 2026/2026/2026
f 1992/1992/1992 1989/1989/1989 2024/2024/2024
f 1992/1992/1992 2024/2024/2024 2006/2006/2006
f 1993/1993/1993 1990/1990/1990 2025/2025/2025
f 1993/1993/1993 2025/2025/2025 2008/2008/2008
f 1994/1994/1994 1991/1991/1991 2026/2026/2026
f 1994/1994/1994 2026/2026/2026 2010/2010/2010
f 2017/2017/2017 2014/2014/2014 2027/2027/2027
f 2017/2017/2017 2027/2027/2027 2028/2028/2028
f 2018/2018/2018 2015/2015/2015 2029/2029/2029
f 2018/2018/2018 2029/2029/2029 2030/2030/2030
f 2019/2019/2019 2016/2016/2016 2031/2031/2031
f 2019/2019/2019 2031/2031/2031 2032/2032/2032
f 2020/2020/2020 2017/2017/2017 2028/2028/2028
f 2020/2020/2020 2028/2028/2028 2033/2033/2033
f 286/286/286 2018/2018/2018 2030/2030/2030
f 286/286/286 2030/2030/2030 290/290/290
f 2021/2021/2021 2019/2019/2019 2032/2032/2032
f 2021/2021/2021 2032/2032/2032 2034/2034/2034
f 2022/2022/2022 2020/2020/2020 2033/2033/2033
f 2022/2022/2022 2033/2033/2033 2035/2035/2035
f 2023/2023/2023 284/284/284 288/288/288
f 2023/2023/2023 288/288/288 2036/2036/2036
f 2024/2024/2024 2021/2021/2021 2034/2034/2034
f 2024/2024/2024 2034/2034/2034 2037/2037/2037
f 2025/2025/2025 2022/2022/2022 2035/2035/2035
f 2025/2025/2025 2035/2035/2035 2038/2038/2038
f 2026/2026/2026 2023/2023/2023 2036/2036/2036
f 2026/2026/2026 2036/2036/2036 2039/2039/2039
f 2006/2006/2006 2024/2024/2024 2037/2037/2037
f 2006/2006/2006 2037/2037/2037 2040/2040/2040
f 2008/2008/2008 2025/2025/2025 2038/2038/2038
f 2008/2008/2008 2038/2038/2038 2041/2041/2041
f 2010/2010/2010 2026/2026/2026 2039/2039/2039
f 2010/2010/2010 2039/2039/2039 2042/2042/2042
f 2007/2007/2007 2006/2006/2006 2040/2040/2040
f 2007/2007/2007 2040/2040/2040 2043/2043/2043
f 2009/2009/2009 2008/2008/2008 2041/2041/2041
f 2009/2009/2009 2041/2041/2041 2044/2044/2044
f 2011/2011/2011 2010/2010/2010 2042/2042/2042
f 2011/2011/2011 2042/2042/2042 2045/2045/2045
f 2012/2012/2012 2007/2007/2007 2043/2043/2043
f 2012/2012/2012 2043/2043/2043 2046/2046/2046
f 2013/2013/2013 2009/2009/2009 2044/2044/2044
f 2013/2013/2013 2044/2044/2044 2047/2047/2047
f 2014/2014/2014 2011/2011/2011 2045/2045/2045
f 2014/2014/2014 2045/2045/2045 2027/2027/2027
f 2015/2015/2015 2012/2012/2012 2046/2046/2046
f 2015/2015/2015 2046/2046/2046 2029/2029/2029
f 2016/2016/2016 2013/2013/2013 2047/2047/2047
f 2016/2016/2016 2047/2047/2047 2031/2031/2031
f 2038/2038/2038 2035/2035/2035 2048/2048/2048
f 2038/2038/2038 2048/2048/2048 2049/2049/2049
f 2039/2039/2039 2036/2036/2036 2050/2050/2050
f 2039/2039/2039 2050/2050/2050 2051/2051/2051
f 2040/2040/2040 2037/2037/2037 2052/2052/2052
f 2040/2040/2040 2052/2052/2052 2053/2053/2053
f 2041/2041/2041 2038/2038/2038 2049/2049/2049
f 2041/2041/2041 2049/2049/2049 2054/2054/2054
f 2042/2042/2042 2039/2039/2039 2051/2051/2051
f 2042/2042/2042 2051/2051/2051 2055/2055/2055
f 2043/2043/2043 2040/2040/2040 2053/2053/2053
f 2043/2043/2043 2053/2053/2053 2056/2056/2056
f 2044/2044/2044 2041/2041/2041 2054/2054/2054
f 2044/2044/2044 2054/2054/2054 2057/2057/2057
f 2045/2045/2045 2042/2042/2042 2055/2055/2055
f 2045/2045/2045 2055/2055/2055 2058/2058/2058
f 2046/2046/2046 2043/2043/2043 2056/2056/2056
f 2046/2046/2046 2056/2056/2056 2059/2059/2059
f 2047/2047/2047 2044/2044/2044 2057/2057/2057
f 2047/2047/2047 2057/2057/2057 2060/2060/2060
f 2027/2027/2027 2045/2045/2045 2058/2058/2058
f 2027/2027/2027 2058/2058/2058 2061/2061/2061
f 2029/2029/2029 2046/2046/2046 2059/2059/2059
f 2029/2029/2029 2059/2059/2059 2062/2062/2062
f 2031/2031/2031 2047/2047/2047 2060/2060/2060
f 2031/2031/2031 2060/2060/2060 2063/2063/2063
f 2028/2028/2028 2027/2027/2027 2061/2061/2061
f 2028/2028/2028 2061/2061/2061 2064/2064/2064
f 2030/2030/2030 2029/2029/2029 2062/2062/2062
f 2030/2030/2030 2062/2062/2062 2065/2065/2065
f 2032/2032/2032 2031/2031/2031 2063/2063/2063
f 2032/2032/2032 2063/2063/2063 2066/2066/2066
f 2033/2033/2033 2028/2028/2028 2064/2064/2064
f 2033/2033/2033 2064/2064/2064 2067/2067/2067
f 290/290/290 2030/2030/2030 2065/2065/2065
f 290/290/290 2065/2065/2065 294/294/294
f 2034/2034/2034 2032/2032/2032 2066/2066/2066
f 2034/2034/2034 2066/2066/2066 2068/2068/2068
f 2035/2035/2035 2033/2033/2033 2067/2067/2067
f 2035/2035/2035 2067/2067/2067 2048/2048/2048
f 2036/2036/2036 288/288/288 292/292/292
f 2036/2036/2036 292/292/292 2050/2050/2050
f 2037/2037/2037 2034/2034/2034 2068/2068/2068
f 2037/2037/2037 2068/2068/2068 2052/2052/2052
f 2059/2059/2059 2056/2056/2056 2069/2069/2069
f 2059/2059/2059 2069/2069/2069 2070/2070/2070
f 2060/2060/2060 2057/2057/2057 2071/2071/2071
f 2060/2060/2060 2071/2071/2071 2072/2072/2072
f 2061/2061/2061 2058/2058/2058 2073/2073/2073
f 2061/2061/2061 2073/2073/2073 2074/2074/2074
f 2062/2062/2062 2059/2059/2059 2070/2070/2070
f 2062/2062/2062 2070/2070/2070 2075/2075/2075
f 2063/2063/2063 2060/2060/2060 2072/2072/2072
f 2063/2063/2063 2072/2072/2072 2076/2076/2076
f 2064/2064/2064 2061/2061/2061 2074/2074/2074
f 2064/2064/2064 2074/2074/2074 2077/2077/2077
f 2065/2065/2065 2062/2062/2062 2075/2075/2075
f 2065/2065/2065 2075/2075/2075 2078/2078/2078
f 2066/2066/2066 2063/2063/2063 2076/2076/2076
f 2066/2066/2066 2076/2076/2076 2079/2079/2079
f 2067/2067/2067 2064/2064/2064 2077/2077/2077
f 2067/2067/2067 2077/2077/2077 2080/2080/2080
f 294/294/294 2065/2065/2065 2078/2078/2078
f 294/294/294 2078/2078/2078 298/298/298
f 2068/2068/2068 2066/2066/2066 2079/2079/2079
f 2068/2068/2068 2079/2079/2079 2081/2081/2081
f 2048/2048/2048 2067/2067/2067 2080/2080/2080
f 2048/2048/2048 2080/2080/2080 2082/2082/2082
f 2050/2050/2050 292/292/292 296/296/296
f 2050/2050/2050 296/296/296 2083/2083/2083
f 2052/2052/2052 2068/2068/2068 2081/2081/2081
f 2052/2052/2052 2081/2081/2081 2084/2084/2084
f 2049/2049/2049 2048/2048/2048 2082/2082/2082
f 2049/2049/2049 2082/2082/2082 2085/2085/2085
f 2051/2051/2051 2050/2050/2050 2083/2083/2083
f 2051/2051/2051 2083/2083/2083 2086/2086/2086
f 2053/2053/2053 2052/2052/2052 2084/2084/2084
f 2053/2053/2053 2084/2084/2084 2087/2087/2087
f 2054/2054/2054 2049/2049/2049 2085/2085/2085
f 2054/2054/2054 2085/2085/2085 2088/2088/2088
f 2055/2055/2055 2051/2051/2051 2086/2086/2086
f 2055/2055/2055 2086/2086/2086 2089/2089/2089
f 2056/2056/2056 2053/2053/2053 2087/2087/2087
f 2056/2056/2056 2087/2087/2087 2069/2069/2069
f 2057/2057/2057 2054/2054/2054 2088/2088/2088
f 2057/2057/2057 2088/2088/2088 2071/2071/2071
f 2058/2058/2058 2055/2055/2055 2089/2089/2089
f 2058/2058/2058 2089/2089/2089 2073/2073/2073
f 2080/2080/2080 2077/2077/2077 2090/2090/2090
f 2080/2080/2080 2090/2090/2090 2091/2091/2091
f 298/298/298 2078/2078/2078 2092/2092/2092
f 298/298/298 2092/2092/2092 302/302/302
f 2081/2081/2081 2079/2079/2079 2093/2093/2093
f 2081/2081/2081 2093/2093/2093 2094/2094/2094
f 2082/2082/2082 2080/2080/2080 2091/2091/2091
f 2082/2082/2082 2091/2091/2091 2095/2095/2095
f 2083/2083/2083 296/296/296 300/300/300
f 2083/2083/2083 300/300/300 2096/2096/2096
f 2084/2084/2084 2081/2081/2081 2094/2094/2094
f 2084/2084/2084 2094/2094/2094 2097/2097/2097
f 2085/2085/2085 2082/2082/2082 2095/2095/2095
f 2085/2085/2085 2095/2095/2095 2098/2098/2098
f 2086/2086/2086 2083/2083/2083 2096/2096/2096
f 2086/2086/2086 2096/2096/2096 2099/2099/2099
f 2087/2087/2087 2084/2084/2084 2097/2097/2097
f 2087/2087/2087 2097/2097/2097 2100/2100/2100
f 2088/2088/2088 2085/2085/2085 2098/2098/2098
f 2088/2088/2088 2098/2098/2098 2101/2101/2101
f 2089/2089/2089 2086/2086/2086 2099/2099/2099
f 2089/2089/2089 2099/2099/2099 2102/2102/2102
f 2069/2069/2069 2087/2087/2087 2100/2100/2100
f 2069/2069/2069 2100/2100/2100 2103/2103/2103
f 2071/2071/2071 2088/2088/2088 2101/2101/2101
f 2071/2071/2071 2101/2101/2101 2104/2104/2104
f 2073/2073/2073 2089/2089/2089 2102/2102/2102
f 2073/2073/2073 2102/2102/2102 2105/2105/2105
f 2070/2070/2070 2069/2069/2069 2103/2103/2103
f 2070/2070/2070 2103/2103/2103 2106/2106/2106
f 2072/2072/2072 2071/2071/2071 2104/2104/2104
f 2072/2072/2072 2104/2104/2104 2107/2107/2107
f 2074/2074/2074 2073/2073/2073 2105/2105/2105
f 2074/2074/2074 2105/2105/2105 2108/2108/2108
f 2075/2075/2075 2070/2070/2070 2106/2106/2106
f 2075/2075/2075 2106/2106/2106 2109/2109/2109
f 2076/2076/2076 2072/2072/2072 2107/2107/2107
f 2076/2076/2076 2107/2107/2107 2110/2110/2110
f 2077/2077/2077 2074/2074/2074 2108/2108/2108
f 2077/2077/2077 2108/2108/2108 2090/2090/2090
f 2078/2078/2078 2075/2075/2075 2109/2109/2109
f 2078/2078/2078 2109/2109/2109 2092/2092/2092
f 2079/2079/2079 2076/2076/2076 2110/2110/2110
f 2079/2079/2079 2110/2110/2110 2093/2093/2093
f 2101/2101/2101 2098/2098/2098 2111/2111/2111
f 2101/2101/2101 2111/2111/2111 2112/2112/2112
f 2102/2102/2102 2099/2099/2099 2113/2113/2113
f 2102/2102/2102 2113/2113/2113 2114/2114/2114
f 2103/2103/2103 2100/2100/2100 2115/2115/2115
f 2103/2103/2103 2115/2115/2115 2116/2116/2116
f 2104/2104/2104 2101/2101/2101 2112/2112/2112
f 2104/2104/2104 2112/2112/2112 2117/2117/2117
f 2105/2105/2105 2102/2102/2102 2114/2114/2114
f 2105/2105/2105 2114/2114/2114 2118/2118/2118
f 2106/2106/2106 2103/2103/2103 2116/2116/2116
f 2106/2106/2106 2116/2116/2116 2119/2119/2119
f 2107/2107/2107 2104/2104/2104 2117/2117/2117
f 2107/2107/2107 2117/2117/2117 2120/2120/2120
f 2108/2108/2108 2105/2105/2105 2118/2118/2118
f 2108/2108/2108 2118/2118/2118 2121/2121/2121
f 2109/2109/2109 2106/2106/2106 2119/2119/2119
f 2109/2109/2109 2119/2119/2119 2122/2122/2122
f 2110/2110/2110 2107/2107/2107 2120/2120/2120
f 2110/2110/2110 2120/2120/2120 2123/2123/2123
f 2090/2090/2090 2108/2108/2108 2121/2121/2121
f 2090/2090/2090 2121/2121/2121 2124/2124/2124
f 2092/2092/2092 2109/2109/2109 2122/2122/2122
f 2092/2092/2092 2122/2122/2122 2125/2125/2125
f 2093/2093/2093 2110/2110/2110 2123/2123/2123
f 2093/2093/2093 2123/2123/2123 2126/2126/2126
f 2091/2091/2091 2090/2090/2090 2124/2124/2124
f 2091/2091/2091 2124/2124/2124 2127/2127/2127
f 302/302/302 2092/2092/2092 2125/2125/2125
f 302/302/302 2125/2125/2125 306/306/306
f 2094/2094/2094 2093/2093/2093 2126/2126/2126
f 2094/2094/2094 2126/2126/2126 2128/2128/2128
f 2095/2095/2095 2091/2091/2091 2127/2127/2127
f 2095/2095/2095 2127/2127/2127 2129/2129/2129
f 2096/2096/2096 300/300/300 304/304/304
f 2096/2096/2096 304/304/304 2130/2130/2130
f 2097/2097/2097 2094/2094/2094 2128/2128/2128
f 2097/2097/2097 2128/2128/2128 2131/2131/2131
f 2098/2098/2098 2095/2095/2095 2129/2129/2129
f 2098/2098/2098 2129/2129/2129 2111/2111/2111
f 2099/2099/2099 2096/2096/2096 2130/2130/2130
f 2099/2099/2099 2130/2130/2130 2113/2113/2113
f 2100/2100/2100 2097/2097/2097 2131/2131/2131
f 2100/2100/2100 2131/2131/2131 2115/2115/2115
f 2122/2122/2122 2119/2119/2119 2132/2132/2132
f 2122/2122/2122 2132/2132/2132 2133/2133/2133
f 2123/2123/2123 2120/2120/2120 2134/2134/2134
f 2123/2123/2123 2134/2134/2134 2135/2135/2135
f 2124/2124/2124 2121/2121/2121 2136/2136/2136
f 2124/2124/2124 2136/2136/2136 2137/2137/2137
f 2125/2125/2125 2122/2122/2122 2133/2133/2133
f 2125/2125/2125 2133/2133/2133 2138/2138/2138
f 2126/2126/2126 2123/2123/2123 2135/2135/2135
f 2126/2126/2126 2135/2135/2135 2139/2139/2139
f 2127/2127/2127 2124/2124/2124 2137/2137/2137
f 2127/2127/2127 2137/2137/2137 2140/2140/2140
f 306/306/306 2125/2125/2125 2138/2138/2138
f 306/306/306 2138/2138/2138 310/310/310
f 2128/2128/2128 2126/2126/2126 2139/2139/2139
f 2128/2128/2128 2139/2139/2139 2141/2141/2141
f 2129/2129/2129 2127/2127/2127 2140/2140/2140
f 2129/2129/2129 2140/2140/2140 2142/2142/2142
f 2130/2130/2130 304/304/304 308/308/308
f 2130/2130/2130 308/308/308 2143/2143/2143
f 2131/2131/2131 2128/2128/2128 2141/2141/2141
f 2131/2131/2131 2141/2141/2141 2144/2144/2144
f 2111/2111/2111 2129/2129/2129 2142/2142/2142
f 2111/2111/2111 2142/2142/2142 2145/2145/2145
f 2113/2113/2113 2130/2130/2130 2143/2143/2143
f 2113/2113/2113 2143/2143/2143 2146/2146/2146
f 2115/2115/2115 2131/2131/2131 2144/2144/2144
f 2115/2115/2115 2144/2144/2144 2147/2147/2147
f 2112/2112/2112 2111/2111/2111 2145/2145/2145
f 2112/2112/2112 2145/2145/2145 2148/2148/2148
f 2114/2114/2114 2113/2113/2113 2146/2146/2146
f 2114/2114/2114 2146/2146/2146 2149/2149/2149
f 2116/2116/2116 2115/2115/2115 2147/2147/2147
f 2116/2116/2116 2147/2147/2147 2150/2150/2150
f 2117/2117/2117 2112/2112/2112 2148/2148/2148
f 2117/2117/2117 2148/2148/2148 2151/2151/2151
f 2118/2118/2118 2114/2114/2114 2149/2149/2149
f 2118/2118/2118 2149/2149/2149 2152/2152/2152
f 2119/2119/2119 2116/2116/2116 2150/2150/2150
f 2119/2119/2119 2150/2150/2150 2132/2132/2132
f 2120/2120/2120 2117/2117/2117 2151/2151/2151
f 2120/2120/2120 2151/2151/2151 2134/2134/2134
f 2121/2121/2121 2118/2118/2118 2152/2152/2152
f 2121/2121/2121 2152/2152/2152 2136/2136/2136
f 2142/2142/2142 2140/2140/2140 2153/2153/2153
f 2142/2142/2142 2153/2153/2153 2154/2154/2154
f 2143/2143/2143 308/308/308 314/314/314
f 2143/2143/2143 314/314/314 2155/2155/2155
f 2144/2144/2144 2141/2141/2141 2156/2156/2156
f 2144/2144/2144 2156/2156/2156 2157/2157/2157
f 2145/2145/2145 2142/2142/2142 2154/2154/2154
f 2145/2145/2145 2154/2154/2154 2158/2158/2158
f 2146/2146/2146 2143/2143/2143 2155/2155/2155
f 2146/2146/2146 2155/2155/2155 2159/2159/2159
f 2147/2147/2147 2144/2144/2144 2157/2157/2157
f 2147/2147/2147 2157/2157/2157 2160/2160/2160
f 2148/2148/2148 2145/2145/2145 2158/2158/2158
f 2148/2148/2148 2158/2158/2158 2161/2161/2161
f 2149/2149/2149 2146/2146/2146 2159/2159/2159
f 2149/2149/2149 2159/2159/2159 2162/2162/2162
f 2150/2150/2150 2147/2147/2147 2160/2160/2160
f 2150/2150/2150 2160/2160/2160 2163/2163/2163
f 2151/2151/2151 2148/2148/2148 2161/2161/2161
f 2151/2151/2151 2161/2161/2161 2164/2164/2164
f 2152/2152/2152 2149/2149/2149 2162/2162/2162
f 2152/2152/2152 2162/2162/2162 2165/2165/2165
f 2132/2132/2132 2150/2150/2150 2163/2163/2163
f 2132/2132/2132 2163/2163/2163 2166/2166/2166
f 2134/2134/2134 2151/2151/2151 2164/2164/2164
f 2134/2134/2134 2164/2164/2164 2167/2167/2167
f 2136/2136/2136 2152/2152/2152 2165/2165/2165
f 2136/2136/2136 2165/2165/2165 2168/2168/2168
f 2133/2133/2133 2132/2132/2132 2166/2166/2166
f 2133/2133/2133 2166/2166/2166 2169/2169/2169
f 2135/2135/2135 2134/2134/2134 2167/2167/2167
f 2135/2135/2135 2167/2167/2167 2170/2170/2170
f 2137/2137/2137 2136/2136/2136 2168/2168/2168
f 2137/2137/2137 2168/2168/2168 2171/2171/2171
f 2138/2138/2138 2133/2133/2133 2169/2169/2169
f 2138/2138/2138 2169/2169/2169 2172/2172/2172
f 2139/2139/2139 2135/2135/2135 2170/2170/2170
f 2139/2139/2139 2170/2170/2170 2173/2173/2173
f 2140/2140/2140 2137/2137/2137 2171/2171/2171
f 2140/2140/2140 2171/2171/2171 2153/2153/2153
f 310/310/310 2138/2138/2138 2172/2172/2172
f 310/310/310 2172/2172/2172 312/312/312
f 2141/2141/2141 2139/2139/2139 2173/2173/2173
f 2141/2141/2141 2173/2173/2173 2156/2156/2156
f 2164/2164/2164 2161/2161/2161 2174/2174/2174
f 2164/2164/2164 2174/2174/2174 2175/2175/2175
f 2165/2165/2165 2162/2162/2162 2176/2176/2176
f 2165/2165/2165 2176/2176/2176 2177/2177/2177
f 2166/2166/2166 2163/2163/2163 2178/2178/2178
f 2166/2166/2166 2178/2178/2178 2179/2179/2179
f 2167/2167/2167 2164/2164/2164 2175/2175/2175
f 2167/2167/2167 2175/2175/2175 2180/2180/2180
f 2168/2168/2168 2165/2165/2165 2177/2177/2177
f 2168/2168/2168 2177/2177/2177 2181/2181/2181
f 2169/2169/2169 2166/2166/2166 2179/2179/2179
f 2169/2169/2169 2179/2179/2179 2182/2182/2182
f 2170/2170/2170 2167/2167/2167 2180/2180/2180
f 2170/2170/2170 2180/2180/2180 2183/2183/2183
f 2171/2171/2171 2168/2168/2168 2181/2181/2181
f 2171/2171/2171 2181/2181/2181 2184/2184/2184
f 2172/2172/2172 2169/2169/2169 2182/2182/2182
f 2172/2172/2172 2182/2182/2182 2185/2185/2185
f 2173/2173/2173 2170/2170/2170 2183/2183/2183
f 2173/2173/2173 2183/2183/2183 2186/2186/2186
f 2153/2153/2153 2171/2171/2171 2184/2184/2184
f 2153/2153/2153 2184/2184/2184 2187/2187/2187
f 312/312/312 2172/2172/2172 2185/2185/2185
f 312/312/312 2185/2185/2185 318/318/318
f 2156/2156/2156 2173/2173/2173 2186/2186/2186
f 2156/2156/2156 2186/2186/2186 2188/2188/2188
f 2154/2154/2154 2153/2153/2153 2187/2187/2187
f 2154/2154/2154 2187/2187/2187 2189/2189/2189
f 2155/2155/2155 314/314/314 316/316/316
f 2155/2155/2155 316/316/316 2190/2190/2190
f 2157/2157/2157 2156/2156/2156 2188/2188/2188
f 2157/2157/2157 2188/2188/2188 2191/2191/2191
f 2158/2158/2158 2154/2154/2154 2189/2189/2189
f 2158/2158/2158 2189/2189/2189 2192/2192/2192
f 2159/2159/2159 2155/2155/2155 2190/2190/2190
f 2159/2159/2159 2190/2190/2190 2193/2193/2193
f 2160/2160/2160 2157/2157/2157 2191/2191/2191
f 2160/2160/2160 2191/2191/2191 2194/2194/2194
f 2161/2161/2161 2158/2158/2158 2192/2192/2192
f 2161/2161/2161 2192/2192/2192 2174/2174/2174
f 2162/2162/2162 2159/2159/2159 2193/2193/2193
f 2162/2162/2162 2193/2193/2193 2176/2176/2176
f 2163/2163/2163 2160/2160/2160 2194/2194/2194
f 2163/2163/2163 2194/2194/2194 2178/2178/2178
f 2185/2185/2185 2182/2182/2182 2195/2195/2195
f 2185/2185/2185 2195/2195/2195 2196/2196/2196
f 2186/2186/2186 2183/2183/2183 2197/2197/2197
f 2186/2186/2186 2197/2197/2197 2198/2198/2198
f 2187/2187/2187 2184/2184/2184 2199/2199/2199
f 2187/2187/2187 2199/2199/2199 2200/2200/2200
f 318/318/318 2185/2185/2185 2196/2196/2196
f 318/318/318 2196/2196/2196 322/322/322
f 2188/2188/2188 2186/2186/2186 2198/2198/2198
f 2188/2188/2188 2198/2198/2198 2201/2201/2201
f 2189/2189/2189 2187/2187/2187 2200/2200/2200
f 2189/2189/2189 2200/2200/2200 2202/2202/2202
f 2190/2190/2190 316/316/316 320/320/320
f 2190/2190/2190 320/320/320 2203/2203/2203
f 2191/2191/2191 2188/2188/2188 2201/2201/2201
f 2191/2191/2191 2201/2201/2201 2204/2204/2204
f 2192/2192/2192 2189/2189/2189 2202/2202/2202
f 2192/2192/2192 2202/2202/2202 2205/2205/2205
f 2193/2193/2193 2190/2190/2190 2203/2203/2203
f 2193/2193/2193 2203/2203/2203 2206/2206/2206
f 2194/2194/2194 2191/2191/2191 2204/2204/2204
f 2194/2194/2194 2204/2204/2204 2207/2207/2207
f 2174/2174/2174 2192/2192/2192 2205/2205/2205
f 2174/2174/2174 2205/2205/2205 2208/2208/2208
f 2176/2176/2176 2193/2193/2193 2206/2206/2206
f 2176/2176/2176 2206/2206/2206 2209/2209/2209
f 2178/2178/2178 2194/2194/2194 2207/2207/2207
f 2178/2178/2178 2207/2207/2207 2210/2210/2210
f 2175/2175/2175 2174/2174/2174 2208/2208/2208
f 2175/2175/2175 2208/2208/2208 2211/2211/2211
f 2177/2177/2177 2176/2176/2176 2209/2209/2209
f 2177/2177/2177 2209/2209/2209 2212/2212/2212
f 2179/2179/2179 2178/2178/2178 2210/2210/2210
f 2179/2179/2179 2210/2210/2210 2213/2213/2213
f 2180/2180/2180 2175/2175/2175 2211/2211/2211
f 2180/2180/2180 2211/2211/2211 2214/2214/2214
f 2181/2181/2181 2177/2177/2177 2212/2212/2212
f 2181/2181/2181 2212/2212/2212 2215/2215/2215
f 2182/2182/2182 2179/2179/2179 2213/2213/2213
f 2182/2182/2182 2213/2213/2213 2195/2195/2195
f 2183/2183/2183 2180/2180/2180 2214/2214/2214
f 2183/2183/2183 2214/2214/2214 2197/2197/2197
f 2184/2184/2184 2181/2181/2181 2215/2215/2215
f 2184/2184/2184 2215/2215/2215 2199/2199/2199
f 2205/2205/2205 2202/2202/2202 2216/2216/2216
f 2205/2205/2205 2216/2216/2216 2217/2217/2217
f 2206/2206/2206 2203/2203/2203 2218/2218/2218
f 2206/2206/2206 2218/2218/2218 2219/2219/2219
f 2207/2207/2207 2204/2204/2204 2220/2220/2220
f 2207/2207/2207 2220/2220/2220 2221/2221/2221
f 2208/2208/2208 2205/2205/2205 2217/2217/2217
f 2208/2208/2208 2217/2217/2217 2222/2222/2222
f 2209/2209/2209 2206/2206/2206 2219/2219/2219
f 2209/2209/2209 2219/2219/2219 2223/2223/2223
f 2210/2210/2210 2207/2207/2207 2221/2221/2221
f 2210/2210/2210 2221/2221/2221 2224/2224/2224
f 2211/2211/2211 2208/2208/2208 2222/2222/2222
f 2211/2211/2211 2222/2222/2222 2225/2225/2225
f 2212/2212/2212 2209/2209/2209 2223/2223/2223
f 2212/2212/2212 2223/2223/2223 2226/2226/2226
f 2213/2213/2213 2210/2210/2210 2224/2224/2224
f 2213/2213/2213 2224/2224/2224 2227/2227/2227
f 2214/2214/2214 2211/2211/2211 2225/2225/2225
f 2214/2214/2214 2225/2225/2225 2228/2228/2228
f 2215/2215/2215 2212/2212/2212 2226/2226/2226
f 2215/2215/2215 2226/2226/2226 2229/2229/2229
f 2195/2195/2195 2213/2213/2213 2227/2227/2227
f 2195/2195/2195 2227/2227/2227 2230/2230/2230
f 2197/2197/2197 2214/2214/2214 2228/2228/2228
f 2197/2197/2197 2228/2228/2228 2231/2231/2231
f 2199/2199/2199 2215/2215/2215 2229/2229/2229
f 2199/2199/2199 2229/2229/2229 2232/2232/2232
f 2196/2196/2196 2195/2195/2195 2230/2230/2230
f 2196/2196/2196 2230/2230/2230 2233/2233/2233
f 2198/2198/2198 2197/2197/2197 2231/2231/2231
f 2198/2198/2198 2231/2231/2231 2234/2234/2234
f 2200/2200/2200 2199/2199/2199 2232/2232/2232
f 2200/2200/2200 2232/2232/2232 2235/2235/2235
f 322/322/322 2196/2196/2196 2233/2233/2233
f 322/322/322 2233/2233/2233 326/326/326
f 2201/2201/2201 2198/2198/2198 2234/2234/2234
f 2201/2201/2201 2234/2234/2234 2236/2236/2236
f 2202/2202/2202 2200/2200/2200 2235/2235/2235
f 2202/2202/2202 2235/2235/2235 2216/2216/2216
f 2203/2203/2203 320/320/320 324/324/324
f 2203/2203/2203 324/324/324 2218/2218/2218
f 2204/2204/2204 2201/2201/2201 2236/2236/2236
f 2204/2204/2204 2236/2236/2236 2220/2220/2220
f 2228/2228/2228 2225/2225/2225 2237/2237/2237
f 2228/2228/2228 2237/2237/2237 2238/2238/2238
f 2229/2229/2229 2226/2226/2226 2239/2239/2239
f 2229/2229/2229 2239/2239/2239 2240/2240/2240
f 2230/2230/2230 2227/2227/2227 2241/2241/2241
f 2230/2230/2230 2241/2241/2241 2242/2242/2242
f 2231/2231/2231 2228/2228/2228 2238/2238/2238
f 2231/2231/2231 2238/2238/2238 2243/2243/2243
f 2232/2232/2232 2229/2229/2229 2240/2240/2240
f 2232/2232/2232 2240/2240/2240 2244/2244/2244
f 2233/2233/2233 2230/2230/2230 2242/2242/2242
f 2233/2233/2233 2242/2242/2242 2245/2245/2245
f 2234/2234/2234 2231/2231/2231 2243/2243/2243
f 2234/2234/2234 2243/2243/2243 2246/2246/2246
f 2235/2235/2235 2232/2232/2232 2244/2244/2244
f 2235/2235/2235 2244/2244/2244 2247/2247/2247
f 326/326/326 2233/2233/2233 2245/2245/2245
f 326/326/326 2245/2245/2245 330/330/330
f 2236/2236/2236 2234/2234/2234 2246/2246/2246
f 2236/2236/2236 2246/2246/2246 2248/2248/2248
f 2216/2216/2216 2235/2235/2235 2247/2247/2247
f 2216/2216/2216 2247/2247/2247 2249/2249/2249
f 2218/2218/2218 324/324/324 328/328/328
f 2218/2218/2218 328/328/328 2250/2250/2250
f 2220/2220/2220 2236/2236/2236 2248/2248/2248
f 2220/2220/2220 2248/2248/2248 2251/2251/2251
f 2217/2217/2217 2216/2216/2216 2249/2249/2249
f 2217/2217/2217 2249/2249/2249 2252/2252/2252
f 2219/2219/2219 2218/2218/2218 2250/2250/2250
f 2219/2219/2219 2250/2250/2250 2253/2253/2253
f 2221/2221/2221 2220/2220/2220 2251/2251/2251
f 2221/2221/2221 2251/2251/2251 2254/2254/2254
f 2222/2222/2222 2217/2217/2217 2252/2252/2252
f 2222/2222/2222 2252/2252/2252 2255/2255/2255
f 2223/2223/2223 2219/2219/2219 2253/2253/2253
f 2223/2223/2223 2253/2253/2253 2256/2256/2256
f 2224/2224/2224 2221/2221/2221 2254/2254/2254
f 2224/2224/2224 2254/2254/2254 2257/2257/2257
f 2225/2225/2225 2222/2222/2222 2255/2255/2255
f 2225/2225/2225 2255/2255/2255 2237/2237/2237
f 2226/2226/2226 2223/2223/2223 2256/2256/2256
f 2226/2226/2226 2256/2256/2256 2239/2239/2239
f 2227/2227/2227 2224/2224/2224 2257/2257/2257
f 2227/2227/2227 2257/2257/2257 2241/2241/2241
f 330/330/330 2245/2245/2245 2258/2258/2258
f 330/330/330 2258/2258/2258 334/334/334
f 2248/2248/2248 2246/2246/2246 2259/2259/2259
f 2248/2248/2248 2259/2259/2259 2260/2260/2260
f 2249/2249/2249 2247/2247/2247 2261/2261/2261
f 2249/2249/2249 2261/2261/2261 2262/2262/2262
f 2250/2250/2250 328/328/328 332/332/332
f 2250/2250/2250 332/332/332 2263/2263/2263
f 2251/2251/2251 2248/2248/2248 2260/2260/2260
f 2251/2251/2251 2260/2260/2260 2264/2264/2264
f 2252/2252/2252 2249/2249/2249 2262/2262/2262
f 2252/2252/2252 2262/2262/2262 2265/2265/2265
f 2253/2253/2253 2250/2250/2250 2263/2263/2263
f 2253/2253/2253 2263/2263/2263 2266/2266/2266
f 2254/2254/2254 2251/2251/2251 2264/2264/2264
f 2254/2254/2254 2264/2264/2264 2267/2267/2267
f 2255/2255/2255 2252/2252/2252 2265/2265/2265
f 2255/2255/2255 2265/2265/2265 2268/2268/2268
f 2256/2256/2256 2253/2253/2253 2266/2266/2266
f 2256/2256/2256 2266/2266/2266 2269/2269/2269
f 2257/2257/2257 2254/2254/2254 2267/2267/2267
f 2257/2257/2257 2267/2267/2267 2270/2270/2270
f 2237/2237/2237 2255/2255/2255 2268/2268/2268
f 2237/2237/2237 2268/2268/2268 2271/2271/2271
f 2239/2239/2239 2256/2256/2256 2269/2269/2269
f 2239/2239/2239 2269/2269/2269 2272/2272/2272
f 2241/2241/2241 2257/2257/2257 2270/2270/2270
f 2241/2241/2241 2270/2270/2270 2273/2273/2273
f 2238/2238/2238 2237/2237/2237 2271/2271/2271
f 2238/2238/2238 2271/2271/2271 2274/2274/2274
f 2240/2240/2240 2239/2239/2239 2272/2272/2272
f 2240/2240/2240 2272/2272/2272 2275/2275/2275
f 2242/2242/2242 2241/2241/2241 2273/2273/2273
f 2242/2242/2242 2273/2273/2273 2276/2276/2276
f 2243/2243/2243 2238/2238/2238 2274/2274/2274
f 2243/2243/2243 2274/2274/2274 2277/2277/2277
f 2244/2244/2244 2240/2240/2240 2275/2275/2275
f 2244/2244/2244 2275/2275/2275 2278/2278/2278
f 2245/2245/2245 2242/2242/2242 2276/2276/2276
f 2245/2245/2245 2276/2276/2276 2258/2258/2258
f 2246/2246/2246 2243/2243/2243 2277/2277/2277
f 2246/2246/2246 2277/2277/2277 2259/2259/2259
f 2247/2247/2247 2244/2244/2244 2278/2278/2278
f 2247/2247/2247 2278/2278/2278 2261/2261/2261
f 2268/2268/2268 2265/2265/2265 2279/2279/2279
f 2268/2268/2268 2279/2279/2279 2280/2280/2280
f 2269/2269/2269 2266/2266/2266 2281/2281/2281
f 2269/2269/2269 2281/2281/2281 2282/2282/2282
f 2270/2270/2270 2267/2267/2267 2283/2283/2283
f 2270/2270/2270 2283/2283/2283 2284/2284/2284
f 2271/2271/2271 2268/2268/2268 2280/2280/2280
f 2271/2271/2271 2280/2280/2280 2285/2285/2285
f 2272/2272/2272 2269/2269/2269 2282/2282/2282
f 2272/2272/2272 2282/2282/2282 2286/2286/2286
f 2273/2273/2273 2270/2270/2270 2284/2284/2284
f 2273/2273/2273 2284/2284/2284 2287/2287/2287
f 2274/2274/2274 2271/2271/2271 2285/2285/2285
f 2274/2274/2274 2285/2285/2285 2288/2288/2288
f 2275/2275/2275 2272/2272/2272 2286/2286/2286
f 2275/2275/2275 2286/2286/2286 2289/2289/2289
f 2276/2276/2276 2273/2273/2273 2287/2287/2287
f 2276/2276/2276 2287/2287/2287 2290/2290/2290
f 2277/2277/2277 2274/2274/2274 2288/2288/2288
f 2277/2277/2277 2288/2288/2288 2291/2291/2291
f 2278/2278/2278 2275/2275/2275 2289/2289/2289
f 2278/2278/2278 2289/2289/2289 2292/2292/2292
f 2258/2258/2258 2276/2276/2276 2290/2290/2290
f 2258/2258/2258 2290/2290/2290 2293/2293/2293
f 2259/2259/2259 2277/2277/2277 2291/2291/2291
f 2259/2259/2259 2291/2291/2291 2294/2294/2294
f 2261/2261/2261 2278/2278/2278 2292/2292/2292
f 2261/2261/2261 2292/2292/2292 2295/2295/2295
f 334/334/334 2258/2258/2258 2293/2293/2293
f 334/334/334 2293/2293/2293 338/338/338
f 2260/2260/2260 2259/2259/2259 2294/2294/2294
f 2260/2260/2260 2294/2294/2294 2296/2296/2296
f 2262/2262/2262 2261/2261/2261 2295/2295/2295
f 2262/2262/2262 2295/2295/2295 2297/2297/2297
f 2263/2263/2263 332/332/332 336/336/336
f 2263/2263/2263 336/336/336 2298/2298/2298
f 2264/2264/2264 2260/2260/2260 2296/2296/2296
f 2264/2264/2264 2296/2296/2296 2299/2299/2299
f 2265/2265/2265 2262/2262/2262 2297/2297/2297
f 2265/2265/2265 2297/2297/2297 2279/2279/2279
f 2266/2266/2266 2263/2263/2263 2298/2298/2298
f 2266/2266/2266 2298/2298/2298 2281/2281/2281
f 2267/2267/2267 2264/2264/2264 2299/2299/2299
f 2267/2267/2267 2299/2299/2299 2283/2283/2283
f 2291/2291/2291 2288/2288/2288 2300/2300/2300
f 2291/2291/2291 2300/2300/2300 2301/2301/2301
f 2292/2292/2292 2289/2289/2289 2302/2302/2302
f 2292/2292/2292 2302/2302/2302 2303/2303/2303
f 2293/2293/2293 2290/2290/2290 2304/2304/2304
f 2293/2293/2293 2304/2304/2304 2305/2305/2305
f 2294/2294/2294 2291/2291/2291 2301/2301/2301
f 2294/2294/2294 2301/2301/2301 2306/2306/2306
f 2295/2295/2295 2292/2292/2292 2303/2303/2303
f 2295/2295/2295 2303/2303/2303 2307/2307/2307
f 338/338/338 2293/2293/2293 2305/2305/2305
f 338/338/338 2305/2305/2305 342/342/342
f 2296/2296/2296 2294/2294/2294 2306/2306/2306
f 2296/2296/2296 2306/2306/2306 2308/2308/2308
f 2297/2297/2297 2295/2295/2295 2307/2307/2307
f 2297/2297/2297 2307/2307/2307 2309/2309/2309
f 2298/2298/2298 336/336/336 340/340/340
f 2298/2298/2298 340/340/340 2310/2310/2310
f 2299/2299/2299 2296/2296/2296 2308/2308/2308
f 2299/2299/2299 2308/2308/2308 2311/2311/2311
f 2279/2279/2279 2297/2297/2297 2309/2309/2309
f 2279/2279/2279 2309/2309/2309 2312/2312/2312
f 2281/2281/2281 2298/2298/2298 2310/2310/2310
f 2281/2281/2281 2310/2310/2310 2313/2313/2313
f 2283/2283/2283 2299/2299/2299 2311/2311/2311
f 2283/2283/2283 2311/2311/2311 2314/2314/2314
f 2280/2280/2280 2279/2279/2279 2312/2312/2312
f 2280/2280/2280 2312/2312/2312 2315/2315/2315
f 2282/2282/2282 2281/2281/2281 2313/2313/2313
f 2282/2282/2282 2313/2313/2313 2316/2316/2316
f 2284/2284/2284 2283/2283/2283 2314/2314/2314
f 2284/2284/2284 2314/2314/2314 2317/2317/2317
f 2285/2285/2285 2280/2280/2280 2315/2315/2315
f 2285/2285/2285 2315/2315/2315 2318/2318/2318
f 2286/2286/2286 2282/2282/2282 2316/2316/2316
f 2286/2286/2286 2316/2316/2316 2319/2319/2319
f 2287/2287/2287 2284/2284/2284 2317/2317/2317
f 2287/2287/2287 2317/2317/2317 2320/2320/2320
f 2288/2288/2288 2285/2285/2285 2318/2318/2318
f 2288/2288/2288 2318/2318/2318 2300/2300/2300
f 2289/2289/2289 2286/2286/2286 2319/2319/2319
f 2289/2289/2289 2319/2319/2319 2302/2302/2302
f 2290/2290/2290 2287/2287/2287 2320/2320/2320
f 2290/2290/2290 2320/2320/2320 2304/2304/2304
f 2310/2310/2310 340/340/340 346/346/346
f 2310/2310/2310 346/346/346 2321/2321/2321
f 2311/2311/2311 2308/2308/2308 2322/2322/2322
f 2311/2311/2311 2322/2322/2322 2323/2323/2323
f 2312/2312/2312 2309/2309/2309 2324/2324/2324
f 2312/2312/2312 2324/2324/2324 2325/2325/2325
f 2313/2313/2313 2310/2310/2310 2321/2321/2321
f 2313/2313/2313 2321/2321/2321 2326/2326/2326
f 2314/2314/2314 2311/2311/2311 2323/2323/2323
f 2314/2314/2314 2323/2323/2323 2327/2327/2327
f 2315/2315/2315 2312/2312/2312 2325/2325/2325
f 2315/2315/2315 2325/2325/2325 2328/2328/2328
f 2316/2316/2316 2313/2313/2313 2326/2326/2326
f 2316/2316/2316 2326/2326/2326 2329/2329/2329
f 2317/2317/2317 2314/2314/2314 2327/2327/2327
f 2317/2317/2317 2327/2327/2327 2330/2330/2330
f 2318/2318/2318 2315/2315/2315 2328/2328/2328
f 2318/2318/2318 2328/2328/2328 2331/2331/2331
f 2319/2319/2319 2316/2316/2316 2329/2329/2329
f 2319/2319/2319 2329/2329/2329 2332/2332/2332
f 2320/2320/2320 2317/2317/2317 2330/2330/2330
f 2320/2320/2320 2330/2330/2330 2333/2333/2333
f 2300/2300/2300 2318/2318/2318 2331/2331/2331
f 2300/2300/2300 2331/2331/2331 2334/2334/2334
f 2302/2302/2302 2319/2319/2319 2332/2332/2332
f 2302/2302/2302 2332/2332/2332 2335/2335/2335
f 2304/2304/2304 2320/2320/2320 2333/2333/2333
f 2304/2304/2304 2333/2333/2333 2336/2336/2336
f 2301/2301/2301 2300/2300/2300 2334/2334/2334
f 2301/2301/2301 2334/2334/2334 2337/2337/2337
f 2303/2303/2303 2302/2302/2302 2335/2335/2335
f 2303/2303/2303 2335/2335/2335 2338/2338/2338
f 2305/2305/2305 2304/2304/2304 2336/2336/2336
f 2305/2305/2305 2336/2336/2336 2339/2339/2339
f 2306/2306/2306 2301/2301/2301 2337/2337/2337
f 2306/2306/2306 2337/2337/2337 2340/2340/2340
f 2307/2307/2307 2303/2303/2303 2338/2338/2338
f 2307/2307/2307 2338/2338/2338 2341/2341/2341
f 342/342/342 2305/2305/2305 2339/2339/2339
f 342/342/342 2339/2339/2339 344/344/344
f 2308/2308/2308 2306/2306/2306 2340/2340/2340
f 2308/2308/2308 2340/2340/2340 2322/2322/2322
f 2309/2309/2309 2307/2307/2307 2341/2341/2341
f 2309/2309/2309 2341/2341/2341 2324/2324/2324
f 2331/2331/2331 2328/2328/2328 2342/2342/2342
f 2331/2331/2331 2342/2342/2342 2343/2343/2343
f 2332/2332/2332 2329/2329/2329 2344/2344/2344
f 2332/2332/2332 2344/2344/2344 2345/2345/2345
f 2333/2333/2333 2330/2330/2330 2346/2346/2346
f 2333/2333/2333 2346/2346/2346 2347/2347/2347
f 2334/2334/2334 2331/2331/2331 2343/2343/2343
f 2334/2334/2334 2343/2343/2343 2348/2348/2348
f 2335/2335/2335 2332/2332/2332 2345/2345/2345
f 2335/2335/2335 2345/2345/2345 2349/2349/2349
f 2336/2336/2336 2333/2333/2333 2347/2347/2347
f 2336/2336/2336 2347/2347/2347 2350/2350/2350
f 2337/2337/2337 2334/2334/2334 2348/2348/2348
f 2337/2337/2337 2348/2348/2348 2351/2351/2351
f 2338/2338/2338 2335/2335/2335 2349/2349/2349
f 2338/2338/2338 2349/2349/2349 2352/2352/2352
f 2339/2339/2339 2336/2336/2336 2350/2350/2350
f 2339/2339/2339 2350/2350/2350 2353/2353/2353
f 2340/2340/2340 2337/2337/2337 2351/2351/2351
f 2340/2340/2340 2351/2351/2351 2354/2354/2354
f 2341/2341/2341 2338/2338/2338 2352/2352/2352
f 2341/2341/2341 2352/2352/2352 2355/2355/2355
f 344/344/344 2339/2339/2339 2353/2353/2353
f 344/344/344 2353/2353/2353 350/350/350
f 2322/2322/2322 2340/2340/2340 2354/2354/2354
f 2322/2322/2322 2354/2354/2354 2356/2356/2356
f 2324/2324/2324 2341/2341/2341 2355/2355/2355
f 2324/2324/2324 2355/2355/2355 2357/2357/2357
f 2321/2321/2321 346/346/346 348/348/348
f 2321/2321/2321 348/348/348 2358/2358/2358
f 2323/2323/2323 2322/2322/2322 2356/2356/2356
f 2323/2323/2323 2356/2356/2356 2359/2359/2359
f 2325/2325/2325 2324/2324/2324 2357/2357/2357
f 2325/2325/2325 2357/2357/2357 2360/2360/2360
f 2326/2326/2326 2321/2321/2321 2358/2358/2358
f 2326/2326/2326 2358/2358/2358 2361/2361/2361
f 2327/2327/2327 2323/2323/2323 2359/2359/2359
f 2327/2327/2327 2359/2359/2359 2362/2362/2362
f 2328/2328/2328 2325/2325/2325 2360/2360/2360
f 2328/2328/2328 2360/2360/2360 2342/2342/2342
f 2329/2329/2329 2326/2326/2326 2361/2361/2361
f 2329/2329/2329 2361/2361/2361 2344/2344/2344
f 2330/2330/2330 2327/2327/2327 2362/2362/2362
f 2330/2330/2330 2362/2362/2362 2346/2346/2346
f 2354/2354/2354 2351/2351/2351 2363/2363/2363
f 2354/2354/2354 2363/2363/2363 2364/2364/2364
f 2355/2355/2355 2352/2352/2352 2365/2365/2365
f 2355/2355/2355 2365/2365/2365 2366/2366/2366
f 350/350/350 2353/2353/2353 2367/2367/2367
f 350/350/350 2367/2367/2367 354/354/354
f 2356/2356/2356 2354/2354/2354 2364/2364/2364
f 2356/2356/2356 2364/2364/2364 2368/2368/2368
f 2357/2357/2357 2355/2355/2355 2366/2366/2366
f 2357/2357/2357 2366/2366/2366 2369/2369/2369
f 2358/2358/2358 348/348/348 352/352/352
f 2358/2358/2358 352/352/352 2370/2370/2370
f 2359/2359/2359 2356/2356/2356 2368/2368/2368
f 2359/2359/2359 2368/2368/2368 2371/2371/2371
f 2360/2360/2360 2357/2357/2357 2369/2369/2369
f 2360/2360/2360 2369/2369/2369 2372/2372/2372
f 2361/2361/2361 2358/2358/2358 2370/2370/2370
f 2361/2361/2361 2370/2370/2370 2373/2373/2373
f 2362/2362/2362 2359/2359/2359 2371/2371/2371
f 2362/2362/2362 2371/2371/2371 2374/2374/2374
f 2342/2342/2342 2360/2360/2360 2372/2372/2372
f 2342/2342/2342 2372/2372/2372 2375/2375/2375
f 2344/2344/2344 2361/2361/2361 2373/2373/2373
f 2344/2344/2344 2373/2373/2373 2376/2376/2376
f 2346/2346/2346 2362/2362/2362 2374/2374/2374
f 2346/2346/2346 2374/2374/2374 2377/2377/2377
f 2343/2343/2343 2342/2342/2342 2375/2375/2375
f 2343/2343/2343 2375/2375/2375 2378/2378/2378
f 2345/2345/2345 2344/2344/2344 2376/2376/2376
f 2345/2345/2345 2376/2376/2376 2379/2379/2379
f 2347/2347/2347 2346/2346/2346 2377/2377/2377
f 2347/2347/2347 2377/2377/2377 2380/2380/2380
f 2348/2348/2348 2343/2343/2343 2378/2378/2378
f 2348/2348/2348 2378/2378/2378 2381/2381/2381
f 2349/2349/2349 2345/2345/2345 2379/2379/2379
f 2349/2349/2349 2379/2379/2379 2382/2382/2382
f 2350/2350/2350 2347/2347/2347 2380/2380/2380
f 2350/2350/2350 2380/2380/2380 2383/2383/2383
f 2351/2351/2351 2348/2348/2348 2381/2381/2381
f 2351/2351/2351 2381/2381/2381 2363/2363/2363
f 2352/2352/2352 2349/2349/2349 2382/2382/2382
f 2352/2352/2352 2382/2382/2382 2365/2365/2365
f 2353/2353/2353 2350/2350/2350 2383/2383/2383
f 2353/2353/2353 2383/2383/2383 2367/2367/2367
f 2373/2373/2373 2370/2370/2370 2384/2384/2384
f 2373/2373/2373 2384/2384/2384 2385/2385/2385
f 2374/2374/2374 2371/2371/2371 2386/2386/2386
f 2374/2374/2374 2386/2386/2386 2387/2387/2387
f 2375/2375/2375 2372/2372/2372 2388/2388/2388
f 2375/2375/2375 2388/2388/2388 2389/2389/2389
f 2376/2376/2376 2373/2373/2373 2385/2385/2385
f 2376/2376/2376 2385/2385/2385 2390/2390/2390
f 2377/2377/2377 2374/2374/2374 2387/2387/2387
f 2377/2377/2377 2387/2387/2387 2391/2391/2391
f 2378/2378/2378 2375/2375/2375 2389/2389/2389
f 2378/2378/2378 2389/2389/2389 2392/2392/2392
f 2379/2379/2379 2376/2376/2376 2390/2390/2390
f 2379/2379/2379 2390/2390/2390 2393/2393/2393
f 2380/2380/2380 2377/2377/2377 2391/2391/2391
f 2380/2380/2380 2391/2391/2391 2394/2394/2394
f 2381/2381/2381 2378/2378/2378 2392/2392/2392
f 2381/2381/2381 2392/2392/2392 2395/2395/2395
f 2382/2382/2382 2379/2379/2379 2393/2393/2393
f 2382/2382/2382 2393/2393/2393 2396/2396/2396
f 2383/2383/2383 2380/2380/2380 2394/2394/2394
f 2383/2383/2383 2394/2394/2394 2397/2397/2397
f 2363/2363/2363 2381/2381/2381 2395/2395/2395
f 2363/2363/2363 2395/2395/2395 2398/2398/2398
f 2365/2365/2365 2382/2382/2382 2396/2396/2396
f 2365/2365/2365 2396/2396/2396 2399/2399/2399
f 2367/2367/2367 2383/2383/2383 2397/2397/2397
f 2367/2367/2367 2397/2397/2397 2400/2400/2400
f 2364/2364/2364 2363/2363/2363 2398/2398/2398
f 2364/2364/2364 2398/2398/2398 2401/2401/2401
f 2366/2366/2366 2365/2365/2365 2399/2399/2399
f 2366/2366/2366 2399/2399/2399 2402/2402/2402
f 354/354/354 2367/2367/2367 2400/2400/2400
f 354/354/354 2400/2400/2400 358/358/358
f 2368/2368/2368 2364/2364/2364 2401/2401/2401
f 2368/2368/2368 2401/2401/2401 2403/2403/2403
f 2369/2369/2369 2366/2366/2366 2402/2402/2402
f 2369/2369/2369 2402/2402/2402 2404/2404/2404
f 2370/2370/2370 352/352/352 356/356/356
f 2370/2370/2370 356/356/356 2384/2384/2384
f 2371/2371/2371 2368/2368/2368 2403/2403/2403
f 2371/2371/2371 2403/2403/2403 2386/2386/2386
f 2372/2372/2372 2369/2369/2369 2404/2404/2404
f 2372/2372/2372 2404/2404/2404 2388/2388/2388
f 2395/2395/2395 2392/2392/2392 2405/2405/2405
f 2395/2395/2395 2405/2405/2405 2406/2406/2406
f 2396/2396/2396 2393/2393/2393 2407/2407/2407
f 2396/2396/2396 2407/2407/2407 2408/2408/2408
f 2397/2397/2397 2394/2394/2394 2409/2409/2409
f 2397/2397/2397 2409/2409/2409 2410/2410/2410
f 2398/2398/2398 2395/2395/2395 2406/2406/2406
f 2398/2398/2398 2406/2406/2406 2411/2411/2411
f 2399/2399/2399 2396/2396/2396 2408/2408/2408
f 2399/2399/2399 2408/2408/2408 2412/2412/2412
f 2400/2400/2400 2397/2397/2397 2410/2410/2410
f 2400/2400/2400 2410/2410/2410 2413/2413/2413
f 2401/2401/2401 2398/2398/2398 2411/2411/2411
f 2401/2401/2401 2411/2411/2411 2414/2414/2414
f 2402/2402/2402 2399/2399/2399 2412/2412/2412
f 2402/2402/2402 2412/2412/2412 2415/2415/2415
f 358/358/358 2400/2400/2400 2413/2413/2413
f 358/358/358 2413/2413/2413 362/362/362
f 2403/2403/2403 2401/2401/2401 2414/2414/2414
f 2403/2403/2403 2414/2414/2414 2416/2416/2416
f 2404/2404/2404 2402/2402/2402 2415/2415/2415
f 2404/2404/2404 2415/2415/2415 2417/2417/2417
f 2384/2384/2384 356/356/356 360/360/360
f 2384/2384/2384 360/360/360 2418/2418/2418
f 2386/2386/2386 2403/2403/2403 2416/2416/2416
f 2386/2386/2386 2416/2416/2416 2419/2419/2419
f 2388/2388/2388 2404/2404/2404 2417/2417/2417
f 2388/2388/2388 2417/2417/2417 2420/2420/2420
f 2385/2385/2385 2384/2384/2384 2418/2418/2418
f 2385/2385/2385 2418/2418/2418 2421/2421/2421
f 2387/2387/2387 2386/2386/2386 2419/2419/2419
f 2387/2387/2387 2419/2419/2419 2422/2422/2422
f 2389/2389/2389 2388/2388/2388 2420/2420/2420
f 2389/2389/2389 2420/2420/2420 2423/2423/2423
f 2390/2390/2390 2385/2385/2385 2421/2421/2421
f 2390/2390/2390 2421/2421/2421 2424/2424/2424
f 2391/2391/2391 2387/2387/2387 2422/2422/2422
f 2391/2391/2391 2422/2422/2422 2425/2425/2425
f 2392/2392/2392 2389/2389/2389 2423/2423/2423
f 2392/2392/2392 2423/2423/2423 2405/2405/2405
f 2393/2393/2393 2390/2390/2390 2424/2424/2424
f 2393/2393/2393 2424/2424/2424 2407/2407/2407
f 2394/2394/2394 2391/2391/2391 2425/2425/2425
f 2394/2394/2394 2425/2425/2425 2409/2409/2409
f 2416/2416/2416 2414/2414/2414 2426/2426/2426
f 2416/2416/2416 2426/2426/2426 2427/2427/2427
f 2417/2417/2417 2415/2415/2415 2428/2428/2428
f 2417/2417/2417 2428/2428/2428 2429/2429/2429
f 2418/2418/2418 360/360/360 364/364/364
f 2418/2418/2418 364/364/364 2430/2430/2430
f 2419/2419/2419 2416/2416/2416 2427/2427/2427
f 2419/2419/2419 2427/2427/2427 2431/2431/2431
f 2420/2420/2420 2417/2417/2417 2429/2429/2429
f 2420/2420/2420 2429/2429/2429 2432/2432/2432
f 2421/2421/2421 2418/2418/2418 2430/2430/2430
f 2421/2421/2421 2430/2430/2430 2433/2433/2433
f 2422/2422/2422 2419/2419/2419 2431/2431/2431
f 2422/2422/2422 2431/2431/2431 2434/2434/2434
f 2423/2423/2423 2420/2420/2420 2432/2432/2432
f 2423/2423/2423 2432/2432/2432 2435/2435/2435
f 2424/2424/2424 2421/2421/2421 2433/2433/2433
f 2424/2424/2424 2433/2433/2433 2436/2436/2436
f 2425/2425/2425 2422/2422/2422 2434/2434/2434
f 2425/2425/2425 2434/2434/2434 2437/2437/2437
f 2405/2405/2405 2423/2423/2423 2435/2435/2435
f 2405/2405/2405 2435/2435/2435 2438/2438/2438
f 2407/2407/2407 2424/2424/2424 2436/2436/2436
f 2407/2407/2407 2436/2436/2436 2439/2439/2439
f 2409/2409/2409 2425/2425/2425 2437/2437/2437
f 2409/2409/2409 2437/2437/2437 2440/2440/2440
f 2406/2406/2406 2405/2405/2405 2438/2438/2438
f 2406/2406/2406 2438/2438/2438 2441/2441/2441
f 2408/2408/2408 2407/2407/2407 2439/2439/2439
f 2408/2408/2408 2439/2439/2439 2442/2442/2442
f 2410/2410/2410 2409/2409/2409 2440/2440/2440
f 2410/2410/2410 2440/2440/2440 2443/2443/2443
f 2411/2411/2411 2406/2406/2406 2441/2441/2441
f 2411/2411/2411 2441/2441/2441 2444/2444/2444
f 2412/2412/2412 2408/2408/2408 2442/2442/2442
f 2412/2412/2412 2442/2442/2442 2445/2445/2445
f 2413/2413/2413 2410/2410/2410 2443/2443/2443
f 2413/2413/2413 2443/2443/2443 2446/2446/2446
f 2414/2414/2414 2411/2411/2411 2444/2444/2444
f 2414/2414/2414 2444/2444/2444 2426/2426/2426
f 2415/2415/2415 2412/2412/2412 2445/2445/2445
f 2415/2415/2415 2445/2445/2445 2428/2428/2428
f 362/362/362 2413/2413/2413 2446/2446/2446
f 362/362/362 2446/2446/2446 366/366/366
f 2436/2436/2436 2433/2433/2433 2447/2447/2447
f 2436/2436/2436 2447/2447/2447 2448/2448/2448
f 2437/2437/2437 2434/2434/2434 2449/2449/2449
f 2437/2437/2437 2449/2449/2449 2450/2450/2450
f 2438/2438/2438 2435/2435/2435 2451/2451/2451
f 2438/2438/2438 2451/2451/2451 2452/2452/2452
f 2439/2439/2439 2436/2436/2436 2448/2448/2448
f 2439/2439/2439 2448/2448/2448 2453/2453/2453
f 2440/2440/2440 2437/2437/2437 2450/2450/2450
f 2440/2440/2440 2450/2450/2450 2454/2454/2454
f 2441/2441/2441 2438/2438/2438 2452/2452/2452
f 2441/2441/2441 2452/2452/2452 2455/2455/2455
f 2442/2442/2442 2439/2439/2439 2453/2453/2453
f 2442/2442/2442 2453/2453/2453 2456/2456/2456
f 2443/2443/2443 2440/2440/2440 2454/2454/2454
f 2443/2443/2443 2454/2454/2454 2457/2457/2457
f 2444/2444/2444 2441/2441/2441 2455/2455/2455
f 2444/2444/2444 2455/2455/2455 2458/2458/2458
f 2445/2445/2445 2442/2442/2442 2456/2456/2456
f 2445/2445/2445 2456/2456/2456 2459/2459/2459
f 2446/2446/2446 2443/2443/2443 2457/2457/2457
f 2446/2446/2446 2457/2457/2457 2460/2460/2460
f 2426/2426/2426 2444/2444/2444 2458/2458/2458
f 2426/2426/2426 2458/2458/2458 2461/2461/2461
f 2428/2428/2428 2445/2445/2445 2459/2459/2459
f 2428/2428/2428 2459/2459/2459 2462/2462/2462
f 366/366/366 2446/2446/2446 2460/2460/2460
f 366/366/366 2460/2460/2460 370/370/370
f 2427/2427/2427 2426/2426/2426 2461/2461/2461
f 2427/2427/2427 2461/2461/2461 2463/2463/2463
f 2429/2429/2429 2428/2428/2428 2462/2462/2462
f 2429/2429/2429 2462/2462/2462 2464/2464/2464
f 2430/2430/2430 364/364/364 368/368/368
f 2430/2430/2430 368/368/368 2465/2465/2465
f 2431/2431/2431 2427/2427/2427 2463/2463/2463
f 2431/2431/2431 2463/2463/2463 2466/2466/2466
f 2432/2432/2432 2429/2429/2429 2464/2464/2464
f 2432/2432/2432 2464/2464/2464 2467/2467/2467
f 2433/2433/2433 2430/2430/2430 2465/2465/2465
f 2433/2433/2433 2465/2465/2465 2447/2447/2447
f 2434/2434/2434 2431/2431/2431 2466/2466/2466
f 2434/2434/2434 2466/2466/2466 2449/2449/2449
f 2435/2435/2435 2432/2432/2432 2467/2467/2467
f 2435/2435/2435 2467/2467/2467 2451/2451/2451
f 2458/2458/2458 2455/2455/2455 2468/2468/2468
f 2458/2458/2458 2468/2468/2468 2469/2469/2469
f 2459/2459/2459 2456/2456/2456 2470/2470/2470
f 2459/2459/2459 2470/2470/2470 2471/2471/2471
f 2460/2460/2460 2457/2457/2457 2472/2472/2472
f 2460/2460/2460 2472/2472/2472 2473/2473/2473
f 2461/2461/2461 2458/2458/2458 2469/2469/2469
f 2461/2461/2461 2469/2469/2469 2474/2474/2474
f 2462/2462/2462 2459/2459/2459 2471/2471/2471
f 2462/2462/2462 2471/2471/2471 2475/2475/2475
f 370/370/370 2460/2460/2460 2473/2473/2473
f 370/370/370 2473/2473/2473 374/374/374
f 2463/2463/2463 2461/2461/2461 2474/2474/2474
f 2463/2463/2463 2474/2474/2474 2476/2476/2476
f 2464/2464/2464 2462/2462/2462 2475/2475/2475
f 2464/2464/2464 2475/2475/2475 2477/2477/2477
f 2465/2465/2465 368/368/368 372/372/372
f 2465/2465/2465 372/372/372 2478/2478/2478
f 2466/2466/2466 2463/2463/2463 2476/2476/2476
f 2466/2466/2466 2476/2476/2476 2479/2479/2479
f 2467/2467/2467 2464/2464/2464 2477/2477/2477
f 2467/2467/2467 2477/2477/2477 2480/2480/2480
f 2447/2447/2447 2465/2465/2465 2478/2478/2478
f 2447/2447/2447 2478/2478/2478 2481/2481/2481
f 2449/2449/2449 2466/2466/2466 2479/2479/2479
f 2449/2449/2449 2479/2479/2479 2482/2482/2482
f 2451/2451/2451 2467/2467/2467 2480/2480/2480
f 2451/2451/2451 2480/2480/2480 2483/2483/2483
f 2448/2448/2448 2447/2447/2447 2481/2481/2481
f 2448/2448/2448 2481/2481/2481 2484/2484/2484
f 2450/2450/2450 2449/2449/2449 2482/2482/2482
f 2450/2450/2450 2482/2482/2482 2485/2485/2485
f 2452/2452/2452 2451/2451/2451 2483/2483/2483
f 2452/2452/2452 2483/2483/2483 2486/2486/2486
f 2453/2453/2453 2448/2448/2448 2484/2484/2484
f 2453/2453/2453 2484/2484/2484 2487/2487/2487
f 2454/2454/2454 2450/2450/2450 2485/2485/2485
f 2454/2454/2454 2485/2485/2485 2488/2488/2488
f 2455/2455/2455 2452/2452/2452 2486/2486/2486
f 2455/2455/2455 2486/2486/2486 2468/2468/2468
f 2456/2456/2456 2453/2453/2453 2487/2487/2487
f 2456/2456/2456 2487/2487/2487 2470/2470/2470
f 2457/2457/2457 2454/2454/2454 2488/2488/2488
f 2457/2457/2457 2488/2488/2488 2472/2472/2472
f 2478/2478/2478 372/372/372 376/376/376
f 2478/2478/2478 376/376/376 2489/2489/2489
f 2479/2479/2479 2476/2476/2476 2490/2490/2490
f 2479/2479/2479 2490/2490/2490 2491/2491/2491
f 2480/2480/2480 2477/2477/2477 2492/2492/2492
f 2480/2480/2480 2492/2492/2492 2493/2493/2493
f 2481/2481/2481 2478/2478/2478 2489/2489/2489
f 2481/2481/2481 2489/2489/2489 2494/2494/2494
f 2482/2482/2482 2479/2479/2479 2491/2491/2491
f 2482/2482/2482 2491/2491/2491 2495/2495/2495
f 2483/2483/2483 2480/2480/2480 2493/2493/2493
f 2483/2483/2483 2493/2493/2493 2496/2496/2496
f 2484/2484/2484 2481/2481/2481 2494/2494/2494
f 2484/2484/2484 2494/2494/2494 2497/2497/2497
f 2485/2485/2485 2482/2482/2482 2495/2495/2495
f 2485/2485/2485 2495/2495/2495 2498/2498/2498
f 2486/2486/2486 2483/2483/2483 2496/2496/2496
f 2486/2486/2486 2496/2496/2496 2499/2499/2499
f 2487/2487/2487 2484/2484/2484 2497/2497/2497
f 2487/2487/2487 2497/2497/2497 2500/2500/2500
f 2488/2488/2488 2485/2485/2485 2498/2498/2498
f 2488/2488/2488 2498/2498/2498 2501/2501/2501
f 2468/2468/2468 2486/2486/2486 2499/2499/2499
f 2468/2468/2468 2499/2499/2499 2502/2502/2502
f 2470/2470/2470 2487/2487/2487 2500/2500/2500
f 2470/2470/2470 2500/2500/2500 2503/2503/2503
f 2472/2472/2472 2488/2488/2488 2501/2501/2501
f 2472/2472/2472 2501/2501/2501 2504/2504/2504
f 2469/2469/2469 2468/2468/2468 2502/2502/2502
f 2469/2469/2469 2502/2502/2502 2505/2505/2505
f 2471/2471/2471 2470/2470/2470 2503/2503/2503
f 2471/2471/2471 2503/2503/2503 2506/2506/2506
f 2473/2473/2473 2472/2472/2472 2504/2504/2504
f 2473/2473/2473 2504/2504/2504 2507/2507/2507
f 2474/2474/2474 2469/2469/2469 2505/2505/2505
f 2474/2474/2474 2505/2505/2505 2508/2508/2508
f 2475/2475/2475 2471/2471/2471 2506/2506/2506
f 2475/2475/2475 2506/2506/2506 2509/2509/2509
f 374/374/374 2473/2473/2473 2507/2507/2507
f 374/374/374 2507/2507/2507 378/378/378
f 2476/2476/2476 2474/2474/2474 2508/2508/2508
f 2476/2476/2476 2508/2508/2508 2490/2490/2490
f 2477/2477/2477 2475/2475/2475 2509/2509/2509
f 2477/2477/2477 2509/2509/2509 2492/2492/2492
f 2500/2500/2500 2497/2497/2497 2510/2510/2510
f 2500/2500/2500 2510/2510/2510 2511/2511/2511
f 2501/2501/2501 2498/2498/2498 2512/2512/2512
f 2501/2501/2501 2512/2512/2512 2513/2513/2513
f 2502/2502/2502 2499/2499/2499 2514/2514/2514
f 2502/2502/2502 2514/2514/2514 2515/2515/2515
f 2503/2503/2503 2500/2500/2500 2511/2511/2511
f 2503/2503/2503 2511/2511/2511 2516/2516/2516
f 2504/2504/2504 2501/2501/2501 2513/2513/2513
f 2504/2504/2504 2513/2513/2513 2517/2517/2517
f 2505/2505/2505 2502/2502/2502 2515/2515/2515
f 2505/2505/2505 2515/2515/2515 2518/2518/2518
f 2506/2506/2506 2503/2503/2503 2516/2516/2516
f 2506/2506/2506 2516/2516/2516 2519/2519/2519
f 2507/2507/2507 2504/2504/2504 2517/2517/2517
f 2507/2507/2507 2517/2517/2517 2520/2520/2520
f 2508/2508/2508 2505/2505/2505 2518/2518/2518
f 2508/2508/2508 2518/2518/2518 2521/2521/2521
f 2509/2509/2509 2506/2506/2506 2519/2519/2519
f 2509/2509/2509 2519/2519/2519 2522/2522/2522
f 378/378/378 2507/2507/2507 2520/2520/2520
f 378/378/378 2520/2520/2520 382/382/382
f 2490/2490/2490 2508/2508/2508 2521/2521/2521
f 2490/2490/2490 2521/2521/2521 2523/2523/2523
f 2492/2492/2492 2509/2509/2509 2522/2522/2522
f 2492/2492/2492 2522/2522/2522 2524/2524/2524
f 2489/2489/2489 376/376/376 380/380/380
f 2489/2489/2489 380/380/380 2525/2525/2525
f 2491/2491/2491 2490/2490/2490 2523/2523/2523
f 2491/2491/2491 2523/2523/2523 2526/2526/2526
f 2493/2493/2493 2492/2492/2492 2524/2524/2524
f 2493/2493/2493 2524/2524/2524 2527/2527/2527
f 2494/2494/2494 2489/2489/2489 2525/2525/2525
f 2494/2494/2494 2525/2525/2525 2528/2528/2528
f 2495/2495/2495 2491/2491/2491 2526/2526/2526
f 2495/2495/2495 2526/2526/2526 2529/2529/2529
f 2496/2496/2496 2493/2493/2493 2527/2527/2527
f 2496/2496/2496 2527/2527/2527 2530/2530/2530
f 2497/2497/2497 2494/2494/2494 2528/2528/2528
f 2497/2497/2497 2528/2528/2528 2510/2510/2510
f 2498/2498/2498 2495/2495/2495 2529/2529/2529
f 2498/2498/2498 2529/2529/2529 2512/2512/2512
f 2499/2499/2499 2496/2496/2496 2530/2530/2530
f 2499/2499/2499 2530/2530/2530 2514/2514/2514
f 2521/2521/2521 2518/2518/2518 2531/2531/2531
f 2521/2521/2521 2531/2531/2531 2532/2532/2532
f 2522/2522/2522 2519/2519/2519 2533/2533/2533
f 2522/2522/2522 2533/2533/2533 2534/2534/2534
f 382/382/382 2520/2520/2520 2535/2535/2535
f 382/382/382 2535/2535/2535 386/386/386
f 2523/2523/2523 2521/2521/2521 2532/2532/2532
f 2523/2523/2523 2532/2532/2532 2536/2536/2536
f 2524/2524/2524 2522/2522/2522 2534/2534/2534
f 2524/2524/2524 2534/2534/2534 2537/2537/2537
f 2525/2525/2525 380/380/380 384/384/384
f 2525/2525/2525 384/384/384 2538/2538/2538
f 2526/2526/2526 2523/2523/2523 2536/2536/2536
f 2526/2526/2526 2536/2536/2536 2539/2539/2539
f 2527/2527/2527 2524/2524/2524 2537/2537/2537
f 2527/2527/2527 2537/2537/2537 2540/2540/2540
f 2528/2528/2528 2525/2525/2525 2538/2538/2538
f 2528/2528/2528 2538/2538/2538 2541/2541/2541
f 2529/2529/2529 2526/2526/2526 2539/2539/2539
f 2529/2529/2529 2539/2539/2539 2542/2542/2542
f 2530/2530/2530 2527/2527/2527 2540/2540/2540
f 2530/2530/2530 2540/2540/2540 2543/2543/2543
f 2510/2510/2510 2528/2528/2528 2541/2541/2541
f 2510/2510/2510 2541/2541/2541 2544/2544/2544
f 2512/2512/2512 2529/2529/2529 2542/2542/2542
f 2512/2512/2512 2542/2542/2542 2545/2545/2545
f 2514/2514/2514 2530/2530/2530 2543/2543/2543
f 2514/2514/2514 2543/2543/2543 2546/2546/2546
f 2511/2511/2511 2510/2510/2510 2544/2544/2544
f 2511/2511/2511 2544/2544/2544 2547/2547/2547
f 2513/2513/2513 2512/2512/2512 2545/2545/2545
f 2513/2513/2513 2545/2545/2545 2548/2548/2548
f 2515/2515/2515 2514/2514/2514 2546/2546/2546
f 2515/2515/2515 2546/2546/2546 2549/2549/2549
f 2516/2516/2516 2511/2511/2511 2547/2547/2547
f 2516/2516/2516 2547/2547/2547 2550/2550/2550
f 2517/2517/2517 2513/2513/2513 2548/2548/2548
f 2517/2517/2517 2548/2548/2548 2551/2551/2551
f 2518/2518/2518 2515/2515/2515 2549/2549/2549
f 2518/2518/2518 2549/2549/2549 2531/2531/2531
f 2519/2519/2519 2516/2516/2516 2550/2550/2550
f 2519/2519/2519 2550/2550/2550 2533/2533/2533
f 2520/2520/2520 2517/2517/2517 2551/2551/2551
f 2520/2520/2520 2551/2551/2551 2535/2535/2535
f 2552/2552/2552 2553/2553/2553 2554/2554/2554
f 2552/2552/2552 2554/2554/2554 2555/2555/2555
f 2556/2556/2556 2557/2557/2557 2558/2558/2558
f 2556/2556/2556 2558/2558/2558 2559/2559/2559
f 2560/2560/2560 2561/2561/2561 2562/2562/2562
f 2560/2560/2560 2562/2562/2562 2563/2563/2563
f 2564/2564/2564 2552/2552/2552 2555/2555/2555
f 2564/2564/2564 2555/2555/2555 2565/2565/2565
f 2566/2566/2566 2556/2556/2556 2559/2559/2559
f 2566/2566/2566 2559/2559/2559 2567/2567/2567
f 2568/2568/2568 2560/2560/2560 2563/2563/2563
f 2568/2568/2568 2563/2563/2563 2569/2569/2569
f 2570/2570/2570 2564/2564/2564 2565/2565/2565
f 2570/2570/2570 2565/2565/2565 2571/2571/2571
f 2572/2572/2572 2566/2566/2566 2567/2567/2567
f 2572/2572/2572 2567/2567/2567 2573/2573/2573
f 2574/2574/2574 2568/2568/2568 2569/2569/2569
f 2574/2574/2574 2569/2569/2569 2575/2575/2575
f 2576/2576/2576 2570/2570/2570 2571/2571/2571
f 2576/2576/2576 2571/2571/2571 2577/2577/2577
f 2578/2578/2578 2572/2572/2572 2573/2573/2573
f 2578/2578/2578 2573/2573/2573 2579/2579/2579
f 2580/2580/2580 2574/2574/2574 2575/2575/2575
f 2580/2580/2580 2575/2575/2575 2581/2581/2581
f 2582/2582/2582 2576/2576/2576 2577/2577/2577
f 2582/2582/2582 2577/2577/2577 2583/2583/2583
f 2584/2584/2584 2578/2578/2578 2579/2579/2579
f 2584/2584/2584 2579/2579/2579 2585/2585/2585
f 2586/2586/2586 2580/2580/2580 2581/2581/2581
f 2586/2586/2586 2581/2581/2581 2587/2587/2587
f 2588/2588/2588 2582/2582/2582 2583/2583/2583
f 2588/2588/2588 2583/2583/2583 2589/2589/2589
f 391/391/391 2584/2584/2584 2585/2585/2585
f 391/391/391 2585/2585/2585 392/392/392
f 2590/2590/2590 2586/2586/2586 2587/2587/2587
f 2590/2590/2590 2587/2587/2587 2591/2591/2591
f 2592/2592/2592 2588/2588/2588 2589/2589/2589
f 2592/2592/2592 2589/2589/2589 2593/2593/2593
f 2553/2553/2553 387/387/387 389/389/389
f 2553/2553/2553 389/389/389 2554/2554/2554
f 2557/2557/2557 2590/2590/2590 2591/2591/2591
f 2557/2557/2557 2591/2591/2591 2558/2558/2558
f 2561/2561/2561 2592/2592/2592 2593/2593/2593
f 2561/2561/2561 2593/2593/2593 2562/2562/2562
f 2577/2577/2577 2571/2571/2571 2594/2594/2594
f 2577/2577/2577 2594/2594/2594 2595/2595/2595
f 2579/2579/2579 2573/2573/2573 2596/2596/2596
f 2579/2579/2579 2596/2596/2596 2597/2597/2597
f 2581/2581/2581 2575/2575/2575 2598/2598/2598
f 2581/2581/2581 2598/2598/2598 2599/2599/2599
f 2583/2583/2583 2577/2577/2577 2595/2595/2595
f 2583/2583/2583 2595/2595/2595 2600/2600/2600
f 2585/2585/2585 2579/2579/2579 2597/2597/2597
f 2585/2585/2585 2597/2597/2597 2601/2601/2601
f 2587/2587/2587 2581/2581/2581 2599/2599/2599
f 2587/2587/2587 2599/2599/2599 2602/2602/2602
f 2589/2589/2589 2583/2583/2583 2600/2600/2600
f 2589/2589/2589 2600/2600/2600 2603/2603/2603
f 392/392/392 2585/2585/2585 2601/2601/2601
f 392/392/392 2601/2601/2601 396/396/396
f 2591/2591/2591 2587/2587/2587 2602/2602/2602
f 2591/2591/2591 2602/2602/2602 2604/2604/2604
f 2593/2593/2593 2589/2589/2589 2603/2603/2603
f 2593/2593/2593 2603/2603/2603 2605/2605/2605
f 2554/2554/2554 389/389/389 394/394/394
f 2554/2554/2554 394/394/394 2606/2606/2606
f 2558/2558/2558 2591/2591/2591 2604/2604/2604
f 2558/2558/2558 2604/2604/2604 2607/2607/2607
f 2562/2562/2562 2593/2593/2593 2605/2605/2605
f 2562/2562/2562 2605/2605/2605 2608/2608/2608
f 2555/2555/2555 2554/2554/2554 2606/2606/2606
f 2555/2555/2555 2606/2606/2606 2609/2609/2609
f 2559/2559/2559 2558/2558/2558 2607/2607/2607
f 2559/2559/2559 2607/2607/2607 2610/2610/2610
f 2563/2563/2563 2562/2562/2562 2608/2608/2608
f 2563/2563/2563 2608/2608/2608 2611/2611/2611
f 2565/2565/2565 2555/2555/2555 2609/2609/2609
f 2565/2565/2565 2609/2609/2609 2612/2612/2612
f 2567/2567/2567 2559/2559/2559 2610/2610/2610
f 2567/2567/2567 2610/2610/2610 2613/2613/2613
f 2569/2569/2569 2563/2563/2563 2611/2611/2611
f 2569/2569/2569 2611/2611/2611 2614/2614/2614
f 2571/2571/2571 2565/2565/2565 2612/2612/2612
f 2571/2571/2571 2612/2612/2612 2594/2594/2594
f 2573/2573/2573 2567/2567/2567 2613/2613/2613
f 2573/2573/2573 2613/2613/2613 2596/2596/2596
f 2575/2575/2575 2569/2569/2569 2614/2614/2614
f 2575/2575/2575 2614/2614/2614 2598/2598/2598
f 2604/2604/2604 2602/2602/2602 2615/2615/2615
f 2604/2604/2604 2615/2615/2615 2616/2616/2616
f 2605/2605/2605 2603/2603/2603 2617/2617/2617
f 2605/2605/2605 2617/2617/2617 2618/2618/2618
f 2606/2606/2606 394/394/394 400/400/400
f 2606/2606/2606 400/400/400 2619/2619/2619
f 2607/2607/2607 2604/2604/2604 2616/2616/2616
f 2607/2607/2607 2616/2616/2616 2620/2620/2620
f 2608/2608/2608 2605/2605/2605 2618/2618/2618
f 2608/2608/2608 2618/2618/2618 2621/2621/2621
f 2609/2609/2609 2606/2606/2606 2619/2619/2619
f 2609/2609/2609 2619/2619/2619 2622/2622/2622
f 2610/2610/2610 2607/2607/2607 2620/2620/2620
f 2610/2610/2610 2620/2620/2620 2623/2623/2623
f 2611/2611/2611 2608/2608/2608 2621/2621/2621
f 2611/2611/2611 2621/2621/2621 2624/2624/2624
f 2612/2612/2612 2609/2609/2609 2622/2622/2622
f 2612/2612/2612 2622/2622/2622 2625/2625/2625
f 2613/2613/2613 2610/2610/2610 2623/2623/2623
f 2613/2613/2613 2623/2623/2623 2626/2626/2626
f 2614/2614/2614 2611/2611/2611 2624/2624/2624
f 2614/2614/2614 2624/2624/2624 2627/2627/2627
f 2594/2594/2594 2612/2612/2612 2625/2625/2625
f 2594/2594/2594 2625/2625/2625 2628/2628/2628
f 2596/2596/2596 2613/2613/2613 2626/2626/2626
f 2596/2596/2596 2626/2626/2626 2629/2629/2629
f 2598/2598/2598 2614/2614/2614 2627/2627/2627
f 2598/2598/2598 2627/2627/2627 2630/2630/2630
f 2595/2595/2595 2594/2594/2594 2628/2628/2628
f 2595/2595/2595 2628/2628/2628 2631/2631/2631
f 2597/2597/2597 2596/2596/2596 2629/2629/2629
f 2597/2597/2597 2629/2629/2629 2632/2632/2632
f 2599/2599/2599 2598/2598/2598 2630/2630/2630
f 2599/2599/2599 2630/2630/2630 2633/2633/2633
f 2600/2600/2600 2595/2595/2595 2631/2631/2631
f 2600/2600/2600 2631/2631/2631 2634/2634/2634
f 2601/2601/2601 2597/2597/2597 2632/2632/2632
f 2601/2601/2601 2632/2632/2632 2635/2635/2635
f 2602/2602/2602 2599/2599/2599 2633/2633/2633
f 2602/2602/2602 2633/2633/2633 2615/2615/2615
f 2603/2603/2603 2600/2600/2600 2634/2634/2634
f 2603/2603/2603 2634/2634/2634 2617/2617/2617
f 396/396/396 2601/2601/2601 2635/2635/2635
f 396/396/396 2635/2635/2635 398/398/398
f 2625/2625/2625 2622/2622/2622 2636/2636/2636
f 2625/2625/2625 2636/2636/2636 2637/2637/2637
f 2626/2626/2626 2623/2623/2623 2638/2638/2638
f 2626/2626/2626 2638/2638/2638 2639/2639/2639
f 2627/2627/2627 2624/2624/2624 2640/2640/2640
f 2627/2627/2627 2640/2640/2640 2641/2641/2641
f 2628/2628/2628 2625/2625/2625 2637/2637/2637
f 2628/2628/2628 2637/2637/2637 2642/2642/2642
f 2629/2629/2629 2626/2626/2626 2639/2639/2639
f 2629/2629/2629 2639/2639/2639 2643/2643/2643
f 2630/2630/2630 2627/2627/2627 2641/2641/2641
f 2630/2630/2630 2641/2641/2641 2644/2644/2644
f 2631/2631/2631 2628/2628/2628 2642/2642/2642
f 2631/2631/2631 2642/2642/2642 2645/2645/2645
f 2632/2632/2632 2629/2629/2629 2643/2643/2643
f 2632/2632/2632 2643/2643/2643 2646/2646/2646
f 2633/2633/2633 2630/2630/2630 2644/2644/2644
f 2633/2633/2633 2644/2644/2644 2647/2647/2647
f 2634/2634/2634 2631/2631/2631 2645/2645/2645
f 2634/2634/2634 2645/2645/2645 2648/2648/2648
f 2635/2635/2635 2632/2632/2632 2646/2646/2646
f 2635/2635/2635 2646/2646/2646 2649/2649/2649
f 2615/2615/2615 2633/2633/2633 2647/2647/2647
f 2615/2615/2615 2647/2647/2647 2650/2650/2650
f 2617/2617/2617 2634/2634/2634 2648/2648/2648
f 2617/2617/2617 2648/2648/2648 2651/2651/2651
f 398/398/398 2635/2635/2635 2649/2649/2649
f 398/398/398 2649/2649/2649 404/404/404
f 2616/2616/2616 2615/2615/2615 2650/2650/2650
f 2616/2616/2616 2650/2650/2650 2652/2652/2652
f 2618/2618/2618 2617/2617/2617 2651/2651/2651
f 2618/2618/2618 2651/2651/2651 2653/2653/2653
f 2619/2619/2619 400/400/400 402/402/402
f 2619/2619/2619 402/402/402 2654/2654/2654
f 2620/2620/2620 2616/2616/2616 2652/2652/2652
f 2620/2620/2620 2652/2652/2652 2655/2655/2655
f 2621/2621/2621 2618/2618/2618 2653/2653/2653
f 2621/2621/2621 2653/2653/2653 2656/2656/2656
f 2622/2622/2622 2619/2619/2619 2654/2654/2654
f 2622/2622/2622 2654/2654/2654 2636/2636/2636
f 2623/2623/2623 2620/2620/2620 2655/2655/2655
f 2623/2623/2623 2655/2655/2655 2638/2638/2638
f 2624/2624/2624 2621/2621/2621 2656/2656/2656
f 2624/2624/2624 2656/2656/2656 2640/2640/2640
f 2648/2648/2648 2645/2645/2645 2657/2657/2657
f 2648/2648/2648 2657/2657/2657 2658/2658/2658
f 2649/2649/2649 2646/2646/2646 2659/2659/2659
f 2649/2649/2649 2659/2659/2659 2660/2660/2660
f 2650/2650/2650 2647/2647/2647 2661/2661/2661
f 2650/2650/2650 2661/2661/2661 2662/2662/2662
f 2651/2651/2651 2648/2648/2648 2658/2658/2658
f 2651/2651/2651 2658/2658/2658 2663/2663/2663
f 404/404/404 2649/2649/2649 2660/2660/2660
f 404/404/404 2660/2660/2660 408/408/408
f 2652/2652/2652 2650/2650/2650 2662/2662/2662
f 2652/2652/2652 2662/2662/2662 2664/2664/2664
f 2653/2653/2653 2651/2651/2651 2663/2663/2663
f 2653/2653/2653 2663/2663/2663 2665/2665/2665
f 2654/2654/2654 402/402/402 406/406/406
f 2654/2654/2654 406/406/406 2666/2666/2666
f 2655/2655/2655 2652/2652/2652 2664/2664/2664
f 2655/2655/2655 2664/2664/2664 2667/2667/2667
f 2656/2656/2656 2653/2653/2653 2665/2665/2665
f 2656/2656/2656 2665/2665/2665 2668/2668/2668
f 2636/2636/2636 2654/2654/2654 2666/2666/2666
f 2636/2636/2636 2666/2666/2666 2669/2669/2669
f 2638/2638/2638 2655/2655/2655 2667/2667/2667
f 2638/2638/2638 2667/2667/2667 2670/2670/2670
f 2640/2640/2640 2656/2656/2656 2668/2668/2668
f 2640/2640/2640 2668/2668/2668 2671/2671/2671
f 2637/2637/2637 2636/2636/2636 2669/2669/2669
f 2637/2637/2637 2669/2669/2669 2672/2672/2672
f 2639/2639/2639 2638/2638/2638 2670/2670/2670
f 2639/2639/2639 2670/2670/2670 2673/2673/2673
f 2641/2641/2641 2640/2640/2640 2671/2671/2671
f 2641/2641/2641 2671/2671/2671 2674/2674/2674
f 2642/2642/2642 2637/2637/2637 2672/2672/2672
f 2642/2642/2642 2672/2672/2672 2675/2675/2675
f 2643/2643/2643 2639/2639/2639 2673/2673/2673
f 2643/2643/2643 2673/2673/2673 2676/2676/2676
f 2644/2644/2644 2641/2641/2641 2674/2674/2674
f 2644/2644/2644 2674/2674/2674 2677/2677/2677
f 2645/2645/2645 2642/2642/2642 2675/2675/2675
f 2645/2645/2645 2675/2675/2675 2657/2657/2657
f 2646/2646/2646 2643/2643/2643 2676/2676/2676
f 2646/2646/2646 2676/2676/2676 2659/2659/2659
f 2647/2647/2647 2644/2644/2644 2677/2677/2677
f 2647/2647/2647 2677/2677/2677 2661/2661/2661
f 2659/2659/2659 2676/2676/2676 2678/2678/2678
f 2659/2659/2659 2678/2678/2678 2679/2679/2679
f 2661/2661/2661 2677/2677/2677 2680/2680/2680
f 2661/2661/2661 2680/2680/2680 2681/2681/2681
f 2658/2658/2658 2657/2657/2657 2682/2682/2682
f 2658/2658/2658 2682/2682/2682 2683/2683/2683
f 2660/2660/2660 2659/2659/2659 2679/2679/2679
f 2660/2660/2660 2679/2679/2679 2684/2684/2684
f 2662/2662/2662 2661/2661/2661 2681/2681/2681
f 2662/2662/2662 2681/2681/2681 2685/2685/2685
f 2663/2663/2663 2658/2658/2658 2683/2683/2683
f 2663/2663/2663 2683/2683/2683 2686/2686/2686
f 408/408/408 2660/2660/2660 2684/2684/2684
f 408/408/408 2684/2684/2684 412/412/412
f 2664/2664/2664 2662/2662/2662 2685/2685/2685
f 2664/2664/2664 2685/2685/2685 2687/2687/2687
f 2665/2665/2665 2663/2663/2663 2686/2686/2686
f 2665/2665/2665 2686/2686/2686 2688/2688/2688
f 2666/2666/2666 406/406/406 410/410/410
f 2666/2666/2666 410/410/410 2689/2689/2689
f 2667/2667/2667 2664/2664/2664 2687/2687/2687
f 2667/2667/2667 2687/2687/2687 2690/2690/2690
f 2668/2668/2668 2665/2665/2665 2688/2688/2688
f 2668/2668/2668 2688/2688/2688 2691/2691/2691
f 2669/2669/2669 2666/2666/2666 2689/2689/2689
f 2669/2669/2669 2689/2689/2689 2692/2692/2692
f 2670/2670/2670 2667/2667/2667 2690/2690/2690
f 2670/2670/2670 2690/2690/2690 2693/2693/2693
f 2671/2671/2671 2668/2668/2668 2691/2691/2691
f 2671/2671/2671 2691/2691/2691 2694/2694/2694
f 2672/2672/2672 2669/2669/2669 2692/2692/2692
f 2672/2672/2672 2692/2692/2692 2695/2695/2695
f 2673/2673/2673 2670/2670/2670 2693/2693/2693
f 2673/2673/2673 2693/2693/2693 2696/2696/2696
f 2674/2674/2674 2671/2671/2671 2694/2694/2694
f 2674/2674/2674 2694/2694/2694 2697/2697/2697
f 2675/2675/2675 2672/2672/2672 2695/2695/2695
f 2675/2675/2675 2695/2695/2695 2698/2698/2698
f 2676/2676/2676 2673/2673/2673 2696/2696/2696
f 2676/2676/2676 2696/2696/2696 2678/2678/2678
f 2677/2677/2677 2674/2674/2674 2697/2697/2697
f 2677/2677/2677 2697/2697/2697 2680/2680/2680
f 2657/2657/2657 2675/2675/2675 2698/2698/2698
f 2657/2657/2657 2698/2698/2698 2682/2682/2682
f 2688/2688/2688 2686/2686/2686 2699/2699/2699
f 2688/2688/2688 2699/2699/2699 2700/2700/2700
f 2689/2689/2689 410/410/410 416/416/416
f 2689/2689/2689 416/416/416 2701/2701/2701
f 2690/2690/2690 2687/2687/2687 2702/2702/2702
f 2690/2690/2690 2702/2702/2702 2703/2703/2703
f 2691/2691/2691 2688/2688/2688 2700/2700/2700
f 2691/2691/2691 2700/2700/2700 2704/2704/2704
f 2692/2692/2692 2689/2689/2689 2701/2701/2701
f 2692/2692/2692 2701/2701/2701 2705/2705/2705
f 2693/2693/2693 2690/2690/2690 2703/2703/2703
f 2693/2693/2693 2703/2703/2703 2706/2706/2706
f 2694/2694/2694 2691/2691/2691 2704/2704/2704
f 2694/2694/2694 2704/2704/2704 2707/2707/2707
f 2695/2695/2695 2692/2692/2692 2705/2705/2705
f 2695/2695/2695 2705/2705/2705 2708/2708/2708
f 2696/2696/2696 2693/2693/2693 2706/2706/2706
f 2696/2696/2696 2706/2706/2706 2709/2709/2709
f 2697/2697/2697 2694/2694/2694 2707/2707/2707
f 2697/2697/2697 2707/2707/2707 2710/2710/2710
f 2698/2698/2698 2695/2695/2695 2708/2708/2708
f 2698/2698/2698 2708/2708/2708 2711/2711/2711
f 2678/2678/2678 2696/2696/2696 2709/2709/2709
f 2678/2678/2678 2709/2709/2709 2712/2712/2712
f 2680/2680/2680 2697/2697/2697 2710/2710/2710
f 2680/2680/2680 2710/2710/2710 2713/2713/2713
f 2682/2682/2682 2698/2698/2698 2711/2711/2711
f 2682/2682/2682 2711/2711/2711 2714/2714/2714
f 2679/2679/2679 2678/2678/2678 2712/2712/2712
f 2679/2679/2679 2712/2712/2712 2715/2715/2715
f 2681/2681/2681 2680/2680/2680 2713/2713/2713
f 2681/2681/2681 2713/2713/2713 2716/2716/2716
f 2683/2683/2683 2682/2682/2682 2714/2714/2714
f 2683/2683/2683 2714/2714/2714 2717/2717/2717
f 2684/2684/2684 2679/2679/2679 2715/2715/2715
f 2684/2684/2684 2715/2715/2715 2718/2718/2718
f 2685/2685/2685 2681/2681/2681 2716/2716/2716
f 2685/2685/2685 2716/2716/2716 2719/2719/2719
f 2686/2686/2686 2683/2683/2683 2717/2717/2717
f 2686/2686/2686 2717/2717/2717 2699/2699/2699
f 412/412/412 2684/2684/2684 2718/2718/2718
f 412/412/412 2718/2718/2718 414/414/414
f 2687/2687/2687 2685/2685/2685 2719/2719/2719
f 2687/2687/2687 2719/2719/2719 2702/2702/2702
f 2710/2710/2710 2707/2707/2707 2720/2720/2720
f 2710/2710/2710 2720/2720/2720 2721/2721/2721
f 2711/2711/2711 2708/2708/2708 2722/2722/2722
f 2711/2711/2711 2722/2722/2722 2723/2723/2723
f 2712/2712/2712 2709/2709/2709 2724/2724/2724
f 2712/2712/2712 2724/2724/2724 2725/2725/2725
f 2713/2713/2713 2710/2710/2710 2721/2721/2721
f 2713/2713/2713 2721/2721/2721 2726/2726/2726
f 2714/2714/2714 2711/2711/2711 2723/2723/2723
f 2714/2714/2714 2723/2723/2723 2727/2727/2727
f 2715/2715/2715 2712/2712/2712 2725/2725/2725
f 2715/2715/2715 2725/2725/2725 2728/2728/2728
f 2716/2716/2716 2713/2713/2713 2726/2726/2726
f 2716/2716/2716 2726/2726/2726 2729/2729/2729
f 2717/2717/2717 2714/2714/2714 2727/2727/2727
f 2717/2717/2717 2727/2727/2727 2730/2730/2730
f 2718/2718/2718 2715/2715/2715 2728/2728/2728
f 2718/2718/2718 2728/2728/2728 2731/2731/2731
f 2719/2719/2719 2716/2716/2716 2729/2729/2729
f 2719/2719/2719 2729/2729/2729 2732/2732/2732
f 2699/2699/2699 2717/2717/2717 2730/2730/2730
f 2699/2699/2699 2730/2730/2730 2733/2733/2733
f 414/414/414 2718/2718/2718 2731/2731/2731
f 414/414/414 2731/2731/2731 420/420/420
f 2702/2702/2702 2719/2719/2719 2732/2732/2732
f 2702/2702/2702 2732/2732/2732 2734/2734/2734
f 2700/2700/2700 2699/2699/2699 2733/2733/2733
f 2700/2700/2700 2733/2733/2733 2735/2735/2735
f 2701/2701/2701 416/416/416 418/418/418
f 2701/2701/2701 418/418/418 2736/2736/2736
f 2703/2703/2703 2702/2702/2702 2734/2734/2734
f 2703/2703/2703 2734/2734/2734 2737/2737/2737
f 2704/2704/2704 2700/2700/2700 2735/2735/2735
f 2704/2704/2704 2735/2735/2735 2738/2738/2738
f 2705/2705/2705 2701/2701/2701 2736/2736/2736
f 2705/2705/2705 2736/2736/2736 2739/2739/2739
f 2706/2706/2706 2703/2703/2703 2737/2737/2737
f 2706/2706/2706 2737/2737/2737 2740/2740/2740
f 2707/2707/2707 2704/2704/2704 2738/2738/2738
f 2707/2707/2707 2738/2738/2738 2720/2720/2720
f 2708/2708/2708 2705/2705/2705 2739/2739/2739
f 2708/2708/2708 2739/2739/2739 2722/2722/2722
f 2709/2709/2709 2706/2706/2706 2740/2740/2740
f 2709/2709/2709 2740/2740/2740 2724/2724/2724
f 2731/2731/2731 2728/2728/2728 2741/2741/2741
f 2731/2731/2731 2741/2741/2741 2742/2742/2742
f 2732/2732/2732 2729/2729/2729 2743/2743/2743
f 2732/2732/2732 2743/2743/2743 2744/2744/2744
f 2733/2733/2733 2730/2730/2730 2745/2745/2745
f 2733/2733/2733 2745/2745/2745 2746/2746/2746
f 420/420/420 2731/2731/2731 2742/2742/2742
f 420/420/420 2742/2742/2742 424/424/424
f 2734/2734/2734 2732/2732/2732 2744/2744/2744
f 2734/2734/2734 2744/2744/2744 2747/2747/2747
f 2735/2735/2735 2733/2733/2733 2746/2746/2746
f 2735/2735/2735 2746/2746/2746 2748/2748/2748
f 2736/2736/2736 418/418/418 422/422/422
f 2736/2736/2736 422/422/422 2749/2749/2749
f 2737/2737/2737 2734/2734/2734 2747/2747/2747
f 2737/2737/2737 2747/2747/2747 2750/2750/2750
f 2738/2738/2738 2735/2735/2735 2748/2748/2748
f 2738/2738/2738 2748/2748/2748 2751/2751/2751
f 2739/2739/2739 2736/2736/2736 2749/2749/2749
f 2739/2739/2739 2749/2749/2749 2752/2752/2752
f 2740/2740/2740 2737/2737/2737 2750/2750/2750
f 2740/2740/2740 2750/2750/2750 2753/2753/2753
f 2720/2720/2720 2738/2738/2738 2751/2751/2751
f 2720/2720/2720 2751/2751/2751 2754/2754/2754
f 2722/2722/2722 2739/2739/2739 2752/2752/2752
f 2722/2722/2722 2752/2752/2752 2755/2755/2755
f 2724/2724/2724 2740/2740/2740 2753/2753/2753
f 2724/2724/2724 2753/2753/2753 2756/2756/2756
f 2721/2721/2721 2720/2720/2720 2754/2754/2754
f 2721/2721/2721 2754/2754/2754 2757/2757/2757
f 2723/2723/2723 2722/2722/2722 2755/2755/2755
f 2723/2723/2723 2755/2755/2755 2758/2758/2758
f 2725/2725/2725 2724/2724/2724 2756/2756/2756
f 2725/2725/2725 2756/2756/2756 2759/2759/2759
f 2726/2726/2726 2721/2721/2721 2757/2757/2757
f 2726/2726/2726 2757/2757/2757 2760/2760/2760
f 2727/2727/2727 2723/2723/2723 2758/2758/2758
f 2727/2727/2727 2758/2758/2758 2761/2761/2761
f 2728/2728/2728 2725/2725/2725 2759/2759/2759
f 2728/2728/2728 2759/2759/2759 2741/2741/2741
f 2729/2729/2729 2726/2726/2726 2760/2760/2760
f 2729/2729/2729 2760/2760/2760 2743/2743/2743
f 2730/2730/2730 2727/2727/2727 2761/2761/2761
f 2730/2730/2730 2761/2761/2761 2745/2745/2745
f 2751/2751/2751 2748/2748/2748 2762/2762/2762
f 2751/2751/2751 2762/2762/2762 2763/2763/2763
f 2752/2752/2752 2749/2749/2749 2764/2764/2764
f 2752/2752/2752 2764/2764/2764 2765/2765/2765
f 2753/2753/2753 2750/2750/2750 2766/2766/2766
f 2753/2753/2753 2766/2766/2766 2767/2767/2767
f 2754/2754/2754 2751/2751/2751 2763/2763/2763
f 2754/2754/2754 2763/2763/2763 2768/2768/2768
f 2755/2755/2755 2752/2752/2752 2765/2765/2765
f 2755/2755/2755 2765/2765/2765 2769/2769/2769
f 2756/2756/2756 2753/2753/2753 2767/2767/2767
f 2756/2756/2756 2767/2767/2767 2770/2770/2770
f 2757/2757/2757 2754/2754/2754 2768/2768/2768
f 2757/2757/2757 2768/2768/2768 2771/2771/2771
f 2758/2758/2758 2755/2755/2755 2769/2769/2769
f 2758/2758/2758 2769/2769/2769 2772/2772/2772
f 2759/2759/2759 2756/2756/2756 2770/2770/2770
f 2759/2759/2759 2770/2770/2770 2773/2773/2773
f 2760/2760/2760 2757/2757/2757 2771/2771/2771
f 2760/2760/2760 2771/2771/2771 2774/2774/2774
f 2761/2761/2761 2758/2758/2758 2772/2772/2772
f 2761/2761/2761 2772/2772/2772 2775/2775/2775
f 2741/2741/2741 2759/2759/2759 2773/2773/2773
f 2741/2741/2741 2773/2773/2773 2776/2776/2776
f 2743/2743/2743 2760/2760/2760 2774/2774/2774
f 2743/2743/2743 2774/2774/2774 2777/2777/2777
f 2745/2745/2745 2761/2761/2761 2775/2775/2775
f 2745/2745/2745 2775/2775/2775 2778/2778/2778
f 2742/2742/2742 2741/2741/2741 2776/2776/2776
f 2742/2742/2742 2776/2776/2776 2779/2779/2779
f 2744/2744/2744 2743/2743/2743 2777/2777/2777
f 2744/2744/2744 2777/2777/2777 2780/2780/2780
f 2746/2746/2746 2745/2745/2745 2778/2778/2778
f 2746/2746/2746 2778/2778/2778 2781/2781/2781
f 424/424/424 2742/2742/2742 2779/2779/2779
f 424/424/424 2779/2779/2779 428/428/428
f 2747/2747/2747 2744/2744/2744 2780/2780/2780
f 2747/2747/2747 2780/2780/2780 2782/2782/2782
f 2748/2748/2748 2746/2746/2746 2781/2781/2781
f 2748/2748/2748 2781/2781/2781 2762/2762/2762
f 2749/2749/2749 422/422/422 426/426/426
f 2749/2749/2749 426/426/426 2764/2764/2764
f 2750/2750/2750 2747/2747/2747 2782/2782/2782
f 2750/2750/2750 2782/2782/2782 2766/2766/2766
f 2774/2774/2774 2771/2771/2771 2783/2783/2783
f 2774/2774/2774 2783/2783/2783 2784/2784/2784
f 2775/2775/2775 2772/2772/2772 2785/2785/2785
f 2775/2775/2775 2785/2785/2785 2786/2786/2786
f 2776/2776/2776 2773/2773/2773 2787/2787/2787
f 2776/2776/2776 2787/2787/2787 2788/2788/2788
f 2777/2777/2777 2774/2774/2774 2784/2784/2784
f 2777/2777/2777 2784/2784/2784 2789/2789/2789
f 2778/2778/2778 2775/2775/2775 2786/2786/2786
f 2778/2778/2778 2786/2786/2786 2790/2790/2790
f 2779/2779/2779 2776/2776/2776 2788/2788/2788
f 2779/2779/2779 2788/2788/2788 2791/2791/2791
f 2780/2780/2780 2777/2777/2777 2789/2789/2789
f 2780/2780/2780 2789/2789/2789 2792/2792/2792
f 2781/2781/2781 2778/2778/2778 2790/2790/2790
f 2781/2781/2781 2790/2790/2790 2793/2793/2793
f 428/428/428 2779/2779/2779 2791/2791/2791
f 428/428/428 2791/2791/2791 432/432/432
f 2782/2782/2782 2780/2780/2780 2792/2792/2792
f 2782/2782/2782 2792/2792/2792 2794/2794/2794
f 2762/2762/2762 2781/2781/2781 2793/2793/2793
f 2762/2762/2762 2793/2793/2793 2795/2795/2795
f 2764/2764/2764 426/426/426 430/430/430
f 2764/2764/2764 430/430/430 2796/2796/2796
f 2766/2766/2766 2782/2782/2782 2794/2794/2794
f 2766/2766/2766 2794/2794/2794 2797/2797/2797
f 2763/2763/2763 2762/2762/2762 2795/2795/2795
f 2763/2763/2763 2795/2795/2795 2798/2798/2798
f 2765/2765/2765 2764/2764/2764 2796/2796/2796
f 2765/2765/2765 2796/2796/2796 2799/2799/2799
f 2767/2767/2767 2766/2766/2766 2797/2797/2797
f 2767/2767/2767 2797/2797/2797 2800/2800/2800
f 2768/2768/2768 2763/2763/2763 2798/2798/2798
f 2768/2768/2768 2798/2798/2798 2801/2801/2801
f 2769/2769/2769 2765/2765/2765 2799/2799/2799
f 2769/2769/2769 2799/2799/2799 2802/2802/2802
f 2770/2770/2770 2767/2767/2767 2800/2800/2800
f 2770/2770/2770 2800/2800/2800 2803/2803/2803
f 2771/2771/2771 2768/2768/2768 2801/2801/2801
f 2771/2771/2771 2801/2801/2801 2783/2783/2783
f 2772/2772/2772 2769/2769/2769 2802/2802/2802
f 2772/2772/2772 2802/2802/2802 2785/2785/2785
f 2773/2773/2773 2770/2770/2770 2803/2803/2803
f 2773/2773/2773 2803/2803/2803 2787/2787/2787
f 432/432/432 2791/2791/2791 2804/2804/2804
f 432/432/432 2804/2804/2804 436/436/436
f 2794/2794/2794 2792/2792/2792 2805/2805/2805
f 2794/2794/2794 2805/2805/2805 2806/2806/2806
f 2795/2795/2795 2793/2793/2793 2807/2807/2807
f 2795/2795/2795 2807/2807/2807 2808/2808/2808
f 2796/2796/2796 430/430/430 434/434/434
f 2796/2796/2796 434/434/434 2809/2809/2809
f 2797/2797/2797 2794/2794/2794 2806/2806/2806
f 2797/2797/2797 2806/2806/2806 2810/2810/2810
f 2798/2798/2798 2795/2795/2795 2808/2808/2808
f 2798/2798/2798 2808/2808/2808 2811/2811/2811
f 2799/2799/2799 2796/2796/2796 2809/2809/2809
f 2799/2799/2799 2809/2809/2809 2812/2812/2812
f 2800/2800/2800 2797/2797/2797 2810/2810/2810
f 2800/2800/2800 2810/2810/2810 2813/2813/2813
f 2801/2801/2801 2798/2798/2798 2811/2811/2811
f 2801/2801/2801 2811/2811/2811 2814/2814/2814
f 2802/2802/2802 2799/2799/2799 2812/2812/2812
f 2802/2802/2802 2812/2812/2812 2815/2815/2815
f 2803/2803/2803 2800/2800/2800 2813/2813/2813
f 2803/2803/2803 2813/2813/2813 2816/2816/2816
f 2783/2783/2783 2801/2801/2801 2814/2814/2814
f 2783/2783/2783 2814/2814/2814 2817/2817/2817
f 2785/2785/2785 2802/2802/2802 2815/2815/2815
f 2785/2785/2785 2815/2815/2815 2818/2818/2818
f 2787/2787/2787 2803/2803/2803 2816/2816/2816
f 2787/2787/2787 2816/2816/2816 2819/2819/2819
f 2784/2784/2784 2783/2783/2783 2817/2817/2817
f 2784/2784/2784 2817/2817/2817 2820/2820/2820
f 2786/2786/2786 2785/2785/2785 2818/2818/2818
f 2786/2786/2786 2818/2818/2818 2821/2821/2821
f 2788/2788/2788 2787/2787/2787 2819/2819/2819
f 2788/2788/2788 2819/2819/2819 2822/2822/2822
f 2789/2789/2789 2784/2784/2784 2820/2820/2820
f 2789/2789/2789 2820/2820/2820 2823/2823/2823
f 2790/2790/2790 2786/2786/2786 2821/2821/2821
f 2790/2790/2790 2821/2821/2821 2824/2824/2824
f 2791/2791/2791 2788/2788/2788 2822/2822/2822
f 2791/2791/2791 2822/2822/2822 2804/2804/2804
f 2792/2792/2792 2789/2789/2789 2823/2823/2823
f 2792/2792/2792 2823/2823/2823 2805/2805/2805
f 2793/2793/2793 2790/2790/2790 2824/2824/2824
f 2793/2793/2793 2824/2824/2824 2807/2807/2807
f 2814/2814/2814 2811/2811/2811 2825/2825/2825
f 2814/2814/2814 2825/2825/2825 2826/2826/2826
f 2815/2815/2815 2812/2812/2812 2827/2827/2827
f 2815/2815/2815 2827/2827/2827 2828/2828/2828
f 2816/2816/2816 2813/2813/2813 2829/2829/2829
f 2816/2816/2816 2829/2829/2829 2830/2830/2830
f 2817/2817/2817 2814/2814/2814 2826/2826/2826
f 2817/2817/2817 2826/2826/2826 2831/2831/2831
f 2818/2818/2818 2815/2815/2815 2828/2828/2828
f 2818/2818/2818 2828/2828/2828 2832/2832/2832
f 2819/2819/2819 2816/2816/2816 2830/2830/2830
f 2819/2819/2819 2830/2830/2830 2833/2833/2833
f 2820/2820/2820 2817/2817/2817 2831/2831/2831
f 2820/2820/2820 2831/2831/2831 2834/2834/2834
f 2821/2821/2821 2818/2818/2818 2832/2832/2832
f 2821/2821/2821 2832/2832/2832 2835/2835/2835
f 2822/2822/2822 2819/2819/2819 2833/2833/2833
f 2822/2822/2822 2833/2833/2833 2836/2836/2836
f 2823/2823/2823 2820/2820/2820 2834/2834/2834
f 2823/2823/2823 2834/2834/2834 2837/2837/2837
f 2824/2824/2824 2821/2821/2821 2835/2835/2835
f 2824/2824/2824 2835/2835/2835 2838/2838/2838
f 2804/2804/2804 2822/2822/2822 2836/2836/2836
f 2804/2804/2804 2836/2836/2836 2839/2839/2839
f 2805/2805/2805 2823/2823/2823 2837/2837/2837
f 2805/2805/2805 2837/2837/2837 2840/2840/2840
f 2807/2807/2807 2824/2824/2824 2838/2838/2838
f 2807/2807/2807 2838/2838/2838 2841/2841/2841
f 436/436/436 2804/2804/2804 2839/2839/2839
f 436/436/436 2839/2839/2839 440/440/440
f 2806/2806/2806 2805/2805/2805 2840/2840/2840
f 2806/2806/2806 2840/2840/2840 2842/2842/2842
f 2808/2808/2808 2807/2807/2807 2841/2841/2841
f 2808/2808/2808 2841/2841/2841 2843/2843/2843
f 2809/2809/2809 434/434/434 438/438/438
f 2809/2809/2809 438/438/438 2844/2844/2844
f 2810/2810/2810 2806/2806/2806 2842/2842/2842
f 2810/2810/2810 2842/2842/2842 2845/2845/2845
f 2811/2811/2811 2808/2808/2808 2843/2843/2843
f 2811/2811/2811 2843/2843/2843 2825/2825/2825
f 2812/2812/2812 2809/2809/2809 2844/2844/2844
f 2812/2812/2812 2844/2844/2844 2827/2827/2827
f 2813/2813/2813 2810/2810/2810 2845/2845/2845
f 2813/2813/2813 2845/2845/2845 2829/2829/2829
f 2837/2837/2837 2834/2834/2834 2846/2846/2846
f 2837/2837/2837 2846/2846/2846 2847/2847/2847
f 2838/2838/2838 2835/2835/2835 2848/2848/2848
f 2838/2838/2838 2848/2848/2848 2849/2849/2849
f 2839/2839/2839 2836/2836/2836 2850/2850/2850
f 2839/2839/2839 2850/2850/2850 2851/2851/2851
f 2840/2840/2840 2837/2837/2837 2847/2847/2847
f 2840/2840/2840 2847/2847/2847 2852/2852/2852
f 2841/2841/2841 2838/2838/2838 2849/2849/2849
f 2841/2841/2841 2849/2849/2849 2853/2853/2853
f 440/440/440 2839/2839/2839 2851/2851/2851
f 440/440/440 2851/2851/2851 444/444/444
f 2842/2842/2842 2840/2840/2840 2852/2852/2852
f 2842/2842/2842 2852/2852/2852 2854/2854/2854
f 2843/2843/2843 2841/2841/2841 2853/2853/2853
f 2843/2843/2843 2853/2853/2853 2855/2855/2855
f 2844/2844/2844 438/438/438 442/442/442
f 2844/2844/2844 442/442/442 2856/2856/2856
f 2845/2845/2845 2842/2842/2842 2854/2854/2854
f 2845/2845/2845 2854/2854/2854 2857/2857/2857
f 2825/2825/2825 2843/2843/2843 2855/2855/2855
f 2825/2825/2825 2855/2855/2855 2858/2858/2858
f 2827/2827/2827 2844/2844/2844 2856/2856/2856
f 2827/2827/2827 2856/2856/2856 2859/2859/2859
f 2829/2829/2829 2845/2845/2845 2857/2857/2857
f 2829/2829/2829 2857/2857/2857 2860/2860/2860
f 2826/2826/2826 2825/2825/2825 2858/2858/2858
f 2826/2826/2826 2858/2858/2858 2861/2861/2861
f 2828/2828/2828 2827/2827/2827 2859/2859/2859
f 2828/2828/2828 2859/2859/2859 2862/2862/2862
f 2830/2830/2830 2829/2829/2829 2860/2860/2860
f 2830/2830/2830 2860/2860/2860 2863/2863/2863
f 2831/2831/2831 2826/2826/2826 2861/2861/2861
f 2831/2831/2831 2861/2861/2861 2864/2864/2864
f 2832/2832/2832 2828/2828/2828 2862/2862/2862
f 2832/2832/2832 2862/2862/2862 2865/2865/2865
f 2833/2833/2833 2830/2830/2830 2863/2863/2863
f 2833/2833/2833 2863/2863/2863 2866/2866/2866
f 2834/2834/2834 2831/2831/2831 2864/2864/2864
f 2834/2834/2834 2864/2864/2864 2846/2846/2846
f 2835/2835/2835 2832/2832/2832 2865/2865/2865
f 2835/2835/2835 2865/2865/2865 2848/2848/2848
f 2836/2836/2836 2833/2833/2833 2866/2866/2866
f 2836/2836/2836 2866/2866/2866 2850/2850/2850
f 2856/2856/2856 442/442/442 448/448/448
f 2856/2856/2856 448/448/448 2867/2867/2867
f 2857/2857/2857 2854/2854/2854 2868/2868/2868
f 2857/2857/2857 2868/2868/2868 2869/2869/2869
f 2858/2858/2858 2855/2855/2855 2870/2870/2870
f 2858/2858/2858 2870/2870/2870 2871/2871/2871
f 2859/2859/2859 2856/2856/2856 2867/2867/2867
f 2859/2859/2859 2867/2867/2867 2872/2872/2872
f 2860/2860/2860 2857/2857/2857 2869/2869/2869
f 2860/2860/2860 2869/2869/2869 2873/2873/2873
f 2861/2861/2861 2858/2858/2858 2871/2871/2871
f 2861/2861/2861 2871/2871/2871 2874/2874/2874
f 2862/2862/2862 2859/2859/2859 2872/2872/2872
f 2862/2862/2862 2872/2872/2872 2875/2875/2875
f 2863/2863/2863 2860/2860/2860 2873/2873/2873
f 2863/2863/2863 2873/2873/2873 2876/2876/2876
f 2864/2864/2864 2861/2861/2861 2874/2874/2874
f 2864/2864/2864 2874/2874/2874 2877/2877/2877
f 2865/2865/2865 2862/2862/2862 2875/2875/2875
f 2865/2865/2865 2875/2875/2875 2878/2878/2878
f 2866/2866/2866 2863/2863/2863 2876/2876/2876
f 2866/2866/2866 2876/2876/2876 2879/2879/2879
f 2846/2846/2846 2864/2864/2864 2877/2877/2877
f 2846/2846/2846 2877/2877/2877 2880/2880/2880
f 2848/2848/2848 2865/2865/2865 2878/2878/2878
f 2848/2848/2848 2878/2878/2878 2881/2881/2881
f 2850/2850/2850 2866/2866/2866 2879/2879/2879
f 2850/2850/2850 2879/2879/2879 2882/2882/2882
f 2847/2847/2847 2846/2846/2846 2880/2880/2880
f 2847/2847/2847 2880/2880/2880 2883/2883/2883
f 2849/2849/2849 2848/2848/2848 2881/2881/2881
f 2849/2849/2849 2881/2881/2881 2884/2884/2884
f 2851/2851/2851 2850/2850/2850 2882/2882/2882
f 2851/2851/2851 2882/2882/2882 2885/2885/2885
f 2852/2852/2852 2847/2847/2847 2883/2883/2883
f 2852/2852/2852 2883/2883/2883 2886/2886/2886
f 2853/2853/2853 2849/2849/2849 2884/2884/2884
f 2853/2853/2853 2884/2884/2884 2887/2887/2887
f 444/444/444 2851/2851/2851 2885/2885/2885
f 444/444/444 2885/2885/2885 446/446/446
f 2854/2854/2854 2852/2852/2852 2886/2886/2886
f 2854/2854/2854 2886/2886/2886 2868/2868/2868
f 2855/2855/2855 2853/2853/2853 2887/2887/2887
f 2855/2855/2855 2887/2887/2887 2870/2870/2870
f 2877/2877/2877 2874/2874/2874 2888/2888/2888
f 2877/2877/2877 2888/2888/2888 2889/2889/2889
f 2878/2878/2878 2875/2875/2875 2890/2890/2890
f 2878/2878/2878 2890/2890/2890 2891/2891/2891
f 2879/2879/2879 2876/2876/2876 2892/2892/2892
f 2879/2879/2879 2892/2892/2892 2893/2893/2893
f 2880/2880/2880 2877/2877/2877 2889/2889/2889
f 2880/2880/2880 2889/2889/2889 2894/2894/2894
f 2881/2881/2881 2878/2878/2878 2891/2891/2891
f 2881/2881/2881 2891/2891/2891 2895/2895/2895
f 2882/2882/2882 2879/2879/2879 2893/2893/2893
f 2882/2882/2882 2893/2893/2893 2896/2896/2896
f 2883/2883/2883 2880/2880/2880 2894/2894/2894
f 2883/2883/2883 2894/2894/2894 2897/2897/2897
f 2884/2884/2884 2881/2881/2881 2895/2895/2895
f 2884/2884/2884 2895/2895/2895 2898/2898/2898
f 2885/2885/2885 2882/2882/2882 2896/2896/2896
f 2885/2885/2885 2896/2896/2896 2899/2899/2899
f 2886/2886/2886 2883/2883/2883 2897/2897/2897
f 2886/2886/2886 2897/2897/2897 2900/2900/2900
f 2887/2887/2887 2884/2884/2884 2898/2898/2898
f 2887/2887/2887 2898/2898/2898 2901/2901/2901
f 446/446/446 2885/2885/2885 2899/2899/2899
f 446/446/446 2899/2899/2899 452/452/452
f 2868/2868/2868 2886/2886/2886 2900/2900/2900
f 2868/2868/2868 2900/2900/2900 2902/2902/2902
f 2870/2870/2870 2887/2887/2887 2901/2901/2901
f 2870/2870/2870 2901/2901/2901 2903/2903/2903
f 2867/2867/2867 448/448/448 450/450/450
f 2867/2867/2867 450/450/450 2904/2904/2904
f 2869/2869/2869 2868/2868/2868 2902/2902/2902
f 2869/2869/2869 2902/2902/2902 2905/2905/2905
f 2871/2871/2871 2870/2870/2870 2903/2903/2903
f 2871/2871/2871 2903/2903/2903 2906/2906/2906
f 2872/2872/2872 2867/2867/2867 2904/2904/2904
f 2872/2872/2872 2904/2904/2904 2907/2907/2907
f 2873/2873/2873 2869/2869/2869 2905/2905/2905
f 2873/2873/2873 2905/2905/2905 2908/2908/2908
f 2874/2874/2874 2871/2871/2871 2906/2906/2906
f 2874/2874/2874 2906/2906/2906 2888/2888/2888
f 2875/2875/2875 2872/2872/2872 2907/2907/2907
f 2875/2875/2875 2907/2907/2907 2890/2890/2890
f 2876/2876/2876 2873/2873/2873 2908/2908/2908
f 2876/2876/2876 2908/2908/2908 2892/2892/2892
f 2900/2900/2900 2897/2897/2897 2909/2909/2909
f 2900/2900/2900 2909/2909/2909 2910/2910/2910
f 2901/2901/2901 2898/2898/2898 2911/2911/2911
f 2901/2901/2901 2911/2911/2911 2912/2912/2912
f 452/452/452 2899/2899/2899 2913/2913/2913
f 452/452/452 2913/2913/2913 456/456/456
f 2902/2902/2902 2900/2900/2900 2910/2910/2910
f 2902/2902/2902 2910/2910/2910 2914/2914/2914
f 2903/2903/2903 2901/2901/2901 2912/2912/2912
f 2903/2903/2903 2912/2912/2912 2915/2915/2915
f 2904/2904/2904 450/450/450 454/454/454
f 2904/2904/2904 454/454/454 2916/2916/2916
f 2905/2905/2905 2902/2902/2902 2914/2914/2914
f 2905/2905/2905 2914/2914/2914 2917/2917/2917
f 2906/2906/2906 2903/2903/2903 2915/2915/2915
f 2906/2906/2906 2915/2915/2915 2918/2918/2918
f 2907/2907/2907 2904/2904/2904 2916/2916/2916
f 2907/2907/2907 2916/2916/2916 2919/2919/2919
f 2908/2908/2908 2905/2905/2905 2917/2917/2917
f 2908/2908/2908 2917/2917/2917 2920/2920/2920
f 2888/2888/2888 2906/2906/2906 2918/2918/2918
f 2888/2888/2888 2918/2918/2918 2921/2921/2921
f 2890/2890/2890 2907/2907/2907 2919/2919/2919
f 2890/2890/2890 2919/2919/2919 2922/2922/2922
f 2892/2892/2892 2908/2908/2908 2920/2920/2920
f 2892/2892/2892 2920/2920/2920 2923/2923/2923
f 2889/2889/2889 2888/2888/2888 2921/2921/2921
f 2889/2889/2889 2921/2921/2921 2924/2924/2924
f 2891/2891/2891 2890/2890/2890 2922/2922/2922
f 2891/2891/2891 2922/2922/2922 2925/2925/2925
f 2893/2893/2893 2892/2892/2892 2923/2923/2923
f 2893/2893/2893 2923/2923/2923 2926/2926/2926
f 2894/2894/2894 2889/2889/2889 2924/2924/2924
f 2894/2894/2894 2924/2924/2924 2927/2927/2927
f 2895/2895/2895 2891/2891/2891 2925/2925/2925
f 2895/2895/2895 2925/2925/2925 2928/2928/2928
f 2896/2896/2896 2893/2893/2893 2926/2926/2926
f 2896/2896/2896 2926/2926/2926 2929/2929/2929
f 2897/2897/2897 2894/2894/2894 2927/2927/2927
f 2897/2897/2897 2927/2927/2927 2909/2909/2909
f 2898/2898/2898 2895/2895/2895 2928/2928/2928
f 2898/2898/2898 2928/2928/2928 2911/2911/2911
f 2899/2899/2899 2896/2896/2896 2929/2929/2929
f 2899/2899/2899 2929/2929/2929 2913/2913/2913
f 2919/2919/2919 2916/2916/2916 2930/2930/2930
f 2919/2919/2919 2930/2930/2930 2931/2931/2931
f 2920/2920/2920 2917/2917/2917 2932/2932/2932
f 2920/2920/2920 2932/2932/2932 2933/2933/2933
f 2921/2921/2921 2918/2918/2918 2934/2934/2934
f 2921/2921/2921 2934/2934/2934 2935/2935/2935
f 2922/2922/2922 2919/2919/2919 2931/2931/2931
f 2922/2922/2922 2931/2931/2931 2936/2936/2936
f 2923/2923/2923 2920/2920/2920 2933/2933/2933
f 2923/2923/2923 2933/2933/2933 2937/2937/2937
f 2924/2924/2924 2921/2921/2921 2935/2935/2935
f 2924/2924/2924 2935/2935/2935 2938/2938/2938
f 2925/2925/2925 2922/2922/2922 2936/2936/2936
f 2925/2925/2925 2936/2936/2936 2939/2939/2939
f 2926/2926/2926 2923/2923/2923 2937/2937/2937
f 2926/2926/2926 2937/2937/2937 2940/2940/2940
f 2927/2927/2927 2924/2924/2924 2938/2938/2938
f 2927/2927/2927 2938/2938/2938 2941/2941/2941
f 2928/2928/2928 2925/2925/2925 2939/2939/2939
f 2928/2928/2928 2939/2939/2939 2942/2942/2942
f 2929/2929/2929 2926/2926/2926 2940/2940/2940
f 2929/2929/2929 2940/2940/2940 2943/2943/2943
f 2909/2909/2909 2927/2927/2927 2941/2941/2941
f 2909/2909/2909 2941/2941/2941 2944/2944/2944
f 2911/2911/2911 2928/2928/2928 2942/2942/2942
f 2911/2911/2911 2942/2942/2942 2945/2945/2945
f 2913/2913/2913 2929/2929/2929 2943/2943/2943
f 2913/2913/2913 2943/2943/2943 2946/2946/2946
f 2910/2910/2910 2909/2909/2909 2944/2944/2944
f 2910/2910/2910 2944/2944/2944 2947/2947/2947
f 2912/2912/2912 2911/2911/2911 2945/2945/2945
f 2912/2912/2912 2945/2945/2945 2948/2948/2948
f 456/456/456 2913/2913/2913 2946/2946/2946
f 456/456/456 2946/2946/2946 460/460/460
f 2914/2914/2914 2910/2910/2910 2947/2947/2947
f 2914/2914/2914 2947/2947/2947 2949/2949/2949
f 2915/2915/2915 2912/2912/2912 2948/2948/2948
f 2915/2915/2915 2948/2948/2948 2950/2950/2950
f 2916/2916/2916 454/454/454 458/458/458
f 2916/2916/2916 458/458/458 2930/2930/2930
f 2917/2917/2917 2914/2914/2914 2949/2949/2949
f 2917/2917/2917 2949/2949/2949 2932/2932/2932
f 2918/2918/2918 2915/2915/2915 2950/2950/2950
f 2918/2918/2918 2950/2950/2950 2934/2934/2934
f 2941/2941/2941 2938/2938/2938 2951/2951/2951
f 2941/2941/2941 2951/2951/2951 2952/2952/2952
f 2942/2942/2942 2939/2939/2939 2953/2953/2953
f 2942/2942/2942 2953/2953/2953 2954/2954/2954
f 2943/2943/2943 2940/2940/2940 2955/2955/2955
f 2943/2943/2943 2955/2955/2955 2956/2956/2956
f 2944/2944/2944 2941/2941/2941 2952/2952/2952
f 2944/2944/2944 2952/2952/2952 2957/2957/2957
f 2945/2945/2945 2942/2942/2942 2954/2954/2954
f 2945/2945/2945 2954/2954/2954 2958/2958/2958
f 2946/2946/2946 2943/2943/2943 2956/2956/2956
f 2946/2946/2946 2956/2956/2956 2959/2959/2959
f 2947/2947/2947 2944/2944/2944 2957/2957/2957
f 2947/2947/2947 2957/2957/2957 2960/2960/2960
f 2948/2948/2948 2945/2945/2945 2958/2958/2958
f 2948/2948/2948 2958/2958/2958 2961/2961/2961
f 460/460/460 2946/2946/2946 2959/2959/2959
f 460/460/460 2959/2959/2959 464/464/464
f 2949/2949/2949 2947/2947/2947 2960/2960/2960
f 2949/2949/2949 2960/2960/2960 2962/2962/2962
f 2950/2950/2950 2948/2948/2948 2961/2961/2961
f 2950/2950/2950 2961/2961/2961 2963/2963/2963
f 2930/2930/2930 458/458/458 462/462/462
f 2930/2930/2930 462/462/462 2964/2964/2964
f 2932/2932/2932 2949/2949/2949 2962/2962/2962
f 2932/2932/2932 2962/2962/2962 2965/2965/2965
f 2934/2934/2934 2950/2950/2950 2963/2963/2963
f 2934/2934/2934 2963/2963/2963 2966/2966/2966
f 2931/2931/2931 2930/2930/2930 2964/2964/2964
f 2931/2931/2931 2964/2964/2964 2967/2967/2967
f 2933/2933/2933 2932/2932/2932 2965/2965/2965
f 2933/2933/2933 2965/2965/2965 2968/2968/2968
f 2935/2935/2935 2934/2934/2934 2966/2966/2966
f 2935/2935/2935 2966/2966/2966 2969/2969/2969
f 2936/2936/2936 2931/2931/2931 2967/2967/2967
f 2936/2936/2936 2967/2967/2967 2970/2970/2970
f 2937/2937/2937 2933/2933/2933 2968/2968/2968
f 2937/2937/2937 2968/2968/2968 2971/2971/2971
f 2938/2938/2938 2935/2935/2935 2969/2969/2969
f 2938/2938/2938 2969/2969/2969 2951/2951/2951
f 2939/2939/2939 2936/2936/2936 2970/2970/2970
f 2939/2939/2939 2970/2970/2970 2953/2953/2953
f 2940/2940/2940 2937/2937/2937 2971/2971/2971
f 2940/2940/2940 2971/2971/2971 2955/2955/2955
f 2962/2962/2962 2960/2960/2960 2972/2972/2972
f 2962/2962/2962 2972/2972/2972 2973/2973/2973
f 2963/2963/2963 2961/2961/2961 2974/2974/2974
f 2963/2963/2963 2974/2974/2974 2975/2975/2975
f 2964/2964/2964 462/462/462 466/466/466
f 2964/2964/2964 466/466/466 2976/2976/2976
f 2965/2965/2965 2962/2962/2962 2973/2973/2973
f 2965/2965/2965 2973/2973/2973 2977/2977/2977
f 2966/2966/2966 2963/2963/2963 2975/2975/2975
f 2966/2966/2966 2975/2975/2975 2978/2978/2978
f 2967/2967/2967 2964/2964/2964 2976/2976/2976
f 2967/2967/2967 2976/2976/2976 2979/2979/2979
f 2968/2968/2968 2965/2965/2965 2977/2977/2977
f 2968/2968/2968 2977/2977/2977 2980/2980/2980
f 2969/2969/2969 2966/2966/2966 2978/2978/2978
f 2969/2969/2969 2978/2978/2978 2981/2981/2981
f 2970/2970/2970 2967/2967/2967 2979/2979/2979
f 2970/2970/2970 2979/2979/2979 2982/2982/2982
f 2971/2971/2971 2968/2968/2968 2980/2980/2980
f 2971/2971/2971 2980/2980/2980 2983/2983/2983
f 2951/2951/2951 2969/2969/2969 2981/2981/2981
f 2951/2951/2951 2981/2981/2981 2984/2984/2984
f 2953/2953/2953 2970/2970/2970 2982/2982/2982
f 2953/2953/2953 2982/2982/2982 2985/2985/2985
f 2955/2955/2955 2971/2971/2971 2983/2983/2983
f 2955/2955/2955 2983/2983/2983 2986/2986/2986
f 2952/2952/2952 2951/2951/2951 2984/2984/2984
f 2952/2952/2952 2984/2984/2984 2987/2987/2987
f 2954/2954/2954 2953/2953/2953 2985/2985/2985
f 2954/2954/2954 2985/2985/2985 2988/2988/2988
f 2956/2956/2956 2955/2955/2955 2986/2986/2986
f 2956/2956/2956 2986/2986/2986 2989/2989/2989
f 2957/2957/2957 2952/2952/2952 2987/2987/2987
f 2957/2957/2957 2987/2987/2987 2990/2990/2990
f 2958/2958/2958 2954/2954/2954 2988/2988/2988
f 2958/2958/2958 2988/2988/2988 2991/2991/2991
f 2959/2959/2959 2956/2956/2956 2989/2989/2989
f 2959/2959/2959 2989/2989/2989 2992/2992/2992
f 2960/2960/2960 2957/2957/2957 2990/2990/2990
f 2960/2960/2960 2990/2990/2990 2972/2972/2972
f 2961/2961/2961 2958/2958/2958 2991/2991/2991
f 2961/2961/2961 2991/2991/2991 2974/2974/2974
f 464/464/464 2959/2959/2959 2992/2992/2992
f 464/464/464 2992/2992/2992 468/468/468
f 2982/2982/2982 2979/2979/2979 2993/2993/2993
f 2982/2982/2982 2993/2993/2993 2994/2994/2994
f 2983/2983/2983 2980/2980/2980 2995/2995/2995
f 2983/2983/2983 2995/2995/2995 2996/2996/2996
f 2984/2984/2984 2981/2981/2981 2997/2997/2997
f 2984/2984/2984 2997/2997/2997 2998/2998/2998
f 2985/2985/2985 2982/2982/2982 2994/2994/2994
f 2985/2985/2985 2994/2994/2994 2999/2999/2999
f 2986/2986/2986 2983/2983/2983 2996/2996/2996
f 2986/2986/2986 2996/2996/2996 3000/3000/3000
f 2987/2987/2987 2984/2984/2984 2998/2998/2998
f 2987/2987/2987 2998/2998/2998 3001/3001/3001
f 2988/2988/2988 2985/2985/2985 2999/2999/2999
f 2988/2988/2988 2999/2999/2999 3002/3002/3002
f 2989/2989/2989 2986/2986/2986 3000/3000/3000
f 2989/2989/2989 3000/3000/3000 3003/3003/3003
f 2990/2990/2990 2987/2987/2987 3001/3001/3001
f 2990/2990/2990 3001/3001/3001 3004/3004/3004
f 2991/2991/2991 2988/2988/2988 3002/3002/3002
f 2991/2991/2991 3002/3002/3002 3005/3005/3005
f 2992/2992/2992 2989/2989/2989 3003/3003/3003
f 2992/2992/2992 3003/3003/3003 3006/3006/3006
f 2972/2972/2972 2990/2990/2990 3004/3004/3004
f 2972/2972/2972 3004/3004/3004 3007/3007/3007
f 2974/2974/2974 2991/2991/2991 3005/3005/3005
f 2974/2974/2974 3005/3005/3005 3008/3008/3008
f 468/468/468 2992/2992/2992 3006/3006/3006
f 468/468/468 3006/3006/3006 472/472/472
f 2973/2973/2973 2972/2972/2972 3007/3007/3007
f 2973/2973/2973 3007/3007/3007 3009/3009/3009
f 2975/2975/2975 2974/2974/2974 3008/3008/3008
f 2975/2975/2975 3008/3008/3008 3010/3010/3010
f 2976/2976/2976 466/466/466 470/470/470
f 2976/2976/2976 470/470/470 3011/3011/3011
f 2977/2977/2977 2973/2973/2973 3009/3009/3009
f 2977/2977/2977 3009/3009/3009 3012/3012/3012
f 2978/2978/2978 2975/2975/2975 3010/3010/3010
f 2978/2978/2978 3010/3010/3010 3013/3013/3013
f 2979/2979/2979 2976/2976/2976 3011/3011/3011
f 2979/2979/2979 3011/3011/3011 2993/2993/2993
f 2980/2980/2980 2977/2977/2977 3012/3012/3012
f 2980/2980/2980 3012/3012/3012 2995/2995/2995
f 2981/2981/2981 2978/2978/2978 3013/3013/3013
f 2981/2981/2981 3013/3013/3013 2997/2997/2997
f 3004/3004/3004 3001/3001/3001 3014/3014/3014
f 3004/3004/3004 3014/3014/3014 3015/3015/3015
f 3005/3005/3005 3002/3002/3002 3016/3016/3016
f 3005/3005/3005 3016/3016/3016 3017/3017/3017
f 3006/3006/3006 3003/3003/3003 3018/3018/3018
f 3006/3006/3006 3018/3018/3018 3019/3019/3019
f 3007/3007/3007 3004/3004/3004 3015/3015/3015
f 3007/3007/3007 3015/3015/3015 3020/3020/3020
f 3008/3008/3008 3005/3005/3005 3017/3017/3017
f 3008/3008/3008 3017/3017/3017 3021/3021/3021
f 472/472/472 3006/3006/3006 3019/3019/3019
f 472/472/472 3019/3019/3019 476/476/476
f 3009/3009/3009 3007/3007/3007 3020/3020/3020
f 3009/3009/3009 3020/3020/3020 3022/3022/3022
f 3010/3010/3010 3008/3008/3008 3021/3021/3021
f 3010/3010/3010 3021/3021/3021 3023/3023/3023
f 3011/3011/3011 470/470/470 474/474/474
f 3011/3011/3011 474/474/474 3024/3024/3024
f 3012/3012/3012 3009/3009/3009 3022/3022/3022
f 3012/3012/3012 3022/3022/3022 3025/3025/3025
f 3013/3013/3013 3010/3010/3010 3023/3023/3023
f 3013/3013/3013 3023/3023/3023 3026/3026/3026
f 2993/2993/2993 3011/3011/3011 3024/3024/3024
f 2993/2993/2993 3024/3024/3024 3027/3027/3027
f 2995/2995/2995 3012/3012/3012 3025/3025/3025
f 2995/2995/2995 3025/3025/3025 3028/3028/3028
f 2997/2997/2997 3013/3013/3013 3026/3026/3026
f 2997/2997/2997 3026/3026/3026 3029/3029/3029
f 2994/2994/2994 2993/2993/2993 3027/3027/3027
f 2994/2994/2994 3027/3027/3027 3030/3030/3030
f 2996/2996/2996 2995/2995/2995 3028/3028/3028
f 2996/2996/2996 3028/3028/3028 3031/3031/3031
f 2998/2998/2998 2997/2997/2997 3029/3029/3029
f 2998/2998/2998 3029/3029/3029 3032/3032/3032
f 2999/2999/2999 2994/2994/2994 3030/3030/3030
f 2999/2999/2999 3030/3030/3030 3033/3033/3033
f 3000/3000/3000 2996/2996/2996 3031/3031/3031
f 3000/3000/3000 3031/3031/3031 3034/3034/3034
f 3001/3001/3001 2998/2998/2998 3032/3032/3032
f 3001/3001/3001 3032/3032/3032 3014/3014/3014
f 3002/3002/3002 2999/2999/2999 3033/3033/3033
f 3002/3002/3002 3033/3033/3033 3016/3016/3016
f 3003/3003/3003 3000/3000/3000 3034/3034/3034
f 3003/3003/3003 3034/3034/3034 3018/3018/3018
f 3024/3024/3024 474/474/474 478/478/478
f 3024/3024/3024 478/478/478 3035/3035/3035
f 3025/3025/3025 3022/3022/3022 3036/3036/3036
f 3025/3025/3025 3036/3036/3036 3037/3037/3037
f 3026/3026/3026 3023/3023/3023 3038/3038/3038
f 3026/3026/3026 3038/3038/3038 3039/3039/3039
f 3027/3027/3027 3024/3024/3024 3035/3035/3035
f 3027/3027/3027 3035/3035/3035 3040/3040/3040
f 3028/3028/3028 3025/3025/3025 3037/3037/3037
f 3028/3028/3028 3037/3037/3037 3041/3041/3041
f 3029/3029/3029 3026/3026/3026 3039/3039/3039
f 3029/3029/3029 3039/3039/3039 3042/3042/3042
f 3030/3030/3030 3027/3027/3027 3040/3040/3040
f 3030/3030/3030 3040/3040/3040 3043/3043/3043
f 3031/3031/3031 3028/3028/3028 3041/3041/3041
f 3031/3031/3031 3041/3041/3041 3044/3044/3044
f 3032/3032/3032 3029/3029/3029 3042/3042/3042
f 3032/3032/3032 3042/3042/3042 3045/3045/3045
f 3033/3033/3033 3030/3030/3030 3043/3043/3043
f 3033/3033/3033 3043/3043/3043 3046/3046/3046
f 3034/3034/3034 3031/3031/3031 3044/3044/3044
f 3034/3034/3034 3044/3044/3044 3047/3047/3047
f 3014/3014/3014 3032/3032/3032 3045/3045/3045
f 3014/3014/3014 3045/3045/3045 3048/3048/3048
f 3016/3016/3016 3033/3033/3033 3046/3046/3046
f 3016/3016/3016 3046/3046/3046 3049/3049/3049
f 3018/3018/3018 3034/3034/3034 3047/3047/3047
f 3018/3018/3018 3047/3047/3047 3050/3050/3050
f 3015/3015/3015 3014/3014/3014 3048/3048/3048
f 3015/3015/3015 3048/3048/3048 3051/3051/3051
f 3017/3017/3017 3016/3016/3016 3049/3049/3049
f 3017/3017/3017 3049/3049/3049 3052/3052/3052
f 3019/3019/3019 3018/3018/3018 3050/3050/3050
f 3019/3019/3019 3050/3050/3050 3053/3053/3053
f 3020/3020/3020 3015/3015/3015 3051/3051/3051
f 3020/3020/3020 3051/3051/3051 3054/3054/3054
f 3021/3021/3021 3017/3017/3017 3052/3052/3052
f 3021/3021/3021 3052/3052/3052 3055/3055/3055
f 476/476/476 3019/3019/3019 3053/3053/3053
f 476/476/476 3053/3053/3053 480/480/480
f 3022/3022/3022 3020/3020/3020 3054/3054/3054
f 3022/3022/3022 3054/3054/3054 3036/3036/3036
f 3023/3023/3023 3021/3021/3021 3055/3055/3055
f 3023/3023/3023 3055/3055/3055 3038/3038/3038
f 3046/3046/3046 3043/3043/3043 3056/3056/3056
f 3046/3046/3046 3056/3056/3056 3057/3057/3057
f 3047/3047/3047 3044/3044/3044 3058/3058/3058
f 3047/3047/3047 3058/3058/3058 3059/3059/3059
f 3048/3048/3048 3045/3045/3045 3060/3060/3060
f 3048/3048/3048 3060/3060/3060 3061/3061/3061
f 3049/3049/3049 3046/3046/3046 3057/3057/3057
f 3049/3049/3049 3057/3057/3057 3062/3062/3062
f 3050/3050/3050 3047/3047/3047 3059/3059/3059
f 3050/3050/3050 3059/3059/3059 3063/3063/3063
f 3051/3051/3051 3048/3048/3048 3061/3061/3061
f 3051/3051/3051 3061/3061/3061 3064/3064/3064
f 3052/3052/3052 3049/3049/3049 3062/3062/3062
f 3052/3052/3052 3062/3062/3062 3065/3065/3065
f 3053/3053/3053 3050/3050/3050 3063/3063/3063
f 3053/3053/3053 3063/3063/3063 3066/3066/3066
f 3054/3054/3054 3051/3051/3051 3064/3064/3064
f 3054/3054/3054 3064/3064/3064 3067/3067/3067
f 3055/3055/3055 3052/3052/3052 3065/3065/3065
f 3055/3055/3055 3065/3065/3065 3068/3068/3068
f 480/480/480 3053/3053/3053 3066/3066/3066
f 480/480/480 3066/3066/3066 484/484/484
f 3036/3036/3036 3054/3054/3054 3067/3067/3067
f 3036/3036/3036 3067/3067/3067 3069/3069/3069
f 3038/3038/3038 3055/3055/3055 3068/3068/3068
f 3038/3038/3038 3068/3068/3068 3070/3070/3070
f 3035/3035/3035 478/478/478 482/482/482
f 3035/3035/3035 482/482/482 3071/3071/3071
f 3037/3037/3037 3036/3036/3036 3069/3069/3069
f 3037/3037/3037 3069/3069/3069 3072/3072/3072
f 3039/3039/3039 3038/3038/3038 3070/3070/3070
f 3039/3039/3039 3070/3070/3070 3073/3073/3073
f 3040/3040/3040 3035/3035/3035 3071/3071/3071
f 3040/3040/3040 3071/3071/3071 3074/3074/3074
f 3041/3041/3041 3037/3037/3037 3072/3072/3072
f 3041/3041/3041 3072/3072/3072 3075/3075/3075
f 3042/3042/3042 3039/3039/3039 3073/3073/3073
f 3042/3042/3042 3073/3073/3073 3076/3076/3076
f 3043/3043/3043 3040/3040/3040 3074/3074/3074
f 3043/3043/3043 3074/3074/3074 3056/3056/3056
f 3044/3044/3044 3041/3041/3041 3075/3075/3075
f 3044/3044/3044 3075/3075/3075 3058/3058/3058
f 3045/3045/3045 3042/3042/3042 3076/3076/3076
f 3045/3045/3045 3076/3076/3076 3060/3060/3060
f 3067/3067/3067 3064/3064/3064 3077/3077/3077
f 3067/3067/3067 3077/3077/3077 3078/3078/3078
f 3068/3068/3068 3065/3065/3065 3079/3079/3079
f 3068/3068/3068 3079/3079/3079 3080/3080/3080
f 484/484/484 3066/3066/3066 3081/3081/3081
f 484/484/484 3081/3081/3081 488/488/488
f 3069/3069/3069 3067/3067/3067 3078/3078/3078
f 3069/3069/3069 3078/3078/3078 3082/3082/3082
f 3070/3070/3070 3068/3068/3068 3080/3080/3080
f 3070/3070/3070 3080/3080/3080 3083/3083/3083
f 3071/3071/3071 482/482/482 486/486/486
f 3071/3071/3071 486/486/486 3084/3084/3084
f 3072/3072/3072 3069/3069/3069 3082/3082/3082
f 3072/3072/3072 3082/3082/3082 3085/3085/3085
f 3073/3073/3073 3070/3070/3070 3083/3083/3083
f 3073/3073/3073 3083/3083/3083 3086/3086/3086
f 3074/3074/3074 3071/3071/3071 3084/3084/3084
f 3074/3074/3074 3084/3084/3084 3087/3087/3087
f 3075/3075/3075 3072/3072/3072 3085/3085/3085
f 3075/3075/3075 3085/3085/3085 3088/3088/3088
f 3076/3076/3076 3073/3073/3073 3086/3086/3086
f 3076/3076/3076 3086/3086/3086 3089/3089/3089
f 3056/3056/3056 3074/3074/3074 3087/3087/3087
f 3056/3056/3056 3087/3087/3087 3090/3090/3090
f 3058/3058/3058 3075/3075/3075 3088/3088/3088
f 3058/3058/3058 3088/3088/3088 3091/3091/3091
f 3060/3060/3060 3076/3076/3076 3089/3089/3089
f 3060/3060/3060 3089/3089/3089 3092/3092/3092
f 3057/3057/3057 3056/3056/3056 3090/3090/3090
f 3057/3057/3057 3090/3090/3090 3093/3093/3093
f 3059/3059/3059 3058/3058/3058 3091/3091/3091
f 3059/3059/3059 3091/3091/3091 3094/3094/3094
f 3061/3061/3061 3060/3060/3060 3092/3092/3092
f 3061/3061/3061 3092/3092/3092 3095/3095/3095
f 3062/3062/3062 3057/3057/3057 3093/3093/3093
f 3062/3062/3062 3093/3093/3093 3096/3096/3096
f 3063/3063/3063 3059/3059/3059 3094/3094/3094
f 3063/3063/3063 3094/3094/3094 3097/3097/3097
f 3064/3064/3064 3061/3061/3061 3095/3095/3095
f 3064/3064/3064 3095/3095/3095 3077/3077/3077
f 3065/3065/3065 3062/3062/3062 3096/3096/3096
f 3065/3065/3065 3096/3096/3096 3079/3079/3079
f 3066/3066/3066 3063/3063/3063 3097/3097/3097
f 3066/3066/3066 3097/3097/3097 3081/3081/3081
f 3087/3087/3087 3084/3084/3084 3098/3098/3098
f 3087/3087/3087 3098/3098/3098 3099/3099/3099
f 3088/3088/3088 3085/3085/3085 3100/3100/3100
f 3088/3088/3088 3100/3100/3100 3101/3101/3101
f 3089/3089/3089 3086/3086/3086 3102/3102/3102
f 3089/3089/3089 3102/3102/3102 3103/3103/3103
f 3090/3090/3090 3087/3087/3087 3099/3099/3099
f 3090/3090/3090 3099/3099/3099 3104/3104/3104
f 3091/3091/3091 3088/3088/3088 3101/3101/3101
f 3091/3091/3091 3101/3101/3101 3105/3105/3105
f 3092/3092/3092 3089/3089/3089 3103/3103/3103
f 3092/3092/3092 3103/3103/3103 3106/3106/3106
f 3093/3093/3093 3090/3090/3090 3104/3104/3104
f 3093/3093/3093 3104/3104/3104 3107/3107/3107
f 3094/3094/3094 3091/3091/3091 3105/3105/3105
f 3094/3094/3094 3105/3105/3105 3108/3108/3108
f 3095/3095/3095 3092/3092/3092 3106/3106/3106
f 3095/3095/3095 3106/3106/3106 3109/3109/3109
f 3096/3096/3096 3093/3093/3093 3107/3107/3107
f 3096/3096/3096 3107/3107/3107 3110/3110/3110
f 3097/3097/3097 3094/3094/3094 3108/3108/3108
f 3097/3097/3097 3108/3108/3108 3111/3111/3111
f 3077/3077/3077 3095/3095/3095 3109/3109/3109
f 3077/3077/3077 3109/3109/3109 3112/3112/3112
f 3079/3079/3079 3096/3096/3096 3110/3110/3110
f 3079/3079/3079 3110/3110/3110 3113/3113/3113
f 3081/3081/3081 3097/3097/3097 3111/3111/3111
f 3081/3081/3081 3111/3111/3111 3114/3114/3114
f 3078/3078/3078 3077/3077/3077 3112/3112/3112
f 3078/3078/3078 3112/3112/3112 3115/3115/3115
f 3080/3080/3080 3079/3079/3079 3113/3113/3113
f 3080/3080/3080 3113/3113/3113 3116/3116/3116
f 488/488/488 3081/3081/3081 3114/3114/3114
f 488/488/488 3114/3114/3114 492/492/492
f 3082/3082/3082 3078/3078/3078 3115/3115/3115
f 3082/3082/3082 3115/3115/3115 3117/3117/3117
f 3083/3083/3083 3080/3080/3080 3116/3116/3116
f 3083/3083/3083 3116/3116/3116 3118/3118/3118
f 3084/3084/3084 486/486/486 490/490/490
f 3084/3084/3084 490/490/490 3098/3098/3098
f 3085/3085/3085 3082/3082/3082 3117/3117/3117
f 3085/3085/3085 3117/3117/3117 3100/3100/3100
f 3086/3086/3086 3083/3083/3083 3118/3118/3118
f 3086/3086/3086 3118/3118/3118 3102/3102/3102
f 3110/3110/3110 3107/3107/3107 3119/3119/3119
f 3110/3110/3110 3119/3119/3119 3120/3120/3120
f 3111/3111/3111 3108/3108/3108 3121/3121/3121
f 3111/3111/3111 3121/3121/3121 3122/3122/3122
f 3112/3112/3112 3109/3109/3109 3123/3123/3123
f 3112/3112/3112 3123/3123/3123 3124/3124/3124
f 3113/3113/3113 3110/3110/3110 3120/3120/3120
f 3113/3113/3113 3120/3120/3120 3125/3125/3125
f 3114/3114/3114 3111/3111/3111 3122/3122/3122
f 3114/3114/3114 3122/3122/3122 3126/3126/3126
f 3115/3115/3115 3112/3112/3112 3124/3124/3124
f 3115/3115/3115 3124/3124/3124 3127/3127/3127
f 3116/3116/3116 3113/3113/3113 3125/3125/3125
f 3116/3116/3116 3125/3125/3125 3128/3128/3128
f 492/492/492 3114/3114/3114 3126/3126/3126
f 492/492/492 3126/3126/3126 496/496/496
f 3117/3117/3117 3115/3115/3115 3127/3127/3127
f 3117/3117/3117 3127/3127/3127 3129/3129/3129
f 3118/3118/3118 3116/3116/3116 3128/3128/3128
f 3118/3118/3118 3128/3128/3128 3130/3130/3130
f 3098/3098/3098 490/490/490 494/494/494
f 3098/3098/3098 494/494/494 3131/3131/3131
f 3100/3100/3100 3117/3117/3117 3129/3129/3129
f 3100/3100/3100 3129/3129/3129 3132/3132/3132
f 3102/3102/3102 3118/3118/3118 3130/3130/3130
f 3102/3102/3102 3130/3130/3130 3133/3133/3133
f 3099/3099/3099 3098/3098/3098 3131/3131/3131
f 3099/3099/3099 3131/3131/3131 3134/3134/3134
f 3101/3101/3101 3100/3100/3100 3132/3132/3132
f 3101/3101/3101 3132/3132/3132 3135/3135/3135
f 3103/3103/3103 3102/3102/3102 3133/3133/3133
f 3103/3103/3103 3133/3133/3133 3136/3136/3136
f 3104/3104/3104 3099/3099/3099 3134/3134/3134
f 3104/3104/3104 3134/3134/3134 3137/3137/3137
f 3105/3105/3105 3101/3101/3101 3135/3135/3135
f 3105/3105/3105 3135/3135/3135 3138/3138/3138
f 3106/3106/3106 3103/3103/3103 3136/3136/3136
f 3106/3106/3106 3136/3136/3136 3139/3139/3139
f 3107/3107/3107 3104/3104/3104 3137/3137/3137
f 3107/3107/3107 3137/3137/3137 3119/3119/3119
f 3108/3108/3108 3105/3105/3105 3138/3138/3138
f 3108/3108/3108 3138/3138/3138 3121/3121/3121
f 3109/3109/3109 3106/3106/3106 3139/3139/3139
f 3109/3109/3109 3139/3139/3139 3123/3123/3123
f 3129/3129/3129 3127/3127/3127 3140/3140/3140
f 3129/3129/3129 3140/3140/3140 3141/3141/3141
f 3130/3130/3130 3128/3128/3128 3142/3142/3142
f 3130/3130/3130 3142/3142/3142 3143/3143/3143
f 3131/3131/3131 494/494/494 500/500/500
f 3131/3131/3131 500/500/500 3144/3144/3144
f 3132/3132/3132 3129/3129/3129 3141/3141/3141
f 3132/3132/3132 3141/3141/3141 3145/3145/3145
f 3133/3133/3133 3130/3130/3130 3143/3143/3143
f 3133/3133/3133 3143/3143/3143 3146/3146/3146
f 3134/3134/3134 3131/3131/3131 3144/3144/3144
f 3134/3134/3134 3144/3144/3144 3147/3147/3147
f 3135/3135/3135 3132/3132/3132 3145/3145/3145
f 3135/3135/3135 3145/3145/3145 3148/3148/3148
f 3136/3136/3136 3133/3133/3133 3146/3146/3146
f 3136/3136/3136 3146/3146/3146 3149/3149/3149
f 3137/3137/3137 3134/3134/3134 3147/3147/3147
f 3137/3137/3137 3147/3147/3147 3150/3150/3150
f 3138/3138/3138 3135/3135/3135 3148/3148/3148
f 3138/3138/3138 3148/3148/3148 3151/3151/3151
f 3139/3139/3139 3136/3136/3136 3149/3149/3149
f 3139/3139/3139 3149/3149/3149 3152/3152/3152
f 3119/3119/3119 3137/3137/3137 3150/3150/3150
f 3119/3119/3119 3150/3150/3150 3153/3153/3153
f 3121/3121/3121 3138/3138/3138 3151/3151/3151
f 3121/3121/3121 3151/3151/3151 3154/3154/3154
f 3123/3123/3123 3139/3139/3139 3152/3152/3152
f 3123/3123/3123 3152/3152/3152 3155/3155/3155
f 3120/3120/3120 3119/3119/3119 3153/3153/3153
f 3120/3120/3120 3153/3153/3153 3156/3156/3156
f 3122/3122/3122 3121/3121/3121 3154/3154/3154
f 3122/3122/3122 3154/3154/3154 3157/3157/3157
f 3124/3124/3124 3123/3123/3123 3155/3155/3155
f 3124/3124/3124 3155/3155/3155 3158/3158/3158
f 3125/3125/3125 3120/3120/3120 3156/3156/3156
f 3125/3125/3125 3156/3156/3156 3159/3159/3159
f 3126/3126/3126 3122/3122/3122 3157/3157/3157
f 3126/3126/3126 3157/3157/3157 3160/3160/3160
f 3127/3127/3127 3124/3124/3124 3158/3158/3158
f 3127/3127/3127 3158/3158/3158 3140/3140/3140
f 3128/3128/3128 3125/3125/3125 3159/3159/3159
f 3128/3128/3128 3159/3159/3159 3142/3142/3142
f 496/496/496 3126/3126/3126 3160/3160/3160
f 496/496/496 3160/3160/3160 498/498/498
f 3150/3150/3150 3147/3147/3147 3161/3161/3161
f 3150/3150/3150 3161/3161/3161 3162/3162/3162
f 3151/3151/3151 3148/3148/3148 3163/3163/3163
f 3151/3151/3151 3163/3163/3163 3164/3164/3164
f 3152/3152/3152 3149/3149/3149 3165/3165/3165
f 3152/3152/3152 3165/3165/3165 3166/3166/3166
f 3153/3153/3153 3150/3150/3150 3162/3162/3162
f 3153/3153/3153 3162/3162/3162 3167/3167/3167
f 3154/3154/3154 3151/3151/3151 3164/3164/3164
f 3154/3154/3154 3164/3164/3164 3168/3168/3168
f 3155/3155/3155 3152/3152/3152 3166/3166/3166
f 3155/3155/3155 3166/3166/3166 3169/3169/3169
f 3156/3156/3156 3153/3153/3153 3167/3167/3167
f 3156/3156/3156 3167/3167/3167 3170/3170/3170
f 3157/3157/3157 3154/3154/3154 3168/3168/3168
f 3157/3157/3157 3168/3168/3168 3171/3171/3171
f 3158/3158/3158 3155/3155/3155 3169/3169/3169
f 3158/3158/3158 3169/3169/3169 3172/3172/3172
f 3159/3159/3159 3156/3156/3156 3170/3170/3170
f 3159/3159/3159 3170/3170/3170 3173/3173/3173
f 3160/3160/3160 3157/3157/3157 3171/3171/3171
f 3160/3160/3160 3171/3171/3171 3174/3174/3174
f 3140/3140/3140 3158/3158/3158 3172/3172/3172
f 3140/3140/3140 3172/3172/3172 3175/3175/3175
f 3142/3142/3142 3159/3159/3159 3173/3173/3173
f 3142/3142/3142 3173/3173/3173 3176/3176/3176
f 498/498/498 3160/3160/3160 3174/3174/3174
f 498/498/498 3174/3174/3174 504/504/504
f 3141/3141/3141 3140/3140/3140 3175/3175/3175
f 3141/3141/3141 3175/3175/3175 3177/3177/3177
f 3143/3143/3143 3142/3142/3142 3176/3176/3176
f 3143/3143/3143 3176/3176/3176 3178/3178/3178
f 3144/3144/3144 500/500/500 502/502/502
f 3144/3144/3144 502/502/502 3179/3179/3179
f 3145/3145/3145 3141/3141/3141 3177/3177/3177
f 3145/3145/3145 3177/3177/3177 3180/3180/3180
f 3146/3146/3146 3143/3143/3143 3178/3178/3178
f 3146/3146/3146 3178/3178/3178 3181/3181/3181
f 3147/3147/3147 3144/3144/3144 3179/3179/3179
f 3147/3147/3147 3179/3179/3179 3161/3161/3161
f 3148/3148/3148 3145/3145/3145 3180/3180/3180
f 3148/3148/3148 3180/3180/3180 3163/3163/3163
f 3149/3149/3149 3146/3146/3146 3181/3181/3181
f 3149/3149/3149 3181/3181/3181 3165/3165/3165
f 3173/3173/3173 3170/3170/3170 3182/3182/3182
f 3173/3173/3173 3182/3182/3182 3183/3183/3183
f 3174/3174/3174 3171/3171/3171 3184/3184/3184
f 3174/3174/3174 3184/3184/3184 3185/3185/3185
f 3175/3175/3175 3172/3172/3172 3186/3186/3186
f 3175/3175/3175 3186/3186/3186 3187/3187/3187
f 3176/3176/3176 3173/3173/3173 3183/3183/3183
f 3176/3176/3176 3183/3183/3183 3188/3188/3188
f 504/504/504 3174/3174/3174 3185/3185/3185
f 504/504/504 3185/3185/3185 508/508/508
f 3177/3177/3177 3175/3175/3175 3187/3187/3187
f 3177/3177/3177 3187/3187/3187 3189/3189/3189
f 3178/3178/3178 3176/3176/3176 3188/3188/3188
f 3178/3178/3178 3188/3188/3188 3190/3190/3190
f 3179/3179/3179 502/502/502 506/506/506
f 3179/3179/3179 506/506/506 3191/3191/3191
f 3180/3180/3180 3177/3177/3177 3189/3189/3189
f 3180/3180/3180 3189/3189/3189 3192/3192/3192
f 3181/3181/3181 3178/3178/3178 3190/3190/3190
f 3181/3181/3181 3190/3190/3190 3193/3193/3193
f 3161/3161/3161 3179/3179/3179 3191/3191/3191
f 3161/3161/3161 3191/3191/3191 3194/3194/3194
f 3163/3163/3163 3180/3180/3180 3192/3192/3192
f 3163/3163/3163 3192/3192/3192 3195/3195/3195
f 3165/3165/3165 3181/3181/3181 3193/3193/3193
f 3165/3165/3165 3193/3193/3193 3196/3196/3196
f 3162/3162/3162 3161/3161/3161 3194/3194/3194
f 3162/3162/3162 3194/3194/3194 3197/3197/3197
f 3164/3164/3164 3163/3163/3163 3195/3195/3195
f 3164/3164/3164 3195/3195/3195 3198/3198/3198
f 3166/3166/3166 3165/3165/3165 3196/3196/3196
f 3166/3166/3166 3196/3196/3196 3199/3199/3199
f 3167/3167/3167 3162/3162/3162 3197/3197/3197
f 3167/3167/3167 3197/3197/3197 3200/3200/3200
f 3168/3168/3168 3164/3164/3164 3198/3198/3198
f 3168/3168/3168 3198/3198/3198 3201/3201/3201
f 3169/3169/3169 3166/3166/3166 3199/3199/3199
f 3169/3169/3169 3199/3199/3199 3202/3202/3202
f 3170/3170/3170 3167/3167/3167 3200/3200/3200
f 3170/3170/3170 3200/3200/3200 3182/3182/3182
f 3171/3171/3171 3168/3168/3168 3201/3201/3201
f 3171/3171/3171 3201/3201/3201 3184/3184/3184
f 3172/3172/3172 3169/3169/3169 3202/3202/3202
f 3172/3172/3172 3202/3202/3202 3186/3186/3186
f 3192/3192/3192 3189/3189/3189 3203/3203/3203
f 3192/3192/3192 3203/3203/3203 3204/3204/3204
f 3193/3193/3193 3190/3190/3190 3205/3205/3205
f 3193/3193/3193 3205/3205/3205 3206/3206/3206
f 3194/3194/3194 3191/3191/3191 3207/3207/3207
f 3194/3194/3194 3207/3207/3207 3208/3208/3208
f 3195/3195/3195 3192/3192/3192 3204/3204/3204
f 3195/3195/3195 3204/3204/3204 3209/3209/3209
f 3196/3196/3196 3193/3193/3193 3206/3206/3206
f 3196/3196/3196 3206/3206/3206 3210/3210/3210
f 3197/3197/3197 3194/3194/3194 3208/3208/3208
f 3197/3197/3197 3208/3208/3208 3211/3211/3211
f 3198/3198/3198 3195/3195/3195 3209/3209/3209
f 3198/3198/3198 3209/3209/3209 3212/3212/3212
f 3199/3199/3199 3196/3196/3196 3210/3210/3210
f 3199/3199/3199 3210/3210/3210 3213/3213/3213
f 3200/3200/3200 3197/3197/3197 3211/3211/3211
f 3200/3200/3200 3211/3211/3211 3214/3214/3214
f 3201/3201/3201 3198/3198/3198 3212/3212/3212
f 3201/3201/3201 3212/3212/3212 3215/3215/3215
f 3202/3202/3202 3199/3199/3199 3213/3213/3213
f 3202/3202/3202 3213/3213/3213 3216/3216/3216
f 3182/3182/3182 3200/3200/3200 3214/3214/3214
f 3182/3182/3182 3214/3214/3214 3217/3217/3217
f 3184/3184/3184 3201/3201/3201 3215/3215/3215
f 3184/3184/3184 3215/3215/3215 3218/3218/3218
f 3186/3186/3186 3202/3202/3202 3216/3216/3216
f 3186/3186/3186 3216/3216/3216 3219/3219/3219
f 3183/3183/3183 3182/3182/3182 3217/3217/3217
f 3183/3183/3183 3217/3217/3217 3220/3220/3220
f 3185/3185/3185 3184/3184/3184 3218/3218/3218
f 3185/3185/3185 3218/3218/3218 3221/3221/3221
f 3187/3187/3187 3186/3186/3186 3219/3219/3219
f 3187/3187/3187 3219/3219/3219 3222/3222/3222
f 3188/3188/3188 3183/3183/3183 3220/3220/3220
f 3188/3188/3188 3220/3220/3220 3223/3223/3223
f 508/508/508 3185/3185/3185 3221/3221/3221
f 508/508/508 3221/3221/3221 512/512/512
f 3189/3189/3189 3187/3187/3187 3222/3222/3222
f 3189/3189/3189 3222/3222/3222 3203/3203/3203
f 3190/3190/3190 3188/3188/3188 3223/3223/3223
f 3190/3190/3190 3223/3223/3223 3205/3205/3205
f 3191/3191/3191 506/506/506 510/510/510
f 3191/3191/3191 510/510/510 3207/3207/3207
f 3214/3214/3214 3211/3211/3211 533/533/533
f 3214/3214/3214 533/533/533 539/539/539
f 3215/3215/3215 3212/3212/3212 535/535/535
f 3215/3215/3215 535/535/535 541/541/541
f 3216/3216/3216 3213/3213/3213 537/537/537
f 3216/3216/3216 537/537/537 543/543/543
f 3217/3217/3217 3214/3214/3214 539/539/539
f 3217/3217/3217 539/539/539 545/545/545
f 3218/3218/3218 3215/3215/3215 541/541/541
f 3218/3218/3218 541/541/541 547/547/547
f 3219/3219/3219 3216/3216/3216 543/543/543
f 3219/3219/3219 543/543/543 549/549/549
f 3220/3220/3220 3217/3217/3217 545/545/545
f 3220/3220/3220 545/545/545 551/551/551
f 3221/3221/3221 3218/3218/3218 547/547/547
f 3221/3221/3221 547/547/547 553/553/553
f 3222/3222/3222 3219/3219/3219 549/549/549
f 3222/3222/3222 549/549/549 555/555/555
f 3223/3223/3223 3220/3220/3220 551/551/551
f 3223/3223/3223 551/551/551 516/516/516
f 512/512/512 3221/3221/3221 553/553/553
f 512/512/512 553/553/553 2/2/2
f 3203/3203/3203 3222/3222/3222 555/555/555
f 3203/3203/3203 555/555/555 522/522/522
f 3205/3205/3205 3223/3223/3223 516/516/516
f 3205/3205/3205 516/516/516 515/515/515
f 3207/3207/3207 510/510/510 4/4/4
f 3207/3207/3207 4/4/4 519/519/519
f 3204/3204/3204 3203/3203/3203 522/522/522
f 3204/3204/3204 522/522/522 521/521/521
f 3206/3206/3206 3205/3205/3205 515/515/515
f 3206/3206/3206 515/515/515 525/525/525
f 3208/3208/3208 3207/3207/3207 519/519/519
f 3208/3208/3208 519/519/519 527/527/527
f 3209/3209/3209 3204/3204/3204 521/521/521
f 3209/3209/3209 521/521/521 529/529/529
f 3210/3210/3210 3206/3206/3206 525/525/525
f 3210/3210/3210 525/525/525 531/531/531
f 3211/3211/3211 3208/3208/3208 527/527/527
f 3211/3211/3211 527/527/527 533/533/533
f 3212/3212/3212 3209/3209/3209 529/529/529
f 3212/3212/3212 529/529/529 535/535/535
f 3213/3213/3213 3210/3210/3210 531/531/531
f 3213/3213/3213 531/531/531 537/537/537
